<?xml version="1.0" encoding="UTF-8"?>
<gpx creator="StravaGPX" version="1.1" xmlns="http://www.topografix.com/GPX/1/1" xmlns:xsi="http://www.w3.org/2001/XMLSchema-instance" xsi:schemaLocation="http://www.topografix.com/GPX/1/1 http://www.topografix.com/GPX/1/1/gpx.xsd">
 <metadata>
  <time>2024-10-24T08:40:22Z</time>
 </metadata>
 <trk>
  <name>Mont Ste Odile</name>
  <type>hiking</type>
  <trkseg>
   <trkpt lat="48.4230180" lon="7.3995180">
    <ele>719.4</ele>
    <time>2024-10-24T08:40:22Z</time>
   </trkpt>
   <trkpt lat="48.4230200" lon="7.3995170">
    <ele>719.4</ele>
    <time>2024-10-24T08:40:23Z</time>
   </trkpt>
   <trkpt lat="48.4230230" lon="7.3995160">
    <ele>719.3</ele>
    <time>2024-10-24T08:40:24Z</time>
   </trkpt>
   <trkpt lat="48.4230260" lon="7.3995160">
    <ele>719.3</ele>
    <time>2024-10-24T08:40:25Z</time>
   </trkpt>
   <trkpt lat="48.4230320" lon="7.3995170">
    <ele>719.2</ele>
    <time>2024-10-24T08:40:26Z</time>
   </trkpt>
   <trkpt lat="48.4230430" lon="7.3995180">
    <ele>719.1</ele>
    <time>2024-10-24T08:40:27Z</time>
   </trkpt>
   <trkpt lat="48.4230680" lon="7.3995020">
    <ele>718.8</ele>
    <time>2024-10-24T08:40:28Z</time>
   </trkpt>
   <trkpt lat="48.4230910" lon="7.3994720">
    <ele>718.5</ele>
    <time>2024-10-24T08:40:29Z</time>
   </trkpt>
   <trkpt lat="48.4230940" lon="7.3994660">
    <ele>718.4</ele>
    <time>2024-10-24T08:40:30Z</time>
   </trkpt>
   <trkpt lat="48.4231010" lon="7.3994610">
    <ele>718.3</ele>
    <time>2024-10-24T08:40:31Z</time>
   </trkpt>
   <trkpt lat="48.4231110" lon="7.3994610">
    <ele>718.2</ele>
    <time>2024-10-24T08:40:32Z</time>
   </trkpt>
   <trkpt lat="48.4231240" lon="7.3994650">
    <ele>718.0</ele>
    <time>2024-10-24T08:40:33Z</time>
   </trkpt>
   <trkpt lat="48.4231430" lon="7.3994670">
    <ele>717.8</ele>
    <time>2024-10-24T08:40:34Z</time>
   </trkpt>
   <trkpt lat="48.4231590" lon="7.3994650">
    <ele>717.6</ele>
    <time>2024-10-24T08:40:35Z</time>
   </trkpt>
   <trkpt lat="48.4231740" lon="7.3994590">
    <ele>717.4</ele>
    <time>2024-10-24T08:40:36Z</time>
   </trkpt>
   <trkpt lat="48.4231880" lon="7.3994570">
    <ele>717.2</ele>
    <time>2024-10-24T08:40:37Z</time>
   </trkpt>
   <trkpt lat="48.4232130" lon="7.3994590">
    <ele>716.9</ele>
    <time>2024-10-24T08:40:38Z</time>
   </trkpt>
   <trkpt lat="48.4232230" lon="7.3994660">
    <ele>716.8</ele>
    <time>2024-10-24T08:40:39Z</time>
   </trkpt>
   <trkpt lat="48.4232590" lon="7.3994920">
    <ele>716.3</ele>
    <time>2024-10-24T08:40:40Z</time>
   </trkpt>
   <trkpt lat="48.4232770" lon="7.3995030">
    <ele>716.0</ele>
    <time>2024-10-24T08:40:41Z</time>
   </trkpt>
   <trkpt lat="48.4232850" lon="7.3995050">
    <ele>715.9</ele>
    <time>2024-10-24T08:40:42Z</time>
   </trkpt>
   <trkpt lat="48.4233000" lon="7.3995220">
    <ele>715.7</ele>
    <time>2024-10-24T08:40:43Z</time>
   </trkpt>
   <trkpt lat="48.4233100" lon="7.3995330">
    <ele>715.5</ele>
    <time>2024-10-24T08:40:44Z</time>
   </trkpt>
   <trkpt lat="48.4233190" lon="7.3995440">
    <ele>715.4</ele>
    <time>2024-10-24T08:40:45Z</time>
   </trkpt>
   <trkpt lat="48.4233450" lon="7.3995660">
    <ele>715.0</ele>
    <time>2024-10-24T08:40:46Z</time>
   </trkpt>
   <trkpt lat="48.4233520" lon="7.3995740">
    <ele>714.9</ele>
    <time>2024-10-24T08:40:47Z</time>
   </trkpt>
   <trkpt lat="48.4233650" lon="7.3995890">
    <ele>714.7</ele>
    <time>2024-10-24T08:40:48Z</time>
   </trkpt>
   <trkpt lat="48.4233770" lon="7.3996010">
    <ele>714.5</ele>
    <time>2024-10-24T08:40:49Z</time>
   </trkpt>
   <trkpt lat="48.4233910" lon="7.3996110">
    <ele>714.3</ele>
    <time>2024-10-24T08:40:50Z</time>
   </trkpt>
   <trkpt lat="48.4234030" lon="7.3996200">
    <ele>714.2</ele>
    <time>2024-10-24T08:40:51Z</time>
   </trkpt>
   <trkpt lat="48.4234190" lon="7.3996420">
    <ele>714.0</ele>
    <time>2024-10-24T08:40:52Z</time>
   </trkpt>
   <trkpt lat="48.4234260" lon="7.3996510">
    <ele>714.0</ele>
    <time>2024-10-24T08:40:53Z</time>
   </trkpt>
   <trkpt lat="48.4234330" lon="7.3996610">
    <ele>714.0</ele>
    <time>2024-10-24T08:40:54Z</time>
   </trkpt>
   <trkpt lat="48.4234440" lon="7.3996730">
    <ele>714.0</ele>
    <time>2024-10-24T08:40:55Z</time>
   </trkpt>
   <trkpt lat="48.4234540" lon="7.3996810">
    <ele>714.0</ele>
    <time>2024-10-24T08:40:56Z</time>
   </trkpt>
   <trkpt lat="48.4234590" lon="7.3996850">
    <ele>714.0</ele>
    <time>2024-10-24T08:40:57Z</time>
   </trkpt>
   <trkpt lat="48.4234620" lon="7.3996860">
    <ele>714.0</ele>
    <time>2024-10-24T08:40:58Z</time>
   </trkpt>
   <trkpt lat="48.4234640" lon="7.3996870">
    <ele>714.0</ele>
    <time>2024-10-24T08:40:59Z</time>
   </trkpt>
   <trkpt lat="48.4234650" lon="7.3996910">
    <ele>714.0</ele>
    <time>2024-10-24T08:41:00Z</time>
   </trkpt>
   <trkpt lat="48.4234650" lon="7.3996960">
    <ele>714.0</ele>
    <time>2024-10-24T08:41:01Z</time>
   </trkpt>
   <trkpt lat="48.4234670" lon="7.3997040">
    <ele>714.0</ele>
    <time>2024-10-24T08:41:02Z</time>
   </trkpt>
   <trkpt lat="48.4234690" lon="7.3997130">
    <ele>714.0</ele>
    <time>2024-10-24T08:41:03Z</time>
   </trkpt>
   <trkpt lat="48.4234740" lon="7.3997260">
    <ele>714.0</ele>
    <time>2024-10-24T08:41:04Z</time>
   </trkpt>
   <trkpt lat="48.4234820" lon="7.3997430">
    <ele>714.0</ele>
    <time>2024-10-24T08:41:05Z</time>
   </trkpt>
   <trkpt lat="48.4234920" lon="7.3997590">
    <ele>714.0</ele>
    <time>2024-10-24T08:41:06Z</time>
   </trkpt>
   <trkpt lat="48.4235090" lon="7.3997730">
    <ele>714.0</ele>
    <time>2024-10-24T08:41:07Z</time>
   </trkpt>
   <trkpt lat="48.4235230" lon="7.3997800">
    <ele>714.0</ele>
    <time>2024-10-24T08:41:08Z</time>
   </trkpt>
   <trkpt lat="48.4235430" lon="7.3997900">
    <ele>713.9</ele>
    <time>2024-10-24T08:41:09Z</time>
   </trkpt>
   <trkpt lat="48.4235510" lon="7.3997930">
    <ele>713.9</ele>
    <time>2024-10-24T08:41:10Z</time>
   </trkpt>
   <trkpt lat="48.4235580" lon="7.3997960">
    <ele>713.9</ele>
    <time>2024-10-24T08:41:11Z</time>
   </trkpt>
   <trkpt lat="48.4235700" lon="7.3997970">
    <ele>713.9</ele>
    <time>2024-10-24T08:41:12Z</time>
   </trkpt>
   <trkpt lat="48.4235810" lon="7.3998010">
    <ele>713.9</ele>
    <time>2024-10-24T08:41:13Z</time>
   </trkpt>
   <trkpt lat="48.4235910" lon="7.3998090">
    <ele>713.9</ele>
    <time>2024-10-24T08:41:14Z</time>
   </trkpt>
   <trkpt lat="48.4236020" lon="7.3998160">
    <ele>713.9</ele>
    <time>2024-10-24T08:41:15Z</time>
   </trkpt>
   <trkpt lat="48.4236120" lon="7.3998230">
    <ele>713.9</ele>
    <time>2024-10-24T08:41:16Z</time>
   </trkpt>
   <trkpt lat="48.4236220" lon="7.3998300">
    <ele>713.9</ele>
    <time>2024-10-24T08:41:17Z</time>
   </trkpt>
   <trkpt lat="48.4236320" lon="7.3998360">
    <ele>713.9</ele>
    <time>2024-10-24T08:41:18Z</time>
   </trkpt>
   <trkpt lat="48.4236420" lon="7.3998420">
    <ele>713.9</ele>
    <time>2024-10-24T08:41:19Z</time>
   </trkpt>
   <trkpt lat="48.4236520" lon="7.3998480">
    <ele>713.9</ele>
    <time>2024-10-24T08:41:20Z</time>
   </trkpt>
   <trkpt lat="48.4236600" lon="7.3998530">
    <ele>713.9</ele>
    <time>2024-10-24T08:41:21Z</time>
   </trkpt>
   <trkpt lat="48.4236690" lon="7.3998570">
    <ele>713.9</ele>
    <time>2024-10-24T08:41:22Z</time>
   </trkpt>
   <trkpt lat="48.4236780" lon="7.3998600">
    <ele>713.9</ele>
    <time>2024-10-24T08:41:23Z</time>
   </trkpt>
   <trkpt lat="48.4236870" lon="7.3998640">
    <ele>713.9</ele>
    <time>2024-10-24T08:41:24Z</time>
   </trkpt>
   <trkpt lat="48.4236970" lon="7.3998680">
    <ele>713.9</ele>
    <time>2024-10-24T08:41:25Z</time>
   </trkpt>
   <trkpt lat="48.4237070" lon="7.3998710">
    <ele>713.9</ele>
    <time>2024-10-24T08:41:26Z</time>
   </trkpt>
   <trkpt lat="48.4237180" lon="7.3998740">
    <ele>713.9</ele>
    <time>2024-10-24T08:41:27Z</time>
   </trkpt>
   <trkpt lat="48.4237280" lon="7.3998770">
    <ele>713.9</ele>
    <time>2024-10-24T08:41:28Z</time>
   </trkpt>
   <trkpt lat="48.4237380" lon="7.3998780">
    <ele>713.9</ele>
    <time>2024-10-24T08:41:29Z</time>
   </trkpt>
   <trkpt lat="48.4237480" lon="7.3998790">
    <ele>713.9</ele>
    <time>2024-10-24T08:41:30Z</time>
   </trkpt>
   <trkpt lat="48.4237580" lon="7.3998820">
    <ele>713.9</ele>
    <time>2024-10-24T08:41:31Z</time>
   </trkpt>
   <trkpt lat="48.4237690" lon="7.3998850">
    <ele>713.9</ele>
    <time>2024-10-24T08:41:32Z</time>
   </trkpt>
   <trkpt lat="48.4237800" lon="7.3998840">
    <ele>713.9</ele>
    <time>2024-10-24T08:41:33Z</time>
   </trkpt>
   <trkpt lat="48.4237910" lon="7.3998880">
    <ele>713.9</ele>
    <time>2024-10-24T08:41:34Z</time>
   </trkpt>
   <trkpt lat="48.4238020" lon="7.3998920">
    <ele>713.9</ele>
    <time>2024-10-24T08:41:35Z</time>
   </trkpt>
   <trkpt lat="48.4238120" lon="7.3998950">
    <ele>713.9</ele>
    <time>2024-10-24T08:41:36Z</time>
   </trkpt>
   <trkpt lat="48.4238230" lon="7.3998960">
    <ele>713.9</ele>
    <time>2024-10-24T08:41:37Z</time>
   </trkpt>
   <trkpt lat="48.4238340" lon="7.3998950">
    <ele>713.9</ele>
    <time>2024-10-24T08:41:38Z</time>
   </trkpt>
   <trkpt lat="48.4238430" lon="7.3998960">
    <ele>713.9</ele>
    <time>2024-10-24T08:41:39Z</time>
   </trkpt>
   <trkpt lat="48.4238530" lon="7.3998970">
    <ele>713.9</ele>
    <time>2024-10-24T08:41:40Z</time>
   </trkpt>
   <trkpt lat="48.4238610" lon="7.3998910">
    <ele>713.9</ele>
    <time>2024-10-24T08:41:41Z</time>
   </trkpt>
   <trkpt lat="48.4238670" lon="7.3998790">
    <ele>713.9</ele>
    <time>2024-10-24T08:41:42Z</time>
   </trkpt>
   <trkpt lat="48.4238720" lon="7.3998650">
    <ele>713.9</ele>
    <time>2024-10-24T08:41:43Z</time>
   </trkpt>
   <trkpt lat="48.4238780" lon="7.3998490">
    <ele>713.9</ele>
    <time>2024-10-24T08:41:44Z</time>
   </trkpt>
   <trkpt lat="48.4238840" lon="7.3998320">
    <ele>714.0</ele>
    <time>2024-10-24T08:41:45Z</time>
   </trkpt>
   <trkpt lat="48.4238900" lon="7.3998160">
    <ele>714.0</ele>
    <time>2024-10-24T08:41:46Z</time>
   </trkpt>
   <trkpt lat="48.4238970" lon="7.3998030">
    <ele>714.0</ele>
    <time>2024-10-24T08:41:47Z</time>
   </trkpt>
   <trkpt lat="48.4239040" lon="7.3997900">
    <ele>714.0</ele>
    <time>2024-10-24T08:41:48Z</time>
   </trkpt>
   <trkpt lat="48.4239110" lon="7.3997820">
    <ele>714.0</ele>
    <time>2024-10-24T08:41:49Z</time>
   </trkpt>
   <trkpt lat="48.4239180" lon="7.3997720">
    <ele>714.0</ele>
    <time>2024-10-24T08:41:50Z</time>
   </trkpt>
   <trkpt lat="48.4239260" lon="7.3997620">
    <ele>714.0</ele>
    <time>2024-10-24T08:41:51Z</time>
   </trkpt>
   <trkpt lat="48.4239350" lon="7.3997500">
    <ele>714.0</ele>
    <time>2024-10-24T08:41:52Z</time>
   </trkpt>
   <trkpt lat="48.4239430" lon="7.3997390">
    <ele>714.0</ele>
    <time>2024-10-24T08:41:53Z</time>
   </trkpt>
   <trkpt lat="48.4239510" lon="7.3997280">
    <ele>714.0</ele>
    <time>2024-10-24T08:41:54Z</time>
   </trkpt>
   <trkpt lat="48.4239590" lon="7.3997170">
    <ele>714.1</ele>
    <time>2024-10-24T08:41:55Z</time>
   </trkpt>
   <trkpt lat="48.4239660" lon="7.3997040">
    <ele>714.1</ele>
    <time>2024-10-24T08:41:56Z</time>
   </trkpt>
   <trkpt lat="48.4239750" lon="7.3996920">
    <ele>714.1</ele>
    <time>2024-10-24T08:41:57Z</time>
   </trkpt>
   <trkpt lat="48.4239810" lon="7.3996770">
    <ele>714.1</ele>
    <time>2024-10-24T08:41:58Z</time>
   </trkpt>
   <trkpt lat="48.4239870" lon="7.3996630">
    <ele>714.1</ele>
    <time>2024-10-24T08:41:59Z</time>
   </trkpt>
   <trkpt lat="48.4239930" lon="7.3996500">
    <ele>714.1</ele>
    <time>2024-10-24T08:42:00Z</time>
   </trkpt>
   <trkpt lat="48.4239980" lon="7.3996370">
    <ele>714.1</ele>
    <time>2024-10-24T08:42:01Z</time>
   </trkpt>
   <trkpt lat="48.4240030" lon="7.3996230">
    <ele>714.1</ele>
    <time>2024-10-24T08:42:02Z</time>
   </trkpt>
   <trkpt lat="48.4240080" lon="7.3996080">
    <ele>714.2</ele>
    <time>2024-10-24T08:42:03Z</time>
   </trkpt>
   <trkpt lat="48.4240120" lon="7.3995940">
    <ele>714.2</ele>
    <time>2024-10-24T08:42:04Z</time>
   </trkpt>
   <trkpt lat="48.4240180" lon="7.3995840">
    <ele>714.2</ele>
    <time>2024-10-24T08:42:05Z</time>
   </trkpt>
   <trkpt lat="48.4240200" lon="7.3995730">
    <ele>714.2</ele>
    <time>2024-10-24T08:42:06Z</time>
   </trkpt>
   <trkpt lat="48.4240260" lon="7.3995640">
    <ele>714.2</ele>
    <time>2024-10-24T08:42:07Z</time>
   </trkpt>
   <trkpt lat="48.4240330" lon="7.3995570">
    <ele>714.2</ele>
    <time>2024-10-24T08:42:08Z</time>
   </trkpt>
   <trkpt lat="48.4240410" lon="7.3995500">
    <ele>714.3</ele>
    <time>2024-10-24T08:42:09Z</time>
   </trkpt>
   <trkpt lat="48.4240480" lon="7.3995420">
    <ele>714.3</ele>
    <time>2024-10-24T08:42:10Z</time>
   </trkpt>
   <trkpt lat="48.4240550" lon="7.3995310">
    <ele>714.3</ele>
    <time>2024-10-24T08:42:11Z</time>
   </trkpt>
   <trkpt lat="48.4240610" lon="7.3995190">
    <ele>714.3</ele>
    <time>2024-10-24T08:42:12Z</time>
   </trkpt>
   <trkpt lat="48.4240680" lon="7.3995070">
    <ele>714.3</ele>
    <time>2024-10-24T08:42:13Z</time>
   </trkpt>
   <trkpt lat="48.4240750" lon="7.3994950">
    <ele>714.4</ele>
    <time>2024-10-24T08:42:14Z</time>
   </trkpt>
   <trkpt lat="48.4240820" lon="7.3994850">
    <ele>714.4</ele>
    <time>2024-10-24T08:42:15Z</time>
   </trkpt>
   <trkpt lat="48.4240920" lon="7.3994740">
    <ele>714.4</ele>
    <time>2024-10-24T08:42:16Z</time>
   </trkpt>
   <trkpt lat="48.4241010" lon="7.3994650">
    <ele>714.5</ele>
    <time>2024-10-24T08:42:17Z</time>
   </trkpt>
   <trkpt lat="48.4241090" lon="7.3994530">
    <ele>714.5</ele>
    <time>2024-10-24T08:42:18Z</time>
   </trkpt>
   <trkpt lat="48.4241160" lon="7.3994400">
    <ele>714.5</ele>
    <time>2024-10-24T08:42:19Z</time>
   </trkpt>
   <trkpt lat="48.4241240" lon="7.3994320">
    <ele>714.5</ele>
    <time>2024-10-24T08:42:20Z</time>
   </trkpt>
   <trkpt lat="48.4241330" lon="7.3994250">
    <ele>714.6</ele>
    <time>2024-10-24T08:42:21Z</time>
   </trkpt>
   <trkpt lat="48.4241370" lon="7.3994150">
    <ele>714.6</ele>
    <time>2024-10-24T08:42:22Z</time>
   </trkpt>
   <trkpt lat="48.4241350" lon="7.3994000">
    <ele>714.6</ele>
    <time>2024-10-24T08:42:23Z</time>
   </trkpt>
   <trkpt lat="48.4241350" lon="7.3993870">
    <ele>714.7</ele>
    <time>2024-10-24T08:42:24Z</time>
   </trkpt>
   <trkpt lat="48.4241410" lon="7.3993810">
    <ele>714.7</ele>
    <time>2024-10-24T08:42:25Z</time>
   </trkpt>
   <trkpt lat="48.4241470" lon="7.3993710">
    <ele>714.7</ele>
    <time>2024-10-24T08:42:26Z</time>
   </trkpt>
   <trkpt lat="48.4241540" lon="7.3993620">
    <ele>714.8</ele>
    <time>2024-10-24T08:42:27Z</time>
   </trkpt>
   <trkpt lat="48.4241630" lon="7.3993540">
    <ele>714.8</ele>
    <time>2024-10-24T08:42:28Z</time>
   </trkpt>
   <trkpt lat="48.4241720" lon="7.3993450">
    <ele>714.8</ele>
    <time>2024-10-24T08:42:29Z</time>
   </trkpt>
   <trkpt lat="48.4241800" lon="7.3993350">
    <ele>714.9</ele>
    <time>2024-10-24T08:42:30Z</time>
   </trkpt>
   <trkpt lat="48.4241880" lon="7.3993230">
    <ele>714.9</ele>
    <time>2024-10-24T08:42:31Z</time>
   </trkpt>
   <trkpt lat="48.4242010" lon="7.3992980">
    <ele>715.0</ele>
    <time>2024-10-24T08:42:32Z</time>
   </trkpt>
   <trkpt lat="48.4242060" lon="7.3992870">
    <ele>715.0</ele>
    <time>2024-10-24T08:42:33Z</time>
   </trkpt>
   <trkpt lat="48.4242110" lon="7.3992760">
    <ele>715.1</ele>
    <time>2024-10-24T08:42:34Z</time>
   </trkpt>
   <trkpt lat="48.4242250" lon="7.3992510">
    <ele>715.2</ele>
    <time>2024-10-24T08:42:35Z</time>
   </trkpt>
   <trkpt lat="48.4242320" lon="7.3992420">
    <ele>715.2</ele>
    <time>2024-10-24T08:42:36Z</time>
   </trkpt>
   <trkpt lat="48.4242390" lon="7.3992330">
    <ele>715.3</ele>
    <time>2024-10-24T08:42:37Z</time>
   </trkpt>
   <trkpt lat="48.4242520" lon="7.3992090">
    <ele>715.4</ele>
    <time>2024-10-24T08:42:38Z</time>
   </trkpt>
   <trkpt lat="48.4242570" lon="7.3991990">
    <ele>715.4</ele>
    <time>2024-10-24T08:42:39Z</time>
   </trkpt>
   <trkpt lat="48.4242620" lon="7.3991890">
    <ele>715.5</ele>
    <time>2024-10-24T08:42:40Z</time>
   </trkpt>
   <trkpt lat="48.4242710" lon="7.3991780">
    <ele>715.5</ele>
    <time>2024-10-24T08:42:41Z</time>
   </trkpt>
   <trkpt lat="48.4242800" lon="7.3991670">
    <ele>715.6</ele>
    <time>2024-10-24T08:42:42Z</time>
   </trkpt>
   <trkpt lat="48.4242880" lon="7.3991580">
    <ele>715.7</ele>
    <time>2024-10-24T08:42:43Z</time>
   </trkpt>
   <trkpt lat="48.4242950" lon="7.3991480">
    <ele>715.7</ele>
    <time>2024-10-24T08:42:44Z</time>
   </trkpt>
   <trkpt lat="48.4243020" lon="7.3991380">
    <ele>715.8</ele>
    <time>2024-10-24T08:42:45Z</time>
   </trkpt>
   <trkpt lat="48.4243080" lon="7.3991290">
    <ele>715.8</ele>
    <time>2024-10-24T08:42:46Z</time>
   </trkpt>
   <trkpt lat="48.4243140" lon="7.3991210">
    <ele>715.9</ele>
    <time>2024-10-24T08:42:47Z</time>
   </trkpt>
   <trkpt lat="48.4243220" lon="7.3991130">
    <ele>716.0</ele>
    <time>2024-10-24T08:42:48Z</time>
   </trkpt>
   <trkpt lat="48.4243310" lon="7.3991030">
    <ele>716.0</ele>
    <time>2024-10-24T08:42:49Z</time>
   </trkpt>
   <trkpt lat="48.4243400" lon="7.3990910">
    <ele>716.1</ele>
    <time>2024-10-24T08:42:50Z</time>
   </trkpt>
   <trkpt lat="48.4243470" lon="7.3990800">
    <ele>716.2</ele>
    <time>2024-10-24T08:42:51Z</time>
   </trkpt>
   <trkpt lat="48.4243550" lon="7.3990670">
    <ele>716.2</ele>
    <time>2024-10-24T08:42:52Z</time>
   </trkpt>
   <trkpt lat="48.4243620" lon="7.3990550">
    <ele>716.3</ele>
    <time>2024-10-24T08:42:53Z</time>
   </trkpt>
   <trkpt lat="48.4243700" lon="7.3990440">
    <ele>716.4</ele>
    <time>2024-10-24T08:42:54Z</time>
   </trkpt>
   <trkpt lat="48.4243790" lon="7.3990320">
    <ele>716.5</ele>
    <time>2024-10-24T08:42:55Z</time>
   </trkpt>
   <trkpt lat="48.4243860" lon="7.3990220">
    <ele>716.5</ele>
    <time>2024-10-24T08:42:56Z</time>
   </trkpt>
   <trkpt lat="48.4243940" lon="7.3990120">
    <ele>716.6</ele>
    <time>2024-10-24T08:42:57Z</time>
   </trkpt>
   <trkpt lat="48.4244010" lon="7.3990020">
    <ele>716.6</ele>
    <time>2024-10-24T08:42:58Z</time>
   </trkpt>
   <trkpt lat="48.4244080" lon="7.3989930">
    <ele>716.7</ele>
    <time>2024-10-24T08:42:59Z</time>
   </trkpt>
   <trkpt lat="48.4244140" lon="7.3989820">
    <ele>716.8</ele>
    <time>2024-10-24T08:43:00Z</time>
   </trkpt>
   <trkpt lat="48.4244200" lon="7.3989710">
    <ele>716.8</ele>
    <time>2024-10-24T08:43:01Z</time>
   </trkpt>
   <trkpt lat="48.4244280" lon="7.3989590">
    <ele>716.9</ele>
    <time>2024-10-24T08:43:02Z</time>
   </trkpt>
   <trkpt lat="48.4244350" lon="7.3989470">
    <ele>717.0</ele>
    <time>2024-10-24T08:43:03Z</time>
   </trkpt>
   <trkpt lat="48.4244380" lon="7.3989350">
    <ele>717.0</ele>
    <time>2024-10-24T08:43:04Z</time>
   </trkpt>
   <trkpt lat="48.4244380" lon="7.3989270">
    <ele>717.0</ele>
    <time>2024-10-24T08:43:05Z</time>
   </trkpt>
   <trkpt lat="48.4244360" lon="7.3989260">
    <ele>717.0</ele>
    <time>2024-10-24T08:43:06Z</time>
   </trkpt>
   <trkpt lat="48.4244350" lon="7.3989300">
    <ele>717.1</ele>
    <time>2024-10-24T08:43:07Z</time>
   </trkpt>
   <trkpt lat="48.4244360" lon="7.3989310">
    <ele>717.1</ele>
    <time>2024-10-24T08:43:08Z</time>
   </trkpt>
   <trkpt lat="48.4244380" lon="7.3989300">
    <ele>717.1</ele>
    <time>2024-10-24T08:43:09Z</time>
   </trkpt>
   <trkpt lat="48.4244400" lon="7.3989280">
    <ele>717.1</ele>
    <time>2024-10-24T08:43:10Z</time>
   </trkpt>
   <trkpt lat="48.4244480" lon="7.3989200">
    <ele>717.1</ele>
    <time>2024-10-24T08:43:11Z</time>
   </trkpt>
   <trkpt lat="48.4244640" lon="7.3988980">
    <ele>717.3</ele>
    <time>2024-10-24T08:43:12Z</time>
   </trkpt>
   <trkpt lat="48.4244780" lon="7.3988790">
    <ele>717.4</ele>
    <time>2024-10-24T08:43:13Z</time>
   </trkpt>
   <trkpt lat="48.4244870" lon="7.3988670">
    <ele>717.4</ele>
    <time>2024-10-24T08:43:14Z</time>
   </trkpt>
   <trkpt lat="48.4244940" lon="7.3988520">
    <ele>717.5</ele>
    <time>2024-10-24T08:43:15Z</time>
   </trkpt>
   <trkpt lat="48.4245010" lon="7.3988410">
    <ele>717.5</ele>
    <time>2024-10-24T08:43:16Z</time>
   </trkpt>
   <trkpt lat="48.4245080" lon="7.3988280">
    <ele>717.6</ele>
    <time>2024-10-24T08:43:17Z</time>
   </trkpt>
   <trkpt lat="48.4245140" lon="7.3988200">
    <ele>717.6</ele>
    <time>2024-10-24T08:43:18Z</time>
   </trkpt>
   <trkpt lat="48.4245210" lon="7.3988050">
    <ele>717.7</ele>
    <time>2024-10-24T08:43:19Z</time>
   </trkpt>
   <trkpt lat="48.4245270" lon="7.3987930">
    <ele>717.7</ele>
    <time>2024-10-24T08:43:20Z</time>
   </trkpt>
   <trkpt lat="48.4245330" lon="7.3987820">
    <ele>717.8</ele>
    <time>2024-10-24T08:43:21Z</time>
   </trkpt>
   <trkpt lat="48.4245350" lon="7.3987660">
    <ele>717.8</ele>
    <time>2024-10-24T08:43:22Z</time>
   </trkpt>
   <trkpt lat="48.4245400" lon="7.3987550">
    <ele>717.9</ele>
    <time>2024-10-24T08:43:23Z</time>
   </trkpt>
   <trkpt lat="48.4245440" lon="7.3987440">
    <ele>717.9</ele>
    <time>2024-10-24T08:43:24Z</time>
   </trkpt>
   <trkpt lat="48.4245500" lon="7.3987350">
    <ele>718.0</ele>
    <time>2024-10-24T08:43:25Z</time>
   </trkpt>
   <trkpt lat="48.4245530" lon="7.3987170">
    <ele>718.0</ele>
    <time>2024-10-24T08:43:26Z</time>
   </trkpt>
   <trkpt lat="48.4245570" lon="7.3987030">
    <ele>718.1</ele>
    <time>2024-10-24T08:43:27Z</time>
   </trkpt>
   <trkpt lat="48.4245610" lon="7.3986900">
    <ele>718.1</ele>
    <time>2024-10-24T08:43:28Z</time>
   </trkpt>
   <trkpt lat="48.4245660" lon="7.3986800">
    <ele>718.2</ele>
    <time>2024-10-24T08:43:29Z</time>
   </trkpt>
   <trkpt lat="48.4245720" lon="7.3986650">
    <ele>718.2</ele>
    <time>2024-10-24T08:43:30Z</time>
   </trkpt>
   <trkpt lat="48.4245790" lon="7.3986510">
    <ele>718.3</ele>
    <time>2024-10-24T08:43:31Z</time>
   </trkpt>
   <trkpt lat="48.4245870" lon="7.3986360">
    <ele>718.3</ele>
    <time>2024-10-24T08:43:32Z</time>
   </trkpt>
   <trkpt lat="48.4245930" lon="7.3986210">
    <ele>718.4</ele>
    <time>2024-10-24T08:43:33Z</time>
   </trkpt>
   <trkpt lat="48.4246000" lon="7.3986050">
    <ele>718.5</ele>
    <time>2024-10-24T08:43:34Z</time>
   </trkpt>
   <trkpt lat="48.4246080" lon="7.3985920">
    <ele>718.5</ele>
    <time>2024-10-24T08:43:35Z</time>
   </trkpt>
   <trkpt lat="48.4246160" lon="7.3985830">
    <ele>718.6</ele>
    <time>2024-10-24T08:43:36Z</time>
   </trkpt>
   <trkpt lat="48.4246250" lon="7.3985700">
    <ele>718.7</ele>
    <time>2024-10-24T08:43:37Z</time>
   </trkpt>
   <trkpt lat="48.4246330" lon="7.3985600">
    <ele>718.7</ele>
    <time>2024-10-24T08:43:38Z</time>
   </trkpt>
   <trkpt lat="48.4246460" lon="7.3985490">
    <ele>718.8</ele>
    <time>2024-10-24T08:43:39Z</time>
   </trkpt>
   <trkpt lat="48.4246500" lon="7.3985460">
    <ele>718.8</ele>
    <time>2024-10-24T08:43:40Z</time>
   </trkpt>
   <trkpt lat="48.4246540" lon="7.3985440">
    <ele>718.9</ele>
    <time>2024-10-24T08:43:41Z</time>
   </trkpt>
   <trkpt lat="48.4246580" lon="7.3985420">
    <ele>718.9</ele>
    <time>2024-10-24T08:43:42Z</time>
   </trkpt>
   <trkpt lat="48.4246620" lon="7.3985390">
    <ele>718.9</ele>
    <time>2024-10-24T08:43:43Z</time>
   </trkpt>
   <trkpt lat="48.4246660" lon="7.3985370">
    <ele>718.9</ele>
    <time>2024-10-24T08:43:44Z</time>
   </trkpt>
   <trkpt lat="48.4246700" lon="7.3985340">
    <ele>719.0</ele>
    <time>2024-10-24T08:43:45Z</time>
   </trkpt>
   <trkpt lat="48.4246790" lon="7.3985130">
    <ele>719.1</ele>
    <time>2024-10-24T08:43:46Z</time>
   </trkpt>
   <trkpt lat="48.4246880" lon="7.3984970">
    <ele>719.2</ele>
    <time>2024-10-24T08:43:47Z</time>
   </trkpt>
   <trkpt lat="48.4246980" lon="7.3984750">
    <ele>719.3</ele>
    <time>2024-10-24T08:43:48Z</time>
   </trkpt>
   <trkpt lat="48.4247050" lon="7.3984580">
    <ele>719.4</ele>
    <time>2024-10-24T08:43:49Z</time>
   </trkpt>
   <trkpt lat="48.4247130" lon="7.3984450">
    <ele>719.5</ele>
    <time>2024-10-24T08:43:50Z</time>
   </trkpt>
   <trkpt lat="48.4247200" lon="7.3984370">
    <ele>719.5</ele>
    <time>2024-10-24T08:43:51Z</time>
   </trkpt>
   <trkpt lat="48.4247280" lon="7.3984350">
    <ele>719.6</ele>
    <time>2024-10-24T08:43:52Z</time>
   </trkpt>
   <trkpt lat="48.4247340" lon="7.3984290">
    <ele>719.6</ele>
    <time>2024-10-24T08:43:53Z</time>
   </trkpt>
   <trkpt lat="48.4247390" lon="7.3984330">
    <ele>719.7</ele>
    <time>2024-10-24T08:43:54Z</time>
   </trkpt>
   <trkpt lat="48.4247400" lon="7.3984440">
    <ele>719.7</ele>
    <time>2024-10-24T08:43:55Z</time>
   </trkpt>
   <trkpt lat="48.4247440" lon="7.3984510">
    <ele>719.8</ele>
    <time>2024-10-24T08:43:56Z</time>
   </trkpt>
   <trkpt lat="48.4247470" lon="7.3984510">
    <ele>719.8</ele>
    <time>2024-10-24T08:43:57Z</time>
   </trkpt>
   <trkpt lat="48.4247480" lon="7.3984500">
    <ele>719.8</ele>
    <time>2024-10-24T08:43:58Z</time>
   </trkpt>
   <trkpt lat="48.4247490" lon="7.3984490">
    <ele>719.8</ele>
    <time>2024-10-24T08:43:59Z</time>
   </trkpt>
   <trkpt lat="48.4247470" lon="7.3984480">
    <ele>719.8</ele>
    <time>2024-10-24T08:44:00Z</time>
   </trkpt>
   <trkpt lat="48.4247470" lon="7.3984480">
    <ele>719.8</ele>
    <time>2024-10-24T08:44:01Z</time>
   </trkpt>
   <trkpt lat="48.4247490" lon="7.3984470">
    <ele>719.9</ele>
    <time>2024-10-24T08:44:02Z</time>
   </trkpt>
   <trkpt lat="48.4247560" lon="7.3984430">
    <ele>719.9</ele>
    <time>2024-10-24T08:44:03Z</time>
   </trkpt>
   <trkpt lat="48.4247650" lon="7.3984370">
    <ele>720.0</ele>
    <time>2024-10-24T08:44:04Z</time>
   </trkpt>
   <trkpt lat="48.4247730" lon="7.3984320">
    <ele>720.1</ele>
    <time>2024-10-24T08:44:05Z</time>
   </trkpt>
   <trkpt lat="48.4247820" lon="7.3984280">
    <ele>720.2</ele>
    <time>2024-10-24T08:44:06Z</time>
   </trkpt>
   <trkpt lat="48.4247890" lon="7.3984260">
    <ele>720.2</ele>
    <time>2024-10-24T08:44:07Z</time>
   </trkpt>
   <trkpt lat="48.4247970" lon="7.3984240">
    <ele>720.3</ele>
    <time>2024-10-24T08:44:08Z</time>
   </trkpt>
   <trkpt lat="48.4248040" lon="7.3984290">
    <ele>720.4</ele>
    <time>2024-10-24T08:44:09Z</time>
   </trkpt>
   <trkpt lat="48.4248120" lon="7.3984330">
    <ele>720.5</ele>
    <time>2024-10-24T08:44:10Z</time>
   </trkpt>
   <trkpt lat="48.4248190" lon="7.3984390">
    <ele>720.6</ele>
    <time>2024-10-24T08:44:11Z</time>
   </trkpt>
   <trkpt lat="48.4248270" lon="7.3984460">
    <ele>720.7</ele>
    <time>2024-10-24T08:44:12Z</time>
   </trkpt>
   <trkpt lat="48.4248340" lon="7.3984520">
    <ele>720.8</ele>
    <time>2024-10-24T08:44:13Z</time>
   </trkpt>
   <trkpt lat="48.4248400" lon="7.3984580">
    <ele>720.8</ele>
    <time>2024-10-24T08:44:14Z</time>
   </trkpt>
   <trkpt lat="48.4248390" lon="7.3984630">
    <ele>720.9</ele>
    <time>2024-10-24T08:44:15Z</time>
   </trkpt>
   <trkpt lat="48.4248380" lon="7.3984640">
    <ele>720.9</ele>
    <time>2024-10-24T08:44:16Z</time>
   </trkpt>
   <trkpt lat="48.4248410" lon="7.3984660">
    <ele>720.9</ele>
    <time>2024-10-24T08:44:17Z</time>
   </trkpt>
   <trkpt lat="48.4248470" lon="7.3984690">
    <ele>721.0</ele>
    <time>2024-10-24T08:44:18Z</time>
   </trkpt>
   <trkpt lat="48.4248550" lon="7.3984740">
    <ele>721.1</ele>
    <time>2024-10-24T08:44:19Z</time>
   </trkpt>
   <trkpt lat="48.4248640" lon="7.3984780">
    <ele>721.2</ele>
    <time>2024-10-24T08:44:20Z</time>
   </trkpt>
   <trkpt lat="48.4248730" lon="7.3984740">
    <ele>721.3</ele>
    <time>2024-10-24T08:44:21Z</time>
   </trkpt>
   <trkpt lat="48.4248810" lon="7.3984710">
    <ele>721.4</ele>
    <time>2024-10-24T08:44:22Z</time>
   </trkpt>
   <trkpt lat="48.4248890" lon="7.3984730">
    <ele>721.4</ele>
    <time>2024-10-24T08:44:23Z</time>
   </trkpt>
   <trkpt lat="48.4248990" lon="7.3984750">
    <ele>721.6</ele>
    <time>2024-10-24T08:44:24Z</time>
   </trkpt>
   <trkpt lat="48.4249090" lon="7.3984760">
    <ele>721.7</ele>
    <time>2024-10-24T08:44:25Z</time>
   </trkpt>
   <trkpt lat="48.4249170" lon="7.3984750">
    <ele>721.8</ele>
    <time>2024-10-24T08:44:26Z</time>
   </trkpt>
   <trkpt lat="48.4249260" lon="7.3984740">
    <ele>721.9</ele>
    <time>2024-10-24T08:44:27Z</time>
   </trkpt>
   <trkpt lat="48.4249360" lon="7.3984760">
    <ele>722.0</ele>
    <time>2024-10-24T08:44:28Z</time>
   </trkpt>
   <trkpt lat="48.4249450" lon="7.3984780">
    <ele>722.1</ele>
    <time>2024-10-24T08:44:29Z</time>
   </trkpt>
   <trkpt lat="48.4249540" lon="7.3984800">
    <ele>722.2</ele>
    <time>2024-10-24T08:44:30Z</time>
   </trkpt>
   <trkpt lat="48.4249610" lon="7.3984830">
    <ele>722.3</ele>
    <time>2024-10-24T08:44:31Z</time>
   </trkpt>
   <trkpt lat="48.4249690" lon="7.3984890">
    <ele>722.4</ele>
    <time>2024-10-24T08:44:32Z</time>
   </trkpt>
   <trkpt lat="48.4249770" lon="7.3984950">
    <ele>722.5</ele>
    <time>2024-10-24T08:44:33Z</time>
   </trkpt>
   <trkpt lat="48.4249850" lon="7.3984980">
    <ele>722.5</ele>
    <time>2024-10-24T08:44:34Z</time>
   </trkpt>
   <trkpt lat="48.4249930" lon="7.3985020">
    <ele>722.6</ele>
    <time>2024-10-24T08:44:35Z</time>
   </trkpt>
   <trkpt lat="48.4250000" lon="7.3985050">
    <ele>722.7</ele>
    <time>2024-10-24T08:44:36Z</time>
   </trkpt>
   <trkpt lat="48.4250060" lon="7.3985090">
    <ele>722.8</ele>
    <time>2024-10-24T08:44:37Z</time>
   </trkpt>
   <trkpt lat="48.4250120" lon="7.3985130">
    <ele>722.9</ele>
    <time>2024-10-24T08:44:38Z</time>
   </trkpt>
   <trkpt lat="48.4250190" lon="7.3985180">
    <ele>722.9</ele>
    <time>2024-10-24T08:44:39Z</time>
   </trkpt>
   <trkpt lat="48.4250250" lon="7.3985230">
    <ele>723.0</ele>
    <time>2024-10-24T08:44:40Z</time>
   </trkpt>
   <trkpt lat="48.4250310" lon="7.3985280">
    <ele>723.1</ele>
    <time>2024-10-24T08:44:41Z</time>
   </trkpt>
   <trkpt lat="48.4250380" lon="7.3985320">
    <ele>723.2</ele>
    <time>2024-10-24T08:44:42Z</time>
   </trkpt>
   <trkpt lat="48.4250410" lon="7.3985350">
    <ele>723.2</ele>
    <time>2024-10-24T08:44:43Z</time>
   </trkpt>
   <trkpt lat="48.4250460" lon="7.3985390">
    <ele>723.3</ele>
    <time>2024-10-24T08:44:44Z</time>
   </trkpt>
   <trkpt lat="48.4250500" lon="7.3985450">
    <ele>723.3</ele>
    <time>2024-10-24T08:44:45Z</time>
   </trkpt>
   <trkpt lat="48.4250550" lon="7.3985500">
    <ele>723.4</ele>
    <time>2024-10-24T08:44:46Z</time>
   </trkpt>
   <trkpt lat="48.4250600" lon="7.3985570">
    <ele>723.4</ele>
    <time>2024-10-24T08:44:47Z</time>
   </trkpt>
   <trkpt lat="48.4250670" lon="7.3985610">
    <ele>723.5</ele>
    <time>2024-10-24T08:44:48Z</time>
   </trkpt>
   <trkpt lat="48.4250730" lon="7.3985660">
    <ele>723.6</ele>
    <time>2024-10-24T08:44:49Z</time>
   </trkpt>
   <trkpt lat="48.4250800" lon="7.3985720">
    <ele>723.7</ele>
    <time>2024-10-24T08:44:50Z</time>
   </trkpt>
   <trkpt lat="48.4250860" lon="7.3985780">
    <ele>723.7</ele>
    <time>2024-10-24T08:44:51Z</time>
   </trkpt>
   <trkpt lat="48.4250910" lon="7.3985850">
    <ele>723.8</ele>
    <time>2024-10-24T08:44:52Z</time>
   </trkpt>
   <trkpt lat="48.4250970" lon="7.3985940">
    <ele>723.9</ele>
    <time>2024-10-24T08:44:53Z</time>
   </trkpt>
   <trkpt lat="48.4251030" lon="7.3986040">
    <ele>724.0</ele>
    <time>2024-10-24T08:44:54Z</time>
   </trkpt>
   <trkpt lat="48.4251090" lon="7.3986120">
    <ele>724.1</ele>
    <time>2024-10-24T08:44:55Z</time>
   </trkpt>
   <trkpt lat="48.4251140" lon="7.3986190">
    <ele>724.1</ele>
    <time>2024-10-24T08:44:56Z</time>
   </trkpt>
   <trkpt lat="48.4251190" lon="7.3986290">
    <ele>724.2</ele>
    <time>2024-10-24T08:44:57Z</time>
   </trkpt>
   <trkpt lat="48.4251280" lon="7.3986360">
    <ele>724.3</ele>
    <time>2024-10-24T08:44:58Z</time>
   </trkpt>
   <trkpt lat="48.4251340" lon="7.3986370">
    <ele>724.4</ele>
    <time>2024-10-24T08:44:59Z</time>
   </trkpt>
   <trkpt lat="48.4251420" lon="7.3986410">
    <ele>724.4</ele>
    <time>2024-10-24T08:45:00Z</time>
   </trkpt>
   <trkpt lat="48.4251480" lon="7.3986430">
    <ele>724.5</ele>
    <time>2024-10-24T08:45:01Z</time>
   </trkpt>
   <trkpt lat="48.4251530" lon="7.3986470">
    <ele>724.5</ele>
    <time>2024-10-24T08:45:02Z</time>
   </trkpt>
   <trkpt lat="48.4251590" lon="7.3986490">
    <ele>724.6</ele>
    <time>2024-10-24T08:45:03Z</time>
   </trkpt>
   <trkpt lat="48.4251650" lon="7.3986510">
    <ele>724.7</ele>
    <time>2024-10-24T08:45:04Z</time>
   </trkpt>
   <trkpt lat="48.4251710" lon="7.3986540">
    <ele>724.7</ele>
    <time>2024-10-24T08:45:05Z</time>
   </trkpt>
   <trkpt lat="48.4251770" lon="7.3986600">
    <ele>724.8</ele>
    <time>2024-10-24T08:45:06Z</time>
   </trkpt>
   <trkpt lat="48.4251850" lon="7.3986670">
    <ele>724.9</ele>
    <time>2024-10-24T08:45:07Z</time>
   </trkpt>
   <trkpt lat="48.4251910" lon="7.3986730">
    <ele>724.9</ele>
    <time>2024-10-24T08:45:08Z</time>
   </trkpt>
   <trkpt lat="48.4251950" lon="7.3986780">
    <ele>725.0</ele>
    <time>2024-10-24T08:45:09Z</time>
   </trkpt>
   <trkpt lat="48.4252020" lon="7.3986850">
    <ele>725.0</ele>
    <time>2024-10-24T08:45:10Z</time>
   </trkpt>
   <trkpt lat="48.4252090" lon="7.3986950">
    <ele>725.1</ele>
    <time>2024-10-24T08:45:11Z</time>
   </trkpt>
   <trkpt lat="48.4252160" lon="7.3987070">
    <ele>725.2</ele>
    <time>2024-10-24T08:45:12Z</time>
   </trkpt>
   <trkpt lat="48.4252210" lon="7.3987210">
    <ele>725.3</ele>
    <time>2024-10-24T08:45:13Z</time>
   </trkpt>
   <trkpt lat="48.4252280" lon="7.3987360">
    <ele>725.4</ele>
    <time>2024-10-24T08:45:14Z</time>
   </trkpt>
   <trkpt lat="48.4252360" lon="7.3987490">
    <ele>725.5</ele>
    <time>2024-10-24T08:45:15Z</time>
   </trkpt>
   <trkpt lat="48.4252440" lon="7.3987600">
    <ele>725.6</ele>
    <time>2024-10-24T08:45:16Z</time>
   </trkpt>
   <trkpt lat="48.4252500" lon="7.3987700">
    <ele>725.6</ele>
    <time>2024-10-24T08:45:17Z</time>
   </trkpt>
   <trkpt lat="48.4252540" lon="7.3987800">
    <ele>725.7</ele>
    <time>2024-10-24T08:45:18Z</time>
   </trkpt>
   <trkpt lat="48.4252600" lon="7.3987930">
    <ele>725.8</ele>
    <time>2024-10-24T08:45:19Z</time>
   </trkpt>
   <trkpt lat="48.4252680" lon="7.3988110">
    <ele>725.9</ele>
    <time>2024-10-24T08:45:20Z</time>
   </trkpt>
   <trkpt lat="48.4252730" lon="7.3988240">
    <ele>725.9</ele>
    <time>2024-10-24T08:45:21Z</time>
   </trkpt>
   <trkpt lat="48.4252800" lon="7.3988330">
    <ele>726.0</ele>
    <time>2024-10-24T08:45:22Z</time>
   </trkpt>
   <trkpt lat="48.4252850" lon="7.3988430">
    <ele>726.1</ele>
    <time>2024-10-24T08:45:23Z</time>
   </trkpt>
   <trkpt lat="48.4252830" lon="7.3988560">
    <ele>726.1</ele>
    <time>2024-10-24T08:45:24Z</time>
   </trkpt>
   <trkpt lat="48.4252750" lon="7.3988650">
    <ele>726.2</ele>
    <time>2024-10-24T08:45:25Z</time>
   </trkpt>
   <trkpt lat="48.4252700" lon="7.3988680">
    <ele>726.2</ele>
    <time>2024-10-24T08:45:26Z</time>
   </trkpt>
   <trkpt lat="48.4252650" lon="7.3988690">
    <ele>726.3</ele>
    <time>2024-10-24T08:45:27Z</time>
   </trkpt>
   <trkpt lat="48.4252610" lon="7.3988620">
    <ele>726.3</ele>
    <time>2024-10-24T08:45:28Z</time>
   </trkpt>
   <trkpt lat="48.4252590" lon="7.3988540">
    <ele>726.3</ele>
    <time>2024-10-24T08:45:29Z</time>
   </trkpt>
   <trkpt lat="48.4252570" lon="7.3988490">
    <ele>726.4</ele>
    <time>2024-10-24T08:45:30Z</time>
   </trkpt>
   <trkpt lat="48.4252560" lon="7.3988460">
    <ele>726.4</ele>
    <time>2024-10-24T08:45:31Z</time>
   </trkpt>
   <trkpt lat="48.4252550" lon="7.3988450">
    <ele>726.4</ele>
    <time>2024-10-24T08:45:32Z</time>
   </trkpt>
   <trkpt lat="48.4252540" lon="7.3988430">
    <ele>726.4</ele>
    <time>2024-10-24T08:45:33Z</time>
   </trkpt>
   <trkpt lat="48.4252540" lon="7.3988440">
    <ele>726.4</ele>
    <time>2024-10-24T08:45:34Z</time>
   </trkpt>
   <trkpt lat="48.4252550" lon="7.3988510">
    <ele>726.4</ele>
    <time>2024-10-24T08:45:35Z</time>
   </trkpt>
   <trkpt lat="48.4252610" lon="7.3988750">
    <ele>726.5</ele>
    <time>2024-10-24T08:45:36Z</time>
   </trkpt>
   <trkpt lat="48.4252650" lon="7.3988920">
    <ele>726.6</ele>
    <time>2024-10-24T08:45:37Z</time>
   </trkpt>
   <trkpt lat="48.4252720" lon="7.3989120">
    <ele>726.7</ele>
    <time>2024-10-24T08:45:38Z</time>
   </trkpt>
   <trkpt lat="48.4252790" lon="7.3989230">
    <ele>726.8</ele>
    <time>2024-10-24T08:45:39Z</time>
   </trkpt>
   <trkpt lat="48.4252850" lon="7.3989290">
    <ele>726.8</ele>
    <time>2024-10-24T08:45:40Z</time>
   </trkpt>
   <trkpt lat="48.4252900" lon="7.3989360">
    <ele>726.9</ele>
    <time>2024-10-24T08:45:41Z</time>
   </trkpt>
   <trkpt lat="48.4252970" lon="7.3989430">
    <ele>726.9</ele>
    <time>2024-10-24T08:45:42Z</time>
   </trkpt>
   <trkpt lat="48.4253050" lon="7.3989510">
    <ele>727.0</ele>
    <time>2024-10-24T08:45:43Z</time>
   </trkpt>
   <trkpt lat="48.4253150" lon="7.3989600">
    <ele>727.0</ele>
    <time>2024-10-24T08:45:44Z</time>
   </trkpt>
   <trkpt lat="48.4253300" lon="7.3989670">
    <ele>727.1</ele>
    <time>2024-10-24T08:45:45Z</time>
   </trkpt>
   <trkpt lat="48.4253420" lon="7.3989720">
    <ele>727.2</ele>
    <time>2024-10-24T08:45:46Z</time>
   </trkpt>
   <trkpt lat="48.4253540" lon="7.3989780">
    <ele>727.3</ele>
    <time>2024-10-24T08:45:47Z</time>
   </trkpt>
   <trkpt lat="48.4253630" lon="7.3989850">
    <ele>727.4</ele>
    <time>2024-10-24T08:45:48Z</time>
   </trkpt>
   <trkpt lat="48.4253720" lon="7.3989910">
    <ele>727.4</ele>
    <time>2024-10-24T08:45:49Z</time>
   </trkpt>
   <trkpt lat="48.4253780" lon="7.3990000">
    <ele>727.5</ele>
    <time>2024-10-24T08:45:50Z</time>
   </trkpt>
   <trkpt lat="48.4253850" lon="7.3990080">
    <ele>727.5</ele>
    <time>2024-10-24T08:45:51Z</time>
   </trkpt>
   <trkpt lat="48.4253920" lon="7.3990160">
    <ele>727.6</ele>
    <time>2024-10-24T08:45:52Z</time>
   </trkpt>
   <trkpt lat="48.4254010" lon="7.3990220">
    <ele>727.6</ele>
    <time>2024-10-24T08:45:53Z</time>
   </trkpt>
   <trkpt lat="48.4254100" lon="7.3990280">
    <ele>727.7</ele>
    <time>2024-10-24T08:45:54Z</time>
   </trkpt>
   <trkpt lat="48.4254190" lon="7.3990340">
    <ele>727.7</ele>
    <time>2024-10-24T08:45:55Z</time>
   </trkpt>
   <trkpt lat="48.4254270" lon="7.3990410">
    <ele>727.8</ele>
    <time>2024-10-24T08:45:56Z</time>
   </trkpt>
   <trkpt lat="48.4254330" lon="7.3990500">
    <ele>727.8</ele>
    <time>2024-10-24T08:45:57Z</time>
   </trkpt>
   <trkpt lat="48.4254360" lon="7.3990630">
    <ele>727.9</ele>
    <time>2024-10-24T08:45:58Z</time>
   </trkpt>
   <trkpt lat="48.4254380" lon="7.3990790">
    <ele>727.9</ele>
    <time>2024-10-24T08:45:59Z</time>
   </trkpt>
   <trkpt lat="48.4254380" lon="7.3990920">
    <ele>728.0</ele>
    <time>2024-10-24T08:46:00Z</time>
   </trkpt>
   <trkpt lat="48.4254360" lon="7.3991040">
    <ele>728.0</ele>
    <time>2024-10-24T08:46:01Z</time>
   </trkpt>
   <trkpt lat="48.4254400" lon="7.3991140">
    <ele>728.1</ele>
    <time>2024-10-24T08:46:02Z</time>
   </trkpt>
   <trkpt lat="48.4254490" lon="7.3991170">
    <ele>728.1</ele>
    <time>2024-10-24T08:46:03Z</time>
   </trkpt>
   <trkpt lat="48.4254580" lon="7.3991160">
    <ele>728.2</ele>
    <time>2024-10-24T08:46:04Z</time>
   </trkpt>
   <trkpt lat="48.4254660" lon="7.3991150">
    <ele>728.2</ele>
    <time>2024-10-24T08:46:05Z</time>
   </trkpt>
   <trkpt lat="48.4254750" lon="7.3991150">
    <ele>728.2</ele>
    <time>2024-10-24T08:46:06Z</time>
   </trkpt>
   <trkpt lat="48.4254840" lon="7.3991190">
    <ele>728.3</ele>
    <time>2024-10-24T08:46:07Z</time>
   </trkpt>
   <trkpt lat="48.4254930" lon="7.3991260">
    <ele>728.4</ele>
    <time>2024-10-24T08:46:08Z</time>
   </trkpt>
   <trkpt lat="48.4255020" lon="7.3991320">
    <ele>728.4</ele>
    <time>2024-10-24T08:46:09Z</time>
   </trkpt>
   <trkpt lat="48.4255110" lon="7.3991370">
    <ele>728.5</ele>
    <time>2024-10-24T08:46:10Z</time>
   </trkpt>
   <trkpt lat="48.4255190" lon="7.3991440">
    <ele>728.5</ele>
    <time>2024-10-24T08:46:11Z</time>
   </trkpt>
   <trkpt lat="48.4255280" lon="7.3991510">
    <ele>728.6</ele>
    <time>2024-10-24T08:46:12Z</time>
   </trkpt>
   <trkpt lat="48.4255370" lon="7.3991560">
    <ele>728.6</ele>
    <time>2024-10-24T08:46:13Z</time>
   </trkpt>
   <trkpt lat="48.4255440" lon="7.3991630">
    <ele>728.6</ele>
    <time>2024-10-24T08:46:14Z</time>
   </trkpt>
   <trkpt lat="48.4255500" lon="7.3991700">
    <ele>728.7</ele>
    <time>2024-10-24T08:46:15Z</time>
   </trkpt>
   <trkpt lat="48.4255570" lon="7.3991780">
    <ele>728.7</ele>
    <time>2024-10-24T08:46:16Z</time>
   </trkpt>
   <trkpt lat="48.4255660" lon="7.3991850">
    <ele>728.8</ele>
    <time>2024-10-24T08:46:17Z</time>
   </trkpt>
   <trkpt lat="48.4255740" lon="7.3991900">
    <ele>728.8</ele>
    <time>2024-10-24T08:46:18Z</time>
   </trkpt>
   <trkpt lat="48.4255830" lon="7.3991940">
    <ele>728.9</ele>
    <time>2024-10-24T08:46:19Z</time>
   </trkpt>
   <trkpt lat="48.4255910" lon="7.3991960">
    <ele>728.9</ele>
    <time>2024-10-24T08:46:20Z</time>
   </trkpt>
   <trkpt lat="48.4255990" lon="7.3991990">
    <ele>728.9</ele>
    <time>2024-10-24T08:46:21Z</time>
   </trkpt>
   <trkpt lat="48.4256100" lon="7.3992030">
    <ele>729.0</ele>
    <time>2024-10-24T08:46:22Z</time>
   </trkpt>
   <trkpt lat="48.4256200" lon="7.3992110">
    <ele>729.1</ele>
    <time>2024-10-24T08:46:23Z</time>
   </trkpt>
   <trkpt lat="48.4256310" lon="7.3992160">
    <ele>729.1</ele>
    <time>2024-10-24T08:46:24Z</time>
   </trkpt>
   <trkpt lat="48.4256420" lon="7.3992220">
    <ele>729.2</ele>
    <time>2024-10-24T08:46:25Z</time>
   </trkpt>
   <trkpt lat="48.4256530" lon="7.3992290">
    <ele>729.2</ele>
    <time>2024-10-24T08:46:26Z</time>
   </trkpt>
   <trkpt lat="48.4256640" lon="7.3992300">
    <ele>729.3</ele>
    <time>2024-10-24T08:46:27Z</time>
   </trkpt>
   <trkpt lat="48.4256740" lon="7.3992310">
    <ele>729.3</ele>
    <time>2024-10-24T08:46:28Z</time>
   </trkpt>
   <trkpt lat="48.4256850" lon="7.3992350">
    <ele>729.4</ele>
    <time>2024-10-24T08:46:29Z</time>
   </trkpt>
   <trkpt lat="48.4256950" lon="7.3992410">
    <ele>729.4</ele>
    <time>2024-10-24T08:46:30Z</time>
   </trkpt>
   <trkpt lat="48.4257030" lon="7.3992480">
    <ele>729.5</ele>
    <time>2024-10-24T08:46:31Z</time>
   </trkpt>
   <trkpt lat="48.4257090" lon="7.3992600">
    <ele>729.5</ele>
    <time>2024-10-24T08:46:32Z</time>
   </trkpt>
   <trkpt lat="48.4257160" lon="7.3992680">
    <ele>729.6</ele>
    <time>2024-10-24T08:46:33Z</time>
   </trkpt>
   <trkpt lat="48.4257250" lon="7.3992730">
    <ele>729.6</ele>
    <time>2024-10-24T08:46:34Z</time>
   </trkpt>
   <trkpt lat="48.4257320" lon="7.3992780">
    <ele>729.7</ele>
    <time>2024-10-24T08:46:35Z</time>
   </trkpt>
   <trkpt lat="48.4257380" lon="7.3992850">
    <ele>729.7</ele>
    <time>2024-10-24T08:46:36Z</time>
   </trkpt>
   <trkpt lat="48.4257460" lon="7.3992930">
    <ele>729.7</ele>
    <time>2024-10-24T08:46:37Z</time>
   </trkpt>
   <trkpt lat="48.4257540" lon="7.3993030">
    <ele>729.8</ele>
    <time>2024-10-24T08:46:38Z</time>
   </trkpt>
   <trkpt lat="48.4257600" lon="7.3993130">
    <ele>729.8</ele>
    <time>2024-10-24T08:46:39Z</time>
   </trkpt>
   <trkpt lat="48.4257640" lon="7.3993210">
    <ele>729.9</ele>
    <time>2024-10-24T08:46:40Z</time>
   </trkpt>
   <trkpt lat="48.4257690" lon="7.3993170">
    <ele>729.9</ele>
    <time>2024-10-24T08:46:41Z</time>
   </trkpt>
   <trkpt lat="48.4257880" lon="7.3992910">
    <ele>729.9</ele>
    <time>2024-10-24T08:46:42Z</time>
   </trkpt>
   <trkpt lat="48.4258010" lon="7.3992820">
    <ele>729.9</ele>
    <time>2024-10-24T08:46:43Z</time>
   </trkpt>
   <trkpt lat="48.4258330" lon="7.3992530">
    <ele>729.9</ele>
    <time>2024-10-24T08:46:44Z</time>
   </trkpt>
   <trkpt lat="48.4258550" lon="7.3992370">
    <ele>730.0</ele>
    <time>2024-10-24T08:46:45Z</time>
   </trkpt>
   <trkpt lat="48.4258290" lon="7.3992740">
    <ele>730.0</ele>
    <time>2024-10-24T08:46:46Z</time>
   </trkpt>
   <trkpt lat="48.4258230" lon="7.3992920">
    <ele>729.9</ele>
    <time>2024-10-24T08:46:47Z</time>
   </trkpt>
   <trkpt lat="48.4258210" lon="7.3993080">
    <ele>729.9</ele>
    <time>2024-10-24T08:46:48Z</time>
   </trkpt>
   <trkpt lat="48.4258250" lon="7.3993170">
    <ele>729.9</ele>
    <time>2024-10-24T08:46:49Z</time>
   </trkpt>
   <trkpt lat="48.4258290" lon="7.3993250">
    <ele>729.9</ele>
    <time>2024-10-24T08:46:50Z</time>
   </trkpt>
   <trkpt lat="48.4258350" lon="7.3993330">
    <ele>729.9</ele>
    <time>2024-10-24T08:46:51Z</time>
   </trkpt>
   <trkpt lat="48.4258400" lon="7.3993410">
    <ele>729.9</ele>
    <time>2024-10-24T08:46:52Z</time>
   </trkpt>
   <trkpt lat="48.4258450" lon="7.3993470">
    <ele>729.9</ele>
    <time>2024-10-24T08:46:53Z</time>
   </trkpt>
   <trkpt lat="48.4258550" lon="7.3993500">
    <ele>729.9</ele>
    <time>2024-10-24T08:46:54Z</time>
   </trkpt>
   <trkpt lat="48.4258640" lon="7.3993520">
    <ele>729.8</ele>
    <time>2024-10-24T08:46:55Z</time>
   </trkpt>
   <trkpt lat="48.4258730" lon="7.3993550">
    <ele>729.8</ele>
    <time>2024-10-24T08:46:56Z</time>
   </trkpt>
   <trkpt lat="48.4258840" lon="7.3993510">
    <ele>729.8</ele>
    <time>2024-10-24T08:46:57Z</time>
   </trkpt>
   <trkpt lat="48.4258920" lon="7.3993530">
    <ele>729.8</ele>
    <time>2024-10-24T08:46:58Z</time>
   </trkpt>
   <trkpt lat="48.4259000" lon="7.3993540">
    <ele>729.7</ele>
    <time>2024-10-24T08:46:59Z</time>
   </trkpt>
   <trkpt lat="48.4259070" lon="7.3993570">
    <ele>729.7</ele>
    <time>2024-10-24T08:47:00Z</time>
   </trkpt>
   <trkpt lat="48.4259120" lon="7.3993590">
    <ele>729.7</ele>
    <time>2024-10-24T08:47:01Z</time>
   </trkpt>
   <trkpt lat="48.4259170" lon="7.3993610">
    <ele>729.7</ele>
    <time>2024-10-24T08:47:02Z</time>
   </trkpt>
   <trkpt lat="48.4259230" lon="7.3993650">
    <ele>729.7</ele>
    <time>2024-10-24T08:47:03Z</time>
   </trkpt>
   <trkpt lat="48.4259300" lon="7.3993710">
    <ele>729.6</ele>
    <time>2024-10-24T08:47:04Z</time>
   </trkpt>
   <trkpt lat="48.4259370" lon="7.3993770">
    <ele>729.6</ele>
    <time>2024-10-24T08:47:05Z</time>
   </trkpt>
   <trkpt lat="48.4259450" lon="7.3993820">
    <ele>729.6</ele>
    <time>2024-10-24T08:47:06Z</time>
   </trkpt>
   <trkpt lat="48.4259540" lon="7.3993840">
    <ele>729.5</ele>
    <time>2024-10-24T08:47:07Z</time>
   </trkpt>
   <trkpt lat="48.4259630" lon="7.3993890">
    <ele>729.5</ele>
    <time>2024-10-24T08:47:08Z</time>
   </trkpt>
   <trkpt lat="48.4259730" lon="7.3993940">
    <ele>729.5</ele>
    <time>2024-10-24T08:47:09Z</time>
   </trkpt>
   <trkpt lat="48.4259820" lon="7.3993980">
    <ele>729.4</ele>
    <time>2024-10-24T08:47:10Z</time>
   </trkpt>
   <trkpt lat="48.4259930" lon="7.3994040">
    <ele>729.4</ele>
    <time>2024-10-24T08:47:11Z</time>
   </trkpt>
   <trkpt lat="48.4260010" lon="7.3994120">
    <ele>729.4</ele>
    <time>2024-10-24T08:47:12Z</time>
   </trkpt>
   <trkpt lat="48.4260100" lon="7.3994220">
    <ele>729.3</ele>
    <time>2024-10-24T08:47:13Z</time>
   </trkpt>
   <trkpt lat="48.4260180" lon="7.3994320">
    <ele>729.3</ele>
    <time>2024-10-24T08:47:14Z</time>
   </trkpt>
   <trkpt lat="48.4260250" lon="7.3994380">
    <ele>729.2</ele>
    <time>2024-10-24T08:47:15Z</time>
   </trkpt>
   <trkpt lat="48.4260360" lon="7.3994440">
    <ele>729.2</ele>
    <time>2024-10-24T08:47:16Z</time>
   </trkpt>
   <trkpt lat="48.4260440" lon="7.3994510">
    <ele>729.1</ele>
    <time>2024-10-24T08:47:17Z</time>
   </trkpt>
   <trkpt lat="48.4260520" lon="7.3994580">
    <ele>729.1</ele>
    <time>2024-10-24T08:47:18Z</time>
   </trkpt>
   <trkpt lat="48.4260610" lon="7.3994660">
    <ele>729.1</ele>
    <time>2024-10-24T08:47:19Z</time>
   </trkpt>
   <trkpt lat="48.4260700" lon="7.3994710">
    <ele>729.0</ele>
    <time>2024-10-24T08:47:20Z</time>
   </trkpt>
   <trkpt lat="48.4260800" lon="7.3994740">
    <ele>729.0</ele>
    <time>2024-10-24T08:47:21Z</time>
   </trkpt>
   <trkpt lat="48.4260900" lon="7.3994790">
    <ele>728.9</ele>
    <time>2024-10-24T08:47:22Z</time>
   </trkpt>
   <trkpt lat="48.4260990" lon="7.3994800">
    <ele>728.9</ele>
    <time>2024-10-24T08:47:23Z</time>
   </trkpt>
   <trkpt lat="48.4261090" lon="7.3994820">
    <ele>728.9</ele>
    <time>2024-10-24T08:47:24Z</time>
   </trkpt>
   <trkpt lat="48.4261170" lon="7.3994880">
    <ele>728.8</ele>
    <time>2024-10-24T08:47:25Z</time>
   </trkpt>
   <trkpt lat="48.4261240" lon="7.3994950">
    <ele>728.8</ele>
    <time>2024-10-24T08:47:26Z</time>
   </trkpt>
   <trkpt lat="48.4261310" lon="7.3995010">
    <ele>728.8</ele>
    <time>2024-10-24T08:47:27Z</time>
   </trkpt>
   <trkpt lat="48.4261400" lon="7.3995080">
    <ele>728.7</ele>
    <time>2024-10-24T08:47:28Z</time>
   </trkpt>
   <trkpt lat="48.4261450" lon="7.3995170">
    <ele>728.7</ele>
    <time>2024-10-24T08:47:29Z</time>
   </trkpt>
   <trkpt lat="48.4261530" lon="7.3995220">
    <ele>728.6</ele>
    <time>2024-10-24T08:47:30Z</time>
   </trkpt>
   <trkpt lat="48.4261610" lon="7.3995280">
    <ele>728.6</ele>
    <time>2024-10-24T08:47:31Z</time>
   </trkpt>
   <trkpt lat="48.4261680" lon="7.3995370">
    <ele>728.6</ele>
    <time>2024-10-24T08:47:32Z</time>
   </trkpt>
   <trkpt lat="48.4261750" lon="7.3995460">
    <ele>728.5</ele>
    <time>2024-10-24T08:47:33Z</time>
   </trkpt>
   <trkpt lat="48.4261830" lon="7.3995520">
    <ele>728.5</ele>
    <time>2024-10-24T08:47:34Z</time>
   </trkpt>
   <trkpt lat="48.4261900" lon="7.3995590">
    <ele>728.5</ele>
    <time>2024-10-24T08:47:35Z</time>
   </trkpt>
   <trkpt lat="48.4261980" lon="7.3995670">
    <ele>728.4</ele>
    <time>2024-10-24T08:47:36Z</time>
   </trkpt>
   <trkpt lat="48.4262050" lon="7.3995730">
    <ele>728.4</ele>
    <time>2024-10-24T08:47:37Z</time>
   </trkpt>
   <trkpt lat="48.4262120" lon="7.3995830">
    <ele>728.4</ele>
    <time>2024-10-24T08:47:38Z</time>
   </trkpt>
   <trkpt lat="48.4262190" lon="7.3995910">
    <ele>728.4</ele>
    <time>2024-10-24T08:47:39Z</time>
   </trkpt>
   <trkpt lat="48.4262270" lon="7.3995980">
    <ele>728.3</ele>
    <time>2024-10-24T08:47:40Z</time>
   </trkpt>
   <trkpt lat="48.4262360" lon="7.3996030">
    <ele>728.3</ele>
    <time>2024-10-24T08:47:41Z</time>
   </trkpt>
   <trkpt lat="48.4262450" lon="7.3996100">
    <ele>728.3</ele>
    <time>2024-10-24T08:47:42Z</time>
   </trkpt>
   <trkpt lat="48.4262540" lon="7.3996170">
    <ele>728.2</ele>
    <time>2024-10-24T08:47:43Z</time>
   </trkpt>
   <trkpt lat="48.4262640" lon="7.3996220">
    <ele>728.2</ele>
    <time>2024-10-24T08:47:44Z</time>
   </trkpt>
   <trkpt lat="48.4262730" lon="7.3996260">
    <ele>728.2</ele>
    <time>2024-10-24T08:47:45Z</time>
   </trkpt>
   <trkpt lat="48.4262820" lon="7.3996310">
    <ele>728.1</ele>
    <time>2024-10-24T08:47:46Z</time>
   </trkpt>
   <trkpt lat="48.4262910" lon="7.3996340">
    <ele>728.1</ele>
    <time>2024-10-24T08:47:47Z</time>
   </trkpt>
   <trkpt lat="48.4262990" lon="7.3996370">
    <ele>728.1</ele>
    <time>2024-10-24T08:47:48Z</time>
   </trkpt>
   <trkpt lat="48.4263060" lon="7.3996440">
    <ele>728.1</ele>
    <time>2024-10-24T08:47:49Z</time>
   </trkpt>
   <trkpt lat="48.4263110" lon="7.3996520">
    <ele>728.1</ele>
    <time>2024-10-24T08:47:50Z</time>
   </trkpt>
   <trkpt lat="48.4263180" lon="7.3996610">
    <ele>728.0</ele>
    <time>2024-10-24T08:47:51Z</time>
   </trkpt>
   <trkpt lat="48.4263240" lon="7.3996740">
    <ele>728.0</ele>
    <time>2024-10-24T08:47:52Z</time>
   </trkpt>
   <trkpt lat="48.4263300" lon="7.3996840">
    <ele>728.0</ele>
    <time>2024-10-24T08:47:53Z</time>
   </trkpt>
   <trkpt lat="48.4263370" lon="7.3996930">
    <ele>728.0</ele>
    <time>2024-10-24T08:47:54Z</time>
   </trkpt>
   <trkpt lat="48.4263430" lon="7.3997010">
    <ele>728.0</ele>
    <time>2024-10-24T08:47:55Z</time>
   </trkpt>
   <trkpt lat="48.4263510" lon="7.3997110">
    <ele>728.0</ele>
    <time>2024-10-24T08:47:56Z</time>
   </trkpt>
   <trkpt lat="48.4263590" lon="7.3997210">
    <ele>727.9</ele>
    <time>2024-10-24T08:47:57Z</time>
   </trkpt>
   <trkpt lat="48.4263650" lon="7.3997280">
    <ele>727.9</ele>
    <time>2024-10-24T08:47:58Z</time>
   </trkpt>
   <trkpt lat="48.4263720" lon="7.3997360">
    <ele>727.9</ele>
    <time>2024-10-24T08:47:59Z</time>
   </trkpt>
   <trkpt lat="48.4263790" lon="7.3997450">
    <ele>727.9</ele>
    <time>2024-10-24T08:48:00Z</time>
   </trkpt>
   <trkpt lat="48.4263850" lon="7.3997530">
    <ele>727.9</ele>
    <time>2024-10-24T08:48:01Z</time>
   </trkpt>
   <trkpt lat="48.4263890" lon="7.3997630">
    <ele>727.9</ele>
    <time>2024-10-24T08:48:02Z</time>
   </trkpt>
   <trkpt lat="48.4263960" lon="7.3997700">
    <ele>727.9</ele>
    <time>2024-10-24T08:48:03Z</time>
   </trkpt>
   <trkpt lat="48.4264050" lon="7.3997770">
    <ele>727.9</ele>
    <time>2024-10-24T08:48:04Z</time>
   </trkpt>
   <trkpt lat="48.4264140" lon="7.3997840">
    <ele>727.9</ele>
    <time>2024-10-24T08:48:05Z</time>
   </trkpt>
   <trkpt lat="48.4264240" lon="7.3997890">
    <ele>727.9</ele>
    <time>2024-10-24T08:48:06Z</time>
   </trkpt>
   <trkpt lat="48.4264330" lon="7.3997960">
    <ele>727.9</ele>
    <time>2024-10-24T08:48:07Z</time>
   </trkpt>
   <trkpt lat="48.4264410" lon="7.3998030">
    <ele>727.9</ele>
    <time>2024-10-24T08:48:08Z</time>
   </trkpt>
   <trkpt lat="48.4264480" lon="7.3998120">
    <ele>727.9</ele>
    <time>2024-10-24T08:48:09Z</time>
   </trkpt>
   <trkpt lat="48.4264560" lon="7.3998210">
    <ele>727.9</ele>
    <time>2024-10-24T08:48:10Z</time>
   </trkpt>
   <trkpt lat="48.4264650" lon="7.3998280">
    <ele>727.9</ele>
    <time>2024-10-24T08:48:11Z</time>
   </trkpt>
   <trkpt lat="48.4264760" lon="7.3998360">
    <ele>727.9</ele>
    <time>2024-10-24T08:48:12Z</time>
   </trkpt>
   <trkpt lat="48.4264850" lon="7.3998400">
    <ele>727.9</ele>
    <time>2024-10-24T08:48:13Z</time>
   </trkpt>
   <trkpt lat="48.4264940" lon="7.3998480">
    <ele>727.9</ele>
    <time>2024-10-24T08:48:14Z</time>
   </trkpt>
   <trkpt lat="48.4265030" lon="7.3998560">
    <ele>727.9</ele>
    <time>2024-10-24T08:48:15Z</time>
   </trkpt>
   <trkpt lat="48.4265120" lon="7.3998650">
    <ele>727.9</ele>
    <time>2024-10-24T08:48:16Z</time>
   </trkpt>
   <trkpt lat="48.4265210" lon="7.3998740">
    <ele>727.9</ele>
    <time>2024-10-24T08:48:17Z</time>
   </trkpt>
   <trkpt lat="48.4265300" lon="7.3998820">
    <ele>727.9</ele>
    <time>2024-10-24T08:48:18Z</time>
   </trkpt>
   <trkpt lat="48.4265380" lon="7.3998890">
    <ele>727.9</ele>
    <time>2024-10-24T08:48:19Z</time>
   </trkpt>
   <trkpt lat="48.4265470" lon="7.3998980">
    <ele>727.9</ele>
    <time>2024-10-24T08:48:20Z</time>
   </trkpt>
   <trkpt lat="48.4265560" lon="7.3999060">
    <ele>727.9</ele>
    <time>2024-10-24T08:48:21Z</time>
   </trkpt>
   <trkpt lat="48.4265640" lon="7.3999160">
    <ele>727.9</ele>
    <time>2024-10-24T08:48:22Z</time>
   </trkpt>
   <trkpt lat="48.4265700" lon="7.3999260">
    <ele>727.9</ele>
    <time>2024-10-24T08:48:23Z</time>
   </trkpt>
   <trkpt lat="48.4265770" lon="7.3999340">
    <ele>727.9</ele>
    <time>2024-10-24T08:48:24Z</time>
   </trkpt>
   <trkpt lat="48.4265840" lon="7.3999410">
    <ele>727.9</ele>
    <time>2024-10-24T08:48:25Z</time>
   </trkpt>
   <trkpt lat="48.4265920" lon="7.3999490">
    <ele>727.9</ele>
    <time>2024-10-24T08:48:26Z</time>
   </trkpt>
   <trkpt lat="48.4265990" lon="7.3999570">
    <ele>727.9</ele>
    <time>2024-10-24T08:48:27Z</time>
   </trkpt>
   <trkpt lat="48.4266080" lon="7.3999650">
    <ele>727.9</ele>
    <time>2024-10-24T08:48:28Z</time>
   </trkpt>
   <trkpt lat="48.4266170" lon="7.3999730">
    <ele>727.9</ele>
    <time>2024-10-24T08:48:29Z</time>
   </trkpt>
   <trkpt lat="48.4266260" lon="7.3999820">
    <ele>728.0</ele>
    <time>2024-10-24T08:48:30Z</time>
   </trkpt>
   <trkpt lat="48.4266360" lon="7.3999890">
    <ele>728.0</ele>
    <time>2024-10-24T08:48:31Z</time>
   </trkpt>
   <trkpt lat="48.4266450" lon="7.3999970">
    <ele>728.0</ele>
    <time>2024-10-24T08:48:32Z</time>
   </trkpt>
   <trkpt lat="48.4266540" lon="7.4000060">
    <ele>728.0</ele>
    <time>2024-10-24T08:48:33Z</time>
   </trkpt>
   <trkpt lat="48.4266600" lon="7.4000170">
    <ele>728.0</ele>
    <time>2024-10-24T08:48:34Z</time>
   </trkpt>
   <trkpt lat="48.4266630" lon="7.4000290">
    <ele>728.0</ele>
    <time>2024-10-24T08:48:35Z</time>
   </trkpt>
   <trkpt lat="48.4266710" lon="7.4000350">
    <ele>728.0</ele>
    <time>2024-10-24T08:48:36Z</time>
   </trkpt>
   <trkpt lat="48.4266810" lon="7.4000320">
    <ele>728.0</ele>
    <time>2024-10-24T08:48:37Z</time>
   </trkpt>
   <trkpt lat="48.4266890" lon="7.4000310">
    <ele>728.0</ele>
    <time>2024-10-24T08:48:38Z</time>
   </trkpt>
   <trkpt lat="48.4266970" lon="7.4000330">
    <ele>728.1</ele>
    <time>2024-10-24T08:48:39Z</time>
   </trkpt>
   <trkpt lat="48.4267110" lon="7.4000510">
    <ele>728.1</ele>
    <time>2024-10-24T08:48:40Z</time>
   </trkpt>
   <trkpt lat="48.4267180" lon="7.4000580">
    <ele>728.1</ele>
    <time>2024-10-24T08:48:41Z</time>
   </trkpt>
   <trkpt lat="48.4267350" lon="7.4000800">
    <ele>728.1</ele>
    <time>2024-10-24T08:48:42Z</time>
   </trkpt>
   <trkpt lat="48.4267420" lon="7.4000900">
    <ele>728.1</ele>
    <time>2024-10-24T08:48:43Z</time>
   </trkpt>
   <trkpt lat="48.4267490" lon="7.4001000">
    <ele>728.1</ele>
    <time>2024-10-24T08:48:44Z</time>
   </trkpt>
   <trkpt lat="48.4267540" lon="7.4001120">
    <ele>728.1</ele>
    <time>2024-10-24T08:48:45Z</time>
   </trkpt>
   <trkpt lat="48.4267620" lon="7.4001280">
    <ele>728.2</ele>
    <time>2024-10-24T08:48:46Z</time>
   </trkpt>
   <trkpt lat="48.4267700" lon="7.4001420">
    <ele>728.2</ele>
    <time>2024-10-24T08:48:47Z</time>
   </trkpt>
   <trkpt lat="48.4267780" lon="7.4001510">
    <ele>728.2</ele>
    <time>2024-10-24T08:48:48Z</time>
   </trkpt>
   <trkpt lat="48.4267840" lon="7.4001600">
    <ele>728.2</ele>
    <time>2024-10-24T08:48:49Z</time>
   </trkpt>
   <trkpt lat="48.4267950" lon="7.4001780">
    <ele>728.2</ele>
    <time>2024-10-24T08:48:50Z</time>
   </trkpt>
   <trkpt lat="48.4268010" lon="7.4001900">
    <ele>728.2</ele>
    <time>2024-10-24T08:48:51Z</time>
   </trkpt>
   <trkpt lat="48.4268080" lon="7.4001980">
    <ele>728.2</ele>
    <time>2024-10-24T08:48:52Z</time>
   </trkpt>
   <trkpt lat="48.4268180" lon="7.4002020">
    <ele>728.3</ele>
    <time>2024-10-24T08:48:53Z</time>
   </trkpt>
   <trkpt lat="48.4268210" lon="7.4002030">
    <ele>728.3</ele>
    <time>2024-10-24T08:48:54Z</time>
   </trkpt>
   <trkpt lat="48.4268380" lon="7.4002070">
    <ele>728.3</ele>
    <time>2024-10-24T08:48:55Z</time>
   </trkpt>
   <trkpt lat="48.4268480" lon="7.4002090">
    <ele>728.3</ele>
    <time>2024-10-24T08:48:56Z</time>
   </trkpt>
   <trkpt lat="48.4268580" lon="7.4002110">
    <ele>728.3</ele>
    <time>2024-10-24T08:48:57Z</time>
   </trkpt>
   <trkpt lat="48.4268690" lon="7.4002120">
    <ele>728.3</ele>
    <time>2024-10-24T08:48:58Z</time>
   </trkpt>
   <trkpt lat="48.4268840" lon="7.4002140">
    <ele>728.4</ele>
    <time>2024-10-24T08:48:59Z</time>
   </trkpt>
   <trkpt lat="48.4268910" lon="7.4002140">
    <ele>728.4</ele>
    <time>2024-10-24T08:49:00Z</time>
   </trkpt>
   <trkpt lat="48.4269020" lon="7.4002160">
    <ele>728.4</ele>
    <time>2024-10-24T08:49:01Z</time>
   </trkpt>
   <trkpt lat="48.4269210" lon="7.4002210">
    <ele>728.4</ele>
    <time>2024-10-24T08:49:03Z</time>
   </trkpt>
   <trkpt lat="48.4269310" lon="7.4002230">
    <ele>728.4</ele>
    <time>2024-10-24T08:49:04Z</time>
   </trkpt>
   <trkpt lat="48.4269410" lon="7.4002250">
    <ele>728.5</ele>
    <time>2024-10-24T08:49:05Z</time>
   </trkpt>
   <trkpt lat="48.4269490" lon="7.4002260">
    <ele>728.5</ele>
    <time>2024-10-24T08:49:06Z</time>
   </trkpt>
   <trkpt lat="48.4269570" lon="7.4002280">
    <ele>728.5</ele>
    <time>2024-10-24T08:49:07Z</time>
   </trkpt>
   <trkpt lat="48.4269650" lon="7.4002310">
    <ele>728.5</ele>
    <time>2024-10-24T08:49:08Z</time>
   </trkpt>
   <trkpt lat="48.4269730" lon="7.4002340">
    <ele>728.5</ele>
    <time>2024-10-24T08:49:09Z</time>
   </trkpt>
   <trkpt lat="48.4269830" lon="7.4002390">
    <ele>728.5</ele>
    <time>2024-10-24T08:49:10Z</time>
   </trkpt>
   <trkpt lat="48.4269910" lon="7.4002420">
    <ele>728.5</ele>
    <time>2024-10-24T08:49:11Z</time>
   </trkpt>
   <trkpt lat="48.4270000" lon="7.4002440">
    <ele>728.5</ele>
    <time>2024-10-24T08:49:12Z</time>
   </trkpt>
   <trkpt lat="48.4270090" lon="7.4002450">
    <ele>728.6</ele>
    <time>2024-10-24T08:49:13Z</time>
   </trkpt>
   <trkpt lat="48.4270180" lon="7.4002440">
    <ele>728.6</ele>
    <time>2024-10-24T08:49:14Z</time>
   </trkpt>
   <trkpt lat="48.4270290" lon="7.4002410">
    <ele>728.6</ele>
    <time>2024-10-24T08:49:15Z</time>
   </trkpt>
   <trkpt lat="48.4270390" lon="7.4002370">
    <ele>728.6</ele>
    <time>2024-10-24T08:49:16Z</time>
   </trkpt>
   <trkpt lat="48.4270480" lon="7.4002390">
    <ele>728.6</ele>
    <time>2024-10-24T08:49:17Z</time>
   </trkpt>
   <trkpt lat="48.4270590" lon="7.4002430">
    <ele>728.6</ele>
    <time>2024-10-24T08:49:18Z</time>
   </trkpt>
   <trkpt lat="48.4270680" lon="7.4002460">
    <ele>728.7</ele>
    <time>2024-10-24T08:49:19Z</time>
   </trkpt>
   <trkpt lat="48.4270770" lon="7.4002470">
    <ele>728.7</ele>
    <time>2024-10-24T08:49:20Z</time>
   </trkpt>
   <trkpt lat="48.4270850" lon="7.4002500">
    <ele>728.7</ele>
    <time>2024-10-24T08:49:21Z</time>
   </trkpt>
   <trkpt lat="48.4270930" lon="7.4002490">
    <ele>728.7</ele>
    <time>2024-10-24T08:49:22Z</time>
   </trkpt>
   <trkpt lat="48.4271020" lon="7.4002500">
    <ele>728.7</ele>
    <time>2024-10-24T08:49:23Z</time>
   </trkpt>
   <trkpt lat="48.4271080" lon="7.4002560">
    <ele>728.7</ele>
    <time>2024-10-24T08:49:24Z</time>
   </trkpt>
   <trkpt lat="48.4271080" lon="7.4002640">
    <ele>728.7</ele>
    <time>2024-10-24T08:49:25Z</time>
   </trkpt>
   <trkpt lat="48.4271050" lon="7.4002710">
    <ele>728.8</ele>
    <time>2024-10-24T08:49:26Z</time>
   </trkpt>
   <trkpt lat="48.4271020" lon="7.4002780">
    <ele>728.8</ele>
    <time>2024-10-24T08:49:27Z</time>
   </trkpt>
   <trkpt lat="48.4271020" lon="7.4002830">
    <ele>728.8</ele>
    <time>2024-10-24T08:49:28Z</time>
   </trkpt>
   <trkpt lat="48.4270990" lon="7.4002880">
    <ele>728.8</ele>
    <time>2024-10-24T08:49:29Z</time>
   </trkpt>
   <trkpt lat="48.4270920" lon="7.4002980">
    <ele>728.8</ele>
    <time>2024-10-24T08:49:30Z</time>
   </trkpt>
   <trkpt lat="48.4270840" lon="7.4003070">
    <ele>728.8</ele>
    <time>2024-10-24T08:49:31Z</time>
   </trkpt>
   <trkpt lat="48.4270790" lon="7.4003180">
    <ele>728.8</ele>
    <time>2024-10-24T08:49:32Z</time>
   </trkpt>
   <trkpt lat="48.4270870" lon="7.4003400">
    <ele>728.9</ele>
    <time>2024-10-24T08:49:33Z</time>
   </trkpt>
   <trkpt lat="48.4270960" lon="7.4003480">
    <ele>728.9</ele>
    <time>2024-10-24T08:49:34Z</time>
   </trkpt>
   <trkpt lat="48.4271050" lon="7.4003560">
    <ele>728.9</ele>
    <time>2024-10-24T08:49:35Z</time>
   </trkpt>
   <trkpt lat="48.4271210" lon="7.4003640">
    <ele>728.9</ele>
    <time>2024-10-24T08:49:36Z</time>
   </trkpt>
   <trkpt lat="48.4271360" lon="7.4003720">
    <ele>729.0</ele>
    <time>2024-10-24T08:49:37Z</time>
   </trkpt>
   <trkpt lat="48.4271510" lon="7.4003750">
    <ele>729.0</ele>
    <time>2024-10-24T08:49:38Z</time>
   </trkpt>
   <trkpt lat="48.4271670" lon="7.4003690">
    <ele>729.0</ele>
    <time>2024-10-24T08:49:39Z</time>
   </trkpt>
   <trkpt lat="48.4271840" lon="7.4003640">
    <ele>729.1</ele>
    <time>2024-10-24T08:49:40Z</time>
   </trkpt>
   <trkpt lat="48.4271950" lon="7.4003590">
    <ele>729.1</ele>
    <time>2024-10-24T08:49:41Z</time>
   </trkpt>
   <trkpt lat="48.4272120" lon="7.4003560">
    <ele>729.1</ele>
    <time>2024-10-24T08:49:42Z</time>
   </trkpt>
   <trkpt lat="48.4272190" lon="7.4003550">
    <ele>729.2</ele>
    <time>2024-10-24T08:49:43Z</time>
   </trkpt>
   <trkpt lat="48.4272260" lon="7.4003550">
    <ele>729.2</ele>
    <time>2024-10-24T08:49:44Z</time>
   </trkpt>
   <trkpt lat="48.4272330" lon="7.4003550">
    <ele>729.2</ele>
    <time>2024-10-24T08:49:45Z</time>
   </trkpt>
   <trkpt lat="48.4272410" lon="7.4003570">
    <ele>729.2</ele>
    <time>2024-10-24T08:49:46Z</time>
   </trkpt>
   <trkpt lat="48.4272530" lon="7.4003540">
    <ele>729.2</ele>
    <time>2024-10-24T08:49:47Z</time>
   </trkpt>
   <trkpt lat="48.4272640" lon="7.4003540">
    <ele>729.2</ele>
    <time>2024-10-24T08:49:48Z</time>
   </trkpt>
   <trkpt lat="48.4272850" lon="7.4003500">
    <ele>729.3</ele>
    <time>2024-10-24T08:49:49Z</time>
   </trkpt>
   <trkpt lat="48.4272930" lon="7.4003490">
    <ele>729.3</ele>
    <time>2024-10-24T08:49:50Z</time>
   </trkpt>
   <trkpt lat="48.4273020" lon="7.4003470">
    <ele>729.3</ele>
    <time>2024-10-24T08:49:51Z</time>
   </trkpt>
   <trkpt lat="48.4273160" lon="7.4003410">
    <ele>729.4</ele>
    <time>2024-10-24T08:49:52Z</time>
   </trkpt>
   <trkpt lat="48.4273300" lon="7.4003340">
    <ele>729.4</ele>
    <time>2024-10-24T08:49:53Z</time>
   </trkpt>
   <trkpt lat="48.4273560" lon="7.4003190">
    <ele>729.5</ele>
    <time>2024-10-24T08:49:54Z</time>
   </trkpt>
   <trkpt lat="48.4273640" lon="7.4003150">
    <ele>729.5</ele>
    <time>2024-10-24T08:49:55Z</time>
   </trkpt>
   <trkpt lat="48.4273760" lon="7.4003040">
    <ele>729.5</ele>
    <time>2024-10-24T08:49:56Z</time>
   </trkpt>
   <trkpt lat="48.4273890" lon="7.4002960">
    <ele>729.6</ele>
    <time>2024-10-24T08:49:57Z</time>
   </trkpt>
   <trkpt lat="48.4274100" lon="7.4002870">
    <ele>729.7</ele>
    <time>2024-10-24T08:49:58Z</time>
   </trkpt>
   <trkpt lat="48.4274190" lon="7.4002840">
    <ele>729.7</ele>
    <time>2024-10-24T08:49:59Z</time>
   </trkpt>
   <trkpt lat="48.4274290" lon="7.4002800">
    <ele>729.7</ele>
    <time>2024-10-24T08:50:00Z</time>
   </trkpt>
   <trkpt lat="48.4274390" lon="7.4002790">
    <ele>729.8</ele>
    <time>2024-10-24T08:50:01Z</time>
   </trkpt>
   <trkpt lat="48.4274500" lon="7.4002790">
    <ele>729.8</ele>
    <time>2024-10-24T08:50:02Z</time>
   </trkpt>
   <trkpt lat="48.4274620" lon="7.4002790">
    <ele>729.8</ele>
    <time>2024-10-24T08:50:03Z</time>
   </trkpt>
   <trkpt lat="48.4274730" lon="7.4002780">
    <ele>729.9</ele>
    <time>2024-10-24T08:50:04Z</time>
   </trkpt>
   <trkpt lat="48.4274860" lon="7.4002740">
    <ele>730.0</ele>
    <time>2024-10-24T08:50:05Z</time>
   </trkpt>
   <trkpt lat="48.4274960" lon="7.4002690">
    <ele>730.0</ele>
    <time>2024-10-24T08:50:06Z</time>
   </trkpt>
   <trkpt lat="48.4275060" lon="7.4002670">
    <ele>730.1</ele>
    <time>2024-10-24T08:50:07Z</time>
   </trkpt>
   <trkpt lat="48.4275160" lon="7.4002660">
    <ele>730.1</ele>
    <time>2024-10-24T08:50:08Z</time>
   </trkpt>
   <trkpt lat="48.4275240" lon="7.4002640">
    <ele>730.2</ele>
    <time>2024-10-24T08:50:09Z</time>
   </trkpt>
   <trkpt lat="48.4275340" lon="7.4002610">
    <ele>730.2</ele>
    <time>2024-10-24T08:50:10Z</time>
   </trkpt>
   <trkpt lat="48.4275450" lon="7.4002560">
    <ele>730.3</ele>
    <time>2024-10-24T08:50:11Z</time>
   </trkpt>
   <trkpt lat="48.4275540" lon="7.4002510">
    <ele>730.3</ele>
    <time>2024-10-24T08:50:12Z</time>
   </trkpt>
   <trkpt lat="48.4275750" lon="7.4002390">
    <ele>730.4</ele>
    <time>2024-10-24T08:50:13Z</time>
   </trkpt>
   <trkpt lat="48.4275820" lon="7.4002340">
    <ele>730.5</ele>
    <time>2024-10-24T08:50:14Z</time>
   </trkpt>
   <trkpt lat="48.4275890" lon="7.4002300">
    <ele>730.5</ele>
    <time>2024-10-24T08:50:15Z</time>
   </trkpt>
   <trkpt lat="48.4275980" lon="7.4002240">
    <ele>730.6</ele>
    <time>2024-10-24T08:50:16Z</time>
   </trkpt>
   <trkpt lat="48.4276070" lon="7.4002160">
    <ele>730.6</ele>
    <time>2024-10-24T08:50:17Z</time>
   </trkpt>
   <trkpt lat="48.4276160" lon="7.4002090">
    <ele>730.7</ele>
    <time>2024-10-24T08:50:18Z</time>
   </trkpt>
   <trkpt lat="48.4276230" lon="7.4002000">
    <ele>730.8</ele>
    <time>2024-10-24T08:50:19Z</time>
   </trkpt>
   <trkpt lat="48.4276320" lon="7.4001930">
    <ele>730.8</ele>
    <time>2024-10-24T08:50:20Z</time>
   </trkpt>
   <trkpt lat="48.4276400" lon="7.4001870">
    <ele>730.9</ele>
    <time>2024-10-24T08:50:21Z</time>
   </trkpt>
   <trkpt lat="48.4276490" lon="7.4001800">
    <ele>730.9</ele>
    <time>2024-10-24T08:50:22Z</time>
   </trkpt>
   <trkpt lat="48.4276580" lon="7.4001720">
    <ele>731.0</ele>
    <time>2024-10-24T08:50:23Z</time>
   </trkpt>
   <trkpt lat="48.4276680" lon="7.4001670">
    <ele>731.1</ele>
    <time>2024-10-24T08:50:24Z</time>
   </trkpt>
   <trkpt lat="48.4276770" lon="7.4001610">
    <ele>731.1</ele>
    <time>2024-10-24T08:50:25Z</time>
   </trkpt>
   <trkpt lat="48.4276840" lon="7.4001550">
    <ele>731.2</ele>
    <time>2024-10-24T08:50:26Z</time>
   </trkpt>
   <trkpt lat="48.4276900" lon="7.4001470">
    <ele>731.2</ele>
    <time>2024-10-24T08:50:27Z</time>
   </trkpt>
   <trkpt lat="48.4276980" lon="7.4001400">
    <ele>731.3</ele>
    <time>2024-10-24T08:50:28Z</time>
   </trkpt>
   <trkpt lat="48.4277050" lon="7.4001310">
    <ele>731.3</ele>
    <time>2024-10-24T08:50:29Z</time>
   </trkpt>
   <trkpt lat="48.4277110" lon="7.4001180">
    <ele>731.4</ele>
    <time>2024-10-24T08:50:30Z</time>
   </trkpt>
   <trkpt lat="48.4277160" lon="7.4001080">
    <ele>731.5</ele>
    <time>2024-10-24T08:50:31Z</time>
   </trkpt>
   <trkpt lat="48.4277230" lon="7.4000970">
    <ele>731.5</ele>
    <time>2024-10-24T08:50:32Z</time>
   </trkpt>
   <trkpt lat="48.4277290" lon="7.4000870">
    <ele>731.6</ele>
    <time>2024-10-24T08:50:33Z</time>
   </trkpt>
   <trkpt lat="48.4277360" lon="7.4000750">
    <ele>731.6</ele>
    <time>2024-10-24T08:50:34Z</time>
   </trkpt>
   <trkpt lat="48.4277430" lon="7.4000630">
    <ele>731.7</ele>
    <time>2024-10-24T08:50:35Z</time>
   </trkpt>
   <trkpt lat="48.4277500" lon="7.4000510">
    <ele>731.8</ele>
    <time>2024-10-24T08:50:36Z</time>
   </trkpt>
   <trkpt lat="48.4277570" lon="7.4000400">
    <ele>731.8</ele>
    <time>2024-10-24T08:50:37Z</time>
   </trkpt>
   <trkpt lat="48.4277650" lon="7.4000290">
    <ele>731.9</ele>
    <time>2024-10-24T08:50:38Z</time>
   </trkpt>
   <trkpt lat="48.4277730" lon="7.4000180">
    <ele>732.0</ele>
    <time>2024-10-24T08:50:39Z</time>
   </trkpt>
   <trkpt lat="48.4277820" lon="7.4000040">
    <ele>732.1</ele>
    <time>2024-10-24T08:50:40Z</time>
   </trkpt>
   <trkpt lat="48.4277870" lon="7.3999930">
    <ele>732.1</ele>
    <time>2024-10-24T08:50:41Z</time>
   </trkpt>
   <trkpt lat="48.4277940" lon="7.3999820">
    <ele>732.2</ele>
    <time>2024-10-24T08:50:42Z</time>
   </trkpt>
   <trkpt lat="48.4278010" lon="7.3999710">
    <ele>732.2</ele>
    <time>2024-10-24T08:50:43Z</time>
   </trkpt>
   <trkpt lat="48.4278070" lon="7.3999570">
    <ele>732.3</ele>
    <time>2024-10-24T08:50:44Z</time>
   </trkpt>
   <trkpt lat="48.4278160" lon="7.3999420">
    <ele>732.4</ele>
    <time>2024-10-24T08:50:45Z</time>
   </trkpt>
   <trkpt lat="48.4278240" lon="7.3999360">
    <ele>732.5</ele>
    <time>2024-10-24T08:50:46Z</time>
   </trkpt>
   <trkpt lat="48.4278340" lon="7.3999300">
    <ele>732.5</ele>
    <time>2024-10-24T08:50:47Z</time>
   </trkpt>
   <trkpt lat="48.4278420" lon="7.3999250">
    <ele>732.6</ele>
    <time>2024-10-24T08:50:48Z</time>
   </trkpt>
   <trkpt lat="48.4278500" lon="7.3999190">
    <ele>732.6</ele>
    <time>2024-10-24T08:50:49Z</time>
   </trkpt>
   <trkpt lat="48.4278580" lon="7.3999120">
    <ele>732.7</ele>
    <time>2024-10-24T08:50:50Z</time>
   </trkpt>
   <trkpt lat="48.4278670" lon="7.3999060">
    <ele>732.8</ele>
    <time>2024-10-24T08:50:51Z</time>
   </trkpt>
   <trkpt lat="48.4278740" lon="7.3999010">
    <ele>732.8</ele>
    <time>2024-10-24T08:50:52Z</time>
   </trkpt>
   <trkpt lat="48.4278830" lon="7.3998950">
    <ele>732.9</ele>
    <time>2024-10-24T08:50:53Z</time>
   </trkpt>
   <trkpt lat="48.4278920" lon="7.3998870">
    <ele>732.9</ele>
    <time>2024-10-24T08:50:54Z</time>
   </trkpt>
   <trkpt lat="48.4279040" lon="7.3998780">
    <ele>733.0</ele>
    <time>2024-10-24T08:50:55Z</time>
   </trkpt>
   <trkpt lat="48.4279130" lon="7.3998710">
    <ele>733.1</ele>
    <time>2024-10-24T08:50:56Z</time>
   </trkpt>
   <trkpt lat="48.4279230" lon="7.3998620">
    <ele>733.2</ele>
    <time>2024-10-24T08:50:57Z</time>
   </trkpt>
   <trkpt lat="48.4279320" lon="7.3998510">
    <ele>733.2</ele>
    <time>2024-10-24T08:50:58Z</time>
   </trkpt>
   <trkpt lat="48.4279480" lon="7.3998320">
    <ele>733.4</ele>
    <time>2024-10-24T08:50:59Z</time>
   </trkpt>
   <trkpt lat="48.4279540" lon="7.3998250">
    <ele>733.4</ele>
    <time>2024-10-24T08:51:00Z</time>
   </trkpt>
   <trkpt lat="48.4279610" lon="7.3998170">
    <ele>733.5</ele>
    <time>2024-10-24T08:51:01Z</time>
   </trkpt>
   <trkpt lat="48.4279670" lon="7.3998100">
    <ele>733.5</ele>
    <time>2024-10-24T08:51:02Z</time>
   </trkpt>
   <trkpt lat="48.4279750" lon="7.3998010">
    <ele>733.6</ele>
    <time>2024-10-24T08:51:03Z</time>
   </trkpt>
   <trkpt lat="48.4279830" lon="7.3997880">
    <ele>733.7</ele>
    <time>2024-10-24T08:51:04Z</time>
   </trkpt>
   <trkpt lat="48.4279890" lon="7.3997750">
    <ele>733.7</ele>
    <time>2024-10-24T08:51:05Z</time>
   </trkpt>
   <trkpt lat="48.4279940" lon="7.3997690">
    <ele>733.8</ele>
    <time>2024-10-24T08:51:06Z</time>
   </trkpt>
   <trkpt lat="48.4280000" lon="7.3997710">
    <ele>733.8</ele>
    <time>2024-10-24T08:51:07Z</time>
   </trkpt>
   <trkpt lat="48.4280060" lon="7.3997770">
    <ele>733.9</ele>
    <time>2024-10-24T08:51:08Z</time>
   </trkpt>
   <trkpt lat="48.4280140" lon="7.3997800">
    <ele>733.9</ele>
    <time>2024-10-24T08:51:09Z</time>
   </trkpt>
   <trkpt lat="48.4280210" lon="7.3997770">
    <ele>734.0</ele>
    <time>2024-10-24T08:51:10Z</time>
   </trkpt>
   <trkpt lat="48.4280250" lon="7.3997700">
    <ele>734.0</ele>
    <time>2024-10-24T08:51:11Z</time>
   </trkpt>
   <trkpt lat="48.4280280" lon="7.3997560">
    <ele>734.1</ele>
    <time>2024-10-24T08:51:12Z</time>
   </trkpt>
   <trkpt lat="48.4280310" lon="7.3997380">
    <ele>734.1</ele>
    <time>2024-10-24T08:51:13Z</time>
   </trkpt>
   <trkpt lat="48.4280350" lon="7.3997180">
    <ele>734.2</ele>
    <time>2024-10-24T08:51:14Z</time>
   </trkpt>
   <trkpt lat="48.4280390" lon="7.3996920">
    <ele>734.3</ele>
    <time>2024-10-24T08:51:15Z</time>
   </trkpt>
   <trkpt lat="48.4280440" lon="7.3996610">
    <ele>734.5</ele>
    <time>2024-10-24T08:51:16Z</time>
   </trkpt>
   <trkpt lat="48.4280480" lon="7.3996480">
    <ele>734.5</ele>
    <time>2024-10-24T08:51:17Z</time>
   </trkpt>
   <trkpt lat="48.4280520" lon="7.3996360">
    <ele>734.6</ele>
    <time>2024-10-24T08:51:18Z</time>
   </trkpt>
   <trkpt lat="48.4280590" lon="7.3996160">
    <ele>734.7</ele>
    <time>2024-10-24T08:51:19Z</time>
   </trkpt>
   <trkpt lat="48.4280720" lon="7.3995930">
    <ele>734.8</ele>
    <time>2024-10-24T08:51:20Z</time>
   </trkpt>
   <trkpt lat="48.4280800" lon="7.3995750">
    <ele>734.9</ele>
    <time>2024-10-24T08:51:21Z</time>
   </trkpt>
   <trkpt lat="48.4280880" lon="7.3995570">
    <ele>735.0</ele>
    <time>2024-10-24T08:51:22Z</time>
   </trkpt>
   <trkpt lat="48.4281000" lon="7.3995440">
    <ele>735.1</ele>
    <time>2024-10-24T08:51:23Z</time>
   </trkpt>
   <trkpt lat="48.4281100" lon="7.3995290">
    <ele>735.2</ele>
    <time>2024-10-24T08:51:24Z</time>
   </trkpt>
   <trkpt lat="48.4281160" lon="7.3995240">
    <ele>735.2</ele>
    <time>2024-10-24T08:51:25Z</time>
   </trkpt>
   <trkpt lat="48.4281210" lon="7.3995140">
    <ele>735.3</ele>
    <time>2024-10-24T08:51:26Z</time>
   </trkpt>
   <trkpt lat="48.4281270" lon="7.3994980">
    <ele>735.4</ele>
    <time>2024-10-24T08:51:27Z</time>
   </trkpt>
   <trkpt lat="48.4281300" lon="7.3994890">
    <ele>735.4</ele>
    <time>2024-10-24T08:51:28Z</time>
   </trkpt>
   <trkpt lat="48.4281340" lon="7.3994750">
    <ele>735.5</ele>
    <time>2024-10-24T08:51:29Z</time>
   </trkpt>
   <trkpt lat="48.4281400" lon="7.3994610">
    <ele>735.5</ele>
    <time>2024-10-24T08:51:30Z</time>
   </trkpt>
   <trkpt lat="48.4281450" lon="7.3994460">
    <ele>735.6</ele>
    <time>2024-10-24T08:51:31Z</time>
   </trkpt>
   <trkpt lat="48.4281490" lon="7.3994230">
    <ele>735.7</ele>
    <time>2024-10-24T08:51:32Z</time>
   </trkpt>
   <trkpt lat="48.4281510" lon="7.3994130">
    <ele>735.8</ele>
    <time>2024-10-24T08:51:33Z</time>
   </trkpt>
   <trkpt lat="48.4281530" lon="7.3993970">
    <ele>735.8</ele>
    <time>2024-10-24T08:51:34Z</time>
   </trkpt>
   <trkpt lat="48.4281600" lon="7.3993850">
    <ele>735.9</ele>
    <time>2024-10-24T08:51:35Z</time>
   </trkpt>
   <trkpt lat="48.4281680" lon="7.3993770">
    <ele>736.0</ele>
    <time>2024-10-24T08:51:36Z</time>
   </trkpt>
   <trkpt lat="48.4281770" lon="7.3993700">
    <ele>736.0</ele>
    <time>2024-10-24T08:51:37Z</time>
   </trkpt>
   <trkpt lat="48.4281840" lon="7.3993490">
    <ele>736.1</ele>
    <time>2024-10-24T08:51:38Z</time>
   </trkpt>
   <trkpt lat="48.4281890" lon="7.3993400">
    <ele>736.2</ele>
    <time>2024-10-24T08:51:39Z</time>
   </trkpt>
   <trkpt lat="48.4281930" lon="7.3993310">
    <ele>736.2</ele>
    <time>2024-10-24T08:51:40Z</time>
   </trkpt>
   <trkpt lat="48.4281980" lon="7.3993220">
    <ele>736.3</ele>
    <time>2024-10-24T08:51:41Z</time>
   </trkpt>
   <trkpt lat="48.4282070" lon="7.3993030">
    <ele>736.4</ele>
    <time>2024-10-24T08:51:42Z</time>
   </trkpt>
   <trkpt lat="48.4282110" lon="7.3992920">
    <ele>736.5</ele>
    <time>2024-10-24T08:51:43Z</time>
   </trkpt>
   <trkpt lat="48.4282160" lon="7.3992790">
    <ele>736.6</ele>
    <time>2024-10-24T08:51:44Z</time>
   </trkpt>
   <trkpt lat="48.4282210" lon="7.3992680">
    <ele>736.6</ele>
    <time>2024-10-24T08:51:45Z</time>
   </trkpt>
   <trkpt lat="48.4282260" lon="7.3992560">
    <ele>736.7</ele>
    <time>2024-10-24T08:51:46Z</time>
   </trkpt>
   <trkpt lat="48.4282310" lon="7.3992430">
    <ele>736.8</ele>
    <time>2024-10-24T08:51:47Z</time>
   </trkpt>
   <trkpt lat="48.4282350" lon="7.3992340">
    <ele>736.8</ele>
    <time>2024-10-24T08:51:48Z</time>
   </trkpt>
   <trkpt lat="48.4282410" lon="7.3992270">
    <ele>736.9</ele>
    <time>2024-10-24T08:51:49Z</time>
   </trkpt>
   <trkpt lat="48.4282460" lon="7.3992160">
    <ele>737.0</ele>
    <time>2024-10-24T08:51:50Z</time>
   </trkpt>
   <trkpt lat="48.4282490" lon="7.3992050">
    <ele>737.0</ele>
    <time>2024-10-24T08:51:51Z</time>
   </trkpt>
   <trkpt lat="48.4282540" lon="7.3991920">
    <ele>737.1</ele>
    <time>2024-10-24T08:51:52Z</time>
   </trkpt>
   <trkpt lat="48.4282590" lon="7.3991840">
    <ele>737.2</ele>
    <time>2024-10-24T08:51:53Z</time>
   </trkpt>
   <trkpt lat="48.4282630" lon="7.3991730">
    <ele>737.3</ele>
    <time>2024-10-24T08:51:54Z</time>
   </trkpt>
   <trkpt lat="48.4282680" lon="7.3991620">
    <ele>737.3</ele>
    <time>2024-10-24T08:51:55Z</time>
   </trkpt>
   <trkpt lat="48.4282720" lon="7.3991510">
    <ele>737.4</ele>
    <time>2024-10-24T08:51:56Z</time>
   </trkpt>
   <trkpt lat="48.4282780" lon="7.3991350">
    <ele>737.5</ele>
    <time>2024-10-24T08:51:57Z</time>
   </trkpt>
   <trkpt lat="48.4282790" lon="7.3991260">
    <ele>737.6</ele>
    <time>2024-10-24T08:51:58Z</time>
   </trkpt>
   <trkpt lat="48.4282840" lon="7.3991150">
    <ele>737.7</ele>
    <time>2024-10-24T08:51:59Z</time>
   </trkpt>
   <trkpt lat="48.4282900" lon="7.3991050">
    <ele>737.8</ele>
    <time>2024-10-24T08:52:00Z</time>
   </trkpt>
   <trkpt lat="48.4282940" lon="7.3990960">
    <ele>737.8</ele>
    <time>2024-10-24T08:52:01Z</time>
   </trkpt>
   <trkpt lat="48.4283020" lon="7.3990880">
    <ele>737.9</ele>
    <time>2024-10-24T08:52:02Z</time>
   </trkpt>
   <trkpt lat="48.4283060" lon="7.3990860">
    <ele>738.0</ele>
    <time>2024-10-24T08:52:03Z</time>
   </trkpt>
   <trkpt lat="48.4283140" lon="7.3990810">
    <ele>738.0</ele>
    <time>2024-10-24T08:52:04Z</time>
   </trkpt>
   <trkpt lat="48.4283210" lon="7.3990770">
    <ele>738.1</ele>
    <time>2024-10-24T08:52:05Z</time>
   </trkpt>
   <trkpt lat="48.4283280" lon="7.3990760">
    <ele>738.2</ele>
    <time>2024-10-24T08:52:06Z</time>
   </trkpt>
   <trkpt lat="48.4283390" lon="7.3990710">
    <ele>738.3</ele>
    <time>2024-10-24T08:52:07Z</time>
   </trkpt>
   <trkpt lat="48.4283440" lon="7.3990660">
    <ele>738.4</ele>
    <time>2024-10-24T08:52:08Z</time>
   </trkpt>
   <trkpt lat="48.4283500" lon="7.3990600">
    <ele>738.4</ele>
    <time>2024-10-24T08:52:09Z</time>
   </trkpt>
   <trkpt lat="48.4283560" lon="7.3990550">
    <ele>738.5</ele>
    <time>2024-10-24T08:52:10Z</time>
   </trkpt>
   <trkpt lat="48.4283630" lon="7.3990480">
    <ele>738.6</ele>
    <time>2024-10-24T08:52:11Z</time>
   </trkpt>
   <trkpt lat="48.4283710" lon="7.3990400">
    <ele>738.7</ele>
    <time>2024-10-24T08:52:12Z</time>
   </trkpt>
   <trkpt lat="48.4283750" lon="7.3990390">
    <ele>738.7</ele>
    <time>2024-10-24T08:52:13Z</time>
   </trkpt>
   <trkpt lat="48.4283790" lon="7.3990330">
    <ele>738.8</ele>
    <time>2024-10-24T08:52:14Z</time>
   </trkpt>
   <trkpt lat="48.4283840" lon="7.3990240">
    <ele>738.8</ele>
    <time>2024-10-24T08:52:15Z</time>
   </trkpt>
   <trkpt lat="48.4283860" lon="7.3990150">
    <ele>738.9</ele>
    <time>2024-10-24T08:52:16Z</time>
   </trkpt>
   <trkpt lat="48.4283890" lon="7.3990040">
    <ele>739.0</ele>
    <time>2024-10-24T08:52:17Z</time>
   </trkpt>
   <trkpt lat="48.4283910" lon="7.3989960">
    <ele>739.0</ele>
    <time>2024-10-24T08:52:18Z</time>
   </trkpt>
   <trkpt lat="48.4283930" lon="7.3989830">
    <ele>739.1</ele>
    <time>2024-10-24T08:52:19Z</time>
   </trkpt>
   <trkpt lat="48.4283950" lon="7.3989720">
    <ele>739.2</ele>
    <time>2024-10-24T08:52:20Z</time>
   </trkpt>
   <trkpt lat="48.4283980" lon="7.3989620">
    <ele>739.3</ele>
    <time>2024-10-24T08:52:21Z</time>
   </trkpt>
   <trkpt lat="48.4284020" lon="7.3989500">
    <ele>739.4</ele>
    <time>2024-10-24T08:52:22Z</time>
   </trkpt>
   <trkpt lat="48.4284050" lon="7.3989400">
    <ele>739.4</ele>
    <time>2024-10-24T08:52:23Z</time>
   </trkpt>
   <trkpt lat="48.4284070" lon="7.3989300">
    <ele>739.5</ele>
    <time>2024-10-24T08:52:24Z</time>
   </trkpt>
   <trkpt lat="48.4284080" lon="7.3989230">
    <ele>739.6</ele>
    <time>2024-10-24T08:52:25Z</time>
   </trkpt>
   <trkpt lat="48.4284090" lon="7.3989150">
    <ele>739.6</ele>
    <time>2024-10-24T08:52:26Z</time>
   </trkpt>
   <trkpt lat="48.4284120" lon="7.3989040">
    <ele>739.7</ele>
    <time>2024-10-24T08:52:27Z</time>
   </trkpt>
   <trkpt lat="48.4284150" lon="7.3988970">
    <ele>739.7</ele>
    <time>2024-10-24T08:52:28Z</time>
   </trkpt>
   <trkpt lat="48.4284200" lon="7.3988880">
    <ele>739.8</ele>
    <time>2024-10-24T08:52:29Z</time>
   </trkpt>
   <trkpt lat="48.4284260" lon="7.3988820">
    <ele>739.9</ele>
    <time>2024-10-24T08:52:30Z</time>
   </trkpt>
   <trkpt lat="48.4284350" lon="7.3988740">
    <ele>740.0</ele>
    <time>2024-10-24T08:52:31Z</time>
   </trkpt>
   <trkpt lat="48.4284430" lon="7.3988650">
    <ele>740.1</ele>
    <time>2024-10-24T08:52:32Z</time>
   </trkpt>
   <trkpt lat="48.4284490" lon="7.3988600">
    <ele>740.2</ele>
    <time>2024-10-24T08:52:33Z</time>
   </trkpt>
   <trkpt lat="48.4284560" lon="7.3988530">
    <ele>740.3</ele>
    <time>2024-10-24T08:52:34Z</time>
   </trkpt>
   <trkpt lat="48.4284630" lon="7.3988470">
    <ele>740.3</ele>
    <time>2024-10-24T08:52:35Z</time>
   </trkpt>
   <trkpt lat="48.4284710" lon="7.3988420">
    <ele>740.4</ele>
    <time>2024-10-24T08:52:36Z</time>
   </trkpt>
   <trkpt lat="48.4284800" lon="7.3988350">
    <ele>740.5</ele>
    <time>2024-10-24T08:52:37Z</time>
   </trkpt>
   <trkpt lat="48.4284830" lon="7.3988300">
    <ele>740.6</ele>
    <time>2024-10-24T08:52:38Z</time>
   </trkpt>
   <trkpt lat="48.4284900" lon="7.3988220">
    <ele>740.7</ele>
    <time>2024-10-24T08:52:39Z</time>
   </trkpt>
   <trkpt lat="48.4284960" lon="7.3988150">
    <ele>740.7</ele>
    <time>2024-10-24T08:52:40Z</time>
   </trkpt>
   <trkpt lat="48.4285040" lon="7.3988090">
    <ele>740.8</ele>
    <time>2024-10-24T08:52:41Z</time>
   </trkpt>
   <trkpt lat="48.4285120" lon="7.3988020">
    <ele>740.9</ele>
    <time>2024-10-24T08:52:42Z</time>
   </trkpt>
   <trkpt lat="48.4285180" lon="7.3987980">
    <ele>741.0</ele>
    <time>2024-10-24T08:52:43Z</time>
   </trkpt>
   <trkpt lat="48.4285250" lon="7.3987900">
    <ele>741.1</ele>
    <time>2024-10-24T08:52:44Z</time>
   </trkpt>
   <trkpt lat="48.4285320" lon="7.3987810">
    <ele>741.2</ele>
    <time>2024-10-24T08:52:45Z</time>
   </trkpt>
   <trkpt lat="48.4285400" lon="7.3987720">
    <ele>741.3</ele>
    <time>2024-10-24T08:52:46Z</time>
   </trkpt>
   <trkpt lat="48.4285480" lon="7.3987590">
    <ele>741.4</ele>
    <time>2024-10-24T08:52:47Z</time>
   </trkpt>
   <trkpt lat="48.4285520" lon="7.3987520">
    <ele>741.5</ele>
    <time>2024-10-24T08:52:48Z</time>
   </trkpt>
   <trkpt lat="48.4285570" lon="7.3987420">
    <ele>741.6</ele>
    <time>2024-10-24T08:52:49Z</time>
   </trkpt>
   <trkpt lat="48.4285630" lon="7.3987330">
    <ele>741.6</ele>
    <time>2024-10-24T08:52:50Z</time>
   </trkpt>
   <trkpt lat="48.4285690" lon="7.3987230">
    <ele>741.7</ele>
    <time>2024-10-24T08:52:51Z</time>
   </trkpt>
   <trkpt lat="48.4285730" lon="7.3987170">
    <ele>741.8</ele>
    <time>2024-10-24T08:52:52Z</time>
   </trkpt>
   <trkpt lat="48.4285790" lon="7.3987070">
    <ele>741.9</ele>
    <time>2024-10-24T08:52:53Z</time>
   </trkpt>
   <trkpt lat="48.4285840" lon="7.3986980">
    <ele>742.0</ele>
    <time>2024-10-24T08:52:54Z</time>
   </trkpt>
   <trkpt lat="48.4285890" lon="7.3986890">
    <ele>742.0</ele>
    <time>2024-10-24T08:52:55Z</time>
   </trkpt>
   <trkpt lat="48.4285920" lon="7.3986800">
    <ele>742.1</ele>
    <time>2024-10-24T08:52:56Z</time>
   </trkpt>
   <trkpt lat="48.4285950" lon="7.3986700">
    <ele>742.2</ele>
    <time>2024-10-24T08:52:57Z</time>
   </trkpt>
   <trkpt lat="48.4285980" lon="7.3986600">
    <ele>742.3</ele>
    <time>2024-10-24T08:52:58Z</time>
   </trkpt>
   <trkpt lat="48.4286020" lon="7.3986490">
    <ele>742.4</ele>
    <time>2024-10-24T08:52:59Z</time>
   </trkpt>
   <trkpt lat="48.4286060" lon="7.3986370">
    <ele>742.4</ele>
    <time>2024-10-24T08:53:00Z</time>
   </trkpt>
   <trkpt lat="48.4286100" lon="7.3986260">
    <ele>742.5</ele>
    <time>2024-10-24T08:53:01Z</time>
   </trkpt>
   <trkpt lat="48.4286130" lon="7.3986140">
    <ele>742.6</ele>
    <time>2024-10-24T08:53:02Z</time>
   </trkpt>
   <trkpt lat="48.4286170" lon="7.3986030">
    <ele>742.7</ele>
    <time>2024-10-24T08:53:03Z</time>
   </trkpt>
   <trkpt lat="48.4286210" lon="7.3985930">
    <ele>742.8</ele>
    <time>2024-10-24T08:53:04Z</time>
   </trkpt>
   <trkpt lat="48.4286250" lon="7.3985830">
    <ele>742.9</ele>
    <time>2024-10-24T08:53:05Z</time>
   </trkpt>
   <trkpt lat="48.4286290" lon="7.3985740">
    <ele>742.9</ele>
    <time>2024-10-24T08:53:06Z</time>
   </trkpt>
   <trkpt lat="48.4286340" lon="7.3985630">
    <ele>743.0</ele>
    <time>2024-10-24T08:53:07Z</time>
   </trkpt>
   <trkpt lat="48.4286380" lon="7.3985540">
    <ele>743.1</ele>
    <time>2024-10-24T08:53:08Z</time>
   </trkpt>
   <trkpt lat="48.4286420" lon="7.3985450">
    <ele>743.2</ele>
    <time>2024-10-24T08:53:09Z</time>
   </trkpt>
   <trkpt lat="48.4286470" lon="7.3985380">
    <ele>743.2</ele>
    <time>2024-10-24T08:53:10Z</time>
   </trkpt>
   <trkpt lat="48.4286530" lon="7.3985310">
    <ele>743.3</ele>
    <time>2024-10-24T08:53:11Z</time>
   </trkpt>
   <trkpt lat="48.4286560" lon="7.3985240">
    <ele>743.4</ele>
    <time>2024-10-24T08:53:12Z</time>
   </trkpt>
   <trkpt lat="48.4286590" lon="7.3985190">
    <ele>743.4</ele>
    <time>2024-10-24T08:53:13Z</time>
   </trkpt>
   <trkpt lat="48.4286640" lon="7.3985140">
    <ele>743.5</ele>
    <time>2024-10-24T08:53:14Z</time>
   </trkpt>
   <trkpt lat="48.4286680" lon="7.3985090">
    <ele>743.5</ele>
    <time>2024-10-24T08:53:15Z</time>
   </trkpt>
   <trkpt lat="48.4286730" lon="7.3985040">
    <ele>743.6</ele>
    <time>2024-10-24T08:53:16Z</time>
   </trkpt>
   <trkpt lat="48.4286800" lon="7.3984990">
    <ele>743.7</ele>
    <time>2024-10-24T08:53:17Z</time>
   </trkpt>
   <trkpt lat="48.4286880" lon="7.3984930">
    <ele>743.8</ele>
    <time>2024-10-24T08:53:18Z</time>
   </trkpt>
   <trkpt lat="48.4286940" lon="7.3984870">
    <ele>743.8</ele>
    <time>2024-10-24T08:53:19Z</time>
   </trkpt>
   <trkpt lat="48.4287020" lon="7.3984820">
    <ele>743.9</ele>
    <time>2024-10-24T08:53:20Z</time>
   </trkpt>
   <trkpt lat="48.4287090" lon="7.3984770">
    <ele>744.0</ele>
    <time>2024-10-24T08:53:21Z</time>
   </trkpt>
   <trkpt lat="48.4287160" lon="7.3984700">
    <ele>744.1</ele>
    <time>2024-10-24T08:53:22Z</time>
   </trkpt>
   <trkpt lat="48.4287230" lon="7.3984660">
    <ele>744.1</ele>
    <time>2024-10-24T08:53:23Z</time>
   </trkpt>
   <trkpt lat="48.4287290" lon="7.3984610">
    <ele>744.2</ele>
    <time>2024-10-24T08:53:24Z</time>
   </trkpt>
   <trkpt lat="48.4287360" lon="7.3984550">
    <ele>744.3</ele>
    <time>2024-10-24T08:53:25Z</time>
   </trkpt>
   <trkpt lat="48.4287420" lon="7.3984490">
    <ele>744.4</ele>
    <time>2024-10-24T08:53:26Z</time>
   </trkpt>
   <trkpt lat="48.4287480" lon="7.3984420">
    <ele>744.4</ele>
    <time>2024-10-24T08:53:27Z</time>
   </trkpt>
   <trkpt lat="48.4287540" lon="7.3984350">
    <ele>744.5</ele>
    <time>2024-10-24T08:53:28Z</time>
   </trkpt>
   <trkpt lat="48.4287600" lon="7.3984280">
    <ele>744.6</ele>
    <time>2024-10-24T08:53:29Z</time>
   </trkpt>
   <trkpt lat="48.4287680" lon="7.3984210">
    <ele>744.7</ele>
    <time>2024-10-24T08:53:30Z</time>
   </trkpt>
   <trkpt lat="48.4287760" lon="7.3984120">
    <ele>744.8</ele>
    <time>2024-10-24T08:53:31Z</time>
   </trkpt>
   <trkpt lat="48.4287790" lon="7.3984000">
    <ele>744.9</ele>
    <time>2024-10-24T08:53:32Z</time>
   </trkpt>
   <trkpt lat="48.4287800" lon="7.3983890">
    <ele>744.9</ele>
    <time>2024-10-24T08:53:33Z</time>
   </trkpt>
   <trkpt lat="48.4287830" lon="7.3983780">
    <ele>745.0</ele>
    <time>2024-10-24T08:53:34Z</time>
   </trkpt>
   <trkpt lat="48.4287860" lon="7.3983680">
    <ele>745.1</ele>
    <time>2024-10-24T08:53:35Z</time>
   </trkpt>
   <trkpt lat="48.4287910" lon="7.3983630">
    <ele>745.1</ele>
    <time>2024-10-24T08:53:36Z</time>
   </trkpt>
   <trkpt lat="48.4287960" lon="7.3983600">
    <ele>745.2</ele>
    <time>2024-10-24T08:53:37Z</time>
   </trkpt>
   <trkpt lat="48.4288020" lon="7.3983540">
    <ele>745.3</ele>
    <time>2024-10-24T08:53:38Z</time>
   </trkpt>
   <trkpt lat="48.4288030" lon="7.3983540">
    <ele>745.3</ele>
    <time>2024-10-24T08:53:39Z</time>
   </trkpt>
   <trkpt lat="48.4288030" lon="7.3983550">
    <ele>745.3</ele>
    <time>2024-10-24T08:53:40Z</time>
   </trkpt>
   <trkpt lat="48.4288040" lon="7.3983580">
    <ele>745.3</ele>
    <time>2024-10-24T08:53:41Z</time>
   </trkpt>
   <trkpt lat="48.4288070" lon="7.3983610">
    <ele>745.4</ele>
    <time>2024-10-24T08:53:42Z</time>
   </trkpt>
   <trkpt lat="48.4288080" lon="7.3983650">
    <ele>745.4</ele>
    <time>2024-10-24T08:53:43Z</time>
   </trkpt>
   <trkpt lat="48.4288120" lon="7.3983650">
    <ele>745.4</ele>
    <time>2024-10-24T08:53:44Z</time>
   </trkpt>
   <trkpt lat="48.4288180" lon="7.3983660">
    <ele>745.5</ele>
    <time>2024-10-24T08:53:45Z</time>
   </trkpt>
   <trkpt lat="48.4288240" lon="7.3983680">
    <ele>745.6</ele>
    <time>2024-10-24T08:53:46Z</time>
   </trkpt>
   <trkpt lat="48.4288310" lon="7.3983680">
    <ele>745.6</ele>
    <time>2024-10-24T08:53:47Z</time>
   </trkpt>
   <trkpt lat="48.4288420" lon="7.3983670">
    <ele>745.8</ele>
    <time>2024-10-24T08:53:48Z</time>
   </trkpt>
   <trkpt lat="48.4288530" lon="7.3983710">
    <ele>745.9</ele>
    <time>2024-10-24T08:53:49Z</time>
   </trkpt>
   <trkpt lat="48.4288610" lon="7.3983810">
    <ele>746.0</ele>
    <time>2024-10-24T08:53:50Z</time>
   </trkpt>
   <trkpt lat="48.4288640" lon="7.3983950">
    <ele>746.1</ele>
    <time>2024-10-24T08:53:51Z</time>
   </trkpt>
   <trkpt lat="48.4288650" lon="7.3984090">
    <ele>746.2</ele>
    <time>2024-10-24T08:53:52Z</time>
   </trkpt>
   <trkpt lat="48.4288670" lon="7.3984250">
    <ele>746.4</ele>
    <time>2024-10-24T08:53:53Z</time>
   </trkpt>
   <trkpt lat="48.4288720" lon="7.3984290">
    <ele>746.4</ele>
    <time>2024-10-24T08:53:54Z</time>
   </trkpt>
   <trkpt lat="48.4288750" lon="7.3984380">
    <ele>746.5</ele>
    <time>2024-10-24T08:53:55Z</time>
   </trkpt>
   <trkpt lat="48.4288790" lon="7.3984420">
    <ele>746.6</ele>
    <time>2024-10-24T08:53:56Z</time>
   </trkpt>
   <trkpt lat="48.4288820" lon="7.3984420">
    <ele>746.6</ele>
    <time>2024-10-24T08:53:57Z</time>
   </trkpt>
   <trkpt lat="48.4288810" lon="7.3984360">
    <ele>746.6</ele>
    <time>2024-10-24T08:53:58Z</time>
   </trkpt>
   <trkpt lat="48.4288770" lon="7.3984330">
    <ele>746.7</ele>
    <time>2024-10-24T08:53:59Z</time>
   </trkpt>
   <trkpt lat="48.4288720" lon="7.3984320">
    <ele>746.8</ele>
    <time>2024-10-24T08:54:00Z</time>
   </trkpt>
   <trkpt lat="48.4288690" lon="7.3984330">
    <ele>746.8</ele>
    <time>2024-10-24T08:54:01Z</time>
   </trkpt>
   <trkpt lat="48.4288670" lon="7.3984310">
    <ele>746.8</ele>
    <time>2024-10-24T08:54:02Z</time>
   </trkpt>
   <trkpt lat="48.4288650" lon="7.3984260">
    <ele>746.9</ele>
    <time>2024-10-24T08:54:03Z</time>
   </trkpt>
   <trkpt lat="48.4288640" lon="7.3984240">
    <ele>746.9</ele>
    <time>2024-10-24T08:54:04Z</time>
   </trkpt>
   <trkpt lat="48.4288630" lon="7.3984210">
    <ele>746.9</ele>
    <time>2024-10-24T08:54:05Z</time>
   </trkpt>
   <trkpt lat="48.4288640" lon="7.3984170">
    <ele>747.0</ele>
    <time>2024-10-24T08:54:06Z</time>
   </trkpt>
   <trkpt lat="48.4288650" lon="7.3984150">
    <ele>747.0</ele>
    <time>2024-10-24T08:54:07Z</time>
   </trkpt>
   <trkpt lat="48.4288650" lon="7.3984130">
    <ele>747.0</ele>
    <time>2024-10-24T08:54:08Z</time>
   </trkpt>
   <trkpt lat="48.4288660" lon="7.3984110">
    <ele>747.0</ele>
    <time>2024-10-24T08:54:09Z</time>
   </trkpt>
   <trkpt lat="48.4288670" lon="7.3984090">
    <ele>747.0</ele>
    <time>2024-10-24T08:54:10Z</time>
   </trkpt>
   <trkpt lat="48.4288680" lon="7.3984090">
    <ele>747.1</ele>
    <time>2024-10-24T08:54:11Z</time>
   </trkpt>
   <trkpt lat="48.4288680" lon="7.3984070">
    <ele>747.1</ele>
    <time>2024-10-24T08:54:12Z</time>
   </trkpt>
   <trkpt lat="48.4288650" lon="7.3984030">
    <ele>747.1</ele>
    <time>2024-10-24T08:54:13Z</time>
   </trkpt>
   <trkpt lat="48.4288620" lon="7.3983980">
    <ele>747.2</ele>
    <time>2024-10-24T08:54:14Z</time>
   </trkpt>
   <trkpt lat="48.4288570" lon="7.3983930">
    <ele>747.3</ele>
    <time>2024-10-24T08:54:15Z</time>
   </trkpt>
   <trkpt lat="48.4288450" lon="7.3983840">
    <ele>747.4</ele>
    <time>2024-10-24T08:54:17Z</time>
   </trkpt>
   <trkpt lat="48.4288470" lon="7.3983770">
    <ele>747.5</ele>
    <time>2024-10-24T08:54:19Z</time>
   </trkpt>
   <trkpt lat="48.4288460" lon="7.3983810">
    <ele>747.5</ele>
    <time>2024-10-24T08:54:23Z</time>
   </trkpt>
   <trkpt lat="48.4288450" lon="7.3983820">
    <ele>747.6</ele>
    <time>2024-10-24T08:54:24Z</time>
   </trkpt>
   <trkpt lat="48.4288440" lon="7.3983830">
    <ele>747.6</ele>
    <time>2024-10-24T08:54:25Z</time>
   </trkpt>
   <trkpt lat="48.4288440" lon="7.3983840">
    <ele>747.6</ele>
    <time>2024-10-24T08:54:27Z</time>
   </trkpt>
   <trkpt lat="48.4288430" lon="7.3983850">
    <ele>747.6</ele>
    <time>2024-10-24T08:54:28Z</time>
   </trkpt>
   <trkpt lat="48.4288430" lon="7.3983850">
    <ele>747.6</ele>
    <time>2024-10-24T08:54:29Z</time>
   </trkpt>
   <trkpt lat="48.4288430" lon="7.3983860">
    <ele>747.6</ele>
    <time>2024-10-24T08:54:30Z</time>
   </trkpt>
   <trkpt lat="48.4288430" lon="7.3983860">
    <ele>747.6</ele>
    <time>2024-10-24T08:54:31Z</time>
   </trkpt>
   <trkpt lat="48.4288430" lon="7.3983860">
    <ele>747.6</ele>
    <time>2024-10-24T08:54:32Z</time>
   </trkpt>
   <trkpt lat="48.4288430" lon="7.3983870">
    <ele>747.6</ele>
    <time>2024-10-24T08:54:33Z</time>
   </trkpt>
   <trkpt lat="48.4288430" lon="7.3983870">
    <ele>747.6</ele>
    <time>2024-10-24T08:54:34Z</time>
   </trkpt>
   <trkpt lat="48.4288440" lon="7.3983890">
    <ele>747.6</ele>
    <time>2024-10-24T08:54:35Z</time>
   </trkpt>
   <trkpt lat="48.4288450" lon="7.3983890">
    <ele>747.6</ele>
    <time>2024-10-24T08:54:36Z</time>
   </trkpt>
   <trkpt lat="48.4288480" lon="7.3983850">
    <ele>747.7</ele>
    <time>2024-10-24T08:54:37Z</time>
   </trkpt>
   <trkpt lat="48.4288490" lon="7.3983830">
    <ele>747.7</ele>
    <time>2024-10-24T08:54:38Z</time>
   </trkpt>
   <trkpt lat="48.4288490" lon="7.3983820">
    <ele>747.7</ele>
    <time>2024-10-24T08:54:39Z</time>
   </trkpt>
   <trkpt lat="48.4288490" lon="7.3983840">
    <ele>747.7</ele>
    <time>2024-10-24T08:54:40Z</time>
   </trkpt>
   <trkpt lat="48.4288500" lon="7.3983860">
    <ele>747.8</ele>
    <time>2024-10-24T08:54:41Z</time>
   </trkpt>
   <trkpt lat="48.4288550" lon="7.3983900">
    <ele>747.8</ele>
    <time>2024-10-24T08:54:42Z</time>
   </trkpt>
   <trkpt lat="48.4288550" lon="7.3983890">
    <ele>747.9</ele>
    <time>2024-10-24T08:54:43Z</time>
   </trkpt>
   <trkpt lat="48.4288620" lon="7.3983930">
    <ele>748.0</ele>
    <time>2024-10-24T08:54:44Z</time>
   </trkpt>
   <trkpt lat="48.4288660" lon="7.3983940">
    <ele>748.0</ele>
    <time>2024-10-24T08:54:45Z</time>
   </trkpt>
   <trkpt lat="48.4288700" lon="7.3983930">
    <ele>748.1</ele>
    <time>2024-10-24T08:54:46Z</time>
   </trkpt>
   <trkpt lat="48.4288720" lon="7.3983930">
    <ele>748.1</ele>
    <time>2024-10-24T08:54:47Z</time>
   </trkpt>
   <trkpt lat="48.4288730" lon="7.3983930">
    <ele>748.1</ele>
    <time>2024-10-24T08:54:48Z</time>
   </trkpt>
   <trkpt lat="48.4288740" lon="7.3983920">
    <ele>748.1</ele>
    <time>2024-10-24T08:54:49Z</time>
   </trkpt>
   <trkpt lat="48.4288740" lon="7.3983920">
    <ele>748.1</ele>
    <time>2024-10-24T08:54:50Z</time>
   </trkpt>
   <trkpt lat="48.4288750" lon="7.3983910">
    <ele>748.1</ele>
    <time>2024-10-24T08:54:51Z</time>
   </trkpt>
   <trkpt lat="48.4288750" lon="7.3983910">
    <ele>748.1</ele>
    <time>2024-10-24T08:54:52Z</time>
   </trkpt>
   <trkpt lat="48.4288760" lon="7.3983910">
    <ele>748.1</ele>
    <time>2024-10-24T08:54:53Z</time>
   </trkpt>
   <trkpt lat="48.4288770" lon="7.3983910">
    <ele>748.2</ele>
    <time>2024-10-24T08:54:54Z</time>
   </trkpt>
   <trkpt lat="48.4288790" lon="7.3983910">
    <ele>748.2</ele>
    <time>2024-10-24T08:54:55Z</time>
   </trkpt>
   <trkpt lat="48.4288810" lon="7.3983910">
    <ele>748.2</ele>
    <time>2024-10-24T08:54:57Z</time>
   </trkpt>
   <trkpt lat="48.4288880" lon="7.3983930">
    <ele>748.3</ele>
    <time>2024-10-24T08:54:58Z</time>
   </trkpt>
   <trkpt lat="48.4288960" lon="7.3983960">
    <ele>748.4</ele>
    <time>2024-10-24T08:54:59Z</time>
   </trkpt>
   <trkpt lat="48.4289020" lon="7.3984000">
    <ele>748.5</ele>
    <time>2024-10-24T08:55:00Z</time>
   </trkpt>
   <trkpt lat="48.4289070" lon="7.3984040">
    <ele>748.6</ele>
    <time>2024-10-24T08:55:01Z</time>
   </trkpt>
   <trkpt lat="48.4289160" lon="7.3984050">
    <ele>748.7</ele>
    <time>2024-10-24T08:55:02Z</time>
   </trkpt>
   <trkpt lat="48.4289290" lon="7.3984070">
    <ele>748.9</ele>
    <time>2024-10-24T08:55:03Z</time>
   </trkpt>
   <trkpt lat="48.4289350" lon="7.3984090">
    <ele>749.0</ele>
    <time>2024-10-24T08:55:04Z</time>
   </trkpt>
   <trkpt lat="48.4289460" lon="7.3984170">
    <ele>749.2</ele>
    <time>2024-10-24T08:55:05Z</time>
   </trkpt>
   <trkpt lat="48.4289560" lon="7.3984250">
    <ele>749.4</ele>
    <time>2024-10-24T08:55:06Z</time>
   </trkpt>
   <trkpt lat="48.4289650" lon="7.3984310">
    <ele>749.5</ele>
    <time>2024-10-24T08:55:07Z</time>
   </trkpt>
   <trkpt lat="48.4289720" lon="7.3984310">
    <ele>749.6</ele>
    <time>2024-10-24T08:55:08Z</time>
   </trkpt>
   <trkpt lat="48.4289720" lon="7.3984290">
    <ele>749.6</ele>
    <time>2024-10-24T08:55:09Z</time>
   </trkpt>
   <trkpt lat="48.4289700" lon="7.3984290">
    <ele>749.7</ele>
    <time>2024-10-24T08:55:10Z</time>
   </trkpt>
   <trkpt lat="48.4289690" lon="7.3984300">
    <ele>749.7</ele>
    <time>2024-10-24T08:55:11Z</time>
   </trkpt>
   <trkpt lat="48.4289680" lon="7.3984310">
    <ele>749.7</ele>
    <time>2024-10-24T08:55:12Z</time>
   </trkpt>
   <trkpt lat="48.4289670" lon="7.3984310">
    <ele>749.7</ele>
    <time>2024-10-24T08:55:14Z</time>
   </trkpt>
   <trkpt lat="48.4289660" lon="7.3984310">
    <ele>749.7</ele>
    <time>2024-10-24T08:55:15Z</time>
   </trkpt>
   <trkpt lat="48.4289660" lon="7.3984300">
    <ele>749.8</ele>
    <time>2024-10-24T08:55:16Z</time>
   </trkpt>
   <trkpt lat="48.4289680" lon="7.3984290">
    <ele>749.8</ele>
    <time>2024-10-24T08:55:18Z</time>
   </trkpt>
   <trkpt lat="48.4289700" lon="7.3984270">
    <ele>749.8</ele>
    <time>2024-10-24T08:55:19Z</time>
   </trkpt>
   <trkpt lat="48.4289710" lon="7.3984270">
    <ele>749.8</ele>
    <time>2024-10-24T08:55:20Z</time>
   </trkpt>
   <trkpt lat="48.4289760" lon="7.3984260">
    <ele>749.9</ele>
    <time>2024-10-24T08:55:21Z</time>
   </trkpt>
   <trkpt lat="48.4289830" lon="7.3984240">
    <ele>750.0</ele>
    <time>2024-10-24T08:55:22Z</time>
   </trkpt>
   <trkpt lat="48.4289910" lon="7.3984230">
    <ele>750.1</ele>
    <time>2024-10-24T08:55:23Z</time>
   </trkpt>
   <trkpt lat="48.4289980" lon="7.3984250">
    <ele>750.3</ele>
    <time>2024-10-24T08:55:24Z</time>
   </trkpt>
   <trkpt lat="48.4290040" lon="7.3984290">
    <ele>750.4</ele>
    <time>2024-10-24T08:55:25Z</time>
   </trkpt>
   <trkpt lat="48.4290100" lon="7.3984330">
    <ele>750.5</ele>
    <time>2024-10-24T08:55:26Z</time>
   </trkpt>
   <trkpt lat="48.4290160" lon="7.3984370">
    <ele>750.6</ele>
    <time>2024-10-24T08:55:27Z</time>
   </trkpt>
   <trkpt lat="48.4290220" lon="7.3984400">
    <ele>750.7</ele>
    <time>2024-10-24T08:55:28Z</time>
   </trkpt>
   <trkpt lat="48.4290280" lon="7.3984450">
    <ele>750.8</ele>
    <time>2024-10-24T08:55:29Z</time>
   </trkpt>
   <trkpt lat="48.4290350" lon="7.3984500">
    <ele>750.9</ele>
    <time>2024-10-24T08:55:30Z</time>
   </trkpt>
   <trkpt lat="48.4290410" lon="7.3984520">
    <ele>751.0</ele>
    <time>2024-10-24T08:55:31Z</time>
   </trkpt>
   <trkpt lat="48.4290460" lon="7.3984510">
    <ele>751.0</ele>
    <time>2024-10-24T08:55:32Z</time>
   </trkpt>
   <trkpt lat="48.4290530" lon="7.3984520">
    <ele>751.1</ele>
    <time>2024-10-24T08:55:33Z</time>
   </trkpt>
   <trkpt lat="48.4290580" lon="7.3984540">
    <ele>751.2</ele>
    <time>2024-10-24T08:55:34Z</time>
   </trkpt>
   <trkpt lat="48.4290620" lon="7.3984560">
    <ele>751.3</ele>
    <time>2024-10-24T08:55:35Z</time>
   </trkpt>
   <trkpt lat="48.4290670" lon="7.3984580">
    <ele>751.3</ele>
    <time>2024-10-24T08:55:36Z</time>
   </trkpt>
   <trkpt lat="48.4290710" lon="7.3984610">
    <ele>751.4</ele>
    <time>2024-10-24T08:55:37Z</time>
   </trkpt>
   <trkpt lat="48.4290750" lon="7.3984640">
    <ele>751.5</ele>
    <time>2024-10-24T08:55:38Z</time>
   </trkpt>
   <trkpt lat="48.4290850" lon="7.3984680">
    <ele>751.6</ele>
    <time>2024-10-24T08:55:40Z</time>
   </trkpt>
   <trkpt lat="48.4290920" lon="7.3984680">
    <ele>751.7</ele>
    <time>2024-10-24T08:55:41Z</time>
   </trkpt>
   <trkpt lat="48.4290960" lon="7.3984690">
    <ele>751.7</ele>
    <time>2024-10-24T08:55:42Z</time>
   </trkpt>
   <trkpt lat="48.4291020" lon="7.3984700">
    <ele>751.8</ele>
    <time>2024-10-24T08:55:43Z</time>
   </trkpt>
   <trkpt lat="48.4291080" lon="7.3984730">
    <ele>751.9</ele>
    <time>2024-10-24T08:55:44Z</time>
   </trkpt>
   <trkpt lat="48.4291130" lon="7.3984770">
    <ele>752.0</ele>
    <time>2024-10-24T08:55:45Z</time>
   </trkpt>
   <trkpt lat="48.4291170" lon="7.3984820">
    <ele>752.0</ele>
    <time>2024-10-24T08:55:46Z</time>
   </trkpt>
   <trkpt lat="48.4291200" lon="7.3984880">
    <ele>752.1</ele>
    <time>2024-10-24T08:55:47Z</time>
   </trkpt>
   <trkpt lat="48.4291240" lon="7.3984930">
    <ele>752.2</ele>
    <time>2024-10-24T08:55:48Z</time>
   </trkpt>
   <trkpt lat="48.4291280" lon="7.3984970">
    <ele>752.2</ele>
    <time>2024-10-24T08:55:49Z</time>
   </trkpt>
   <trkpt lat="48.4291320" lon="7.3985010">
    <ele>752.3</ele>
    <time>2024-10-24T08:55:50Z</time>
   </trkpt>
   <trkpt lat="48.4291370" lon="7.3985060">
    <ele>752.3</ele>
    <time>2024-10-24T08:55:51Z</time>
   </trkpt>
   <trkpt lat="48.4291430" lon="7.3985070">
    <ele>752.4</ele>
    <time>2024-10-24T08:55:52Z</time>
   </trkpt>
   <trkpt lat="48.4291490" lon="7.3985030">
    <ele>752.5</ele>
    <time>2024-10-24T08:55:53Z</time>
   </trkpt>
   <trkpt lat="48.4291540" lon="7.3984990">
    <ele>752.5</ele>
    <time>2024-10-24T08:55:54Z</time>
   </trkpt>
   <trkpt lat="48.4291610" lon="7.3984970">
    <ele>752.6</ele>
    <time>2024-10-24T08:55:55Z</time>
   </trkpt>
   <trkpt lat="48.4291690" lon="7.3984960">
    <ele>752.7</ele>
    <time>2024-10-24T08:55:56Z</time>
   </trkpt>
   <trkpt lat="48.4291750" lon="7.3985000">
    <ele>752.7</ele>
    <time>2024-10-24T08:55:57Z</time>
   </trkpt>
   <trkpt lat="48.4291810" lon="7.3985020">
    <ele>752.8</ele>
    <time>2024-10-24T08:55:58Z</time>
   </trkpt>
   <trkpt lat="48.4291880" lon="7.3985020">
    <ele>752.8</ele>
    <time>2024-10-24T08:55:59Z</time>
   </trkpt>
   <trkpt lat="48.4291950" lon="7.3985040">
    <ele>752.9</ele>
    <time>2024-10-24T08:56:00Z</time>
   </trkpt>
   <trkpt lat="48.4292030" lon="7.3985040">
    <ele>753.0</ele>
    <time>2024-10-24T08:56:01Z</time>
   </trkpt>
   <trkpt lat="48.4292100" lon="7.3985040">
    <ele>753.0</ele>
    <time>2024-10-24T08:56:02Z</time>
   </trkpt>
   <trkpt lat="48.4292160" lon="7.3985080">
    <ele>753.1</ele>
    <time>2024-10-24T08:56:03Z</time>
   </trkpt>
   <trkpt lat="48.4292210" lon="7.3985080">
    <ele>753.1</ele>
    <time>2024-10-24T08:56:04Z</time>
   </trkpt>
   <trkpt lat="48.4292270" lon="7.3985100">
    <ele>753.2</ele>
    <time>2024-10-24T08:56:05Z</time>
   </trkpt>
   <trkpt lat="48.4292340" lon="7.3985120">
    <ele>753.2</ele>
    <time>2024-10-24T08:56:06Z</time>
   </trkpt>
   <trkpt lat="48.4292390" lon="7.3985140">
    <ele>753.3</ele>
    <time>2024-10-24T08:56:07Z</time>
   </trkpt>
   <trkpt lat="48.4292440" lon="7.3985170">
    <ele>753.3</ele>
    <time>2024-10-24T08:56:08Z</time>
   </trkpt>
   <trkpt lat="48.4292510" lon="7.3985210">
    <ele>753.4</ele>
    <time>2024-10-24T08:56:09Z</time>
   </trkpt>
   <trkpt lat="48.4292580" lon="7.3985240">
    <ele>753.4</ele>
    <time>2024-10-24T08:56:10Z</time>
   </trkpt>
   <trkpt lat="48.4292660" lon="7.3985270">
    <ele>753.5</ele>
    <time>2024-10-24T08:56:11Z</time>
   </trkpt>
   <trkpt lat="48.4292730" lon="7.3985340">
    <ele>753.5</ele>
    <time>2024-10-24T08:56:12Z</time>
   </trkpt>
   <trkpt lat="48.4292790" lon="7.3985390">
    <ele>753.6</ele>
    <time>2024-10-24T08:56:13Z</time>
   </trkpt>
   <trkpt lat="48.4292880" lon="7.3985420">
    <ele>753.6</ele>
    <time>2024-10-24T08:56:14Z</time>
   </trkpt>
   <trkpt lat="48.4292950" lon="7.3985450">
    <ele>753.7</ele>
    <time>2024-10-24T08:56:15Z</time>
   </trkpt>
   <trkpt lat="48.4293040" lon="7.3985480">
    <ele>753.7</ele>
    <time>2024-10-24T08:56:16Z</time>
   </trkpt>
   <trkpt lat="48.4293110" lon="7.3985470">
    <ele>753.8</ele>
    <time>2024-10-24T08:56:17Z</time>
   </trkpt>
   <trkpt lat="48.4293200" lon="7.3985450">
    <ele>753.8</ele>
    <time>2024-10-24T08:56:18Z</time>
   </trkpt>
   <trkpt lat="48.4293300" lon="7.3985400">
    <ele>753.9</ele>
    <time>2024-10-24T08:56:19Z</time>
   </trkpt>
   <trkpt lat="48.4293320" lon="7.3985400">
    <ele>753.9</ele>
    <time>2024-10-24T08:56:20Z</time>
   </trkpt>
   <trkpt lat="48.4293350" lon="7.3985410">
    <ele>753.9</ele>
    <time>2024-10-24T08:56:21Z</time>
   </trkpt>
   <trkpt lat="48.4293380" lon="7.3985410">
    <ele>753.9</ele>
    <time>2024-10-24T08:56:22Z</time>
   </trkpt>
   <trkpt lat="48.4293410" lon="7.3985420">
    <ele>753.9</ele>
    <time>2024-10-24T08:56:23Z</time>
   </trkpt>
   <trkpt lat="48.4293440" lon="7.3985420">
    <ele>753.9</ele>
    <time>2024-10-24T08:56:24Z</time>
   </trkpt>
   <trkpt lat="48.4293460" lon="7.3985430">
    <ele>754.0</ele>
    <time>2024-10-24T08:56:25Z</time>
   </trkpt>
   <trkpt lat="48.4293490" lon="7.3985430">
    <ele>754.0</ele>
    <time>2024-10-24T08:56:26Z</time>
   </trkpt>
   <trkpt lat="48.4293520" lon="7.3985440">
    <ele>754.0</ele>
    <time>2024-10-24T08:56:27Z</time>
   </trkpt>
   <trkpt lat="48.4293550" lon="7.3985440">
    <ele>754.0</ele>
    <time>2024-10-24T08:56:28Z</time>
   </trkpt>
   <trkpt lat="48.4293580" lon="7.3985440">
    <ele>754.0</ele>
    <time>2024-10-24T08:56:29Z</time>
   </trkpt>
   <trkpt lat="48.4293760" lon="7.3985580">
    <ele>754.1</ele>
    <time>2024-10-24T08:56:30Z</time>
   </trkpt>
   <trkpt lat="48.4293830" lon="7.3985620">
    <ele>754.1</ele>
    <time>2024-10-24T08:56:31Z</time>
   </trkpt>
   <trkpt lat="48.4293910" lon="7.3985660">
    <ele>754.2</ele>
    <time>2024-10-24T08:56:32Z</time>
   </trkpt>
   <trkpt lat="48.4294010" lon="7.3985720">
    <ele>754.2</ele>
    <time>2024-10-24T08:56:33Z</time>
   </trkpt>
   <trkpt lat="48.4294100" lon="7.3985820">
    <ele>754.2</ele>
    <time>2024-10-24T08:56:34Z</time>
   </trkpt>
   <trkpt lat="48.4294180" lon="7.3985950">
    <ele>754.3</ele>
    <time>2024-10-24T08:56:35Z</time>
   </trkpt>
   <trkpt lat="48.4294250" lon="7.3986130">
    <ele>754.3</ele>
    <time>2024-10-24T08:56:36Z</time>
   </trkpt>
   <trkpt lat="48.4294290" lon="7.3986260">
    <ele>754.3</ele>
    <time>2024-10-24T08:56:37Z</time>
   </trkpt>
   <trkpt lat="48.4294350" lon="7.3986410">
    <ele>754.4</ele>
    <time>2024-10-24T08:56:38Z</time>
   </trkpt>
   <trkpt lat="48.4294390" lon="7.3986570">
    <ele>754.4</ele>
    <time>2024-10-24T08:56:39Z</time>
   </trkpt>
   <trkpt lat="48.4294440" lon="7.3986700">
    <ele>754.4</ele>
    <time>2024-10-24T08:56:40Z</time>
   </trkpt>
   <trkpt lat="48.4294480" lon="7.3986870">
    <ele>754.5</ele>
    <time>2024-10-24T08:56:41Z</time>
   </trkpt>
   <trkpt lat="48.4294480" lon="7.3987020">
    <ele>754.5</ele>
    <time>2024-10-24T08:56:42Z</time>
   </trkpt>
   <trkpt lat="48.4294480" lon="7.3987180">
    <ele>754.4</ele>
    <time>2024-10-24T08:56:43Z</time>
   </trkpt>
   <trkpt lat="48.4294480" lon="7.3987340">
    <ele>754.4</ele>
    <time>2024-10-24T08:56:44Z</time>
   </trkpt>
   <trkpt lat="48.4294500" lon="7.3987490">
    <ele>754.3</ele>
    <time>2024-10-24T08:56:45Z</time>
   </trkpt>
   <trkpt lat="48.4294520" lon="7.3987620">
    <ele>754.3</ele>
    <time>2024-10-24T08:56:46Z</time>
   </trkpt>
   <trkpt lat="48.4294550" lon="7.3987750">
    <ele>754.2</ele>
    <time>2024-10-24T08:56:47Z</time>
   </trkpt>
   <trkpt lat="48.4294610" lon="7.3987870">
    <ele>754.1</ele>
    <time>2024-10-24T08:56:48Z</time>
   </trkpt>
   <trkpt lat="48.4294670" lon="7.3987970">
    <ele>754.1</ele>
    <time>2024-10-24T08:56:49Z</time>
   </trkpt>
   <trkpt lat="48.4294700" lon="7.3988050">
    <ele>754.1</ele>
    <time>2024-10-24T08:56:50Z</time>
   </trkpt>
   <trkpt lat="48.4294720" lon="7.3988070">
    <ele>754.1</ele>
    <time>2024-10-24T08:56:51Z</time>
   </trkpt>
   <trkpt lat="48.4294750" lon="7.3988110">
    <ele>754.0</ele>
    <time>2024-10-24T08:56:52Z</time>
   </trkpt>
   <trkpt lat="48.4294780" lon="7.3988120">
    <ele>754.0</ele>
    <time>2024-10-24T08:56:53Z</time>
   </trkpt>
   <trkpt lat="48.4294810" lon="7.3988130">
    <ele>754.0</ele>
    <time>2024-10-24T08:56:54Z</time>
   </trkpt>
   <trkpt lat="48.4294850" lon="7.3988140">
    <ele>754.0</ele>
    <time>2024-10-24T08:56:55Z</time>
   </trkpt>
   <trkpt lat="48.4294880" lon="7.3988160">
    <ele>754.0</ele>
    <time>2024-10-24T08:56:56Z</time>
   </trkpt>
   <trkpt lat="48.4294910" lon="7.3988170">
    <ele>753.9</ele>
    <time>2024-10-24T08:56:57Z</time>
   </trkpt>
   <trkpt lat="48.4294940" lon="7.3988180">
    <ele>753.9</ele>
    <time>2024-10-24T08:56:58Z</time>
   </trkpt>
   <trkpt lat="48.4294970" lon="7.3988190">
    <ele>753.9</ele>
    <time>2024-10-24T08:56:59Z</time>
   </trkpt>
   <trkpt lat="48.4295000" lon="7.3988200">
    <ele>753.9</ele>
    <time>2024-10-24T08:57:00Z</time>
   </trkpt>
   <trkpt lat="48.4295040" lon="7.3988210">
    <ele>753.9</ele>
    <time>2024-10-24T08:57:01Z</time>
   </trkpt>
   <trkpt lat="48.4295070" lon="7.3988220">
    <ele>753.8</ele>
    <time>2024-10-24T08:57:02Z</time>
   </trkpt>
   <trkpt lat="48.4295100" lon="7.3988230">
    <ele>753.8</ele>
    <time>2024-10-24T08:57:03Z</time>
   </trkpt>
   <trkpt lat="48.4295130" lon="7.3988240">
    <ele>753.8</ele>
    <time>2024-10-24T08:57:04Z</time>
   </trkpt>
   <trkpt lat="48.4295160" lon="7.3988250">
    <ele>753.8</ele>
    <time>2024-10-24T08:57:05Z</time>
   </trkpt>
   <trkpt lat="48.4295320" lon="7.3988300">
    <ele>753.7</ele>
    <time>2024-10-24T08:57:06Z</time>
   </trkpt>
   <trkpt lat="48.4295440" lon="7.3988340">
    <ele>753.6</ele>
    <time>2024-10-24T08:57:07Z</time>
   </trkpt>
   <trkpt lat="48.4295650" lon="7.3988420">
    <ele>753.5</ele>
    <time>2024-10-24T08:57:08Z</time>
   </trkpt>
   <trkpt lat="48.4295740" lon="7.3988450">
    <ele>753.4</ele>
    <time>2024-10-24T08:57:09Z</time>
   </trkpt>
   <trkpt lat="48.4295820" lon="7.3988470">
    <ele>753.4</ele>
    <time>2024-10-24T08:57:10Z</time>
   </trkpt>
   <trkpt lat="48.4295950" lon="7.3988490">
    <ele>753.3</ele>
    <time>2024-10-24T08:57:11Z</time>
   </trkpt>
   <trkpt lat="48.4296040" lon="7.3988490">
    <ele>753.2</ele>
    <time>2024-10-24T08:57:12Z</time>
   </trkpt>
   <trkpt lat="48.4296120" lon="7.3988530">
    <ele>753.2</ele>
    <time>2024-10-24T08:57:13Z</time>
   </trkpt>
   <trkpt lat="48.4296210" lon="7.3988630">
    <ele>753.1</ele>
    <time>2024-10-24T08:57:14Z</time>
   </trkpt>
   <trkpt lat="48.4296300" lon="7.3988740">
    <ele>753.0</ele>
    <time>2024-10-24T08:57:15Z</time>
   </trkpt>
   <trkpt lat="48.4296410" lon="7.3988810">
    <ele>752.9</ele>
    <time>2024-10-24T08:57:16Z</time>
   </trkpt>
   <trkpt lat="48.4296460" lon="7.3988780">
    <ele>752.9</ele>
    <time>2024-10-24T08:57:17Z</time>
   </trkpt>
   <trkpt lat="48.4296440" lon="7.3988770">
    <ele>752.9</ele>
    <time>2024-10-24T08:57:18Z</time>
   </trkpt>
   <trkpt lat="48.4296420" lon="7.3988810">
    <ele>752.8</ele>
    <time>2024-10-24T08:57:19Z</time>
   </trkpt>
   <trkpt lat="48.4296370" lon="7.3988900">
    <ele>752.8</ele>
    <time>2024-10-24T08:57:20Z</time>
   </trkpt>
   <trkpt lat="48.4296320" lon="7.3988990">
    <ele>752.7</ele>
    <time>2024-10-24T08:57:21Z</time>
   </trkpt>
   <trkpt lat="48.4296300" lon="7.3989020">
    <ele>752.7</ele>
    <time>2024-10-24T08:57:22Z</time>
   </trkpt>
   <trkpt lat="48.4296300" lon="7.3989070">
    <ele>752.7</ele>
    <time>2024-10-24T08:57:23Z</time>
   </trkpt>
   <trkpt lat="48.4296300" lon="7.3989090">
    <ele>752.7</ele>
    <time>2024-10-24T08:57:24Z</time>
   </trkpt>
   <trkpt lat="48.4296360" lon="7.3989170">
    <ele>752.6</ele>
    <time>2024-10-24T08:57:25Z</time>
   </trkpt>
   <trkpt lat="48.4296420" lon="7.3989300">
    <ele>752.5</ele>
    <time>2024-10-24T08:57:26Z</time>
   </trkpt>
   <trkpt lat="48.4296510" lon="7.3989450">
    <ele>752.4</ele>
    <time>2024-10-24T08:57:27Z</time>
   </trkpt>
   <trkpt lat="48.4296610" lon="7.3989610">
    <ele>752.3</ele>
    <time>2024-10-24T08:57:28Z</time>
   </trkpt>
   <trkpt lat="48.4296690" lon="7.3989750">
    <ele>752.2</ele>
    <time>2024-10-24T08:57:29Z</time>
   </trkpt>
   <trkpt lat="48.4296640" lon="7.3989880">
    <ele>752.1</ele>
    <time>2024-10-24T08:57:30Z</time>
   </trkpt>
   <trkpt lat="48.4296510" lon="7.3989970">
    <ele>752.0</ele>
    <time>2024-10-24T08:57:31Z</time>
   </trkpt>
   <trkpt lat="48.4296500" lon="7.3990020">
    <ele>752.0</ele>
    <time>2024-10-24T08:57:32Z</time>
   </trkpt>
   <trkpt lat="48.4296510" lon="7.3990030">
    <ele>752.0</ele>
    <time>2024-10-24T08:57:33Z</time>
   </trkpt>
   <trkpt lat="48.4296530" lon="7.3990040">
    <ele>751.9</ele>
    <time>2024-10-24T08:57:34Z</time>
   </trkpt>
   <trkpt lat="48.4296540" lon="7.3990020">
    <ele>751.9</ele>
    <time>2024-10-24T08:57:35Z</time>
   </trkpt>
   <trkpt lat="48.4296540" lon="7.3990010">
    <ele>751.9</ele>
    <time>2024-10-24T08:57:36Z</time>
   </trkpt>
   <trkpt lat="48.4296520" lon="7.3990020">
    <ele>751.9</ele>
    <time>2024-10-24T08:57:37Z</time>
   </trkpt>
   <trkpt lat="48.4296510" lon="7.3990020">
    <ele>751.9</ele>
    <time>2024-10-24T08:57:38Z</time>
   </trkpt>
   <trkpt lat="48.4296500" lon="7.3990030">
    <ele>751.9</ele>
    <time>2024-10-24T08:57:39Z</time>
   </trkpt>
   <trkpt lat="48.4296490" lon="7.3990030">
    <ele>751.9</ele>
    <time>2024-10-24T08:57:40Z</time>
   </trkpt>
   <trkpt lat="48.4296490" lon="7.3990030">
    <ele>751.9</ele>
    <time>2024-10-24T08:57:41Z</time>
   </trkpt>
   <trkpt lat="48.4296480" lon="7.3990030">
    <ele>751.9</ele>
    <time>2024-10-24T08:57:42Z</time>
   </trkpt>
   <trkpt lat="48.4296480" lon="7.3990030">
    <ele>751.9</ele>
    <time>2024-10-24T08:57:43Z</time>
   </trkpt>
   <trkpt lat="48.4296480" lon="7.3990030">
    <ele>751.9</ele>
    <time>2024-10-24T08:57:44Z</time>
   </trkpt>
   <trkpt lat="48.4296500" lon="7.3990060">
    <ele>751.8</ele>
    <time>2024-10-24T08:57:45Z</time>
   </trkpt>
   <trkpt lat="48.4296520" lon="7.3990090">
    <ele>751.8</ele>
    <time>2024-10-24T08:57:46Z</time>
   </trkpt>
   <trkpt lat="48.4296560" lon="7.3990160">
    <ele>751.8</ele>
    <time>2024-10-24T08:57:47Z</time>
   </trkpt>
   <trkpt lat="48.4296590" lon="7.3990300">
    <ele>751.7</ele>
    <time>2024-10-24T08:57:48Z</time>
   </trkpt>
   <trkpt lat="48.4296590" lon="7.3990470">
    <ele>751.6</ele>
    <time>2024-10-24T08:57:49Z</time>
   </trkpt>
   <trkpt lat="48.4296590" lon="7.3990590">
    <ele>751.5</ele>
    <time>2024-10-24T08:57:50Z</time>
   </trkpt>
   <trkpt lat="48.4296670" lon="7.3990780">
    <ele>751.4</ele>
    <time>2024-10-24T08:57:51Z</time>
   </trkpt>
   <trkpt lat="48.4296760" lon="7.3990840">
    <ele>751.3</ele>
    <time>2024-10-24T08:57:52Z</time>
   </trkpt>
   <trkpt lat="48.4296950" lon="7.3990900">
    <ele>751.1</ele>
    <time>2024-10-24T08:57:53Z</time>
   </trkpt>
   <trkpt lat="48.4297040" lon="7.3990860">
    <ele>751.1</ele>
    <time>2024-10-24T08:57:54Z</time>
   </trkpt>
   <trkpt lat="48.4297120" lon="7.3990830">
    <ele>751.0</ele>
    <time>2024-10-24T08:57:55Z</time>
   </trkpt>
   <trkpt lat="48.4297300" lon="7.3989890">
    <ele>750.4</ele>
    <time>2024-10-24T08:57:56Z</time>
   </trkpt>
   <trkpt lat="48.4297290" lon="7.3989370">
    <ele>750.1</ele>
    <time>2024-10-24T08:57:57Z</time>
   </trkpt>
   <trkpt lat="48.4297290" lon="7.3989300">
    <ele>750.0</ele>
    <time>2024-10-24T08:57:58Z</time>
   </trkpt>
   <trkpt lat="48.4297330" lon="7.3989300">
    <ele>750.0</ele>
    <time>2024-10-24T08:57:59Z</time>
   </trkpt>
   <trkpt lat="48.4297370" lon="7.3989300">
    <ele>750.0</ele>
    <time>2024-10-24T08:58:00Z</time>
   </trkpt>
   <trkpt lat="48.4297410" lon="7.3989310">
    <ele>749.9</ele>
    <time>2024-10-24T08:58:01Z</time>
   </trkpt>
   <trkpt lat="48.4297440" lon="7.3989310">
    <ele>749.9</ele>
    <time>2024-10-24T08:58:02Z</time>
   </trkpt>
   <trkpt lat="48.4297480" lon="7.3989310">
    <ele>749.9</ele>
    <time>2024-10-24T08:58:03Z</time>
   </trkpt>
   <trkpt lat="48.4297520" lon="7.3989320">
    <ele>749.8</ele>
    <time>2024-10-24T08:58:04Z</time>
   </trkpt>
   <trkpt lat="48.4297560" lon="7.3989320">
    <ele>749.8</ele>
    <time>2024-10-24T08:58:05Z</time>
   </trkpt>
   <trkpt lat="48.4297600" lon="7.3989320">
    <ele>749.8</ele>
    <time>2024-10-24T08:58:06Z</time>
   </trkpt>
   <trkpt lat="48.4297640" lon="7.3989330">
    <ele>749.7</ele>
    <time>2024-10-24T08:58:07Z</time>
   </trkpt>
   <trkpt lat="48.4297680" lon="7.3989330">
    <ele>749.7</ele>
    <time>2024-10-24T08:58:08Z</time>
   </trkpt>
   <trkpt lat="48.4297720" lon="7.3989340">
    <ele>749.6</ele>
    <time>2024-10-24T08:58:09Z</time>
   </trkpt>
   <trkpt lat="48.4297760" lon="7.3989340">
    <ele>749.6</ele>
    <time>2024-10-24T08:58:10Z</time>
   </trkpt>
   <trkpt lat="48.4297800" lon="7.3989340">
    <ele>749.6</ele>
    <time>2024-10-24T08:58:11Z</time>
   </trkpt>
   <trkpt lat="48.4297840" lon="7.3989350">
    <ele>749.5</ele>
    <time>2024-10-24T08:58:12Z</time>
   </trkpt>
   <trkpt lat="48.4297890" lon="7.3989420">
    <ele>749.5</ele>
    <time>2024-10-24T08:58:13Z</time>
   </trkpt>
   <trkpt lat="48.4297980" lon="7.3989590">
    <ele>749.3</ele>
    <time>2024-10-24T08:58:14Z</time>
   </trkpt>
   <trkpt lat="48.4298070" lon="7.3989690">
    <ele>749.2</ele>
    <time>2024-10-24T08:58:15Z</time>
   </trkpt>
   <trkpt lat="48.4298170" lon="7.3989750">
    <ele>749.1</ele>
    <time>2024-10-24T08:58:16Z</time>
   </trkpt>
   <trkpt lat="48.4298280" lon="7.3989780">
    <ele>749.0</ele>
    <time>2024-10-24T08:58:17Z</time>
   </trkpt>
   <trkpt lat="48.4298350" lon="7.3989820">
    <ele>749.0</ele>
    <time>2024-10-24T08:58:18Z</time>
   </trkpt>
   <trkpt lat="48.4298450" lon="7.3989900">
    <ele>748.9</ele>
    <time>2024-10-24T08:58:19Z</time>
   </trkpt>
   <trkpt lat="48.4298550" lon="7.3989980">
    <ele>748.8</ele>
    <time>2024-10-24T08:58:20Z</time>
   </trkpt>
   <trkpt lat="48.4298650" lon="7.3990110">
    <ele>748.6</ele>
    <time>2024-10-24T08:58:21Z</time>
   </trkpt>
   <trkpt lat="48.4298810" lon="7.3990310">
    <ele>748.5</ele>
    <time>2024-10-24T08:58:22Z</time>
   </trkpt>
   <trkpt lat="48.4298870" lon="7.3990390">
    <ele>748.4</ele>
    <time>2024-10-24T08:58:23Z</time>
   </trkpt>
   <trkpt lat="48.4298930" lon="7.3990470">
    <ele>748.3</ele>
    <time>2024-10-24T08:58:24Z</time>
   </trkpt>
   <trkpt lat="48.4299020" lon="7.3990600">
    <ele>748.2</ele>
    <time>2024-10-24T08:58:25Z</time>
   </trkpt>
   <trkpt lat="48.4299090" lon="7.3990760">
    <ele>748.1</ele>
    <time>2024-10-24T08:58:26Z</time>
   </trkpt>
   <trkpt lat="48.4299160" lon="7.3990890">
    <ele>748.0</ele>
    <time>2024-10-24T08:58:27Z</time>
   </trkpt>
   <trkpt lat="48.4299220" lon="7.3991000">
    <ele>747.9</ele>
    <time>2024-10-24T08:58:28Z</time>
   </trkpt>
   <trkpt lat="48.4299280" lon="7.3991100">
    <ele>747.9</ele>
    <time>2024-10-24T08:58:29Z</time>
   </trkpt>
   <trkpt lat="48.4299350" lon="7.3991190">
    <ele>747.8</ele>
    <time>2024-10-24T08:58:30Z</time>
   </trkpt>
   <trkpt lat="48.4299410" lon="7.3991310">
    <ele>747.7</ele>
    <time>2024-10-24T08:58:31Z</time>
   </trkpt>
   <trkpt lat="48.4299460" lon="7.3991430">
    <ele>747.6</ele>
    <time>2024-10-24T08:58:32Z</time>
   </trkpt>
   <trkpt lat="48.4299510" lon="7.3991560">
    <ele>747.6</ele>
    <time>2024-10-24T08:58:33Z</time>
   </trkpt>
   <trkpt lat="48.4299530" lon="7.3991700">
    <ele>747.5</ele>
    <time>2024-10-24T08:58:34Z</time>
   </trkpt>
   <trkpt lat="48.4299560" lon="7.3991820">
    <ele>747.4</ele>
    <time>2024-10-24T08:58:35Z</time>
   </trkpt>
   <trkpt lat="48.4299570" lon="7.3991930">
    <ele>747.4</ele>
    <time>2024-10-24T08:58:36Z</time>
   </trkpt>
   <trkpt lat="48.4299610" lon="7.3992040">
    <ele>747.3</ele>
    <time>2024-10-24T08:58:37Z</time>
   </trkpt>
   <trkpt lat="48.4299650" lon="7.3992110">
    <ele>747.3</ele>
    <time>2024-10-24T08:58:38Z</time>
   </trkpt>
   <trkpt lat="48.4299690" lon="7.3992200">
    <ele>747.2</ele>
    <time>2024-10-24T08:58:39Z</time>
   </trkpt>
   <trkpt lat="48.4299710" lon="7.3992280">
    <ele>747.2</ele>
    <time>2024-10-24T08:58:40Z</time>
   </trkpt>
   <trkpt lat="48.4299750" lon="7.3992390">
    <ele>747.1</ele>
    <time>2024-10-24T08:58:41Z</time>
   </trkpt>
   <trkpt lat="48.4299800" lon="7.3992540">
    <ele>747.0</ele>
    <time>2024-10-24T08:58:42Z</time>
   </trkpt>
   <trkpt lat="48.4299840" lon="7.3992660">
    <ele>747.0</ele>
    <time>2024-10-24T08:58:43Z</time>
   </trkpt>
   <trkpt lat="48.4299890" lon="7.3992790">
    <ele>746.9</ele>
    <time>2024-10-24T08:58:44Z</time>
   </trkpt>
   <trkpt lat="48.4299950" lon="7.3992930">
    <ele>746.8</ele>
    <time>2024-10-24T08:58:45Z</time>
   </trkpt>
   <trkpt lat="48.4300020" lon="7.3993020">
    <ele>746.7</ele>
    <time>2024-10-24T08:58:46Z</time>
   </trkpt>
   <trkpt lat="48.4300100" lon="7.3993150">
    <ele>746.6</ele>
    <time>2024-10-24T08:58:47Z</time>
   </trkpt>
   <trkpt lat="48.4300160" lon="7.3993250">
    <ele>746.6</ele>
    <time>2024-10-24T08:58:48Z</time>
   </trkpt>
   <trkpt lat="48.4300220" lon="7.3993390">
    <ele>746.5</ele>
    <time>2024-10-24T08:58:49Z</time>
   </trkpt>
   <trkpt lat="48.4300260" lon="7.3993520">
    <ele>746.4</ele>
    <time>2024-10-24T08:58:50Z</time>
   </trkpt>
   <trkpt lat="48.4300340" lon="7.3993660">
    <ele>746.3</ele>
    <time>2024-10-24T08:58:51Z</time>
   </trkpt>
   <trkpt lat="48.4300420" lon="7.3993790">
    <ele>746.3</ele>
    <time>2024-10-24T08:58:52Z</time>
   </trkpt>
   <trkpt lat="48.4300480" lon="7.3993890">
    <ele>746.2</ele>
    <time>2024-10-24T08:58:53Z</time>
   </trkpt>
   <trkpt lat="48.4300560" lon="7.3993990">
    <ele>746.1</ele>
    <time>2024-10-24T08:58:54Z</time>
   </trkpt>
   <trkpt lat="48.4300640" lon="7.3994020">
    <ele>746.1</ele>
    <time>2024-10-24T08:58:55Z</time>
   </trkpt>
   <trkpt lat="48.4300680" lon="7.3993960">
    <ele>746.0</ele>
    <time>2024-10-24T08:58:56Z</time>
   </trkpt>
   <trkpt lat="48.4300680" lon="7.3993900">
    <ele>746.0</ele>
    <time>2024-10-24T08:58:57Z</time>
   </trkpt>
   <trkpt lat="48.4300670" lon="7.3993890">
    <ele>746.0</ele>
    <time>2024-10-24T08:58:58Z</time>
   </trkpt>
   <trkpt lat="48.4300650" lon="7.3993900">
    <ele>746.0</ele>
    <time>2024-10-24T08:58:59Z</time>
   </trkpt>
   <trkpt lat="48.4300640" lon="7.3993890">
    <ele>746.0</ele>
    <time>2024-10-24T08:59:00Z</time>
   </trkpt>
   <trkpt lat="48.4300630" lon="7.3993880">
    <ele>746.0</ele>
    <time>2024-10-24T08:59:01Z</time>
   </trkpt>
   <trkpt lat="48.4300620" lon="7.3993860">
    <ele>746.0</ele>
    <time>2024-10-24T08:59:02Z</time>
   </trkpt>
   <trkpt lat="48.4300620" lon="7.3993870">
    <ele>746.0</ele>
    <time>2024-10-24T08:59:03Z</time>
   </trkpt>
   <trkpt lat="48.4300640" lon="7.3993900">
    <ele>745.9</ele>
    <time>2024-10-24T08:59:04Z</time>
   </trkpt>
   <trkpt lat="48.4300670" lon="7.3993960">
    <ele>745.9</ele>
    <time>2024-10-24T08:59:05Z</time>
   </trkpt>
   <trkpt lat="48.4300740" lon="7.3994060">
    <ele>745.8</ele>
    <time>2024-10-24T08:59:06Z</time>
   </trkpt>
   <trkpt lat="48.4300830" lon="7.3994220">
    <ele>745.7</ele>
    <time>2024-10-24T08:59:07Z</time>
   </trkpt>
   <trkpt lat="48.4300910" lon="7.3994300">
    <ele>745.7</ele>
    <time>2024-10-24T08:59:08Z</time>
   </trkpt>
   <trkpt lat="48.4301000" lon="7.3994390">
    <ele>745.6</ele>
    <time>2024-10-24T08:59:09Z</time>
   </trkpt>
   <trkpt lat="48.4301070" lon="7.3994490">
    <ele>745.5</ele>
    <time>2024-10-24T08:59:10Z</time>
   </trkpt>
   <trkpt lat="48.4301140" lon="7.3994570">
    <ele>745.5</ele>
    <time>2024-10-24T08:59:11Z</time>
   </trkpt>
   <trkpt lat="48.4301200" lon="7.3994650">
    <ele>745.4</ele>
    <time>2024-10-24T08:59:12Z</time>
   </trkpt>
   <trkpt lat="48.4301220" lon="7.3994660">
    <ele>745.4</ele>
    <time>2024-10-24T08:59:13Z</time>
   </trkpt>
   <trkpt lat="48.4301220" lon="7.3994650">
    <ele>745.4</ele>
    <time>2024-10-24T08:59:14Z</time>
   </trkpt>
   <trkpt lat="48.4301200" lon="7.3994640">
    <ele>745.4</ele>
    <time>2024-10-24T08:59:15Z</time>
   </trkpt>
   <trkpt lat="48.4301180" lon="7.3994640">
    <ele>745.4</ele>
    <time>2024-10-24T08:59:16Z</time>
   </trkpt>
   <trkpt lat="48.4301160" lon="7.3994650">
    <ele>745.4</ele>
    <time>2024-10-24T08:59:17Z</time>
   </trkpt>
   <trkpt lat="48.4301160" lon="7.3994650">
    <ele>745.4</ele>
    <time>2024-10-24T08:59:18Z</time>
   </trkpt>
   <trkpt lat="48.4301150" lon="7.3994650">
    <ele>745.4</ele>
    <time>2024-10-24T08:59:19Z</time>
   </trkpt>
   <trkpt lat="48.4301150" lon="7.3994660">
    <ele>745.4</ele>
    <time>2024-10-24T08:59:20Z</time>
   </trkpt>
   <trkpt lat="48.4301150" lon="7.3994660">
    <ele>745.4</ele>
    <time>2024-10-24T08:59:21Z</time>
   </trkpt>
   <trkpt lat="48.4301160" lon="7.3994670">
    <ele>745.3</ele>
    <time>2024-10-24T08:59:22Z</time>
   </trkpt>
   <trkpt lat="48.4301170" lon="7.3994680">
    <ele>745.3</ele>
    <time>2024-10-24T08:59:23Z</time>
   </trkpt>
   <trkpt lat="48.4301180" lon="7.3994690">
    <ele>745.3</ele>
    <time>2024-10-24T08:59:24Z</time>
   </trkpt>
   <trkpt lat="48.4301190" lon="7.3994720">
    <ele>745.3</ele>
    <time>2024-10-24T08:59:25Z</time>
   </trkpt>
   <trkpt lat="48.4301200" lon="7.3994730">
    <ele>745.3</ele>
    <time>2024-10-24T08:59:26Z</time>
   </trkpt>
   <trkpt lat="48.4301190" lon="7.3994760">
    <ele>745.3</ele>
    <time>2024-10-24T08:59:27Z</time>
   </trkpt>
   <trkpt lat="48.4301200" lon="7.3994810">
    <ele>745.3</ele>
    <time>2024-10-24T08:59:28Z</time>
   </trkpt>
   <trkpt lat="48.4301210" lon="7.3994840">
    <ele>745.3</ele>
    <time>2024-10-24T08:59:29Z</time>
   </trkpt>
   <trkpt lat="48.4301240" lon="7.3994840">
    <ele>745.2</ele>
    <time>2024-10-24T08:59:30Z</time>
   </trkpt>
   <trkpt lat="48.4301240" lon="7.3994830">
    <ele>745.2</ele>
    <time>2024-10-24T08:59:31Z</time>
   </trkpt>
   <trkpt lat="48.4301220" lon="7.3994820">
    <ele>745.2</ele>
    <time>2024-10-24T08:59:32Z</time>
   </trkpt>
   <trkpt lat="48.4301220" lon="7.3994830">
    <ele>745.2</ele>
    <time>2024-10-24T08:59:33Z</time>
   </trkpt>
   <trkpt lat="48.4301160" lon="7.3994880">
    <ele>745.2</ele>
    <time>2024-10-24T08:59:34Z</time>
   </trkpt>
   <trkpt lat="48.4301130" lon="7.3994900">
    <ele>745.1</ele>
    <time>2024-10-24T08:59:35Z</time>
   </trkpt>
   <trkpt lat="48.4301110" lon="7.3994910">
    <ele>745.1</ele>
    <time>2024-10-24T08:59:36Z</time>
   </trkpt>
   <trkpt lat="48.4301110" lon="7.3994910">
    <ele>745.1</ele>
    <time>2024-10-24T08:59:37Z</time>
   </trkpt>
   <trkpt lat="48.4301110" lon="7.3994910">
    <ele>745.1</ele>
    <time>2024-10-24T08:59:38Z</time>
   </trkpt>
   <trkpt lat="48.4301110" lon="7.3994910">
    <ele>745.1</ele>
    <time>2024-10-24T08:59:39Z</time>
   </trkpt>
   <trkpt lat="48.4301110" lon="7.3994910">
    <ele>745.1</ele>
    <time>2024-10-24T08:59:40Z</time>
   </trkpt>
   <trkpt lat="48.4301110" lon="7.3994950">
    <ele>745.1</ele>
    <time>2024-10-24T08:59:41Z</time>
   </trkpt>
   <trkpt lat="48.4301110" lon="7.3994970">
    <ele>745.1</ele>
    <time>2024-10-24T08:59:42Z</time>
   </trkpt>
   <trkpt lat="48.4301120" lon="7.3994980">
    <ele>745.1</ele>
    <time>2024-10-24T08:59:43Z</time>
   </trkpt>
   <trkpt lat="48.4301140" lon="7.3995030">
    <ele>745.1</ele>
    <time>2024-10-24T08:59:44Z</time>
   </trkpt>
   <trkpt lat="48.4301180" lon="7.3995110">
    <ele>745.0</ele>
    <time>2024-10-24T08:59:45Z</time>
   </trkpt>
   <trkpt lat="48.4301230" lon="7.3995010">
    <ele>745.0</ele>
    <time>2024-10-24T08:59:46Z</time>
   </trkpt>
   <trkpt lat="48.4301290" lon="7.3995090">
    <ele>744.9</ele>
    <time>2024-10-24T08:59:47Z</time>
   </trkpt>
   <trkpt lat="48.4301350" lon="7.3995170">
    <ele>744.8</ele>
    <time>2024-10-24T08:59:48Z</time>
   </trkpt>
   <trkpt lat="48.4301410" lon="7.3995240">
    <ele>744.8</ele>
    <time>2024-10-24T08:59:49Z</time>
   </trkpt>
   <trkpt lat="48.4301480" lon="7.3995320">
    <ele>744.7</ele>
    <time>2024-10-24T08:59:50Z</time>
   </trkpt>
   <trkpt lat="48.4301540" lon="7.3995390">
    <ele>744.7</ele>
    <time>2024-10-24T08:59:51Z</time>
   </trkpt>
   <trkpt lat="48.4301610" lon="7.3995630">
    <ele>744.5</ele>
    <time>2024-10-24T08:59:52Z</time>
   </trkpt>
   <trkpt lat="48.4301670" lon="7.3995790">
    <ele>744.5</ele>
    <time>2024-10-24T08:59:53Z</time>
   </trkpt>
   <trkpt lat="48.4301650" lon="7.3995960">
    <ele>744.4</ele>
    <time>2024-10-24T08:59:54Z</time>
   </trkpt>
   <trkpt lat="48.4301660" lon="7.3995990">
    <ele>744.4</ele>
    <time>2024-10-24T08:59:55Z</time>
   </trkpt>
   <trkpt lat="48.4301670" lon="7.3996020">
    <ele>744.3</ele>
    <time>2024-10-24T08:59:56Z</time>
   </trkpt>
   <trkpt lat="48.4301670" lon="7.3996050">
    <ele>744.3</ele>
    <time>2024-10-24T08:59:57Z</time>
   </trkpt>
   <trkpt lat="48.4301680" lon="7.3996080">
    <ele>744.3</ele>
    <time>2024-10-24T08:59:58Z</time>
   </trkpt>
   <trkpt lat="48.4301690" lon="7.3996100">
    <ele>744.3</ele>
    <time>2024-10-24T08:59:59Z</time>
   </trkpt>
   <trkpt lat="48.4301690" lon="7.3996130">
    <ele>744.3</ele>
    <time>2024-10-24T09:00:00Z</time>
   </trkpt>
   <trkpt lat="48.4301700" lon="7.3996160">
    <ele>744.3</ele>
    <time>2024-10-24T09:00:01Z</time>
   </trkpt>
   <trkpt lat="48.4301710" lon="7.3996190">
    <ele>744.3</ele>
    <time>2024-10-24T09:00:02Z</time>
   </trkpt>
   <trkpt lat="48.4301710" lon="7.3996220">
    <ele>744.2</ele>
    <time>2024-10-24T09:00:03Z</time>
   </trkpt>
   <trkpt lat="48.4301720" lon="7.3996250">
    <ele>744.2</ele>
    <time>2024-10-24T09:00:04Z</time>
   </trkpt>
   <trkpt lat="48.4301730" lon="7.3996270">
    <ele>744.2</ele>
    <time>2024-10-24T09:00:05Z</time>
   </trkpt>
   <trkpt lat="48.4301730" lon="7.3996300">
    <ele>744.2</ele>
    <time>2024-10-24T09:00:06Z</time>
   </trkpt>
   <trkpt lat="48.4301740" lon="7.3996330">
    <ele>744.2</ele>
    <time>2024-10-24T09:00:07Z</time>
   </trkpt>
   <trkpt lat="48.4301810" lon="7.3996480">
    <ele>744.1</ele>
    <time>2024-10-24T09:00:08Z</time>
   </trkpt>
   <trkpt lat="48.4301920" lon="7.3996640">
    <ele>744.0</ele>
    <time>2024-10-24T09:00:09Z</time>
   </trkpt>
   <trkpt lat="48.4302050" lon="7.3996790">
    <ele>743.9</ele>
    <time>2024-10-24T09:00:10Z</time>
   </trkpt>
   <trkpt lat="48.4302160" lon="7.3996940">
    <ele>743.8</ele>
    <time>2024-10-24T09:00:11Z</time>
   </trkpt>
   <trkpt lat="48.4302290" lon="7.3997050">
    <ele>743.8</ele>
    <time>2024-10-24T09:00:12Z</time>
   </trkpt>
   <trkpt lat="48.4302370" lon="7.3997130">
    <ele>743.8</ele>
    <time>2024-10-24T09:00:13Z</time>
   </trkpt>
   <trkpt lat="48.4302440" lon="7.3997190">
    <ele>743.9</ele>
    <time>2024-10-24T09:00:14Z</time>
   </trkpt>
   <trkpt lat="48.4302520" lon="7.3997130">
    <ele>743.9</ele>
    <time>2024-10-24T09:00:15Z</time>
   </trkpt>
   <trkpt lat="48.4302590" lon="7.3997080">
    <ele>743.9</ele>
    <time>2024-10-24T09:00:16Z</time>
   </trkpt>
   <trkpt lat="48.4302750" lon="7.3997050">
    <ele>743.9</ele>
    <time>2024-10-24T09:00:17Z</time>
   </trkpt>
   <trkpt lat="48.4302910" lon="7.3996920">
    <ele>743.9</ele>
    <time>2024-10-24T09:00:18Z</time>
   </trkpt>
   <trkpt lat="48.4303000" lon="7.3996860">
    <ele>743.9</ele>
    <time>2024-10-24T09:00:19Z</time>
   </trkpt>
   <trkpt lat="48.4303080" lon="7.3996810">
    <ele>743.9</ele>
    <time>2024-10-24T09:00:20Z</time>
   </trkpt>
   <trkpt lat="48.4303290" lon="7.3996720">
    <ele>743.9</ele>
    <time>2024-10-24T09:00:21Z</time>
   </trkpt>
   <trkpt lat="48.4303370" lon="7.3996680">
    <ele>743.9</ele>
    <time>2024-10-24T09:00:22Z</time>
   </trkpt>
   <trkpt lat="48.4303460" lon="7.3996640">
    <ele>743.9</ele>
    <time>2024-10-24T09:00:23Z</time>
   </trkpt>
   <trkpt lat="48.4303590" lon="7.3996570">
    <ele>743.9</ele>
    <time>2024-10-24T09:00:24Z</time>
   </trkpt>
   <trkpt lat="48.4303740" lon="7.3996520">
    <ele>743.9</ele>
    <time>2024-10-24T09:00:25Z</time>
   </trkpt>
   <trkpt lat="48.4303880" lon="7.3996490">
    <ele>743.9</ele>
    <time>2024-10-24T09:00:26Z</time>
   </trkpt>
   <trkpt lat="48.4304050" lon="7.3996470">
    <ele>743.8</ele>
    <time>2024-10-24T09:00:27Z</time>
   </trkpt>
   <trkpt lat="48.4304210" lon="7.3996440">
    <ele>743.8</ele>
    <time>2024-10-24T09:00:28Z</time>
   </trkpt>
   <trkpt lat="48.4304370" lon="7.3996430">
    <ele>743.8</ele>
    <time>2024-10-24T09:00:29Z</time>
   </trkpt>
   <trkpt lat="48.4304520" lon="7.3996400">
    <ele>743.8</ele>
    <time>2024-10-24T09:00:30Z</time>
   </trkpt>
   <trkpt lat="48.4304650" lon="7.3996340">
    <ele>743.8</ele>
    <time>2024-10-24T09:00:31Z</time>
   </trkpt>
   <trkpt lat="48.4304800" lon="7.3996240">
    <ele>743.8</ele>
    <time>2024-10-24T09:00:32Z</time>
   </trkpt>
   <trkpt lat="48.4304860" lon="7.3996160">
    <ele>743.8</ele>
    <time>2024-10-24T09:00:33Z</time>
   </trkpt>
   <trkpt lat="48.4304840" lon="7.3996040">
    <ele>743.8</ele>
    <time>2024-10-24T09:00:34Z</time>
   </trkpt>
   <trkpt lat="48.4304690" lon="7.3995930">
    <ele>743.8</ele>
    <time>2024-10-24T09:00:35Z</time>
   </trkpt>
   <trkpt lat="48.4304550" lon="7.3995930">
    <ele>743.8</ele>
    <time>2024-10-24T09:00:36Z</time>
   </trkpt>
   <trkpt lat="48.4304510" lon="7.3995930">
    <ele>743.8</ele>
    <time>2024-10-24T09:00:37Z</time>
   </trkpt>
   <trkpt lat="48.4304520" lon="7.3995920">
    <ele>743.8</ele>
    <time>2024-10-24T09:00:38Z</time>
   </trkpt>
   <trkpt lat="48.4304540" lon="7.3995910">
    <ele>743.8</ele>
    <time>2024-10-24T09:00:39Z</time>
   </trkpt>
   <trkpt lat="48.4304550" lon="7.3995900">
    <ele>743.8</ele>
    <time>2024-10-24T09:00:40Z</time>
   </trkpt>
   <trkpt lat="48.4304540" lon="7.3995880">
    <ele>743.8</ele>
    <time>2024-10-24T09:00:41Z</time>
   </trkpt>
   <trkpt lat="48.4304520" lon="7.3995880">
    <ele>743.8</ele>
    <time>2024-10-24T09:00:42Z</time>
   </trkpt>
   <trkpt lat="48.4304510" lon="7.3995880">
    <ele>743.8</ele>
    <time>2024-10-24T09:00:43Z</time>
   </trkpt>
   <trkpt lat="48.4304500" lon="7.3995880">
    <ele>743.8</ele>
    <time>2024-10-24T09:00:44Z</time>
   </trkpt>
   <trkpt lat="48.4304480" lon="7.3995870">
    <ele>743.8</ele>
    <time>2024-10-24T09:00:45Z</time>
   </trkpt>
   <trkpt lat="48.4304460" lon="7.3995870">
    <ele>743.8</ele>
    <time>2024-10-24T09:00:46Z</time>
   </trkpt>
   <trkpt lat="48.4304440" lon="7.3995890">
    <ele>743.8</ele>
    <time>2024-10-24T09:00:47Z</time>
   </trkpt>
   <trkpt lat="48.4304430" lon="7.3995890">
    <ele>743.8</ele>
    <time>2024-10-24T09:00:48Z</time>
   </trkpt>
   <trkpt lat="48.4304430" lon="7.3995920">
    <ele>743.8</ele>
    <time>2024-10-24T09:00:49Z</time>
   </trkpt>
   <trkpt lat="48.4304450" lon="7.3996030">
    <ele>743.8</ele>
    <time>2024-10-24T09:00:50Z</time>
   </trkpt>
   <trkpt lat="48.4304480" lon="7.3996110">
    <ele>743.8</ele>
    <time>2024-10-24T09:00:51Z</time>
   </trkpt>
   <trkpt lat="48.4304500" lon="7.3996070">
    <ele>743.8</ele>
    <time>2024-10-24T09:00:52Z</time>
   </trkpt>
   <trkpt lat="48.4304460" lon="7.3996000">
    <ele>743.8</ele>
    <time>2024-10-24T09:00:53Z</time>
   </trkpt>
   <trkpt lat="48.4304430" lon="7.3995970">
    <ele>743.8</ele>
    <time>2024-10-24T09:00:54Z</time>
   </trkpt>
   <trkpt lat="48.4304440" lon="7.3995970">
    <ele>743.8</ele>
    <time>2024-10-24T09:00:55Z</time>
   </trkpt>
   <trkpt lat="48.4304450" lon="7.3995980">
    <ele>743.8</ele>
    <time>2024-10-24T09:00:56Z</time>
   </trkpt>
   <trkpt lat="48.4304470" lon="7.3995980">
    <ele>743.8</ele>
    <time>2024-10-24T09:00:57Z</time>
   </trkpt>
   <trkpt lat="48.4304470" lon="7.3995990">
    <ele>743.8</ele>
    <time>2024-10-24T09:00:58Z</time>
   </trkpt>
   <trkpt lat="48.4304480" lon="7.3996000">
    <ele>743.8</ele>
    <time>2024-10-24T09:00:59Z</time>
   </trkpt>
   <trkpt lat="48.4304480" lon="7.3996020">
    <ele>743.8</ele>
    <time>2024-10-24T09:01:00Z</time>
   </trkpt>
   <trkpt lat="48.4304490" lon="7.3996030">
    <ele>743.8</ele>
    <time>2024-10-24T09:01:01Z</time>
   </trkpt>
   <trkpt lat="48.4304510" lon="7.3996050">
    <ele>743.8</ele>
    <time>2024-10-24T09:01:02Z</time>
   </trkpt>
   <trkpt lat="48.4304530" lon="7.3996060">
    <ele>743.8</ele>
    <time>2024-10-24T09:01:03Z</time>
   </trkpt>
   <trkpt lat="48.4304560" lon="7.3996160">
    <ele>743.8</ele>
    <time>2024-10-24T09:01:04Z</time>
   </trkpt>
   <trkpt lat="48.4304630" lon="7.3996400">
    <ele>743.8</ele>
    <time>2024-10-24T09:01:05Z</time>
   </trkpt>
   <trkpt lat="48.4304690" lon="7.3996620">
    <ele>743.8</ele>
    <time>2024-10-24T09:01:06Z</time>
   </trkpt>
   <trkpt lat="48.4304810" lon="7.3996800">
    <ele>743.9</ele>
    <time>2024-10-24T09:01:07Z</time>
   </trkpt>
   <trkpt lat="48.4304860" lon="7.3996910">
    <ele>743.9</ele>
    <time>2024-10-24T09:01:08Z</time>
   </trkpt>
   <trkpt lat="48.4304920" lon="7.3997080">
    <ele>743.9</ele>
    <time>2024-10-24T09:01:09Z</time>
   </trkpt>
   <trkpt lat="48.4304970" lon="7.3997240">
    <ele>743.9</ele>
    <time>2024-10-24T09:01:10Z</time>
   </trkpt>
   <trkpt lat="48.4305040" lon="7.3997430">
    <ele>743.9</ele>
    <time>2024-10-24T09:01:11Z</time>
   </trkpt>
   <trkpt lat="48.4305110" lon="7.3997620">
    <ele>743.8</ele>
    <time>2024-10-24T09:01:12Z</time>
   </trkpt>
   <trkpt lat="48.4305190" lon="7.3997720">
    <ele>743.8</ele>
    <time>2024-10-24T09:01:13Z</time>
   </trkpt>
   <trkpt lat="48.4305270" lon="7.3997860">
    <ele>743.8</ele>
    <time>2024-10-24T09:01:14Z</time>
   </trkpt>
   <trkpt lat="48.4305350" lon="7.3998000">
    <ele>743.7</ele>
    <time>2024-10-24T09:01:15Z</time>
   </trkpt>
   <trkpt lat="48.4305430" lon="7.3998130">
    <ele>743.7</ele>
    <time>2024-10-24T09:01:16Z</time>
   </trkpt>
   <trkpt lat="48.4305530" lon="7.3998290">
    <ele>743.7</ele>
    <time>2024-10-24T09:01:17Z</time>
   </trkpt>
   <trkpt lat="48.4305580" lon="7.3998350">
    <ele>743.7</ele>
    <time>2024-10-24T09:01:18Z</time>
   </trkpt>
   <trkpt lat="48.4305640" lon="7.3998450">
    <ele>743.6</ele>
    <time>2024-10-24T09:01:19Z</time>
   </trkpt>
   <trkpt lat="48.4305700" lon="7.3998570">
    <ele>743.6</ele>
    <time>2024-10-24T09:01:20Z</time>
   </trkpt>
   <trkpt lat="48.4305760" lon="7.3998700">
    <ele>743.6</ele>
    <time>2024-10-24T09:01:21Z</time>
   </trkpt>
   <trkpt lat="48.4305830" lon="7.3998860">
    <ele>743.5</ele>
    <time>2024-10-24T09:01:22Z</time>
   </trkpt>
   <trkpt lat="48.4305880" lon="7.3998980">
    <ele>743.5</ele>
    <time>2024-10-24T09:01:23Z</time>
   </trkpt>
   <trkpt lat="48.4305940" lon="7.3999100">
    <ele>743.5</ele>
    <time>2024-10-24T09:01:24Z</time>
   </trkpt>
   <trkpt lat="48.4306000" lon="7.3999250">
    <ele>743.5</ele>
    <time>2024-10-24T09:01:25Z</time>
   </trkpt>
   <trkpt lat="48.4306080" lon="7.3999360">
    <ele>743.4</ele>
    <time>2024-10-24T09:01:26Z</time>
   </trkpt>
   <trkpt lat="48.4306180" lon="7.3999470">
    <ele>743.4</ele>
    <time>2024-10-24T09:01:27Z</time>
   </trkpt>
   <trkpt lat="48.4306230" lon="7.3999560">
    <ele>743.4</ele>
    <time>2024-10-24T09:01:28Z</time>
   </trkpt>
   <trkpt lat="48.4306290" lon="7.3999680">
    <ele>743.4</ele>
    <time>2024-10-24T09:01:29Z</time>
   </trkpt>
   <trkpt lat="48.4306390" lon="7.3999780">
    <ele>743.3</ele>
    <time>2024-10-24T09:01:30Z</time>
   </trkpt>
   <trkpt lat="48.4306470" lon="7.3999890">
    <ele>743.3</ele>
    <time>2024-10-24T09:01:31Z</time>
   </trkpt>
   <trkpt lat="48.4306570" lon="7.4000080">
    <ele>743.3</ele>
    <time>2024-10-24T09:01:32Z</time>
   </trkpt>
   <trkpt lat="48.4306600" lon="7.4000130">
    <ele>743.3</ele>
    <time>2024-10-24T09:01:33Z</time>
   </trkpt>
   <trkpt lat="48.4306670" lon="7.4000210">
    <ele>743.2</ele>
    <time>2024-10-24T09:01:34Z</time>
   </trkpt>
   <trkpt lat="48.4306750" lon="7.4000300">
    <ele>743.2</ele>
    <time>2024-10-24T09:01:35Z</time>
   </trkpt>
   <trkpt lat="48.4306840" lon="7.4000360">
    <ele>743.2</ele>
    <time>2024-10-24T09:01:36Z</time>
   </trkpt>
   <trkpt lat="48.4306980" lon="7.4000430">
    <ele>743.2</ele>
    <time>2024-10-24T09:01:37Z</time>
   </trkpt>
   <trkpt lat="48.4307040" lon="7.4000440">
    <ele>743.1</ele>
    <time>2024-10-24T09:01:38Z</time>
   </trkpt>
   <trkpt lat="48.4307140" lon="7.4000470">
    <ele>743.1</ele>
    <time>2024-10-24T09:01:39Z</time>
   </trkpt>
   <trkpt lat="48.4307230" lon="7.4000520">
    <ele>743.1</ele>
    <time>2024-10-24T09:01:40Z</time>
   </trkpt>
   <trkpt lat="48.4307330" lon="7.4000590">
    <ele>743.1</ele>
    <time>2024-10-24T09:01:41Z</time>
   </trkpt>
   <trkpt lat="48.4307460" lon="7.4000690">
    <ele>743.0</ele>
    <time>2024-10-24T09:01:42Z</time>
   </trkpt>
   <trkpt lat="48.4307520" lon="7.4000740">
    <ele>743.0</ele>
    <time>2024-10-24T09:01:43Z</time>
   </trkpt>
   <trkpt lat="48.4307590" lon="7.4000810">
    <ele>743.0</ele>
    <time>2024-10-24T09:01:44Z</time>
   </trkpt>
   <trkpt lat="48.4307670" lon="7.4000900">
    <ele>743.0</ele>
    <time>2024-10-24T09:01:45Z</time>
   </trkpt>
   <trkpt lat="48.4307730" lon="7.4001030">
    <ele>743.0</ele>
    <time>2024-10-24T09:01:46Z</time>
   </trkpt>
   <trkpt lat="48.4307840" lon="7.4001150">
    <ele>742.9</ele>
    <time>2024-10-24T09:01:47Z</time>
   </trkpt>
   <trkpt lat="48.4307890" lon="7.4001210">
    <ele>742.9</ele>
    <time>2024-10-24T09:01:48Z</time>
   </trkpt>
   <trkpt lat="48.4307960" lon="7.4001300">
    <ele>742.9</ele>
    <time>2024-10-24T09:01:49Z</time>
   </trkpt>
   <trkpt lat="48.4308040" lon="7.4001400">
    <ele>742.9</ele>
    <time>2024-10-24T09:01:50Z</time>
   </trkpt>
   <trkpt lat="48.4308120" lon="7.4001480">
    <ele>742.9</ele>
    <time>2024-10-24T09:01:51Z</time>
   </trkpt>
   <trkpt lat="48.4308230" lon="7.4001620">
    <ele>742.8</ele>
    <time>2024-10-24T09:01:52Z</time>
   </trkpt>
   <trkpt lat="48.4308280" lon="7.4001690">
    <ele>742.8</ele>
    <time>2024-10-24T09:01:53Z</time>
   </trkpt>
   <trkpt lat="48.4308360" lon="7.4001800">
    <ele>742.8</ele>
    <time>2024-10-24T09:01:54Z</time>
   </trkpt>
   <trkpt lat="48.4308430" lon="7.4001900">
    <ele>742.8</ele>
    <time>2024-10-24T09:01:55Z</time>
   </trkpt>
   <trkpt lat="48.4308510" lon="7.4002000">
    <ele>742.8</ele>
    <time>2024-10-24T09:01:56Z</time>
   </trkpt>
   <trkpt lat="48.4308620" lon="7.4002140">
    <ele>742.7</ele>
    <time>2024-10-24T09:01:57Z</time>
   </trkpt>
   <trkpt lat="48.4308660" lon="7.4002200">
    <ele>742.7</ele>
    <time>2024-10-24T09:01:58Z</time>
   </trkpt>
   <trkpt lat="48.4308750" lon="7.4002280">
    <ele>742.7</ele>
    <time>2024-10-24T09:01:59Z</time>
   </trkpt>
   <trkpt lat="48.4308840" lon="7.4002370">
    <ele>742.7</ele>
    <time>2024-10-24T09:02:00Z</time>
   </trkpt>
   <trkpt lat="48.4308910" lon="7.4002490">
    <ele>742.7</ele>
    <time>2024-10-24T09:02:01Z</time>
   </trkpt>
   <trkpt lat="48.4309010" lon="7.4002630">
    <ele>742.7</ele>
    <time>2024-10-24T09:02:02Z</time>
   </trkpt>
   <trkpt lat="48.4309050" lon="7.4002700">
    <ele>742.7</ele>
    <time>2024-10-24T09:02:03Z</time>
   </trkpt>
   <trkpt lat="48.4309110" lon="7.4002800">
    <ele>742.7</ele>
    <time>2024-10-24T09:02:04Z</time>
   </trkpt>
   <trkpt lat="48.4309220" lon="7.4002970">
    <ele>742.6</ele>
    <time>2024-10-24T09:02:05Z</time>
   </trkpt>
   <trkpt lat="48.4309290" lon="7.4003020">
    <ele>742.6</ele>
    <time>2024-10-24T09:02:06Z</time>
   </trkpt>
   <trkpt lat="48.4309350" lon="7.4003080">
    <ele>742.6</ele>
    <time>2024-10-24T09:02:07Z</time>
   </trkpt>
   <trkpt lat="48.4309420" lon="7.4003140">
    <ele>742.6</ele>
    <time>2024-10-24T09:02:08Z</time>
   </trkpt>
   <trkpt lat="48.4309480" lon="7.4003270">
    <ele>742.6</ele>
    <time>2024-10-24T09:02:09Z</time>
   </trkpt>
   <trkpt lat="48.4309540" lon="7.4003390">
    <ele>742.6</ele>
    <time>2024-10-24T09:02:10Z</time>
   </trkpt>
   <trkpt lat="48.4309610" lon="7.4003520">
    <ele>742.6</ele>
    <time>2024-10-24T09:02:11Z</time>
   </trkpt>
   <trkpt lat="48.4309710" lon="7.4003670">
    <ele>742.5</ele>
    <time>2024-10-24T09:02:12Z</time>
   </trkpt>
   <trkpt lat="48.4309770" lon="7.4003740">
    <ele>742.5</ele>
    <time>2024-10-24T09:02:13Z</time>
   </trkpt>
   <trkpt lat="48.4309830" lon="7.4003850">
    <ele>742.5</ele>
    <time>2024-10-24T09:02:14Z</time>
   </trkpt>
   <trkpt lat="48.4309920" lon="7.4003960">
    <ele>742.5</ele>
    <time>2024-10-24T09:02:15Z</time>
   </trkpt>
   <trkpt lat="48.4309980" lon="7.4004070">
    <ele>742.5</ele>
    <time>2024-10-24T09:02:16Z</time>
   </trkpt>
   <trkpt lat="48.4310080" lon="7.4004200">
    <ele>742.4</ele>
    <time>2024-10-24T09:02:17Z</time>
   </trkpt>
   <trkpt lat="48.4310190" lon="7.4004330">
    <ele>742.4</ele>
    <time>2024-10-24T09:02:18Z</time>
   </trkpt>
   <trkpt lat="48.4310250" lon="7.4004390">
    <ele>742.4</ele>
    <time>2024-10-24T09:02:19Z</time>
   </trkpt>
   <trkpt lat="48.4310310" lon="7.4004450">
    <ele>742.3</ele>
    <time>2024-10-24T09:02:20Z</time>
   </trkpt>
   <trkpt lat="48.4310380" lon="7.4004510">
    <ele>742.3</ele>
    <time>2024-10-24T09:02:21Z</time>
   </trkpt>
   <trkpt lat="48.4310410" lon="7.4004550">
    <ele>742.3</ele>
    <time>2024-10-24T09:02:22Z</time>
   </trkpt>
   <trkpt lat="48.4310530" lon="7.4004680">
    <ele>742.2</ele>
    <time>2024-10-24T09:02:23Z</time>
   </trkpt>
   <trkpt lat="48.4310610" lon="7.4004740">
    <ele>742.2</ele>
    <time>2024-10-24T09:02:24Z</time>
   </trkpt>
   <trkpt lat="48.4310670" lon="7.4004820">
    <ele>742.1</ele>
    <time>2024-10-24T09:02:25Z</time>
   </trkpt>
   <trkpt lat="48.4310730" lon="7.4004810">
    <ele>742.1</ele>
    <time>2024-10-24T09:02:26Z</time>
   </trkpt>
   <trkpt lat="48.4310760" lon="7.4004750">
    <ele>742.1</ele>
    <time>2024-10-24T09:02:27Z</time>
   </trkpt>
   <trkpt lat="48.4310760" lon="7.4004750">
    <ele>742.1</ele>
    <time>2024-10-24T09:02:28Z</time>
   </trkpt>
   <trkpt lat="48.4310800" lon="7.4004780">
    <ele>742.1</ele>
    <time>2024-10-24T09:02:29Z</time>
   </trkpt>
   <trkpt lat="48.4310860" lon="7.4004810">
    <ele>742.0</ele>
    <time>2024-10-24T09:02:30Z</time>
   </trkpt>
   <trkpt lat="48.4310950" lon="7.4004860">
    <ele>742.0</ele>
    <time>2024-10-24T09:02:31Z</time>
   </trkpt>
   <trkpt lat="48.4311050" lon="7.4004910">
    <ele>741.9</ele>
    <time>2024-10-24T09:02:32Z</time>
   </trkpt>
   <trkpt lat="48.4311170" lon="7.4004960">
    <ele>741.8</ele>
    <time>2024-10-24T09:02:33Z</time>
   </trkpt>
   <trkpt lat="48.4311250" lon="7.4004990">
    <ele>741.8</ele>
    <time>2024-10-24T09:02:34Z</time>
   </trkpt>
   <trkpt lat="48.4311340" lon="7.4005010">
    <ele>741.7</ele>
    <time>2024-10-24T09:02:35Z</time>
   </trkpt>
   <trkpt lat="48.4311440" lon="7.4005030">
    <ele>741.7</ele>
    <time>2024-10-24T09:02:36Z</time>
   </trkpt>
   <trkpt lat="48.4311510" lon="7.4005050">
    <ele>741.6</ele>
    <time>2024-10-24T09:02:37Z</time>
   </trkpt>
   <trkpt lat="48.4311600" lon="7.4005070">
    <ele>741.6</ele>
    <time>2024-10-24T09:02:38Z</time>
   </trkpt>
   <trkpt lat="48.4311680" lon="7.4005080">
    <ele>741.5</ele>
    <time>2024-10-24T09:02:39Z</time>
   </trkpt>
   <trkpt lat="48.4311780" lon="7.4005070">
    <ele>741.4</ele>
    <time>2024-10-24T09:02:40Z</time>
   </trkpt>
   <trkpt lat="48.4311860" lon="7.4005010">
    <ele>741.4</ele>
    <time>2024-10-24T09:02:41Z</time>
   </trkpt>
   <trkpt lat="48.4311940" lon="7.4004920">
    <ele>741.3</ele>
    <time>2024-10-24T09:02:42Z</time>
   </trkpt>
   <trkpt lat="48.4312040" lon="7.4004850">
    <ele>741.3</ele>
    <time>2024-10-24T09:02:44Z</time>
   </trkpt>
   <trkpt lat="48.4312120" lon="7.4004830">
    <ele>741.2</ele>
    <time>2024-10-24T09:02:45Z</time>
   </trkpt>
   <trkpt lat="48.4312200" lon="7.4004820">
    <ele>741.1</ele>
    <time>2024-10-24T09:02:46Z</time>
   </trkpt>
   <trkpt lat="48.4312280" lon="7.4004810">
    <ele>741.1</ele>
    <time>2024-10-24T09:02:47Z</time>
   </trkpt>
   <trkpt lat="48.4312390" lon="7.4004820">
    <ele>741.0</ele>
    <time>2024-10-24T09:02:48Z</time>
   </trkpt>
   <trkpt lat="48.4312450" lon="7.4004820">
    <ele>741.0</ele>
    <time>2024-10-24T09:02:49Z</time>
   </trkpt>
   <trkpt lat="48.4312530" lon="7.4004800">
    <ele>741.0</ele>
    <time>2024-10-24T09:02:50Z</time>
   </trkpt>
   <trkpt lat="48.4312610" lon="7.4004760">
    <ele>740.9</ele>
    <time>2024-10-24T09:02:51Z</time>
   </trkpt>
   <trkpt lat="48.4312690" lon="7.4004730">
    <ele>740.9</ele>
    <time>2024-10-24T09:02:52Z</time>
   </trkpt>
   <trkpt lat="48.4312780" lon="7.4004670">
    <ele>740.9</ele>
    <time>2024-10-24T09:02:53Z</time>
   </trkpt>
   <trkpt lat="48.4312840" lon="7.4004630">
    <ele>740.8</ele>
    <time>2024-10-24T09:02:54Z</time>
   </trkpt>
   <trkpt lat="48.4312970" lon="7.4004530">
    <ele>740.8</ele>
    <time>2024-10-24T09:02:55Z</time>
   </trkpt>
   <trkpt lat="48.4313030" lon="7.4004480">
    <ele>740.8</ele>
    <time>2024-10-24T09:02:56Z</time>
   </trkpt>
   <trkpt lat="48.4313100" lon="7.4004430">
    <ele>740.7</ele>
    <time>2024-10-24T09:02:57Z</time>
   </trkpt>
   <trkpt lat="48.4313160" lon="7.4004380">
    <ele>740.7</ele>
    <time>2024-10-24T09:02:58Z</time>
   </trkpt>
   <trkpt lat="48.4313220" lon="7.4004360">
    <ele>740.7</ele>
    <time>2024-10-24T09:02:59Z</time>
   </trkpt>
   <trkpt lat="48.4313310" lon="7.4004320">
    <ele>740.7</ele>
    <time>2024-10-24T09:03:00Z</time>
   </trkpt>
   <trkpt lat="48.4313400" lon="7.4004290">
    <ele>740.6</ele>
    <time>2024-10-24T09:03:01Z</time>
   </trkpt>
   <trkpt lat="48.4313480" lon="7.4004270">
    <ele>740.6</ele>
    <time>2024-10-24T09:03:02Z</time>
   </trkpt>
   <trkpt lat="48.4313570" lon="7.4004180">
    <ele>740.6</ele>
    <time>2024-10-24T09:03:03Z</time>
   </trkpt>
   <trkpt lat="48.4313660" lon="7.4004100">
    <ele>740.6</ele>
    <time>2024-10-24T09:03:04Z</time>
   </trkpt>
   <trkpt lat="48.4313730" lon="7.4004010">
    <ele>740.6</ele>
    <time>2024-10-24T09:03:05Z</time>
   </trkpt>
   <trkpt lat="48.4313810" lon="7.4003940">
    <ele>740.6</ele>
    <time>2024-10-24T09:03:06Z</time>
   </trkpt>
   <trkpt lat="48.4313890" lon="7.4003870">
    <ele>740.5</ele>
    <time>2024-10-24T09:03:07Z</time>
   </trkpt>
   <trkpt lat="48.4313970" lon="7.4003800">
    <ele>740.5</ele>
    <time>2024-10-24T09:03:08Z</time>
   </trkpt>
   <trkpt lat="48.4314050" lon="7.4003790">
    <ele>740.5</ele>
    <time>2024-10-24T09:03:09Z</time>
   </trkpt>
   <trkpt lat="48.4314130" lon="7.4003860">
    <ele>740.5</ele>
    <time>2024-10-24T09:03:10Z</time>
   </trkpt>
   <trkpt lat="48.4314200" lon="7.4003850">
    <ele>740.5</ele>
    <time>2024-10-24T09:03:11Z</time>
   </trkpt>
   <trkpt lat="48.4314270" lon="7.4003810">
    <ele>740.5</ele>
    <time>2024-10-24T09:03:12Z</time>
   </trkpt>
   <trkpt lat="48.4314340" lon="7.4003770">
    <ele>740.5</ele>
    <time>2024-10-24T09:03:13Z</time>
   </trkpt>
   <trkpt lat="48.4314410" lon="7.4003720">
    <ele>740.5</ele>
    <time>2024-10-24T09:03:14Z</time>
   </trkpt>
   <trkpt lat="48.4314490" lon="7.4003680">
    <ele>740.5</ele>
    <time>2024-10-24T09:03:15Z</time>
   </trkpt>
   <trkpt lat="48.4314570" lon="7.4003640">
    <ele>740.4</ele>
    <time>2024-10-24T09:03:16Z</time>
   </trkpt>
   <trkpt lat="48.4314660" lon="7.4003600">
    <ele>740.4</ele>
    <time>2024-10-24T09:03:17Z</time>
   </trkpt>
   <trkpt lat="48.4314770" lon="7.4003570">
    <ele>740.4</ele>
    <time>2024-10-24T09:03:18Z</time>
   </trkpt>
   <trkpt lat="48.4314850" lon="7.4003550">
    <ele>740.4</ele>
    <time>2024-10-24T09:03:19Z</time>
   </trkpt>
   <trkpt lat="48.4314920" lon="7.4003560">
    <ele>740.4</ele>
    <time>2024-10-24T09:03:20Z</time>
   </trkpt>
   <trkpt lat="48.4314990" lon="7.4003540">
    <ele>740.4</ele>
    <time>2024-10-24T09:03:21Z</time>
   </trkpt>
   <trkpt lat="48.4315020" lon="7.4003480">
    <ele>740.4</ele>
    <time>2024-10-24T09:03:22Z</time>
   </trkpt>
   <trkpt lat="48.4315010" lon="7.4003410">
    <ele>740.4</ele>
    <time>2024-10-24T09:03:23Z</time>
   </trkpt>
   <trkpt lat="48.4315040" lon="7.4003410">
    <ele>740.4</ele>
    <time>2024-10-24T09:03:24Z</time>
   </trkpt>
   <trkpt lat="48.4315090" lon="7.4003420">
    <ele>740.3</ele>
    <time>2024-10-24T09:03:25Z</time>
   </trkpt>
   <trkpt lat="48.4315120" lon="7.4003460">
    <ele>740.3</ele>
    <time>2024-10-24T09:03:26Z</time>
   </trkpt>
   <trkpt lat="48.4315140" lon="7.4003500">
    <ele>740.3</ele>
    <time>2024-10-24T09:03:27Z</time>
   </trkpt>
   <trkpt lat="48.4315170" lon="7.4003510">
    <ele>740.3</ele>
    <time>2024-10-24T09:03:28Z</time>
   </trkpt>
   <trkpt lat="48.4315230" lon="7.4003510">
    <ele>740.3</ele>
    <time>2024-10-24T09:03:29Z</time>
   </trkpt>
   <trkpt lat="48.4315300" lon="7.4003510">
    <ele>740.3</ele>
    <time>2024-10-24T09:03:30Z</time>
   </trkpt>
   <trkpt lat="48.4315390" lon="7.4003530">
    <ele>740.3</ele>
    <time>2024-10-24T09:03:31Z</time>
   </trkpt>
   <trkpt lat="48.4315460" lon="7.4003530">
    <ele>740.3</ele>
    <time>2024-10-24T09:03:32Z</time>
   </trkpt>
   <trkpt lat="48.4315520" lon="7.4003500">
    <ele>740.3</ele>
    <time>2024-10-24T09:03:33Z</time>
   </trkpt>
   <trkpt lat="48.4315600" lon="7.4003530">
    <ele>740.3</ele>
    <time>2024-10-24T09:03:34Z</time>
   </trkpt>
   <trkpt lat="48.4315710" lon="7.4003560">
    <ele>740.2</ele>
    <time>2024-10-24T09:03:35Z</time>
   </trkpt>
   <trkpt lat="48.4315800" lon="7.4003580">
    <ele>740.2</ele>
    <time>2024-10-24T09:03:36Z</time>
   </trkpt>
   <trkpt lat="48.4315890" lon="7.4003590">
    <ele>740.2</ele>
    <time>2024-10-24T09:03:37Z</time>
   </trkpt>
   <trkpt lat="48.4316000" lon="7.4003580">
    <ele>740.2</ele>
    <time>2024-10-24T09:03:38Z</time>
   </trkpt>
   <trkpt lat="48.4316110" lon="7.4003550">
    <ele>740.1</ele>
    <time>2024-10-24T09:03:39Z</time>
   </trkpt>
   <trkpt lat="48.4316220" lon="7.4003490">
    <ele>740.1</ele>
    <time>2024-10-24T09:03:40Z</time>
   </trkpt>
   <trkpt lat="48.4316340" lon="7.4003430">
    <ele>740.1</ele>
    <time>2024-10-24T09:03:41Z</time>
   </trkpt>
   <trkpt lat="48.4316450" lon="7.4003370">
    <ele>740.1</ele>
    <time>2024-10-24T09:03:42Z</time>
   </trkpt>
   <trkpt lat="48.4316570" lon="7.4003310">
    <ele>740.0</ele>
    <time>2024-10-24T09:03:43Z</time>
   </trkpt>
   <trkpt lat="48.4316630" lon="7.4003290">
    <ele>740.0</ele>
    <time>2024-10-24T09:03:44Z</time>
   </trkpt>
   <trkpt lat="48.4316710" lon="7.4003250">
    <ele>740.0</ele>
    <time>2024-10-24T09:03:45Z</time>
   </trkpt>
   <trkpt lat="48.4316790" lon="7.4003210">
    <ele>740.0</ele>
    <time>2024-10-24T09:03:46Z</time>
   </trkpt>
   <trkpt lat="48.4316890" lon="7.4003200">
    <ele>739.9</ele>
    <time>2024-10-24T09:03:47Z</time>
   </trkpt>
   <trkpt lat="48.4317000" lon="7.4003230">
    <ele>739.9</ele>
    <time>2024-10-24T09:03:48Z</time>
   </trkpt>
   <trkpt lat="48.4317080" lon="7.4003270">
    <ele>739.9</ele>
    <time>2024-10-24T09:03:49Z</time>
   </trkpt>
   <trkpt lat="48.4317160" lon="7.4003310">
    <ele>739.9</ele>
    <time>2024-10-24T09:03:50Z</time>
   </trkpt>
   <trkpt lat="48.4317260" lon="7.4003330">
    <ele>739.8</ele>
    <time>2024-10-24T09:03:51Z</time>
   </trkpt>
   <trkpt lat="48.4317330" lon="7.4003360">
    <ele>739.8</ele>
    <time>2024-10-24T09:03:52Z</time>
   </trkpt>
   <trkpt lat="48.4317410" lon="7.4003360">
    <ele>739.8</ele>
    <time>2024-10-24T09:03:53Z</time>
   </trkpt>
   <trkpt lat="48.4317490" lon="7.4003390">
    <ele>739.8</ele>
    <time>2024-10-24T09:03:54Z</time>
   </trkpt>
   <trkpt lat="48.4317570" lon="7.4003440">
    <ele>739.7</ele>
    <time>2024-10-24T09:03:55Z</time>
   </trkpt>
   <trkpt lat="48.4317630" lon="7.4003470">
    <ele>739.7</ele>
    <time>2024-10-24T09:03:56Z</time>
   </trkpt>
   <trkpt lat="48.4317710" lon="7.4003510">
    <ele>739.7</ele>
    <time>2024-10-24T09:03:57Z</time>
   </trkpt>
   <trkpt lat="48.4317810" lon="7.4003550">
    <ele>739.6</ele>
    <time>2024-10-24T09:03:58Z</time>
   </trkpt>
   <trkpt lat="48.4317840" lon="7.4003610">
    <ele>739.6</ele>
    <time>2024-10-24T09:03:59Z</time>
   </trkpt>
   <trkpt lat="48.4317890" lon="7.4003650">
    <ele>739.6</ele>
    <time>2024-10-24T09:04:00Z</time>
   </trkpt>
   <trkpt lat="48.4317950" lon="7.4003670">
    <ele>739.6</ele>
    <time>2024-10-24T09:04:01Z</time>
   </trkpt>
   <trkpt lat="48.4318020" lon="7.4003680">
    <ele>739.5</ele>
    <time>2024-10-24T09:04:02Z</time>
   </trkpt>
   <trkpt lat="48.4318110" lon="7.4003680">
    <ele>739.5</ele>
    <time>2024-10-24T09:04:03Z</time>
   </trkpt>
   <trkpt lat="48.4318180" lon="7.4003680">
    <ele>739.5</ele>
    <time>2024-10-24T09:04:04Z</time>
   </trkpt>
   <trkpt lat="48.4318250" lon="7.4003640">
    <ele>739.4</ele>
    <time>2024-10-24T09:04:05Z</time>
   </trkpt>
   <trkpt lat="48.4318330" lon="7.4003610">
    <ele>739.4</ele>
    <time>2024-10-24T09:04:06Z</time>
   </trkpt>
   <trkpt lat="48.4318430" lon="7.4003590">
    <ele>739.4</ele>
    <time>2024-10-24T09:04:07Z</time>
   </trkpt>
   <trkpt lat="48.4318530" lon="7.4003650">
    <ele>739.3</ele>
    <time>2024-10-24T09:04:08Z</time>
   </trkpt>
   <trkpt lat="48.4318630" lon="7.4003700">
    <ele>739.3</ele>
    <time>2024-10-24T09:04:09Z</time>
   </trkpt>
   <trkpt lat="48.4318730" lon="7.4003740">
    <ele>739.2</ele>
    <time>2024-10-24T09:04:10Z</time>
   </trkpt>
   <trkpt lat="48.4318840" lon="7.4003810">
    <ele>739.1</ele>
    <time>2024-10-24T09:04:11Z</time>
   </trkpt>
   <trkpt lat="48.4318940" lon="7.4003870">
    <ele>739.1</ele>
    <time>2024-10-24T09:04:12Z</time>
   </trkpt>
   <trkpt lat="48.4319040" lon="7.4003970">
    <ele>739.0</ele>
    <time>2024-10-24T09:04:13Z</time>
   </trkpt>
   <trkpt lat="48.4319110" lon="7.4004030">
    <ele>739.0</ele>
    <time>2024-10-24T09:04:14Z</time>
   </trkpt>
   <trkpt lat="48.4319200" lon="7.4004100">
    <ele>738.9</ele>
    <time>2024-10-24T09:04:15Z</time>
   </trkpt>
   <trkpt lat="48.4319280" lon="7.4004140">
    <ele>738.7</ele>
    <time>2024-10-24T09:04:16Z</time>
   </trkpt>
   <trkpt lat="48.4319360" lon="7.4004140">
    <ele>738.4</ele>
    <time>2024-10-24T09:04:17Z</time>
   </trkpt>
   <trkpt lat="48.4319430" lon="7.4004190">
    <ele>738.2</ele>
    <time>2024-10-24T09:04:18Z</time>
   </trkpt>
   <trkpt lat="48.4319450" lon="7.4004270">
    <ele>738.0</ele>
    <time>2024-10-24T09:04:19Z</time>
   </trkpt>
   <trkpt lat="48.4319490" lon="7.4004350">
    <ele>737.8</ele>
    <time>2024-10-24T09:04:20Z</time>
   </trkpt>
   <trkpt lat="48.4319540" lon="7.4004440">
    <ele>737.5</ele>
    <time>2024-10-24T09:04:21Z</time>
   </trkpt>
   <trkpt lat="48.4319600" lon="7.4004510">
    <ele>737.3</ele>
    <time>2024-10-24T09:04:22Z</time>
   </trkpt>
   <trkpt lat="48.4319650" lon="7.4004600">
    <ele>737.0</ele>
    <time>2024-10-24T09:04:23Z</time>
   </trkpt>
   <trkpt lat="48.4319690" lon="7.4004700">
    <ele>736.8</ele>
    <time>2024-10-24T09:04:24Z</time>
   </trkpt>
   <trkpt lat="48.4319710" lon="7.4004790">
    <ele>736.6</ele>
    <time>2024-10-24T09:04:25Z</time>
   </trkpt>
   <trkpt lat="48.4319720" lon="7.4004840">
    <ele>736.5</ele>
    <time>2024-10-24T09:04:26Z</time>
   </trkpt>
   <trkpt lat="48.4319740" lon="7.4004860">
    <ele>736.4</ele>
    <time>2024-10-24T09:04:27Z</time>
   </trkpt>
   <trkpt lat="48.4319750" lon="7.4004900">
    <ele>736.3</ele>
    <time>2024-10-24T09:04:28Z</time>
   </trkpt>
   <trkpt lat="48.4319730" lon="7.4004890">
    <ele>736.2</ele>
    <time>2024-10-24T09:04:29Z</time>
   </trkpt>
   <trkpt lat="48.4319730" lon="7.4004910">
    <ele>736.2</ele>
    <time>2024-10-24T09:04:30Z</time>
   </trkpt>
   <trkpt lat="48.4319740" lon="7.4004930">
    <ele>736.2</ele>
    <time>2024-10-24T09:04:31Z</time>
   </trkpt>
   <trkpt lat="48.4319740" lon="7.4004950">
    <ele>736.1</ele>
    <time>2024-10-24T09:04:32Z</time>
   </trkpt>
   <trkpt lat="48.4319760" lon="7.4005000">
    <ele>736.0</ele>
    <time>2024-10-24T09:04:33Z</time>
   </trkpt>
   <trkpt lat="48.4319790" lon="7.4005090">
    <ele>735.8</ele>
    <time>2024-10-24T09:04:34Z</time>
   </trkpt>
   <trkpt lat="48.4319830" lon="7.4005180">
    <ele>735.8</ele>
    <time>2024-10-24T09:04:35Z</time>
   </trkpt>
   <trkpt lat="48.4319920" lon="7.4005300">
    <ele>735.9</ele>
    <time>2024-10-24T09:04:36Z</time>
   </trkpt>
   <trkpt lat="48.4320010" lon="7.4005420">
    <ele>735.9</ele>
    <time>2024-10-24T09:04:37Z</time>
   </trkpt>
   <trkpt lat="48.4320090" lon="7.4005540">
    <ele>736.0</ele>
    <time>2024-10-24T09:04:38Z</time>
   </trkpt>
   <trkpt lat="48.4320160" lon="7.4005650">
    <ele>736.1</ele>
    <time>2024-10-24T09:04:39Z</time>
   </trkpt>
   <trkpt lat="48.4320210" lon="7.4005760">
    <ele>736.1</ele>
    <time>2024-10-24T09:04:40Z</time>
   </trkpt>
   <trkpt lat="48.4320250" lon="7.4005900">
    <ele>736.2</ele>
    <time>2024-10-24T09:04:41Z</time>
   </trkpt>
   <trkpt lat="48.4320280" lon="7.4005970">
    <ele>736.2</ele>
    <time>2024-10-24T09:04:42Z</time>
   </trkpt>
   <trkpt lat="48.4320330" lon="7.4006040">
    <ele>736.3</ele>
    <time>2024-10-24T09:04:43Z</time>
   </trkpt>
   <trkpt lat="48.4320360" lon="7.4006090">
    <ele>736.3</ele>
    <time>2024-10-24T09:04:44Z</time>
   </trkpt>
   <trkpt lat="48.4320400" lon="7.4006150">
    <ele>736.3</ele>
    <time>2024-10-24T09:04:45Z</time>
   </trkpt>
   <trkpt lat="48.4320450" lon="7.4006230">
    <ele>736.4</ele>
    <time>2024-10-24T09:04:46Z</time>
   </trkpt>
   <trkpt lat="48.4320490" lon="7.4006300">
    <ele>736.4</ele>
    <time>2024-10-24T09:04:47Z</time>
   </trkpt>
   <trkpt lat="48.4320550" lon="7.4006340">
    <ele>736.4</ele>
    <time>2024-10-24T09:04:48Z</time>
   </trkpt>
   <trkpt lat="48.4320590" lon="7.4006370">
    <ele>736.5</ele>
    <time>2024-10-24T09:04:49Z</time>
   </trkpt>
   <trkpt lat="48.4320650" lon="7.4006400">
    <ele>736.5</ele>
    <time>2024-10-24T09:04:50Z</time>
   </trkpt>
   <trkpt lat="48.4320710" lon="7.4006430">
    <ele>736.5</ele>
    <time>2024-10-24T09:04:51Z</time>
   </trkpt>
   <trkpt lat="48.4320780" lon="7.4006450">
    <ele>736.5</ele>
    <time>2024-10-24T09:04:52Z</time>
   </trkpt>
   <trkpt lat="48.4320850" lon="7.4006480">
    <ele>736.5</ele>
    <time>2024-10-24T09:04:53Z</time>
   </trkpt>
   <trkpt lat="48.4320900" lon="7.4006540">
    <ele>736.5</ele>
    <time>2024-10-24T09:04:54Z</time>
   </trkpt>
   <trkpt lat="48.4320960" lon="7.4006590">
    <ele>736.5</ele>
    <time>2024-10-24T09:04:55Z</time>
   </trkpt>
   <trkpt lat="48.4321000" lon="7.4006640">
    <ele>736.5</ele>
    <time>2024-10-24T09:04:56Z</time>
   </trkpt>
   <trkpt lat="48.4321040" lon="7.4006700">
    <ele>736.5</ele>
    <time>2024-10-24T09:04:57Z</time>
   </trkpt>
   <trkpt lat="48.4321080" lon="7.4006790">
    <ele>736.5</ele>
    <time>2024-10-24T09:04:58Z</time>
   </trkpt>
   <trkpt lat="48.4321090" lon="7.4006870">
    <ele>736.5</ele>
    <time>2024-10-24T09:04:59Z</time>
   </trkpt>
   <trkpt lat="48.4321130" lon="7.4006940">
    <ele>736.5</ele>
    <time>2024-10-24T09:05:00Z</time>
   </trkpt>
   <trkpt lat="48.4321180" lon="7.4006990">
    <ele>736.5</ele>
    <time>2024-10-24T09:05:01Z</time>
   </trkpt>
   <trkpt lat="48.4321250" lon="7.4007020">
    <ele>736.5</ele>
    <time>2024-10-24T09:05:02Z</time>
   </trkpt>
   <trkpt lat="48.4321430" lon="7.4007030">
    <ele>736.5</ele>
    <time>2024-10-24T09:05:04Z</time>
   </trkpt>
   <trkpt lat="48.4321530" lon="7.4007040">
    <ele>736.5</ele>
    <time>2024-10-24T09:05:05Z</time>
   </trkpt>
   <trkpt lat="48.4321640" lon="7.4007040">
    <ele>736.5</ele>
    <time>2024-10-24T09:05:06Z</time>
   </trkpt>
   <trkpt lat="48.4321780" lon="7.4007040">
    <ele>736.5</ele>
    <time>2024-10-24T09:05:07Z</time>
   </trkpt>
   <trkpt lat="48.4321870" lon="7.4007030">
    <ele>736.5</ele>
    <time>2024-10-24T09:05:08Z</time>
   </trkpt>
   <trkpt lat="48.4321950" lon="7.4007040">
    <ele>736.5</ele>
    <time>2024-10-24T09:05:09Z</time>
   </trkpt>
   <trkpt lat="48.4322050" lon="7.4007050">
    <ele>736.6</ele>
    <time>2024-10-24T09:05:10Z</time>
   </trkpt>
   <trkpt lat="48.4322140" lon="7.4007060">
    <ele>736.6</ele>
    <time>2024-10-24T09:05:11Z</time>
   </trkpt>
   <trkpt lat="48.4322220" lon="7.4007060">
    <ele>736.6</ele>
    <time>2024-10-24T09:05:12Z</time>
   </trkpt>
   <trkpt lat="48.4322310" lon="7.4007100">
    <ele>736.6</ele>
    <time>2024-10-24T09:05:13Z</time>
   </trkpt>
   <trkpt lat="48.4322370" lon="7.4007130">
    <ele>736.6</ele>
    <time>2024-10-24T09:05:14Z</time>
   </trkpt>
   <trkpt lat="48.4322450" lon="7.4007150">
    <ele>736.6</ele>
    <time>2024-10-24T09:05:15Z</time>
   </trkpt>
   <trkpt lat="48.4322530" lon="7.4007140">
    <ele>736.6</ele>
    <time>2024-10-24T09:05:16Z</time>
   </trkpt>
   <trkpt lat="48.4322610" lon="7.4007160">
    <ele>736.6</ele>
    <time>2024-10-24T09:05:17Z</time>
   </trkpt>
   <trkpt lat="48.4322680" lon="7.4007190">
    <ele>736.6</ele>
    <time>2024-10-24T09:05:18Z</time>
   </trkpt>
   <trkpt lat="48.4322750" lon="7.4007230">
    <ele>736.6</ele>
    <time>2024-10-24T09:05:19Z</time>
   </trkpt>
   <trkpt lat="48.4322820" lon="7.4007260">
    <ele>736.6</ele>
    <time>2024-10-24T09:05:20Z</time>
   </trkpt>
   <trkpt lat="48.4322880" lon="7.4007280">
    <ele>736.6</ele>
    <time>2024-10-24T09:05:21Z</time>
   </trkpt>
   <trkpt lat="48.4322950" lon="7.4007310">
    <ele>736.7</ele>
    <time>2024-10-24T09:05:22Z</time>
   </trkpt>
   <trkpt lat="48.4323040" lon="7.4007340">
    <ele>736.7</ele>
    <time>2024-10-24T09:05:23Z</time>
   </trkpt>
   <trkpt lat="48.4323090" lon="7.4007380">
    <ele>736.7</ele>
    <time>2024-10-24T09:05:24Z</time>
   </trkpt>
   <trkpt lat="48.4323160" lon="7.4007450">
    <ele>736.7</ele>
    <time>2024-10-24T09:05:25Z</time>
   </trkpt>
   <trkpt lat="48.4323220" lon="7.4007540">
    <ele>736.7</ele>
    <time>2024-10-24T09:05:26Z</time>
   </trkpt>
   <trkpt lat="48.4323280" lon="7.4007620">
    <ele>736.7</ele>
    <time>2024-10-24T09:05:27Z</time>
   </trkpt>
   <trkpt lat="48.4323360" lon="7.4007670">
    <ele>736.7</ele>
    <time>2024-10-24T09:05:28Z</time>
   </trkpt>
   <trkpt lat="48.4323430" lon="7.4007740">
    <ele>736.7</ele>
    <time>2024-10-24T09:05:29Z</time>
   </trkpt>
   <trkpt lat="48.4323500" lon="7.4007780">
    <ele>736.7</ele>
    <time>2024-10-24T09:05:30Z</time>
   </trkpt>
   <trkpt lat="48.4323560" lon="7.4007870">
    <ele>736.7</ele>
    <time>2024-10-24T09:05:31Z</time>
   </trkpt>
   <trkpt lat="48.4323610" lon="7.4007950">
    <ele>736.8</ele>
    <time>2024-10-24T09:05:32Z</time>
   </trkpt>
   <trkpt lat="48.4323690" lon="7.4007930">
    <ele>736.8</ele>
    <time>2024-10-24T09:05:33Z</time>
   </trkpt>
   <trkpt lat="48.4323770" lon="7.4007870">
    <ele>736.8</ele>
    <time>2024-10-24T09:05:34Z</time>
   </trkpt>
   <trkpt lat="48.4323860" lon="7.4007820">
    <ele>736.8</ele>
    <time>2024-10-24T09:05:35Z</time>
   </trkpt>
   <trkpt lat="48.4323960" lon="7.4007830">
    <ele>736.8</ele>
    <time>2024-10-24T09:05:36Z</time>
   </trkpt>
   <trkpt lat="48.4324080" lon="7.4007870">
    <ele>736.8</ele>
    <time>2024-10-24T09:05:37Z</time>
   </trkpt>
   <trkpt lat="48.4324210" lon="7.4007910">
    <ele>736.8</ele>
    <time>2024-10-24T09:05:38Z</time>
   </trkpt>
   <trkpt lat="48.4324310" lon="7.4007920">
    <ele>736.9</ele>
    <time>2024-10-24T09:05:39Z</time>
   </trkpt>
   <trkpt lat="48.4324480" lon="7.4007940">
    <ele>736.9</ele>
    <time>2024-10-24T09:05:40Z</time>
   </trkpt>
   <trkpt lat="48.4324550" lon="7.4007940">
    <ele>736.9</ele>
    <time>2024-10-24T09:05:41Z</time>
   </trkpt>
   <trkpt lat="48.4324620" lon="7.4007940">
    <ele>736.9</ele>
    <time>2024-10-24T09:05:42Z</time>
   </trkpt>
   <trkpt lat="48.4324690" lon="7.4007940">
    <ele>736.9</ele>
    <time>2024-10-24T09:05:43Z</time>
   </trkpt>
   <trkpt lat="48.4324760" lon="7.4007900">
    <ele>736.9</ele>
    <time>2024-10-24T09:05:44Z</time>
   </trkpt>
   <trkpt lat="48.4324840" lon="7.4007900">
    <ele>736.9</ele>
    <time>2024-10-24T09:05:45Z</time>
   </trkpt>
   <trkpt lat="48.4324930" lon="7.4007910">
    <ele>736.9</ele>
    <time>2024-10-24T09:05:46Z</time>
   </trkpt>
   <trkpt lat="48.4325010" lon="7.4007930">
    <ele>737.0</ele>
    <time>2024-10-24T09:05:47Z</time>
   </trkpt>
   <trkpt lat="48.4325090" lon="7.4007940">
    <ele>737.0</ele>
    <time>2024-10-24T09:05:48Z</time>
   </trkpt>
   <trkpt lat="48.4325120" lon="7.4007940">
    <ele>737.0</ele>
    <time>2024-10-24T09:05:49Z</time>
   </trkpt>
   <trkpt lat="48.4325170" lon="7.4007940">
    <ele>737.0</ele>
    <time>2024-10-24T09:05:50Z</time>
   </trkpt>
   <trkpt lat="48.4325220" lon="7.4007940">
    <ele>737.0</ele>
    <time>2024-10-24T09:05:51Z</time>
   </trkpt>
   <trkpt lat="48.4325240" lon="7.4007940">
    <ele>737.0</ele>
    <time>2024-10-24T09:05:52Z</time>
   </trkpt>
   <trkpt lat="48.4325200" lon="7.4007940">
    <ele>737.0</ele>
    <time>2024-10-24T09:05:53Z</time>
   </trkpt>
   <trkpt lat="48.4325170" lon="7.4007930">
    <ele>737.0</ele>
    <time>2024-10-24T09:05:54Z</time>
   </trkpt>
   <trkpt lat="48.4325160" lon="7.4007930">
    <ele>737.0</ele>
    <time>2024-10-24T09:05:55Z</time>
   </trkpt>
   <trkpt lat="48.4325150" lon="7.4007920">
    <ele>737.0</ele>
    <time>2024-10-24T09:05:56Z</time>
   </trkpt>
   <trkpt lat="48.4325150" lon="7.4007930">
    <ele>737.0</ele>
    <time>2024-10-24T09:05:57Z</time>
   </trkpt>
   <trkpt lat="48.4325170" lon="7.4007950">
    <ele>737.0</ele>
    <time>2024-10-24T09:05:58Z</time>
   </trkpt>
   <trkpt lat="48.4325190" lon="7.4007980">
    <ele>737.0</ele>
    <time>2024-10-24T09:05:59Z</time>
   </trkpt>
   <trkpt lat="48.4325210" lon="7.4008050">
    <ele>737.0</ele>
    <time>2024-10-24T09:06:00Z</time>
   </trkpt>
   <trkpt lat="48.4325230" lon="7.4008160">
    <ele>737.0</ele>
    <time>2024-10-24T09:06:01Z</time>
   </trkpt>
   <trkpt lat="48.4325260" lon="7.4008250">
    <ele>737.0</ele>
    <time>2024-10-24T09:06:02Z</time>
   </trkpt>
   <trkpt lat="48.4325300" lon="7.4008360">
    <ele>737.1</ele>
    <time>2024-10-24T09:06:03Z</time>
   </trkpt>
   <trkpt lat="48.4325330" lon="7.4008420">
    <ele>737.1</ele>
    <time>2024-10-24T09:06:04Z</time>
   </trkpt>
   <trkpt lat="48.4325380" lon="7.4008490">
    <ele>737.1</ele>
    <time>2024-10-24T09:06:05Z</time>
   </trkpt>
   <trkpt lat="48.4325450" lon="7.4008570">
    <ele>737.1</ele>
    <time>2024-10-24T09:06:06Z</time>
   </trkpt>
   <trkpt lat="48.4325490" lon="7.4008620">
    <ele>737.1</ele>
    <time>2024-10-24T09:06:07Z</time>
   </trkpt>
   <trkpt lat="48.4325550" lon="7.4008680">
    <ele>737.1</ele>
    <time>2024-10-24T09:06:08Z</time>
   </trkpt>
   <trkpt lat="48.4325590" lon="7.4008680">
    <ele>737.1</ele>
    <time>2024-10-24T09:06:09Z</time>
   </trkpt>
   <trkpt lat="48.4325620" lon="7.4008660">
    <ele>737.1</ele>
    <time>2024-10-24T09:06:10Z</time>
   </trkpt>
   <trkpt lat="48.4325640" lon="7.4008620">
    <ele>737.1</ele>
    <time>2024-10-24T09:06:11Z</time>
   </trkpt>
   <trkpt lat="48.4325670" lon="7.4008610">
    <ele>737.1</ele>
    <time>2024-10-24T09:06:12Z</time>
   </trkpt>
   <trkpt lat="48.4325690" lon="7.4008590">
    <ele>737.1</ele>
    <time>2024-10-24T09:06:13Z</time>
   </trkpt>
   <trkpt lat="48.4325700" lon="7.4008590">
    <ele>737.1</ele>
    <time>2024-10-24T09:06:14Z</time>
   </trkpt>
   <trkpt lat="48.4325720" lon="7.4008600">
    <ele>737.1</ele>
    <time>2024-10-24T09:06:15Z</time>
   </trkpt>
   <trkpt lat="48.4325740" lon="7.4008650">
    <ele>737.1</ele>
    <time>2024-10-24T09:06:16Z</time>
   </trkpt>
   <trkpt lat="48.4325780" lon="7.4008710">
    <ele>737.1</ele>
    <time>2024-10-24T09:06:17Z</time>
   </trkpt>
   <trkpt lat="48.4325840" lon="7.4008750">
    <ele>737.1</ele>
    <time>2024-10-24T09:06:18Z</time>
   </trkpt>
   <trkpt lat="48.4325910" lon="7.4008780">
    <ele>737.1</ele>
    <time>2024-10-24T09:06:19Z</time>
   </trkpt>
   <trkpt lat="48.4326050" lon="7.4008820">
    <ele>737.1</ele>
    <time>2024-10-24T09:06:20Z</time>
   </trkpt>
   <trkpt lat="48.4326180" lon="7.4008810">
    <ele>737.1</ele>
    <time>2024-10-24T09:06:21Z</time>
   </trkpt>
   <trkpt lat="48.4326390" lon="7.4008790">
    <ele>737.1</ele>
    <time>2024-10-24T09:06:22Z</time>
   </trkpt>
   <trkpt lat="48.4326580" lon="7.4008700">
    <ele>737.1</ele>
    <time>2024-10-24T09:06:23Z</time>
   </trkpt>
   <trkpt lat="48.4326670" lon="7.4008640">
    <ele>737.1</ele>
    <time>2024-10-24T09:06:24Z</time>
   </trkpt>
   <trkpt lat="48.4326780" lon="7.4008550">
    <ele>737.1</ele>
    <time>2024-10-24T09:06:25Z</time>
   </trkpt>
   <trkpt lat="48.4326880" lon="7.4008500">
    <ele>737.1</ele>
    <time>2024-10-24T09:06:26Z</time>
   </trkpt>
   <trkpt lat="48.4326940" lon="7.4008480">
    <ele>737.1</ele>
    <time>2024-10-24T09:06:27Z</time>
   </trkpt>
   <trkpt lat="48.4326990" lon="7.4008430">
    <ele>737.1</ele>
    <time>2024-10-24T09:06:28Z</time>
   </trkpt>
   <trkpt lat="48.4327010" lon="7.4008390">
    <ele>737.1</ele>
    <time>2024-10-24T09:06:29Z</time>
   </trkpt>
   <trkpt lat="48.4327050" lon="7.4008370">
    <ele>737.1</ele>
    <time>2024-10-24T09:06:30Z</time>
   </trkpt>
   <trkpt lat="48.4327070" lon="7.4008370">
    <ele>737.1</ele>
    <time>2024-10-24T09:06:31Z</time>
   </trkpt>
   <trkpt lat="48.4327110" lon="7.4008400">
    <ele>737.1</ele>
    <time>2024-10-24T09:06:32Z</time>
   </trkpt>
   <trkpt lat="48.4327150" lon="7.4008450">
    <ele>737.2</ele>
    <time>2024-10-24T09:06:33Z</time>
   </trkpt>
   <trkpt lat="48.4327180" lon="7.4008460">
    <ele>737.2</ele>
    <time>2024-10-24T09:06:34Z</time>
   </trkpt>
   <trkpt lat="48.4327220" lon="7.4008480">
    <ele>737.3</ele>
    <time>2024-10-24T09:06:35Z</time>
   </trkpt>
   <trkpt lat="48.4327270" lon="7.4008520">
    <ele>737.3</ele>
    <time>2024-10-24T09:06:36Z</time>
   </trkpt>
   <trkpt lat="48.4327310" lon="7.4008560">
    <ele>737.4</ele>
    <time>2024-10-24T09:06:37Z</time>
   </trkpt>
   <trkpt lat="48.4327360" lon="7.4008610">
    <ele>737.5</ele>
    <time>2024-10-24T09:06:38Z</time>
   </trkpt>
   <trkpt lat="48.4327370" lon="7.4008630">
    <ele>737.5</ele>
    <time>2024-10-24T09:06:39Z</time>
   </trkpt>
   <trkpt lat="48.4327420" lon="7.4008720">
    <ele>737.6</ele>
    <time>2024-10-24T09:06:40Z</time>
   </trkpt>
   <trkpt lat="48.4327450" lon="7.4008790">
    <ele>737.6</ele>
    <time>2024-10-24T09:06:41Z</time>
   </trkpt>
   <trkpt lat="48.4327530" lon="7.4008890">
    <ele>737.8</ele>
    <time>2024-10-24T09:06:42Z</time>
   </trkpt>
   <trkpt lat="48.4327580" lon="7.4008950">
    <ele>737.8</ele>
    <time>2024-10-24T09:06:43Z</time>
   </trkpt>
   <trkpt lat="48.4327630" lon="7.4009000">
    <ele>737.9</ele>
    <time>2024-10-24T09:06:44Z</time>
   </trkpt>
   <trkpt lat="48.4327690" lon="7.4009060">
    <ele>738.0</ele>
    <time>2024-10-24T09:06:45Z</time>
   </trkpt>
   <trkpt lat="48.4327740" lon="7.4009120">
    <ele>738.1</ele>
    <time>2024-10-24T09:06:46Z</time>
   </trkpt>
   <trkpt lat="48.4327820" lon="7.4009180">
    <ele>738.2</ele>
    <time>2024-10-24T09:06:47Z</time>
   </trkpt>
   <trkpt lat="48.4327940" lon="7.4009260">
    <ele>738.3</ele>
    <time>2024-10-24T09:06:48Z</time>
   </trkpt>
   <trkpt lat="48.4327990" lon="7.4009280">
    <ele>738.4</ele>
    <time>2024-10-24T09:06:49Z</time>
   </trkpt>
   <trkpt lat="48.4328050" lon="7.4009280">
    <ele>738.4</ele>
    <time>2024-10-24T09:06:50Z</time>
   </trkpt>
   <trkpt lat="48.4328110" lon="7.4009280">
    <ele>738.5</ele>
    <time>2024-10-24T09:06:51Z</time>
   </trkpt>
   <trkpt lat="48.4328160" lon="7.4009310">
    <ele>738.6</ele>
    <time>2024-10-24T09:06:52Z</time>
   </trkpt>
   <trkpt lat="48.4328260" lon="7.4009400">
    <ele>738.7</ele>
    <time>2024-10-24T09:06:53Z</time>
   </trkpt>
   <trkpt lat="48.4328310" lon="7.4009450">
    <ele>738.8</ele>
    <time>2024-10-24T09:06:54Z</time>
   </trkpt>
   <trkpt lat="48.4328370" lon="7.4009510">
    <ele>738.9</ele>
    <time>2024-10-24T09:06:55Z</time>
   </trkpt>
   <trkpt lat="48.4328430" lon="7.4009550">
    <ele>739.0</ele>
    <time>2024-10-24T09:06:56Z</time>
   </trkpt>
   <trkpt lat="48.4328500" lon="7.4009570">
    <ele>739.0</ele>
    <time>2024-10-24T09:06:57Z</time>
   </trkpt>
   <trkpt lat="48.4328580" lon="7.4009560">
    <ele>739.1</ele>
    <time>2024-10-24T09:06:58Z</time>
   </trkpt>
   <trkpt lat="48.4328640" lon="7.4009540">
    <ele>739.2</ele>
    <time>2024-10-24T09:06:59Z</time>
   </trkpt>
   <trkpt lat="48.4328680" lon="7.4009500">
    <ele>739.3</ele>
    <time>2024-10-24T09:07:00Z</time>
   </trkpt>
   <trkpt lat="48.4328710" lon="7.4009450">
    <ele>739.3</ele>
    <time>2024-10-24T09:07:01Z</time>
   </trkpt>
   <trkpt lat="48.4328770" lon="7.4009400">
    <ele>739.4</ele>
    <time>2024-10-24T09:07:02Z</time>
   </trkpt>
   <trkpt lat="48.4328820" lon="7.4009340">
    <ele>739.4</ele>
    <time>2024-10-24T09:07:03Z</time>
   </trkpt>
   <trkpt lat="48.4328860" lon="7.4009230">
    <ele>739.3</ele>
    <time>2024-10-24T09:07:04Z</time>
   </trkpt>
   <trkpt lat="48.4328870" lon="7.4009190">
    <ele>739.3</ele>
    <time>2024-10-24T09:07:05Z</time>
   </trkpt>
   <trkpt lat="48.4328880" lon="7.4009170">
    <ele>739.3</ele>
    <time>2024-10-24T09:07:06Z</time>
   </trkpt>
   <trkpt lat="48.4328860" lon="7.4009150">
    <ele>739.3</ele>
    <time>2024-10-24T09:07:07Z</time>
   </trkpt>
   <trkpt lat="48.4328850" lon="7.4009130">
    <ele>739.3</ele>
    <time>2024-10-24T09:07:08Z</time>
   </trkpt>
   <trkpt lat="48.4328870" lon="7.4009130">
    <ele>739.3</ele>
    <time>2024-10-24T09:07:09Z</time>
   </trkpt>
   <trkpt lat="48.4328900" lon="7.4009120">
    <ele>739.3</ele>
    <time>2024-10-24T09:07:10Z</time>
   </trkpt>
   <trkpt lat="48.4328950" lon="7.4009110">
    <ele>739.2</ele>
    <time>2024-10-24T09:07:11Z</time>
   </trkpt>
   <trkpt lat="48.4329010" lon="7.4009130">
    <ele>739.2</ele>
    <time>2024-10-24T09:07:12Z</time>
   </trkpt>
   <trkpt lat="48.4329090" lon="7.4009180">
    <ele>739.1</ele>
    <time>2024-10-24T09:07:13Z</time>
   </trkpt>
   <trkpt lat="48.4329180" lon="7.4009230">
    <ele>739.1</ele>
    <time>2024-10-24T09:07:14Z</time>
   </trkpt>
   <trkpt lat="48.4329280" lon="7.4009250">
    <ele>739.0</ele>
    <time>2024-10-24T09:07:15Z</time>
   </trkpt>
   <trkpt lat="48.4329380" lon="7.4009250">
    <ele>738.9</ele>
    <time>2024-10-24T09:07:16Z</time>
   </trkpt>
   <trkpt lat="48.4329470" lon="7.4009260">
    <ele>738.9</ele>
    <time>2024-10-24T09:07:17Z</time>
   </trkpt>
   <trkpt lat="48.4329560" lon="7.4009270">
    <ele>738.8</ele>
    <time>2024-10-24T09:07:18Z</time>
   </trkpt>
   <trkpt lat="48.4329670" lon="7.4009270">
    <ele>738.7</ele>
    <time>2024-10-24T09:07:19Z</time>
   </trkpt>
   <trkpt lat="48.4329750" lon="7.4009220">
    <ele>738.7</ele>
    <time>2024-10-24T09:07:20Z</time>
   </trkpt>
   <trkpt lat="48.4329780" lon="7.4009130">
    <ele>738.6</ele>
    <time>2024-10-24T09:07:21Z</time>
   </trkpt>
   <trkpt lat="48.4329790" lon="7.4009080">
    <ele>738.6</ele>
    <time>2024-10-24T09:07:22Z</time>
   </trkpt>
   <trkpt lat="48.4329840" lon="7.4009080">
    <ele>738.6</ele>
    <time>2024-10-24T09:07:23Z</time>
   </trkpt>
   <trkpt lat="48.4329890" lon="7.4009100">
    <ele>738.5</ele>
    <time>2024-10-24T09:07:24Z</time>
   </trkpt>
   <trkpt lat="48.4329930" lon="7.4009110">
    <ele>738.5</ele>
    <time>2024-10-24T09:07:25Z</time>
   </trkpt>
   <trkpt lat="48.4329990" lon="7.4009130">
    <ele>738.5</ele>
    <time>2024-10-24T09:07:26Z</time>
   </trkpt>
   <trkpt lat="48.4330020" lon="7.4009130">
    <ele>738.4</ele>
    <time>2024-10-24T09:07:27Z</time>
   </trkpt>
   <trkpt lat="48.4330050" lon="7.4009130">
    <ele>738.4</ele>
    <time>2024-10-24T09:07:28Z</time>
   </trkpt>
   <trkpt lat="48.4330080" lon="7.4009140">
    <ele>738.4</ele>
    <time>2024-10-24T09:07:29Z</time>
   </trkpt>
   <trkpt lat="48.4330150" lon="7.4009170">
    <ele>738.4</ele>
    <time>2024-10-24T09:07:30Z</time>
   </trkpt>
   <trkpt lat="48.4330250" lon="7.4009220">
    <ele>738.3</ele>
    <time>2024-10-24T09:07:31Z</time>
   </trkpt>
   <trkpt lat="48.4330320" lon="7.4009260">
    <ele>738.2</ele>
    <time>2024-10-24T09:07:32Z</time>
   </trkpt>
   <trkpt lat="48.4330400" lon="7.4009280">
    <ele>738.2</ele>
    <time>2024-10-24T09:07:33Z</time>
   </trkpt>
   <trkpt lat="48.4330480" lon="7.4009290">
    <ele>738.1</ele>
    <time>2024-10-24T09:07:34Z</time>
   </trkpt>
   <trkpt lat="48.4330560" lon="7.4009320">
    <ele>738.1</ele>
    <time>2024-10-24T09:07:35Z</time>
   </trkpt>
   <trkpt lat="48.4330640" lon="7.4009370">
    <ele>738.0</ele>
    <time>2024-10-24T09:07:36Z</time>
   </trkpt>
   <trkpt lat="48.4330720" lon="7.4009430">
    <ele>738.0</ele>
    <time>2024-10-24T09:07:37Z</time>
   </trkpt>
   <trkpt lat="48.4330820" lon="7.4009480">
    <ele>737.9</ele>
    <time>2024-10-24T09:07:38Z</time>
   </trkpt>
   <trkpt lat="48.4330920" lon="7.4009490">
    <ele>737.9</ele>
    <time>2024-10-24T09:07:39Z</time>
   </trkpt>
   <trkpt lat="48.4331010" lon="7.4009450">
    <ele>737.8</ele>
    <time>2024-10-24T09:07:40Z</time>
   </trkpt>
   <trkpt lat="48.4331110" lon="7.4009460">
    <ele>737.8</ele>
    <time>2024-10-24T09:07:41Z</time>
   </trkpt>
   <trkpt lat="48.4331190" lon="7.4009490">
    <ele>737.8</ele>
    <time>2024-10-24T09:07:42Z</time>
   </trkpt>
   <trkpt lat="48.4331270" lon="7.4009460">
    <ele>737.9</ele>
    <time>2024-10-24T09:07:43Z</time>
   </trkpt>
   <trkpt lat="48.4331360" lon="7.4009410">
    <ele>738.0</ele>
    <time>2024-10-24T09:07:44Z</time>
   </trkpt>
   <trkpt lat="48.4331440" lon="7.4009370">
    <ele>738.0</ele>
    <time>2024-10-24T09:07:45Z</time>
   </trkpt>
   <trkpt lat="48.4331480" lon="7.4009380">
    <ele>738.1</ele>
    <time>2024-10-24T09:07:46Z</time>
   </trkpt>
   <trkpt lat="48.4331520" lon="7.4009420">
    <ele>738.1</ele>
    <time>2024-10-24T09:07:47Z</time>
   </trkpt>
   <trkpt lat="48.4331560" lon="7.4009450">
    <ele>738.2</ele>
    <time>2024-10-24T09:07:48Z</time>
   </trkpt>
   <trkpt lat="48.4331630" lon="7.4009500">
    <ele>738.2</ele>
    <time>2024-10-24T09:07:49Z</time>
   </trkpt>
   <trkpt lat="48.4331720" lon="7.4009550">
    <ele>738.3</ele>
    <time>2024-10-24T09:07:50Z</time>
   </trkpt>
   <trkpt lat="48.4331820" lon="7.4009610">
    <ele>738.4</ele>
    <time>2024-10-24T09:07:51Z</time>
   </trkpt>
   <trkpt lat="48.4331880" lon="7.4009610">
    <ele>738.4</ele>
    <time>2024-10-24T09:07:52Z</time>
   </trkpt>
   <trkpt lat="48.4331950" lon="7.4009620">
    <ele>738.5</ele>
    <time>2024-10-24T09:07:53Z</time>
   </trkpt>
   <trkpt lat="48.4332020" lon="7.4009640">
    <ele>738.6</ele>
    <time>2024-10-24T09:07:54Z</time>
   </trkpt>
   <trkpt lat="48.4332130" lon="7.4009740">
    <ele>738.7</ele>
    <time>2024-10-24T09:07:55Z</time>
   </trkpt>
   <trkpt lat="48.4332200" lon="7.4009810">
    <ele>738.7</ele>
    <time>2024-10-24T09:07:56Z</time>
   </trkpt>
   <trkpt lat="48.4332270" lon="7.4009870">
    <ele>738.8</ele>
    <time>2024-10-24T09:07:57Z</time>
   </trkpt>
   <trkpt lat="48.4332340" lon="7.4009940">
    <ele>738.9</ele>
    <time>2024-10-24T09:07:58Z</time>
   </trkpt>
   <trkpt lat="48.4332390" lon="7.4010060">
    <ele>739.0</ele>
    <time>2024-10-24T09:07:59Z</time>
   </trkpt>
   <trkpt lat="48.4332440" lon="7.4010200">
    <ele>739.1</ele>
    <time>2024-10-24T09:08:00Z</time>
   </trkpt>
   <trkpt lat="48.4332500" lon="7.4010340">
    <ele>739.2</ele>
    <time>2024-10-24T09:08:01Z</time>
   </trkpt>
   <trkpt lat="48.4332540" lon="7.4010430">
    <ele>739.3</ele>
    <time>2024-10-24T09:08:02Z</time>
   </trkpt>
   <trkpt lat="48.4332590" lon="7.4010540">
    <ele>739.4</ele>
    <time>2024-10-24T09:08:03Z</time>
   </trkpt>
   <trkpt lat="48.4332680" lon="7.4010640">
    <ele>739.5</ele>
    <time>2024-10-24T09:08:04Z</time>
   </trkpt>
   <trkpt lat="48.4332740" lon="7.4010720">
    <ele>739.6</ele>
    <time>2024-10-24T09:08:05Z</time>
   </trkpt>
   <trkpt lat="48.4332860" lon="7.4010840">
    <ele>739.7</ele>
    <time>2024-10-24T09:08:06Z</time>
   </trkpt>
   <trkpt lat="48.4332940" lon="7.4010880">
    <ele>739.8</ele>
    <time>2024-10-24T09:08:07Z</time>
   </trkpt>
   <trkpt lat="48.4333010" lon="7.4010950">
    <ele>739.9</ele>
    <time>2024-10-24T09:08:08Z</time>
   </trkpt>
   <trkpt lat="48.4333080" lon="7.4011030">
    <ele>740.0</ele>
    <time>2024-10-24T09:08:09Z</time>
   </trkpt>
   <trkpt lat="48.4333130" lon="7.4011080">
    <ele>740.0</ele>
    <time>2024-10-24T09:08:10Z</time>
   </trkpt>
   <trkpt lat="48.4333200" lon="7.4011130">
    <ele>740.1</ele>
    <time>2024-10-24T09:08:11Z</time>
   </trkpt>
   <trkpt lat="48.4333240" lon="7.4011230">
    <ele>740.2</ele>
    <time>2024-10-24T09:08:12Z</time>
   </trkpt>
   <trkpt lat="48.4333260" lon="7.4011330">
    <ele>740.3</ele>
    <time>2024-10-24T09:08:13Z</time>
   </trkpt>
   <trkpt lat="48.4333290" lon="7.4011410">
    <ele>740.3</ele>
    <time>2024-10-24T09:08:14Z</time>
   </trkpt>
   <trkpt lat="48.4333330" lon="7.4011440">
    <ele>740.4</ele>
    <time>2024-10-24T09:08:15Z</time>
   </trkpt>
   <trkpt lat="48.4333320" lon="7.4011530">
    <ele>740.5</ele>
    <time>2024-10-24T09:08:16Z</time>
   </trkpt>
   <trkpt lat="48.4333320" lon="7.4011600">
    <ele>740.5</ele>
    <time>2024-10-24T09:08:17Z</time>
   </trkpt>
   <trkpt lat="48.4333310" lon="7.4011660">
    <ele>740.5</ele>
    <time>2024-10-24T09:08:18Z</time>
   </trkpt>
   <trkpt lat="48.4333310" lon="7.4011710">
    <ele>740.6</ele>
    <time>2024-10-24T09:08:19Z</time>
   </trkpt>
   <trkpt lat="48.4333300" lon="7.4011750">
    <ele>740.6</ele>
    <time>2024-10-24T09:08:20Z</time>
   </trkpt>
   <trkpt lat="48.4333290" lon="7.4011820">
    <ele>740.7</ele>
    <time>2024-10-24T09:08:21Z</time>
   </trkpt>
   <trkpt lat="48.4333290" lon="7.4011900">
    <ele>740.7</ele>
    <time>2024-10-24T09:08:22Z</time>
   </trkpt>
   <trkpt lat="48.4333300" lon="7.4012010">
    <ele>740.8</ele>
    <time>2024-10-24T09:08:23Z</time>
   </trkpt>
   <trkpt lat="48.4333340" lon="7.4012110">
    <ele>740.9</ele>
    <time>2024-10-24T09:08:24Z</time>
   </trkpt>
   <trkpt lat="48.4333390" lon="7.4012190">
    <ele>741.0</ele>
    <time>2024-10-24T09:08:25Z</time>
   </trkpt>
   <trkpt lat="48.4333440" lon="7.4012280">
    <ele>741.0</ele>
    <time>2024-10-24T09:08:26Z</time>
   </trkpt>
   <trkpt lat="48.4333480" lon="7.4012330">
    <ele>741.1</ele>
    <time>2024-10-24T09:08:27Z</time>
   </trkpt>
   <trkpt lat="48.4333520" lon="7.4012370">
    <ele>741.1</ele>
    <time>2024-10-24T09:08:28Z</time>
   </trkpt>
   <trkpt lat="48.4333580" lon="7.4012410">
    <ele>741.2</ele>
    <time>2024-10-24T09:08:29Z</time>
   </trkpt>
   <trkpt lat="48.4333640" lon="7.4012430">
    <ele>741.3</ele>
    <time>2024-10-24T09:08:30Z</time>
   </trkpt>
   <trkpt lat="48.4333730" lon="7.4012460">
    <ele>741.4</ele>
    <time>2024-10-24T09:08:31Z</time>
   </trkpt>
   <trkpt lat="48.4333800" lon="7.4012490">
    <ele>741.4</ele>
    <time>2024-10-24T09:08:32Z</time>
   </trkpt>
   <trkpt lat="48.4333860" lon="7.4012530">
    <ele>741.5</ele>
    <time>2024-10-24T09:08:33Z</time>
   </trkpt>
   <trkpt lat="48.4333920" lon="7.4012580">
    <ele>741.6</ele>
    <time>2024-10-24T09:08:34Z</time>
   </trkpt>
   <trkpt lat="48.4333960" lon="7.4012610">
    <ele>741.6</ele>
    <time>2024-10-24T09:08:35Z</time>
   </trkpt>
   <trkpt lat="48.4334020" lon="7.4012660">
    <ele>741.7</ele>
    <time>2024-10-24T09:08:36Z</time>
   </trkpt>
   <trkpt lat="48.4334060" lon="7.4012700">
    <ele>741.8</ele>
    <time>2024-10-24T09:08:37Z</time>
   </trkpt>
   <trkpt lat="48.4334100" lon="7.4012750">
    <ele>741.8</ele>
    <time>2024-10-24T09:08:38Z</time>
   </trkpt>
   <trkpt lat="48.4334140" lon="7.4012790">
    <ele>741.9</ele>
    <time>2024-10-24T09:08:39Z</time>
   </trkpt>
   <trkpt lat="48.4334200" lon="7.4012840">
    <ele>741.9</ele>
    <time>2024-10-24T09:08:40Z</time>
   </trkpt>
   <trkpt lat="48.4334250" lon="7.4012910">
    <ele>742.0</ele>
    <time>2024-10-24T09:08:41Z</time>
   </trkpt>
   <trkpt lat="48.4334290" lon="7.4012970">
    <ele>742.1</ele>
    <time>2024-10-24T09:08:42Z</time>
   </trkpt>
   <trkpt lat="48.4334340" lon="7.4013010">
    <ele>742.1</ele>
    <time>2024-10-24T09:08:43Z</time>
   </trkpt>
   <trkpt lat="48.4334390" lon="7.4013040">
    <ele>742.2</ele>
    <time>2024-10-24T09:08:44Z</time>
   </trkpt>
   <trkpt lat="48.4334430" lon="7.4013070">
    <ele>742.2</ele>
    <time>2024-10-24T09:08:45Z</time>
   </trkpt>
   <trkpt lat="48.4334460" lon="7.4013080">
    <ele>742.3</ele>
    <time>2024-10-24T09:08:46Z</time>
   </trkpt>
   <trkpt lat="48.4334470" lon="7.4013090">
    <ele>742.3</ele>
    <time>2024-10-24T09:08:47Z</time>
   </trkpt>
   <trkpt lat="48.4334480" lon="7.4013110">
    <ele>742.3</ele>
    <time>2024-10-24T09:08:48Z</time>
   </trkpt>
   <trkpt lat="48.4334490" lon="7.4013120">
    <ele>742.3</ele>
    <time>2024-10-24T09:08:49Z</time>
   </trkpt>
   <trkpt lat="48.4334520" lon="7.4013140">
    <ele>742.3</ele>
    <time>2024-10-24T09:08:50Z</time>
   </trkpt>
   <trkpt lat="48.4334580" lon="7.4013190">
    <ele>742.4</ele>
    <time>2024-10-24T09:08:51Z</time>
   </trkpt>
   <trkpt lat="48.4334630" lon="7.4013210">
    <ele>742.5</ele>
    <time>2024-10-24T09:08:52Z</time>
   </trkpt>
   <trkpt lat="48.4334680" lon="7.4013240">
    <ele>742.5</ele>
    <time>2024-10-24T09:08:53Z</time>
   </trkpt>
   <trkpt lat="48.4334680" lon="7.4013310">
    <ele>742.6</ele>
    <time>2024-10-24T09:08:54Z</time>
   </trkpt>
   <trkpt lat="48.4334680" lon="7.4013350">
    <ele>742.6</ele>
    <time>2024-10-24T09:08:55Z</time>
   </trkpt>
   <trkpt lat="48.4334780" lon="7.4013390">
    <ele>742.7</ele>
    <time>2024-10-24T09:08:56Z</time>
   </trkpt>
   <trkpt lat="48.4334850" lon="7.4013380">
    <ele>742.8</ele>
    <time>2024-10-24T09:08:57Z</time>
   </trkpt>
   <trkpt lat="48.4334920" lon="7.4013380">
    <ele>742.8</ele>
    <time>2024-10-24T09:08:58Z</time>
   </trkpt>
   <trkpt lat="48.4334990" lon="7.4013360">
    <ele>742.9</ele>
    <time>2024-10-24T09:08:59Z</time>
   </trkpt>
   <trkpt lat="48.4335040" lon="7.4013430">
    <ele>743.0</ele>
    <time>2024-10-24T09:09:00Z</time>
   </trkpt>
   <trkpt lat="48.4335030" lon="7.4013550">
    <ele>743.0</ele>
    <time>2024-10-24T09:09:01Z</time>
   </trkpt>
   <trkpt lat="48.4335010" lon="7.4013570">
    <ele>743.1</ele>
    <time>2024-10-24T09:09:02Z</time>
   </trkpt>
   <trkpt lat="48.4335020" lon="7.4013570">
    <ele>743.1</ele>
    <time>2024-10-24T09:09:03Z</time>
   </trkpt>
   <trkpt lat="48.4335040" lon="7.4013560">
    <ele>743.1</ele>
    <time>2024-10-24T09:09:04Z</time>
   </trkpt>
   <trkpt lat="48.4335060" lon="7.4013550">
    <ele>743.1</ele>
    <time>2024-10-24T09:09:05Z</time>
   </trkpt>
   <trkpt lat="48.4335070" lon="7.4013540">
    <ele>743.1</ele>
    <time>2024-10-24T09:09:06Z</time>
   </trkpt>
   <trkpt lat="48.4335070" lon="7.4013530">
    <ele>743.1</ele>
    <time>2024-10-24T09:09:07Z</time>
   </trkpt>
   <trkpt lat="48.4335070" lon="7.4013530">
    <ele>743.1</ele>
    <time>2024-10-24T09:09:08Z</time>
   </trkpt>
   <trkpt lat="48.4335070" lon="7.4013530">
    <ele>743.1</ele>
    <time>2024-10-24T09:09:09Z</time>
   </trkpt>
   <trkpt lat="48.4335070" lon="7.4013530">
    <ele>743.1</ele>
    <time>2024-10-24T09:09:10Z</time>
   </trkpt>
   <trkpt lat="48.4335070" lon="7.4013530">
    <ele>743.1</ele>
    <time>2024-10-24T09:09:11Z</time>
   </trkpt>
   <trkpt lat="48.4335090" lon="7.4013540">
    <ele>743.1</ele>
    <time>2024-10-24T09:09:12Z</time>
   </trkpt>
   <trkpt lat="48.4335140" lon="7.4013560">
    <ele>743.2</ele>
    <time>2024-10-24T09:09:13Z</time>
   </trkpt>
   <trkpt lat="48.4335170" lon="7.4013550">
    <ele>743.2</ele>
    <time>2024-10-24T09:09:14Z</time>
   </trkpt>
   <trkpt lat="48.4335170" lon="7.4013530">
    <ele>743.2</ele>
    <time>2024-10-24T09:09:15Z</time>
   </trkpt>
   <trkpt lat="48.4335160" lon="7.4013530">
    <ele>743.3</ele>
    <time>2024-10-24T09:09:16Z</time>
   </trkpt>
   <trkpt lat="48.4335160" lon="7.4013510">
    <ele>743.3</ele>
    <time>2024-10-24T09:09:17Z</time>
   </trkpt>
   <trkpt lat="48.4335190" lon="7.4013520">
    <ele>743.3</ele>
    <time>2024-10-24T09:09:18Z</time>
   </trkpt>
   <trkpt lat="48.4335250" lon="7.4013530">
    <ele>743.4</ele>
    <time>2024-10-24T09:09:19Z</time>
   </trkpt>
   <trkpt lat="48.4335300" lon="7.4013520">
    <ele>743.4</ele>
    <time>2024-10-24T09:09:20Z</time>
   </trkpt>
   <trkpt lat="48.4335370" lon="7.4013490">
    <ele>743.5</ele>
    <time>2024-10-24T09:09:21Z</time>
   </trkpt>
   <trkpt lat="48.4335480" lon="7.4013670">
    <ele>743.6</ele>
    <time>2024-10-24T09:09:22Z</time>
   </trkpt>
   <trkpt lat="48.4335540" lon="7.4013810">
    <ele>743.7</ele>
    <time>2024-10-24T09:09:23Z</time>
   </trkpt>
   <trkpt lat="48.4335580" lon="7.4013890">
    <ele>743.8</ele>
    <time>2024-10-24T09:09:24Z</time>
   </trkpt>
   <trkpt lat="48.4335620" lon="7.4013940">
    <ele>743.9</ele>
    <time>2024-10-24T09:09:25Z</time>
   </trkpt>
   <trkpt lat="48.4335660" lon="7.4014060">
    <ele>743.9</ele>
    <time>2024-10-24T09:09:26Z</time>
   </trkpt>
   <trkpt lat="48.4335710" lon="7.4014210">
    <ele>744.1</ele>
    <time>2024-10-24T09:09:28Z</time>
   </trkpt>
   <trkpt lat="48.4335720" lon="7.4014300">
    <ele>744.1</ele>
    <time>2024-10-24T09:09:29Z</time>
   </trkpt>
   <trkpt lat="48.4335730" lon="7.4014360">
    <ele>744.2</ele>
    <time>2024-10-24T09:09:30Z</time>
   </trkpt>
   <trkpt lat="48.4335770" lon="7.4014440">
    <ele>744.2</ele>
    <time>2024-10-24T09:09:31Z</time>
   </trkpt>
   <trkpt lat="48.4335760" lon="7.4014510">
    <ele>744.3</ele>
    <time>2024-10-24T09:09:32Z</time>
   </trkpt>
   <trkpt lat="48.4335710" lon="7.4014560">
    <ele>744.3</ele>
    <time>2024-10-24T09:09:33Z</time>
   </trkpt>
   <trkpt lat="48.4335700" lon="7.4014600">
    <ele>744.4</ele>
    <time>2024-10-24T09:09:34Z</time>
   </trkpt>
   <trkpt lat="48.4335730" lon="7.4014650">
    <ele>744.4</ele>
    <time>2024-10-24T09:09:35Z</time>
   </trkpt>
   <trkpt lat="48.4335800" lon="7.4014700">
    <ele>744.5</ele>
    <time>2024-10-24T09:09:36Z</time>
   </trkpt>
   <trkpt lat="48.4335870" lon="7.4014740">
    <ele>744.6</ele>
    <time>2024-10-24T09:09:37Z</time>
   </trkpt>
   <trkpt lat="48.4335920" lon="7.4014800">
    <ele>744.7</ele>
    <time>2024-10-24T09:09:38Z</time>
   </trkpt>
   <trkpt lat="48.4336010" lon="7.4014810">
    <ele>744.8</ele>
    <time>2024-10-24T09:09:39Z</time>
   </trkpt>
   <trkpt lat="48.4336080" lon="7.4014870">
    <ele>744.9</ele>
    <time>2024-10-24T09:09:40Z</time>
   </trkpt>
   <trkpt lat="48.4336170" lon="7.4014930">
    <ele>745.1</ele>
    <time>2024-10-24T09:09:41Z</time>
   </trkpt>
   <trkpt lat="48.4336230" lon="7.4014950">
    <ele>745.2</ele>
    <time>2024-10-24T09:09:42Z</time>
   </trkpt>
   <trkpt lat="48.4336300" lon="7.4015000">
    <ele>745.3</ele>
    <time>2024-10-24T09:09:43Z</time>
   </trkpt>
   <trkpt lat="48.4336360" lon="7.4015060">
    <ele>745.3</ele>
    <time>2024-10-24T09:09:44Z</time>
   </trkpt>
   <trkpt lat="48.4336440" lon="7.4015070">
    <ele>745.5</ele>
    <time>2024-10-24T09:09:45Z</time>
   </trkpt>
   <trkpt lat="48.4336510" lon="7.4015180">
    <ele>745.6</ele>
    <time>2024-10-24T09:09:46Z</time>
   </trkpt>
   <trkpt lat="48.4336490" lon="7.4015250">
    <ele>745.7</ele>
    <time>2024-10-24T09:09:47Z</time>
   </trkpt>
   <trkpt lat="48.4336490" lon="7.4015270">
    <ele>745.7</ele>
    <time>2024-10-24T09:09:48Z</time>
   </trkpt>
   <trkpt lat="48.4336560" lon="7.4015280">
    <ele>745.8</ele>
    <time>2024-10-24T09:09:49Z</time>
   </trkpt>
   <trkpt lat="48.4336640" lon="7.4015290">
    <ele>745.9</ele>
    <time>2024-10-24T09:09:50Z</time>
   </trkpt>
   <trkpt lat="48.4336700" lon="7.4015340">
    <ele>746.0</ele>
    <time>2024-10-24T09:09:51Z</time>
   </trkpt>
   <trkpt lat="48.4336740" lon="7.4015360">
    <ele>746.0</ele>
    <time>2024-10-24T09:09:52Z</time>
   </trkpt>
   <trkpt lat="48.4336770" lon="7.4015350">
    <ele>746.0</ele>
    <time>2024-10-24T09:09:53Z</time>
   </trkpt>
   <trkpt lat="48.4336800" lon="7.4015350">
    <ele>746.1</ele>
    <time>2024-10-24T09:09:54Z</time>
   </trkpt>
   <trkpt lat="48.4336830" lon="7.4015360">
    <ele>746.1</ele>
    <time>2024-10-24T09:09:55Z</time>
   </trkpt>
   <trkpt lat="48.4336870" lon="7.4015370">
    <ele>746.2</ele>
    <time>2024-10-24T09:09:56Z</time>
   </trkpt>
   <trkpt lat="48.4336880" lon="7.4015400">
    <ele>746.2</ele>
    <time>2024-10-24T09:09:57Z</time>
   </trkpt>
   <trkpt lat="48.4336910" lon="7.4015450">
    <ele>746.3</ele>
    <time>2024-10-24T09:09:58Z</time>
   </trkpt>
   <trkpt lat="48.4336930" lon="7.4015470">
    <ele>746.3</ele>
    <time>2024-10-24T09:09:59Z</time>
   </trkpt>
   <trkpt lat="48.4336950" lon="7.4015490">
    <ele>746.3</ele>
    <time>2024-10-24T09:10:00Z</time>
   </trkpt>
   <trkpt lat="48.4336980" lon="7.4015520">
    <ele>746.4</ele>
    <time>2024-10-24T09:10:01Z</time>
   </trkpt>
   <trkpt lat="48.4337010" lon="7.4015540">
    <ele>746.4</ele>
    <time>2024-10-24T09:10:02Z</time>
   </trkpt>
   <trkpt lat="48.4337040" lon="7.4015550">
    <ele>746.5</ele>
    <time>2024-10-24T09:10:03Z</time>
   </trkpt>
   <trkpt lat="48.4337060" lon="7.4015560">
    <ele>746.5</ele>
    <time>2024-10-24T09:10:04Z</time>
   </trkpt>
   <trkpt lat="48.4337090" lon="7.4015590">
    <ele>746.5</ele>
    <time>2024-10-24T09:10:05Z</time>
   </trkpt>
   <trkpt lat="48.4337130" lon="7.4015650">
    <ele>746.6</ele>
    <time>2024-10-24T09:10:06Z</time>
   </trkpt>
   <trkpt lat="48.4337140" lon="7.4015700">
    <ele>746.7</ele>
    <time>2024-10-24T09:10:07Z</time>
   </trkpt>
   <trkpt lat="48.4337160" lon="7.4015740">
    <ele>746.7</ele>
    <time>2024-10-24T09:10:08Z</time>
   </trkpt>
   <trkpt lat="48.4337210" lon="7.4015860">
    <ele>746.8</ele>
    <time>2024-10-24T09:10:09Z</time>
   </trkpt>
   <trkpt lat="48.4337250" lon="7.4015970">
    <ele>746.9</ele>
    <time>2024-10-24T09:10:10Z</time>
   </trkpt>
   <trkpt lat="48.4337280" lon="7.4016070">
    <ele>747.0</ele>
    <time>2024-10-24T09:10:11Z</time>
   </trkpt>
   <trkpt lat="48.4337310" lon="7.4016160">
    <ele>747.1</ele>
    <time>2024-10-24T09:10:12Z</time>
   </trkpt>
   <trkpt lat="48.4337340" lon="7.4016260">
    <ele>747.1</ele>
    <time>2024-10-24T09:10:13Z</time>
   </trkpt>
   <trkpt lat="48.4337380" lon="7.4016350">
    <ele>747.2</ele>
    <time>2024-10-24T09:10:14Z</time>
   </trkpt>
   <trkpt lat="48.4337420" lon="7.4016420">
    <ele>747.3</ele>
    <time>2024-10-24T09:10:15Z</time>
   </trkpt>
   <trkpt lat="48.4337480" lon="7.4016480">
    <ele>747.4</ele>
    <time>2024-10-24T09:10:16Z</time>
   </trkpt>
   <trkpt lat="48.4337520" lon="7.4016510">
    <ele>747.4</ele>
    <time>2024-10-24T09:10:17Z</time>
   </trkpt>
   <trkpt lat="48.4337570" lon="7.4016510">
    <ele>747.5</ele>
    <time>2024-10-24T09:10:18Z</time>
   </trkpt>
   <trkpt lat="48.4337610" lon="7.4016500">
    <ele>747.5</ele>
    <time>2024-10-24T09:10:19Z</time>
   </trkpt>
   <trkpt lat="48.4337630" lon="7.4016510">
    <ele>747.6</ele>
    <time>2024-10-24T09:10:20Z</time>
   </trkpt>
   <trkpt lat="48.4337680" lon="7.4016580">
    <ele>747.6</ele>
    <time>2024-10-24T09:10:21Z</time>
   </trkpt>
   <trkpt lat="48.4337720" lon="7.4016630">
    <ele>747.7</ele>
    <time>2024-10-24T09:10:22Z</time>
   </trkpt>
   <trkpt lat="48.4337770" lon="7.4016670">
    <ele>747.8</ele>
    <time>2024-10-24T09:10:23Z</time>
   </trkpt>
   <trkpt lat="48.4337830" lon="7.4016760">
    <ele>747.9</ele>
    <time>2024-10-24T09:10:24Z</time>
   </trkpt>
   <trkpt lat="48.4337880" lon="7.4016830">
    <ele>747.9</ele>
    <time>2024-10-24T09:10:25Z</time>
   </trkpt>
   <trkpt lat="48.4337940" lon="7.4016900">
    <ele>748.0</ele>
    <time>2024-10-24T09:10:26Z</time>
   </trkpt>
   <trkpt lat="48.4337980" lon="7.4016940">
    <ele>748.1</ele>
    <time>2024-10-24T09:10:27Z</time>
   </trkpt>
   <trkpt lat="48.4338040" lon="7.4017000">
    <ele>748.1</ele>
    <time>2024-10-24T09:10:28Z</time>
   </trkpt>
   <trkpt lat="48.4338110" lon="7.4017070">
    <ele>748.2</ele>
    <time>2024-10-24T09:10:29Z</time>
   </trkpt>
   <trkpt lat="48.4338180" lon="7.4017130">
    <ele>748.3</ele>
    <time>2024-10-24T09:10:30Z</time>
   </trkpt>
   <trkpt lat="48.4338250" lon="7.4017190">
    <ele>748.4</ele>
    <time>2024-10-24T09:10:31Z</time>
   </trkpt>
   <trkpt lat="48.4338320" lon="7.4017270">
    <ele>748.5</ele>
    <time>2024-10-24T09:10:32Z</time>
   </trkpt>
   <trkpt lat="48.4338370" lon="7.4017360">
    <ele>748.6</ele>
    <time>2024-10-24T09:10:33Z</time>
   </trkpt>
   <trkpt lat="48.4338420" lon="7.4017430">
    <ele>748.7</ele>
    <time>2024-10-24T09:10:34Z</time>
   </trkpt>
   <trkpt lat="48.4338470" lon="7.4017520">
    <ele>748.7</ele>
    <time>2024-10-24T09:10:35Z</time>
   </trkpt>
   <trkpt lat="48.4338560" lon="7.4017620">
    <ele>749.0</ele>
    <time>2024-10-24T09:10:36Z</time>
   </trkpt>
   <trkpt lat="48.4338620" lon="7.4017650">
    <ele>749.1</ele>
    <time>2024-10-24T09:10:37Z</time>
   </trkpt>
   <trkpt lat="48.4338670" lon="7.4017650">
    <ele>749.2</ele>
    <time>2024-10-24T09:10:38Z</time>
   </trkpt>
   <trkpt lat="48.4338720" lon="7.4017660">
    <ele>749.3</ele>
    <time>2024-10-24T09:10:39Z</time>
   </trkpt>
   <trkpt lat="48.4338760" lon="7.4017690">
    <ele>749.4</ele>
    <time>2024-10-24T09:10:40Z</time>
   </trkpt>
   <trkpt lat="48.4338820" lon="7.4017740">
    <ele>749.5</ele>
    <time>2024-10-24T09:10:41Z</time>
   </trkpt>
   <trkpt lat="48.4338860" lon="7.4017770">
    <ele>749.6</ele>
    <time>2024-10-24T09:10:42Z</time>
   </trkpt>
   <trkpt lat="48.4338910" lon="7.4017810">
    <ele>749.7</ele>
    <time>2024-10-24T09:10:43Z</time>
   </trkpt>
   <trkpt lat="48.4338960" lon="7.4017880">
    <ele>749.8</ele>
    <time>2024-10-24T09:10:44Z</time>
   </trkpt>
   <trkpt lat="48.4339010" lon="7.4017950">
    <ele>749.9</ele>
    <time>2024-10-24T09:10:45Z</time>
   </trkpt>
   <trkpt lat="48.4339050" lon="7.4018120">
    <ele>750.1</ele>
    <time>2024-10-24T09:10:46Z</time>
   </trkpt>
   <trkpt lat="48.4339060" lon="7.4018210">
    <ele>750.2</ele>
    <time>2024-10-24T09:10:47Z</time>
   </trkpt>
   <trkpt lat="48.4339060" lon="7.4018350">
    <ele>750.4</ele>
    <time>2024-10-24T09:10:48Z</time>
   </trkpt>
   <trkpt lat="48.4339020" lon="7.4018460">
    <ele>750.6</ele>
    <time>2024-10-24T09:10:49Z</time>
   </trkpt>
   <trkpt lat="48.4338990" lon="7.4018550">
    <ele>750.7</ele>
    <time>2024-10-24T09:10:50Z</time>
   </trkpt>
   <trkpt lat="48.4339020" lon="7.4018700">
    <ele>750.9</ele>
    <time>2024-10-24T09:10:51Z</time>
   </trkpt>
   <trkpt lat="48.4339090" lon="7.4018720">
    <ele>751.0</ele>
    <time>2024-10-24T09:10:52Z</time>
   </trkpt>
   <trkpt lat="48.4339140" lon="7.4018790">
    <ele>751.1</ele>
    <time>2024-10-24T09:10:53Z</time>
   </trkpt>
   <trkpt lat="48.4339200" lon="7.4018890">
    <ele>751.3</ele>
    <time>2024-10-24T09:10:54Z</time>
   </trkpt>
   <trkpt lat="48.4339230" lon="7.4018940">
    <ele>751.3</ele>
    <time>2024-10-24T09:10:55Z</time>
   </trkpt>
   <trkpt lat="48.4339220" lon="7.4019100">
    <ele>751.5</ele>
    <time>2024-10-24T09:10:56Z</time>
   </trkpt>
   <trkpt lat="48.4339190" lon="7.4019100">
    <ele>751.6</ele>
    <time>2024-10-24T09:10:57Z</time>
   </trkpt>
   <trkpt lat="48.4339150" lon="7.4019170">
    <ele>751.7</ele>
    <time>2024-10-24T09:10:58Z</time>
   </trkpt>
   <trkpt lat="48.4339110" lon="7.4019250">
    <ele>751.8</ele>
    <time>2024-10-24T09:10:59Z</time>
   </trkpt>
   <trkpt lat="48.4339080" lon="7.4019320">
    <ele>751.9</ele>
    <time>2024-10-24T09:11:00Z</time>
   </trkpt>
   <trkpt lat="48.4339070" lon="7.4019430">
    <ele>752.0</ele>
    <time>2024-10-24T09:11:01Z</time>
   </trkpt>
   <trkpt lat="48.4339110" lon="7.4019500">
    <ele>752.1</ele>
    <time>2024-10-24T09:11:02Z</time>
   </trkpt>
   <trkpt lat="48.4339140" lon="7.4019620">
    <ele>752.3</ele>
    <time>2024-10-24T09:11:03Z</time>
   </trkpt>
   <trkpt lat="48.4339160" lon="7.4019690">
    <ele>752.4</ele>
    <time>2024-10-24T09:11:04Z</time>
   </trkpt>
   <trkpt lat="48.4339160" lon="7.4019790">
    <ele>752.5</ele>
    <time>2024-10-24T09:11:05Z</time>
   </trkpt>
   <trkpt lat="48.4339160" lon="7.4019940">
    <ele>752.7</ele>
    <time>2024-10-24T09:11:06Z</time>
   </trkpt>
   <trkpt lat="48.4339140" lon="7.4020110">
    <ele>752.9</ele>
    <time>2024-10-24T09:11:07Z</time>
   </trkpt>
   <trkpt lat="48.4339130" lon="7.4020200">
    <ele>753.0</ele>
    <time>2024-10-24T09:11:08Z</time>
   </trkpt>
   <trkpt lat="48.4339110" lon="7.4020290">
    <ele>753.1</ele>
    <time>2024-10-24T09:11:09Z</time>
   </trkpt>
   <trkpt lat="48.4339090" lon="7.4020380">
    <ele>753.3</ele>
    <time>2024-10-24T09:11:10Z</time>
   </trkpt>
   <trkpt lat="48.4339080" lon="7.4020470">
    <ele>753.4</ele>
    <time>2024-10-24T09:11:11Z</time>
   </trkpt>
   <trkpt lat="48.4339080" lon="7.4020550">
    <ele>753.5</ele>
    <time>2024-10-24T09:11:12Z</time>
   </trkpt>
   <trkpt lat="48.4339100" lon="7.4020670">
    <ele>753.6</ele>
    <time>2024-10-24T09:11:13Z</time>
   </trkpt>
   <trkpt lat="48.4339140" lon="7.4020790">
    <ele>753.8</ele>
    <time>2024-10-24T09:11:14Z</time>
   </trkpt>
   <trkpt lat="48.4339170" lon="7.4020930">
    <ele>754.0</ele>
    <time>2024-10-24T09:11:15Z</time>
   </trkpt>
   <trkpt lat="48.4339200" lon="7.4021140">
    <ele>754.3</ele>
    <time>2024-10-24T09:11:16Z</time>
   </trkpt>
   <trkpt lat="48.4339180" lon="7.4021290">
    <ele>754.5</ele>
    <time>2024-10-24T09:11:17Z</time>
   </trkpt>
   <trkpt lat="48.4339180" lon="7.4021390">
    <ele>754.6</ele>
    <time>2024-10-24T09:11:18Z</time>
   </trkpt>
   <trkpt lat="48.4339190" lon="7.4021490">
    <ele>754.7</ele>
    <time>2024-10-24T09:11:19Z</time>
   </trkpt>
   <trkpt lat="48.4339190" lon="7.4021610">
    <ele>754.9</ele>
    <time>2024-10-24T09:11:20Z</time>
   </trkpt>
   <trkpt lat="48.4339280" lon="7.4021640">
    <ele>755.0</ele>
    <time>2024-10-24T09:11:21Z</time>
   </trkpt>
   <trkpt lat="48.4339300" lon="7.4021450">
    <ele>755.3</ele>
    <time>2024-10-24T09:11:22Z</time>
   </trkpt>
   <trkpt lat="48.4339320" lon="7.4021260">
    <ele>755.5</ele>
    <time>2024-10-24T09:11:23Z</time>
   </trkpt>
   <trkpt lat="48.4339410" lon="7.4021130">
    <ele>755.8</ele>
    <time>2024-10-24T09:11:24Z</time>
   </trkpt>
   <trkpt lat="48.4339550" lon="7.4021110">
    <ele>756.0</ele>
    <time>2024-10-24T09:11:25Z</time>
   </trkpt>
   <trkpt lat="48.4339730" lon="7.4021170">
    <ele>756.4</ele>
    <time>2024-10-24T09:11:26Z</time>
   </trkpt>
   <trkpt lat="48.4339880" lon="7.4021260">
    <ele>756.7</ele>
    <time>2024-10-24T09:11:27Z</time>
   </trkpt>
   <trkpt lat="48.4340060" lon="7.4021360">
    <ele>757.1</ele>
    <time>2024-10-24T09:11:28Z</time>
   </trkpt>
   <trkpt lat="48.4340360" lon="7.4021470">
    <ele>757.7</ele>
    <time>2024-10-24T09:11:29Z</time>
   </trkpt>
   <trkpt lat="48.4340460" lon="7.4021470">
    <ele>757.9</ele>
    <time>2024-10-24T09:11:30Z</time>
   </trkpt>
   <trkpt lat="48.4340640" lon="7.4021450">
    <ele>758.2</ele>
    <time>2024-10-24T09:11:31Z</time>
   </trkpt>
   <trkpt lat="48.4340800" lon="7.4021500">
    <ele>758.5</ele>
    <time>2024-10-24T09:11:32Z</time>
   </trkpt>
   <trkpt lat="48.4340900" lon="7.4021530">
    <ele>758.7</ele>
    <time>2024-10-24T09:11:33Z</time>
   </trkpt>
   <trkpt lat="48.4340990" lon="7.4021500">
    <ele>758.8</ele>
    <time>2024-10-24T09:11:34Z</time>
   </trkpt>
   <trkpt lat="48.4341080" lon="7.4021520">
    <ele>759.0</ele>
    <time>2024-10-24T09:11:35Z</time>
   </trkpt>
   <trkpt lat="48.4341190" lon="7.4021560">
    <ele>759.2</ele>
    <time>2024-10-24T09:11:36Z</time>
   </trkpt>
   <trkpt lat="48.4341310" lon="7.4021550">
    <ele>759.4</ele>
    <time>2024-10-24T09:11:37Z</time>
   </trkpt>
   <trkpt lat="48.4341410" lon="7.4021550">
    <ele>759.6</ele>
    <time>2024-10-24T09:11:38Z</time>
   </trkpt>
   <trkpt lat="48.4341520" lon="7.4021570">
    <ele>759.8</ele>
    <time>2024-10-24T09:11:39Z</time>
   </trkpt>
   <trkpt lat="48.4341640" lon="7.4021620">
    <ele>760.0</ele>
    <time>2024-10-24T09:11:40Z</time>
   </trkpt>
   <trkpt lat="48.4341750" lon="7.4021660">
    <ele>760.2</ele>
    <time>2024-10-24T09:11:41Z</time>
   </trkpt>
   <trkpt lat="48.4341870" lon="7.4021690">
    <ele>760.4</ele>
    <time>2024-10-24T09:11:42Z</time>
   </trkpt>
   <trkpt lat="48.4341910" lon="7.4021830">
    <ele>760.4</ele>
    <time>2024-10-24T09:11:43Z</time>
   </trkpt>
   <trkpt lat="48.4341940" lon="7.4022000">
    <ele>760.4</ele>
    <time>2024-10-24T09:11:44Z</time>
   </trkpt>
   <trkpt lat="48.4341970" lon="7.4022310">
    <ele>760.5</ele>
    <time>2024-10-24T09:11:45Z</time>
   </trkpt>
   <trkpt lat="48.4342000" lon="7.4022420">
    <ele>760.5</ele>
    <time>2024-10-24T09:11:46Z</time>
   </trkpt>
   <trkpt lat="48.4342040" lon="7.4022520">
    <ele>760.5</ele>
    <time>2024-10-24T09:11:47Z</time>
   </trkpt>
   <trkpt lat="48.4342130" lon="7.4022620">
    <ele>760.5</ele>
    <time>2024-10-24T09:11:48Z</time>
   </trkpt>
   <trkpt lat="48.4342220" lon="7.4022660">
    <ele>760.5</ele>
    <time>2024-10-24T09:11:49Z</time>
   </trkpt>
   <trkpt lat="48.4342310" lon="7.4022680">
    <ele>760.5</ele>
    <time>2024-10-24T09:11:50Z</time>
   </trkpt>
   <trkpt lat="48.4342390" lon="7.4022600">
    <ele>760.6</ele>
    <time>2024-10-24T09:11:51Z</time>
   </trkpt>
   <trkpt lat="48.4342410" lon="7.4022420">
    <ele>760.6</ele>
    <time>2024-10-24T09:11:52Z</time>
   </trkpt>
   <trkpt lat="48.4342370" lon="7.4022300">
    <ele>760.6</ele>
    <time>2024-10-24T09:11:53Z</time>
   </trkpt>
   <trkpt lat="48.4342390" lon="7.4022180">
    <ele>760.6</ele>
    <time>2024-10-24T09:11:54Z</time>
   </trkpt>
   <trkpt lat="48.4342470" lon="7.4022080">
    <ele>760.6</ele>
    <time>2024-10-24T09:11:55Z</time>
   </trkpt>
   <trkpt lat="48.4342590" lon="7.4022070">
    <ele>760.7</ele>
    <time>2024-10-24T09:11:56Z</time>
   </trkpt>
   <trkpt lat="48.4342710" lon="7.4022030">
    <ele>760.7</ele>
    <time>2024-10-24T09:11:57Z</time>
   </trkpt>
   <trkpt lat="48.4342820" lon="7.4021950">
    <ele>760.7</ele>
    <time>2024-10-24T09:11:58Z</time>
   </trkpt>
   <trkpt lat="48.4342930" lon="7.4021940">
    <ele>760.7</ele>
    <time>2024-10-24T09:11:59Z</time>
   </trkpt>
   <trkpt lat="48.4343030" lon="7.4021990">
    <ele>760.8</ele>
    <time>2024-10-24T09:12:00Z</time>
   </trkpt>
   <trkpt lat="48.4343120" lon="7.4021980">
    <ele>760.8</ele>
    <time>2024-10-24T09:12:01Z</time>
   </trkpt>
   <trkpt lat="48.4343220" lon="7.4021950">
    <ele>760.8</ele>
    <time>2024-10-24T09:12:02Z</time>
   </trkpt>
   <trkpt lat="48.4343310" lon="7.4021910">
    <ele>760.8</ele>
    <time>2024-10-24T09:12:03Z</time>
   </trkpt>
   <trkpt lat="48.4343410" lon="7.4021870">
    <ele>760.9</ele>
    <time>2024-10-24T09:12:04Z</time>
   </trkpt>
   <trkpt lat="48.4343480" lon="7.4021870">
    <ele>760.9</ele>
    <time>2024-10-24T09:12:05Z</time>
   </trkpt>
   <trkpt lat="48.4343540" lon="7.4021930">
    <ele>760.9</ele>
    <time>2024-10-24T09:12:06Z</time>
   </trkpt>
   <trkpt lat="48.4343610" lon="7.4021940">
    <ele>760.9</ele>
    <time>2024-10-24T09:12:07Z</time>
   </trkpt>
   <trkpt lat="48.4343680" lon="7.4021960">
    <ele>760.9</ele>
    <time>2024-10-24T09:12:08Z</time>
   </trkpt>
   <trkpt lat="48.4343740" lon="7.4022030">
    <ele>761.0</ele>
    <time>2024-10-24T09:12:09Z</time>
   </trkpt>
   <trkpt lat="48.4343820" lon="7.4022070">
    <ele>761.0</ele>
    <time>2024-10-24T09:12:10Z</time>
   </trkpt>
   <trkpt lat="48.4343880" lon="7.4022120">
    <ele>761.0</ele>
    <time>2024-10-24T09:12:11Z</time>
   </trkpt>
   <trkpt lat="48.4343970" lon="7.4022210">
    <ele>761.0</ele>
    <time>2024-10-24T09:12:12Z</time>
   </trkpt>
   <trkpt lat="48.4344030" lon="7.4022310">
    <ele>761.1</ele>
    <time>2024-10-24T09:12:13Z</time>
   </trkpt>
   <trkpt lat="48.4344070" lon="7.4022450">
    <ele>761.1</ele>
    <time>2024-10-24T09:12:14Z</time>
   </trkpt>
   <trkpt lat="48.4344090" lon="7.4022600">
    <ele>761.1</ele>
    <time>2024-10-24T09:12:15Z</time>
   </trkpt>
   <trkpt lat="48.4344140" lon="7.4022710">
    <ele>761.1</ele>
    <time>2024-10-24T09:12:16Z</time>
   </trkpt>
   <trkpt lat="48.4344220" lon="7.4022820">
    <ele>761.2</ele>
    <time>2024-10-24T09:12:17Z</time>
   </trkpt>
   <trkpt lat="48.4344280" lon="7.4022870">
    <ele>761.2</ele>
    <time>2024-10-24T09:12:18Z</time>
   </trkpt>
   <trkpt lat="48.4344370" lon="7.4022930">
    <ele>761.2</ele>
    <time>2024-10-24T09:12:19Z</time>
   </trkpt>
   <trkpt lat="48.4344470" lon="7.4022990">
    <ele>761.2</ele>
    <time>2024-10-24T09:12:20Z</time>
   </trkpt>
   <trkpt lat="48.4344570" lon="7.4023060">
    <ele>761.2</ele>
    <time>2024-10-24T09:12:21Z</time>
   </trkpt>
   <trkpt lat="48.4344670" lon="7.4023110">
    <ele>761.3</ele>
    <time>2024-10-24T09:12:22Z</time>
   </trkpt>
   <trkpt lat="48.4344760" lon="7.4023140">
    <ele>761.3</ele>
    <time>2024-10-24T09:12:23Z</time>
   </trkpt>
   <trkpt lat="48.4344840" lon="7.4023140">
    <ele>761.3</ele>
    <time>2024-10-24T09:12:24Z</time>
   </trkpt>
   <trkpt lat="48.4344930" lon="7.4023150">
    <ele>761.3</ele>
    <time>2024-10-24T09:12:25Z</time>
   </trkpt>
   <trkpt lat="48.4345030" lon="7.4023120">
    <ele>761.3</ele>
    <time>2024-10-24T09:12:26Z</time>
   </trkpt>
   <trkpt lat="48.4345150" lon="7.4023110">
    <ele>761.4</ele>
    <time>2024-10-24T09:12:27Z</time>
   </trkpt>
   <trkpt lat="48.4345230" lon="7.4023100">
    <ele>761.4</ele>
    <time>2024-10-24T09:12:28Z</time>
   </trkpt>
   <trkpt lat="48.4345320" lon="7.4023130">
    <ele>761.4</ele>
    <time>2024-10-24T09:12:29Z</time>
   </trkpt>
   <trkpt lat="48.4345420" lon="7.4023170">
    <ele>761.4</ele>
    <time>2024-10-24T09:12:30Z</time>
   </trkpt>
   <trkpt lat="48.4345510" lon="7.4023230">
    <ele>761.4</ele>
    <time>2024-10-24T09:12:31Z</time>
   </trkpt>
   <trkpt lat="48.4345610" lon="7.4023290">
    <ele>761.4</ele>
    <time>2024-10-24T09:12:32Z</time>
   </trkpt>
   <trkpt lat="48.4345680" lon="7.4023370">
    <ele>761.4</ele>
    <time>2024-10-24T09:12:33Z</time>
   </trkpt>
   <trkpt lat="48.4345750" lon="7.4023460">
    <ele>761.4</ele>
    <time>2024-10-24T09:12:34Z</time>
   </trkpt>
   <trkpt lat="48.4345820" lon="7.4023560">
    <ele>761.5</ele>
    <time>2024-10-24T09:12:35Z</time>
   </trkpt>
   <trkpt lat="48.4345870" lon="7.4023670">
    <ele>761.5</ele>
    <time>2024-10-24T09:12:36Z</time>
   </trkpt>
   <trkpt lat="48.4345950" lon="7.4023800">
    <ele>761.5</ele>
    <time>2024-10-24T09:12:37Z</time>
   </trkpt>
   <trkpt lat="48.4346000" lon="7.4023840">
    <ele>761.5</ele>
    <time>2024-10-24T09:12:38Z</time>
   </trkpt>
   <trkpt lat="48.4346080" lon="7.4023900">
    <ele>761.5</ele>
    <time>2024-10-24T09:12:39Z</time>
   </trkpt>
   <trkpt lat="48.4346160" lon="7.4023970">
    <ele>761.5</ele>
    <time>2024-10-24T09:12:40Z</time>
   </trkpt>
   <trkpt lat="48.4346240" lon="7.4024050">
    <ele>761.5</ele>
    <time>2024-10-24T09:12:41Z</time>
   </trkpt>
   <trkpt lat="48.4346340" lon="7.4024220">
    <ele>761.5</ele>
    <time>2024-10-24T09:12:42Z</time>
   </trkpt>
   <trkpt lat="48.4346370" lon="7.4024310">
    <ele>761.5</ele>
    <time>2024-10-24T09:12:43Z</time>
   </trkpt>
   <trkpt lat="48.4346420" lon="7.4024420">
    <ele>761.5</ele>
    <time>2024-10-24T09:12:44Z</time>
   </trkpt>
   <trkpt lat="48.4346440" lon="7.4024520">
    <ele>761.5</ele>
    <time>2024-10-24T09:12:45Z</time>
   </trkpt>
   <trkpt lat="48.4346440" lon="7.4024570">
    <ele>761.5</ele>
    <time>2024-10-24T09:12:46Z</time>
   </trkpt>
   <trkpt lat="48.4346440" lon="7.4024590">
    <ele>761.5</ele>
    <time>2024-10-24T09:12:47Z</time>
   </trkpt>
   <trkpt lat="48.4346440" lon="7.4024580">
    <ele>761.5</ele>
    <time>2024-10-24T09:12:48Z</time>
   </trkpt>
   <trkpt lat="48.4346440" lon="7.4024580">
    <ele>761.5</ele>
    <time>2024-10-24T09:12:49Z</time>
   </trkpt>
   <trkpt lat="48.4346440" lon="7.4024570">
    <ele>761.5</ele>
    <time>2024-10-24T09:12:50Z</time>
   </trkpt>
   <trkpt lat="48.4346450" lon="7.4024560">
    <ele>761.5</ele>
    <time>2024-10-24T09:12:51Z</time>
   </trkpt>
   <trkpt lat="48.4346450" lon="7.4024560">
    <ele>761.5</ele>
    <time>2024-10-24T09:12:52Z</time>
   </trkpt>
   <trkpt lat="48.4346450" lon="7.4024560">
    <ele>761.5</ele>
    <time>2024-10-24T09:12:53Z</time>
   </trkpt>
   <trkpt lat="48.4346450" lon="7.4024560">
    <ele>761.5</ele>
    <time>2024-10-24T09:12:54Z</time>
   </trkpt>
   <trkpt lat="48.4346460" lon="7.4024550">
    <ele>761.5</ele>
    <time>2024-10-24T09:12:55Z</time>
   </trkpt>
   <trkpt lat="48.4346460" lon="7.4024550">
    <ele>761.5</ele>
    <time>2024-10-24T09:12:56Z</time>
   </trkpt>
   <trkpt lat="48.4346460" lon="7.4024530">
    <ele>761.5</ele>
    <time>2024-10-24T09:12:57Z</time>
   </trkpt>
   <trkpt lat="48.4346450" lon="7.4024530">
    <ele>761.5</ele>
    <time>2024-10-24T09:12:58Z</time>
   </trkpt>
   <trkpt lat="48.4346450" lon="7.4024530">
    <ele>761.5</ele>
    <time>2024-10-24T09:12:59Z</time>
   </trkpt>
   <trkpt lat="48.4346450" lon="7.4024530">
    <ele>761.5</ele>
    <time>2024-10-24T09:13:00Z</time>
   </trkpt>
   <trkpt lat="48.4346450" lon="7.4024530">
    <ele>761.5</ele>
    <time>2024-10-24T09:13:01Z</time>
   </trkpt>
   <trkpt lat="48.4346450" lon="7.4024530">
    <ele>761.5</ele>
    <time>2024-10-24T09:13:02Z</time>
   </trkpt>
   <trkpt lat="48.4346460" lon="7.4024530">
    <ele>761.5</ele>
    <time>2024-10-24T09:13:03Z</time>
   </trkpt>
   <trkpt lat="48.4346500" lon="7.4024480">
    <ele>761.5</ele>
    <time>2024-10-24T09:13:04Z</time>
   </trkpt>
   <trkpt lat="48.4346550" lon="7.4024440">
    <ele>761.5</ele>
    <time>2024-10-24T09:13:05Z</time>
   </trkpt>
   <trkpt lat="48.4346590" lon="7.4024400">
    <ele>761.5</ele>
    <time>2024-10-24T09:13:06Z</time>
   </trkpt>
   <trkpt lat="48.4346630" lon="7.4024360">
    <ele>761.5</ele>
    <time>2024-10-24T09:13:07Z</time>
   </trkpt>
   <trkpt lat="48.4346660" lon="7.4024340">
    <ele>761.5</ele>
    <time>2024-10-24T09:13:08Z</time>
   </trkpt>
   <trkpt lat="48.4346580" lon="7.4024390">
    <ele>761.5</ele>
    <time>2024-10-24T09:13:09Z</time>
   </trkpt>
   <trkpt lat="48.4346630" lon="7.4024360">
    <ele>761.5</ele>
    <time>2024-10-24T09:13:10Z</time>
   </trkpt>
   <trkpt lat="48.4346720" lon="7.4024300">
    <ele>761.5</ele>
    <time>2024-10-24T09:13:11Z</time>
   </trkpt>
   <trkpt lat="48.4346840" lon="7.4024240">
    <ele>761.5</ele>
    <time>2024-10-24T09:13:12Z</time>
   </trkpt>
   <trkpt lat="48.4346880" lon="7.4024190">
    <ele>761.5</ele>
    <time>2024-10-24T09:13:13Z</time>
   </trkpt>
   <trkpt lat="48.4346870" lon="7.4024140">
    <ele>761.5</ele>
    <time>2024-10-24T09:13:14Z</time>
   </trkpt>
   <trkpt lat="48.4346860" lon="7.4024130">
    <ele>761.5</ele>
    <time>2024-10-24T09:13:15Z</time>
   </trkpt>
   <trkpt lat="48.4346870" lon="7.4024150">
    <ele>761.5</ele>
    <time>2024-10-24T09:13:16Z</time>
   </trkpt>
   <trkpt lat="48.4346890" lon="7.4024140">
    <ele>761.5</ele>
    <time>2024-10-24T09:13:17Z</time>
   </trkpt>
   <trkpt lat="48.4346900" lon="7.4024140">
    <ele>761.4</ele>
    <time>2024-10-24T09:13:18Z</time>
   </trkpt>
   <trkpt lat="48.4346910" lon="7.4024120">
    <ele>761.4</ele>
    <time>2024-10-24T09:13:19Z</time>
   </trkpt>
   <trkpt lat="48.4346930" lon="7.4024100">
    <ele>761.4</ele>
    <time>2024-10-24T09:13:20Z</time>
   </trkpt>
   <trkpt lat="48.4346930" lon="7.4024090">
    <ele>761.4</ele>
    <time>2024-10-24T09:13:21Z</time>
   </trkpt>
   <trkpt lat="48.4346960" lon="7.4024070">
    <ele>761.4</ele>
    <time>2024-10-24T09:13:22Z</time>
   </trkpt>
   <trkpt lat="48.4346980" lon="7.4024050">
    <ele>761.4</ele>
    <time>2024-10-24T09:13:23Z</time>
   </trkpt>
   <trkpt lat="48.4347010" lon="7.4024030">
    <ele>761.4</ele>
    <time>2024-10-24T09:13:24Z</time>
   </trkpt>
   <trkpt lat="48.4347040" lon="7.4023980">
    <ele>761.4</ele>
    <time>2024-10-24T09:13:25Z</time>
   </trkpt>
   <trkpt lat="48.4347080" lon="7.4023940">
    <ele>761.4</ele>
    <time>2024-10-24T09:13:26Z</time>
   </trkpt>
   <trkpt lat="48.4347130" lon="7.4023920">
    <ele>761.4</ele>
    <time>2024-10-24T09:13:27Z</time>
   </trkpt>
   <trkpt lat="48.4347310" lon="7.4024030">
    <ele>761.4</ele>
    <time>2024-10-24T09:13:28Z</time>
   </trkpt>
   <trkpt lat="48.4347410" lon="7.4024140">
    <ele>761.4</ele>
    <time>2024-10-24T09:13:29Z</time>
   </trkpt>
   <trkpt lat="48.4347520" lon="7.4024240">
    <ele>761.4</ele>
    <time>2024-10-24T09:13:30Z</time>
   </trkpt>
   <trkpt lat="48.4347750" lon="7.4024590">
    <ele>761.3</ele>
    <time>2024-10-24T09:13:31Z</time>
   </trkpt>
   <trkpt lat="48.4347820" lon="7.4024680">
    <ele>761.3</ele>
    <time>2024-10-24T09:13:32Z</time>
   </trkpt>
   <trkpt lat="48.4347960" lon="7.4024740">
    <ele>761.3</ele>
    <time>2024-10-24T09:13:33Z</time>
   </trkpt>
   <trkpt lat="48.4348080" lon="7.4024840">
    <ele>761.2</ele>
    <time>2024-10-24T09:13:34Z</time>
   </trkpt>
   <trkpt lat="48.4348250" lon="7.4025010">
    <ele>761.2</ele>
    <time>2024-10-24T09:13:35Z</time>
   </trkpt>
   <trkpt lat="48.4348330" lon="7.4025070">
    <ele>761.2</ele>
    <time>2024-10-24T09:13:36Z</time>
   </trkpt>
   <trkpt lat="48.4348420" lon="7.4025130">
    <ele>761.1</ele>
    <time>2024-10-24T09:13:37Z</time>
   </trkpt>
   <trkpt lat="48.4348640" lon="7.4025130">
    <ele>761.1</ele>
    <time>2024-10-24T09:13:38Z</time>
   </trkpt>
   <trkpt lat="48.4348720" lon="7.4025130">
    <ele>761.1</ele>
    <time>2024-10-24T09:13:39Z</time>
   </trkpt>
   <trkpt lat="48.4348810" lon="7.4025130">
    <ele>761.0</ele>
    <time>2024-10-24T09:13:40Z</time>
   </trkpt>
   <trkpt lat="48.4348930" lon="7.4025160">
    <ele>761.0</ele>
    <time>2024-10-24T09:13:41Z</time>
   </trkpt>
   <trkpt lat="48.4349140" lon="7.4025220">
    <ele>760.9</ele>
    <time>2024-10-24T09:13:42Z</time>
   </trkpt>
   <trkpt lat="48.4349170" lon="7.4025290">
    <ele>760.9</ele>
    <time>2024-10-24T09:13:43Z</time>
   </trkpt>
   <trkpt lat="48.4349260" lon="7.4025360">
    <ele>760.9</ele>
    <time>2024-10-24T09:13:44Z</time>
   </trkpt>
   <trkpt lat="48.4349370" lon="7.4025310">
    <ele>760.8</ele>
    <time>2024-10-24T09:13:45Z</time>
   </trkpt>
   <trkpt lat="48.4349430" lon="7.4025210">
    <ele>760.8</ele>
    <time>2024-10-24T09:13:46Z</time>
   </trkpt>
   <trkpt lat="48.4349470" lon="7.4025030">
    <ele>760.8</ele>
    <time>2024-10-24T09:13:47Z</time>
   </trkpt>
   <trkpt lat="48.4349450" lon="7.4024880">
    <ele>760.7</ele>
    <time>2024-10-24T09:13:48Z</time>
   </trkpt>
   <trkpt lat="48.4349400" lon="7.4024730">
    <ele>760.7</ele>
    <time>2024-10-24T09:13:49Z</time>
   </trkpt>
   <trkpt lat="48.4349260" lon="7.4024540">
    <ele>760.6</ele>
    <time>2024-10-24T09:13:50Z</time>
   </trkpt>
   <trkpt lat="48.4349170" lon="7.4024500">
    <ele>760.6</ele>
    <time>2024-10-24T09:13:51Z</time>
   </trkpt>
   <trkpt lat="48.4349070" lon="7.4024470">
    <ele>760.6</ele>
    <time>2024-10-24T09:13:52Z</time>
   </trkpt>
   <trkpt lat="48.4348970" lon="7.4024500">
    <ele>760.5</ele>
    <time>2024-10-24T09:13:53Z</time>
   </trkpt>
   <trkpt lat="48.4348790" lon="7.4024510">
    <ele>760.4</ele>
    <time>2024-10-24T09:13:54Z</time>
   </trkpt>
   <trkpt lat="48.4348650" lon="7.4024470">
    <ele>760.4</ele>
    <time>2024-10-24T09:13:55Z</time>
   </trkpt>
   <trkpt lat="48.4348520" lon="7.4024330">
    <ele>760.3</ele>
    <time>2024-10-24T09:13:56Z</time>
   </trkpt>
   <trkpt lat="48.4348220" lon="7.4024060">
    <ele>760.2</ele>
    <time>2024-10-24T09:13:57Z</time>
   </trkpt>
   <trkpt lat="48.4348100" lon="7.4023970">
    <ele>760.1</ele>
    <time>2024-10-24T09:13:58Z</time>
   </trkpt>
   <trkpt lat="48.4348020" lon="7.4023900">
    <ele>760.1</ele>
    <time>2024-10-24T09:13:59Z</time>
   </trkpt>
   <trkpt lat="48.4347930" lon="7.4023750">
    <ele>760.1</ele>
    <time>2024-10-24T09:14:00Z</time>
   </trkpt>
   <trkpt lat="48.4347830" lon="7.4023610">
    <ele>760.0</ele>
    <time>2024-10-24T09:14:01Z</time>
   </trkpt>
   <trkpt lat="48.4347770" lon="7.4023540">
    <ele>760.0</ele>
    <time>2024-10-24T09:14:02Z</time>
   </trkpt>
   <trkpt lat="48.4347710" lon="7.4023470">
    <ele>759.9</ele>
    <time>2024-10-24T09:14:03Z</time>
   </trkpt>
   <trkpt lat="48.4347620" lon="7.4023430">
    <ele>759.9</ele>
    <time>2024-10-24T09:14:04Z</time>
   </trkpt>
   <trkpt lat="48.4347520" lon="7.4023420">
    <ele>759.9</ele>
    <time>2024-10-24T09:14:05Z</time>
   </trkpt>
   <trkpt lat="48.4347430" lon="7.4023430">
    <ele>759.8</ele>
    <time>2024-10-24T09:14:06Z</time>
   </trkpt>
   <trkpt lat="48.4347330" lon="7.4023500">
    <ele>759.8</ele>
    <time>2024-10-24T09:14:07Z</time>
   </trkpt>
   <trkpt lat="48.4347310" lon="7.4023700">
    <ele>759.7</ele>
    <time>2024-10-24T09:14:08Z</time>
   </trkpt>
   <trkpt lat="48.4347350" lon="7.4023870">
    <ele>759.7</ele>
    <time>2024-10-24T09:14:09Z</time>
   </trkpt>
   <trkpt lat="48.4347400" lon="7.4024010">
    <ele>759.7</ele>
    <time>2024-10-24T09:14:10Z</time>
   </trkpt>
   <trkpt lat="48.4347430" lon="7.4024050">
    <ele>759.6</ele>
    <time>2024-10-24T09:14:11Z</time>
   </trkpt>
   <trkpt lat="48.4347470" lon="7.4024080">
    <ele>759.6</ele>
    <time>2024-10-24T09:14:12Z</time>
   </trkpt>
   <trkpt lat="48.4347490" lon="7.4024110">
    <ele>759.6</ele>
    <time>2024-10-24T09:14:13Z</time>
   </trkpt>
   <trkpt lat="48.4347500" lon="7.4024140">
    <ele>759.6</ele>
    <time>2024-10-24T09:14:14Z</time>
   </trkpt>
   <trkpt lat="48.4347510" lon="7.4024170">
    <ele>759.6</ele>
    <time>2024-10-24T09:14:15Z</time>
   </trkpt>
   <trkpt lat="48.4347510" lon="7.4024180">
    <ele>759.6</ele>
    <time>2024-10-24T09:14:16Z</time>
   </trkpt>
   <trkpt lat="48.4347520" lon="7.4024190">
    <ele>759.6</ele>
    <time>2024-10-24T09:14:17Z</time>
   </trkpt>
   <trkpt lat="48.4347710" lon="7.4024290">
    <ele>759.5</ele>
    <time>2024-10-24T09:14:18Z</time>
   </trkpt>
   <trkpt lat="48.4347880" lon="7.4024370">
    <ele>759.4</ele>
    <time>2024-10-24T09:14:19Z</time>
   </trkpt>
   <trkpt lat="48.4348060" lon="7.4024460">
    <ele>759.4</ele>
    <time>2024-10-24T09:14:20Z</time>
   </trkpt>
   <trkpt lat="48.4348230" lon="7.4024540">
    <ele>759.3</ele>
    <time>2024-10-24T09:14:21Z</time>
   </trkpt>
   <trkpt lat="48.4348410" lon="7.4024620">
    <ele>759.2</ele>
    <time>2024-10-24T09:14:22Z</time>
   </trkpt>
   <trkpt lat="48.4348580" lon="7.4024710">
    <ele>759.2</ele>
    <time>2024-10-24T09:14:23Z</time>
   </trkpt>
   <trkpt lat="48.4348760" lon="7.4024790">
    <ele>759.1</ele>
    <time>2024-10-24T09:14:24Z</time>
   </trkpt>
   <trkpt lat="48.4348930" lon="7.4024870">
    <ele>759.0</ele>
    <time>2024-10-24T09:14:25Z</time>
   </trkpt>
   <trkpt lat="48.4349110" lon="7.4024960">
    <ele>759.0</ele>
    <time>2024-10-24T09:14:26Z</time>
   </trkpt>
   <trkpt lat="48.4349290" lon="7.4025040">
    <ele>758.8</ele>
    <time>2024-10-24T09:14:27Z</time>
   </trkpt>
   <trkpt lat="48.4349460" lon="7.4025120">
    <ele>758.8</ele>
    <time>2024-10-24T09:14:28Z</time>
   </trkpt>
   <trkpt lat="48.4349640" lon="7.4025210">
    <ele>758.7</ele>
    <time>2024-10-24T09:14:29Z</time>
   </trkpt>
   <trkpt lat="48.4349810" lon="7.4025290">
    <ele>758.6</ele>
    <time>2024-10-24T09:14:30Z</time>
   </trkpt>
   <trkpt lat="48.4349990" lon="7.4025370">
    <ele>758.5</ele>
    <time>2024-10-24T09:14:31Z</time>
   </trkpt>
   <trkpt lat="48.4350160" lon="7.4025460">
    <ele>758.5</ele>
    <time>2024-10-24T09:14:32Z</time>
   </trkpt>
   <trkpt lat="48.4350340" lon="7.4025540">
    <ele>758.4</ele>
    <time>2024-10-24T09:22:54Z</time>
   </trkpt>
   <trkpt lat="48.4350510" lon="7.4025620">
    <ele>758.3</ele>
    <time>2024-10-24T09:22:55Z</time>
   </trkpt>
   <trkpt lat="48.4350450" lon="7.4025570">
    <ele>758.3</ele>
    <time>2024-10-24T09:22:56Z</time>
   </trkpt>
   <trkpt lat="48.4350320" lon="7.4025720">
    <ele>758.2</ele>
    <time>2024-10-24T09:22:57Z</time>
   </trkpt>
   <trkpt lat="48.4350210" lon="7.4025850">
    <ele>758.1</ele>
    <time>2024-10-24T09:22:58Z</time>
   </trkpt>
   <trkpt lat="48.4350250" lon="7.4025880">
    <ele>758.1</ele>
    <time>2024-10-24T09:22:59Z</time>
   </trkpt>
   <trkpt lat="48.4350280" lon="7.4025890">
    <ele>758.0</ele>
    <time>2024-10-24T09:23:00Z</time>
   </trkpt>
   <trkpt lat="48.4350320" lon="7.4025900">
    <ele>758.0</ele>
    <time>2024-10-24T09:23:01Z</time>
   </trkpt>
   <trkpt lat="48.4350360" lon="7.4025900">
    <ele>758.0</ele>
    <time>2024-10-24T09:23:02Z</time>
   </trkpt>
   <trkpt lat="48.4350400" lon="7.4025910">
    <ele>758.0</ele>
    <time>2024-10-24T09:23:03Z</time>
   </trkpt>
   <trkpt lat="48.4350440" lon="7.4025920">
    <ele>757.9</ele>
    <time>2024-10-24T09:23:04Z</time>
   </trkpt>
   <trkpt lat="48.4350470" lon="7.4025930">
    <ele>757.9</ele>
    <time>2024-10-24T09:23:05Z</time>
   </trkpt>
   <trkpt lat="48.4350510" lon="7.4025940">
    <ele>757.9</ele>
    <time>2024-10-24T09:23:06Z</time>
   </trkpt>
   <trkpt lat="48.4350550" lon="7.4025950">
    <ele>757.9</ele>
    <time>2024-10-24T09:23:07Z</time>
   </trkpt>
   <trkpt lat="48.4350590" lon="7.4025960">
    <ele>757.8</ele>
    <time>2024-10-24T09:23:08Z</time>
   </trkpt>
   <trkpt lat="48.4350630" lon="7.4025970">
    <ele>757.8</ele>
    <time>2024-10-24T09:23:09Z</time>
   </trkpt>
   <trkpt lat="48.4350700" lon="7.4026110">
    <ele>757.7</ele>
    <time>2024-10-24T09:23:10Z</time>
   </trkpt>
   <trkpt lat="48.4350800" lon="7.4026240">
    <ele>757.6</ele>
    <time>2024-10-24T09:23:11Z</time>
   </trkpt>
   <trkpt lat="48.4350890" lon="7.4026330">
    <ele>757.6</ele>
    <time>2024-10-24T09:23:12Z</time>
   </trkpt>
   <trkpt lat="48.4350980" lon="7.4026410">
    <ele>757.5</ele>
    <time>2024-10-24T09:23:13Z</time>
   </trkpt>
   <trkpt lat="48.4351070" lon="7.4026470">
    <ele>757.4</ele>
    <time>2024-10-24T09:23:14Z</time>
   </trkpt>
   <trkpt lat="48.4351130" lon="7.4026470">
    <ele>757.4</ele>
    <time>2024-10-24T09:23:15Z</time>
   </trkpt>
   <trkpt lat="48.4351220" lon="7.4026490">
    <ele>757.3</ele>
    <time>2024-10-24T09:23:16Z</time>
   </trkpt>
   <trkpt lat="48.4351250" lon="7.4026550">
    <ele>757.3</ele>
    <time>2024-10-24T09:23:17Z</time>
   </trkpt>
   <trkpt lat="48.4351330" lon="7.4026610">
    <ele>757.2</ele>
    <time>2024-10-24T09:23:18Z</time>
   </trkpt>
   <trkpt lat="48.4351430" lon="7.4026700">
    <ele>757.1</ele>
    <time>2024-10-24T09:23:19Z</time>
   </trkpt>
   <trkpt lat="48.4351510" lon="7.4026720">
    <ele>757.1</ele>
    <time>2024-10-24T09:23:20Z</time>
   </trkpt>
   <trkpt lat="48.4351700" lon="7.4026780">
    <ele>756.9</ele>
    <time>2024-10-24T09:23:21Z</time>
   </trkpt>
   <trkpt lat="48.4351780" lon="7.4026820">
    <ele>756.9</ele>
    <time>2024-10-24T09:23:23Z</time>
   </trkpt>
   <trkpt lat="48.4351860" lon="7.4026870">
    <ele>756.8</ele>
    <time>2024-10-24T09:23:24Z</time>
   </trkpt>
   <trkpt lat="48.4351930" lon="7.4026740">
    <ele>756.7</ele>
    <time>2024-10-24T09:23:25Z</time>
   </trkpt>
   <trkpt lat="48.4351950" lon="7.4026620">
    <ele>756.7</ele>
    <time>2024-10-24T09:23:26Z</time>
   </trkpt>
   <trkpt lat="48.4351940" lon="7.4026520">
    <ele>756.6</ele>
    <time>2024-10-24T09:23:27Z</time>
   </trkpt>
   <trkpt lat="48.4351940" lon="7.4026470">
    <ele>756.6</ele>
    <time>2024-10-24T09:23:28Z</time>
   </trkpt>
   <trkpt lat="48.4352010" lon="7.4026430">
    <ele>756.6</ele>
    <time>2024-10-24T09:23:29Z</time>
   </trkpt>
   <trkpt lat="48.4352110" lon="7.4026500">
    <ele>756.5</ele>
    <time>2024-10-24T09:23:30Z</time>
   </trkpt>
   <trkpt lat="48.4352200" lon="7.4026590">
    <ele>756.4</ele>
    <time>2024-10-24T09:23:31Z</time>
   </trkpt>
   <trkpt lat="48.4352390" lon="7.4026760">
    <ele>756.3</ele>
    <time>2024-10-24T09:23:32Z</time>
   </trkpt>
   <trkpt lat="48.4352470" lon="7.4026840">
    <ele>756.2</ele>
    <time>2024-10-24T09:23:33Z</time>
   </trkpt>
   <trkpt lat="48.4352560" lon="7.4026910">
    <ele>756.1</ele>
    <time>2024-10-24T09:23:34Z</time>
   </trkpt>
   <trkpt lat="48.4352640" lon="7.4026900">
    <ele>756.1</ele>
    <time>2024-10-24T09:23:35Z</time>
   </trkpt>
   <trkpt lat="48.4352730" lon="7.4027080">
    <ele>756.0</ele>
    <time>2024-10-24T09:23:36Z</time>
   </trkpt>
   <trkpt lat="48.4352770" lon="7.4027260">
    <ele>755.9</ele>
    <time>2024-10-24T09:23:37Z</time>
   </trkpt>
   <trkpt lat="48.4352820" lon="7.4027410">
    <ele>755.8</ele>
    <time>2024-10-24T09:23:38Z</time>
   </trkpt>
   <trkpt lat="48.4352870" lon="7.4027550">
    <ele>755.8</ele>
    <time>2024-10-24T09:23:39Z</time>
   </trkpt>
   <trkpt lat="48.4352920" lon="7.4027660">
    <ele>755.7</ele>
    <time>2024-10-24T09:23:40Z</time>
   </trkpt>
   <trkpt lat="48.4352980" lon="7.4027760">
    <ele>755.7</ele>
    <time>2024-10-24T09:23:41Z</time>
   </trkpt>
   <trkpt lat="48.4353040" lon="7.4027870">
    <ele>755.6</ele>
    <time>2024-10-24T09:23:42Z</time>
   </trkpt>
   <trkpt lat="48.4353120" lon="7.4027890">
    <ele>755.6</ele>
    <time>2024-10-24T09:23:43Z</time>
   </trkpt>
   <trkpt lat="48.4353140" lon="7.4027730">
    <ele>755.5</ele>
    <time>2024-10-24T09:23:44Z</time>
   </trkpt>
   <trkpt lat="48.4353110" lon="7.4027700">
    <ele>755.5</ele>
    <time>2024-10-24T09:23:45Z</time>
   </trkpt>
   <trkpt lat="48.4353080" lon="7.4027700">
    <ele>755.5</ele>
    <time>2024-10-24T09:23:46Z</time>
   </trkpt>
   <trkpt lat="48.4353070" lon="7.4027690">
    <ele>755.5</ele>
    <time>2024-10-24T09:23:47Z</time>
   </trkpt>
   <trkpt lat="48.4353070" lon="7.4027710">
    <ele>755.5</ele>
    <time>2024-10-24T09:23:48Z</time>
   </trkpt>
   <trkpt lat="48.4353090" lon="7.4027760">
    <ele>755.5</ele>
    <time>2024-10-24T09:23:49Z</time>
   </trkpt>
   <trkpt lat="48.4353130" lon="7.4027840">
    <ele>755.4</ele>
    <time>2024-10-24T09:23:50Z</time>
   </trkpt>
   <trkpt lat="48.4353190" lon="7.4027960">
    <ele>755.4</ele>
    <time>2024-10-24T09:23:51Z</time>
   </trkpt>
   <trkpt lat="48.4353250" lon="7.4028080">
    <ele>755.3</ele>
    <time>2024-10-24T09:23:52Z</time>
   </trkpt>
   <trkpt lat="48.4353290" lon="7.4028190">
    <ele>755.3</ele>
    <time>2024-10-24T09:23:53Z</time>
   </trkpt>
   <trkpt lat="48.4353360" lon="7.4028370">
    <ele>755.2</ele>
    <time>2024-10-24T09:23:54Z</time>
   </trkpt>
   <trkpt lat="48.4353420" lon="7.4028450">
    <ele>755.2</ele>
    <time>2024-10-24T09:23:55Z</time>
   </trkpt>
   <trkpt lat="48.4353480" lon="7.4028550">
    <ele>755.2</ele>
    <time>2024-10-24T09:23:56Z</time>
   </trkpt>
   <trkpt lat="48.4353570" lon="7.4028650">
    <ele>755.2</ele>
    <time>2024-10-24T09:23:57Z</time>
   </trkpt>
   <trkpt lat="48.4353650" lon="7.4028730">
    <ele>755.1</ele>
    <time>2024-10-24T09:23:58Z</time>
   </trkpt>
   <trkpt lat="48.4353750" lon="7.4028820">
    <ele>755.1</ele>
    <time>2024-10-24T09:23:59Z</time>
   </trkpt>
   <trkpt lat="48.4353800" lon="7.4028850">
    <ele>755.1</ele>
    <time>2024-10-24T09:24:00Z</time>
   </trkpt>
   <trkpt lat="48.4353880" lon="7.4028910">
    <ele>755.1</ele>
    <time>2024-10-24T09:24:01Z</time>
   </trkpt>
   <trkpt lat="48.4353930" lon="7.4028970">
    <ele>755.0</ele>
    <time>2024-10-24T09:24:02Z</time>
   </trkpt>
   <trkpt lat="48.4353980" lon="7.4029030">
    <ele>755.0</ele>
    <time>2024-10-24T09:24:03Z</time>
   </trkpt>
   <trkpt lat="48.4354060" lon="7.4029090">
    <ele>755.0</ele>
    <time>2024-10-24T09:24:04Z</time>
   </trkpt>
   <trkpt lat="48.4354100" lon="7.4029120">
    <ele>755.0</ele>
    <time>2024-10-24T09:24:05Z</time>
   </trkpt>
   <trkpt lat="48.4354160" lon="7.4029190">
    <ele>755.0</ele>
    <time>2024-10-24T09:24:06Z</time>
   </trkpt>
   <trkpt lat="48.4354230" lon="7.4029260">
    <ele>755.0</ele>
    <time>2024-10-24T09:24:07Z</time>
   </trkpt>
   <trkpt lat="48.4354300" lon="7.4029330">
    <ele>755.0</ele>
    <time>2024-10-24T09:24:08Z</time>
   </trkpt>
   <trkpt lat="48.4354430" lon="7.4029430">
    <ele>755.0</ele>
    <time>2024-10-24T09:24:09Z</time>
   </trkpt>
   <trkpt lat="48.4354550" lon="7.4029550">
    <ele>754.9</ele>
    <time>2024-10-24T09:24:10Z</time>
   </trkpt>
   <trkpt lat="48.4354620" lon="7.4029610">
    <ele>754.9</ele>
    <time>2024-10-24T09:24:11Z</time>
   </trkpt>
   <trkpt lat="48.4354680" lon="7.4029680">
    <ele>754.9</ele>
    <time>2024-10-24T09:24:12Z</time>
   </trkpt>
   <trkpt lat="48.4354750" lon="7.4029740">
    <ele>754.9</ele>
    <time>2024-10-24T09:24:13Z</time>
   </trkpt>
   <trkpt lat="48.4354860" lon="7.4029830">
    <ele>754.9</ele>
    <time>2024-10-24T09:24:14Z</time>
   </trkpt>
   <trkpt lat="48.4354910" lon="7.4029880">
    <ele>754.9</ele>
    <time>2024-10-24T09:24:15Z</time>
   </trkpt>
   <trkpt lat="48.4354980" lon="7.4029970">
    <ele>754.9</ele>
    <time>2024-10-24T09:24:16Z</time>
   </trkpt>
   <trkpt lat="48.4355050" lon="7.4030060">
    <ele>755.0</ele>
    <time>2024-10-24T09:24:17Z</time>
   </trkpt>
   <trkpt lat="48.4355130" lon="7.4030130">
    <ele>755.0</ele>
    <time>2024-10-24T09:24:18Z</time>
   </trkpt>
   <trkpt lat="48.4355230" lon="7.4030210">
    <ele>755.0</ele>
    <time>2024-10-24T09:24:19Z</time>
   </trkpt>
   <trkpt lat="48.4355310" lon="7.4030260">
    <ele>755.0</ele>
    <time>2024-10-24T09:24:20Z</time>
   </trkpt>
   <trkpt lat="48.4355380" lon="7.4030310">
    <ele>755.0</ele>
    <time>2024-10-24T09:24:21Z</time>
   </trkpt>
   <trkpt lat="48.4355460" lon="7.4030380">
    <ele>755.0</ele>
    <time>2024-10-24T09:24:22Z</time>
   </trkpt>
   <trkpt lat="48.4355520" lon="7.4030470">
    <ele>755.0</ele>
    <time>2024-10-24T09:24:23Z</time>
   </trkpt>
   <trkpt lat="48.4355620" lon="7.4030570">
    <ele>755.1</ele>
    <time>2024-10-24T09:24:24Z</time>
   </trkpt>
   <trkpt lat="48.4355670" lon="7.4030620">
    <ele>755.1</ele>
    <time>2024-10-24T09:24:25Z</time>
   </trkpt>
   <trkpt lat="48.4355740" lon="7.4030700">
    <ele>755.1</ele>
    <time>2024-10-24T09:24:26Z</time>
   </trkpt>
   <trkpt lat="48.4355810" lon="7.4030770">
    <ele>755.1</ele>
    <time>2024-10-24T09:24:27Z</time>
   </trkpt>
   <trkpt lat="48.4355890" lon="7.4030850">
    <ele>755.1</ele>
    <time>2024-10-24T09:24:28Z</time>
   </trkpt>
   <trkpt lat="48.4355990" lon="7.4030960">
    <ele>755.2</ele>
    <time>2024-10-24T09:24:29Z</time>
   </trkpt>
   <trkpt lat="48.4356050" lon="7.4031040">
    <ele>755.2</ele>
    <time>2024-10-24T09:24:30Z</time>
   </trkpt>
   <trkpt lat="48.4356130" lon="7.4031120">
    <ele>755.2</ele>
    <time>2024-10-24T09:24:31Z</time>
   </trkpt>
   <trkpt lat="48.4356230" lon="7.4031170">
    <ele>755.2</ele>
    <time>2024-10-24T09:24:32Z</time>
   </trkpt>
   <trkpt lat="48.4356320" lon="7.4031240">
    <ele>755.3</ele>
    <time>2024-10-24T09:24:33Z</time>
   </trkpt>
   <trkpt lat="48.4356420" lon="7.4031300">
    <ele>755.3</ele>
    <time>2024-10-24T09:24:34Z</time>
   </trkpt>
   <trkpt lat="48.4356560" lon="7.4031380">
    <ele>755.3</ele>
    <time>2024-10-24T09:24:35Z</time>
   </trkpt>
   <trkpt lat="48.4356610" lon="7.4031440">
    <ele>755.3</ele>
    <time>2024-10-24T09:24:36Z</time>
   </trkpt>
   <trkpt lat="48.4356680" lon="7.4031530">
    <ele>755.4</ele>
    <time>2024-10-24T09:24:37Z</time>
   </trkpt>
   <trkpt lat="48.4356750" lon="7.4031600">
    <ele>755.4</ele>
    <time>2024-10-24T09:24:38Z</time>
   </trkpt>
   <trkpt lat="48.4356840" lon="7.4031720">
    <ele>755.4</ele>
    <time>2024-10-24T09:24:39Z</time>
   </trkpt>
   <trkpt lat="48.4356890" lon="7.4031770">
    <ele>755.5</ele>
    <time>2024-10-24T09:24:40Z</time>
   </trkpt>
   <trkpt lat="48.4356940" lon="7.4031860">
    <ele>755.5</ele>
    <time>2024-10-24T09:24:41Z</time>
   </trkpt>
   <trkpt lat="48.4357010" lon="7.4031950">
    <ele>755.5</ele>
    <time>2024-10-24T09:24:42Z</time>
   </trkpt>
   <trkpt lat="48.4357070" lon="7.4032030">
    <ele>755.6</ele>
    <time>2024-10-24T09:24:43Z</time>
   </trkpt>
   <trkpt lat="48.4357170" lon="7.4032160">
    <ele>755.6</ele>
    <time>2024-10-24T09:24:44Z</time>
   </trkpt>
   <trkpt lat="48.4357220" lon="7.4032200">
    <ele>755.6</ele>
    <time>2024-10-24T09:24:45Z</time>
   </trkpt>
   <trkpt lat="48.4357310" lon="7.4032250">
    <ele>755.7</ele>
    <time>2024-10-24T09:24:46Z</time>
   </trkpt>
   <trkpt lat="48.4357380" lon="7.4032330">
    <ele>755.7</ele>
    <time>2024-10-24T09:24:47Z</time>
   </trkpt>
   <trkpt lat="48.4357440" lon="7.4032430">
    <ele>755.7</ele>
    <time>2024-10-24T09:24:48Z</time>
   </trkpt>
   <trkpt lat="48.4357550" lon="7.4032540">
    <ele>755.8</ele>
    <time>2024-10-24T09:24:49Z</time>
   </trkpt>
   <trkpt lat="48.4357600" lon="7.4032580">
    <ele>755.8</ele>
    <time>2024-10-24T09:24:50Z</time>
   </trkpt>
   <trkpt lat="48.4357680" lon="7.4032620">
    <ele>755.9</ele>
    <time>2024-10-24T09:24:51Z</time>
   </trkpt>
   <trkpt lat="48.4357750" lon="7.4032690">
    <ele>755.9</ele>
    <time>2024-10-24T09:24:52Z</time>
   </trkpt>
   <trkpt lat="48.4357830" lon="7.4032750">
    <ele>755.9</ele>
    <time>2024-10-24T09:24:53Z</time>
   </trkpt>
   <trkpt lat="48.4357930" lon="7.4032840">
    <ele>756.0</ele>
    <time>2024-10-24T09:24:54Z</time>
   </trkpt>
   <trkpt lat="48.4357970" lon="7.4032910">
    <ele>756.0</ele>
    <time>2024-10-24T09:24:55Z</time>
   </trkpt>
   <trkpt lat="48.4358040" lon="7.4032990">
    <ele>756.1</ele>
    <time>2024-10-24T09:24:56Z</time>
   </trkpt>
   <trkpt lat="48.4358090" lon="7.4033100">
    <ele>756.1</ele>
    <time>2024-10-24T09:24:57Z</time>
   </trkpt>
   <trkpt lat="48.4358160" lon="7.4033170">
    <ele>756.2</ele>
    <time>2024-10-24T09:24:58Z</time>
   </trkpt>
   <trkpt lat="48.4358260" lon="7.4033240">
    <ele>756.2</ele>
    <time>2024-10-24T09:24:59Z</time>
   </trkpt>
   <trkpt lat="48.4358310" lon="7.4033290">
    <ele>756.3</ele>
    <time>2024-10-24T09:25:00Z</time>
   </trkpt>
   <trkpt lat="48.4358370" lon="7.4033340">
    <ele>756.3</ele>
    <time>2024-10-24T09:25:01Z</time>
   </trkpt>
   <trkpt lat="48.4358450" lon="7.4033370">
    <ele>756.4</ele>
    <time>2024-10-24T09:25:02Z</time>
   </trkpt>
   <trkpt lat="48.4358530" lon="7.4033400">
    <ele>756.4</ele>
    <time>2024-10-24T09:25:03Z</time>
   </trkpt>
   <trkpt lat="48.4358610" lon="7.4033450">
    <ele>756.5</ele>
    <time>2024-10-24T09:25:04Z</time>
   </trkpt>
   <trkpt lat="48.4358690" lon="7.4033520">
    <ele>756.5</ele>
    <time>2024-10-24T09:25:05Z</time>
   </trkpt>
   <trkpt lat="48.4358740" lon="7.4033530">
    <ele>756.6</ele>
    <time>2024-10-24T09:25:06Z</time>
   </trkpt>
   <trkpt lat="48.4358780" lon="7.4033570">
    <ele>756.6</ele>
    <time>2024-10-24T09:25:07Z</time>
   </trkpt>
   <trkpt lat="48.4358790" lon="7.4033610">
    <ele>756.6</ele>
    <time>2024-10-24T09:25:08Z</time>
   </trkpt>
   <trkpt lat="48.4358780" lon="7.4033630">
    <ele>756.6</ele>
    <time>2024-10-24T09:25:09Z</time>
   </trkpt>
   <trkpt lat="48.4358770" lon="7.4033660">
    <ele>756.6</ele>
    <time>2024-10-24T09:25:10Z</time>
   </trkpt>
   <trkpt lat="48.4358770" lon="7.4033670">
    <ele>756.6</ele>
    <time>2024-10-24T09:25:11Z</time>
   </trkpt>
   <trkpt lat="48.4358770" lon="7.4033670">
    <ele>756.6</ele>
    <time>2024-10-24T09:25:12Z</time>
   </trkpt>
   <trkpt lat="48.4358790" lon="7.4033680">
    <ele>756.7</ele>
    <time>2024-10-24T09:25:13Z</time>
   </trkpt>
   <trkpt lat="48.4358820" lon="7.4033740">
    <ele>756.7</ele>
    <time>2024-10-24T09:25:14Z</time>
   </trkpt>
   <trkpt lat="48.4358860" lon="7.4033800">
    <ele>756.7</ele>
    <time>2024-10-24T09:25:15Z</time>
   </trkpt>
   <trkpt lat="48.4358900" lon="7.4033890">
    <ele>756.8</ele>
    <time>2024-10-24T09:25:16Z</time>
   </trkpt>
   <trkpt lat="48.4358930" lon="7.4033990">
    <ele>756.8</ele>
    <time>2024-10-24T09:25:17Z</time>
   </trkpt>
   <trkpt lat="48.4358940" lon="7.4034100">
    <ele>756.9</ele>
    <time>2024-10-24T09:25:18Z</time>
   </trkpt>
   <trkpt lat="48.4358950" lon="7.4034180">
    <ele>756.9</ele>
    <time>2024-10-24T09:25:19Z</time>
   </trkpt>
   <trkpt lat="48.4358980" lon="7.4034310">
    <ele>756.9</ele>
    <time>2024-10-24T09:25:20Z</time>
   </trkpt>
   <trkpt lat="48.4359050" lon="7.4034340">
    <ele>757.0</ele>
    <time>2024-10-24T09:25:21Z</time>
   </trkpt>
   <trkpt lat="48.4359050" lon="7.4034440">
    <ele>757.0</ele>
    <time>2024-10-24T09:25:22Z</time>
   </trkpt>
   <trkpt lat="48.4359090" lon="7.4034490">
    <ele>757.1</ele>
    <time>2024-10-24T09:25:23Z</time>
   </trkpt>
   <trkpt lat="48.4359150" lon="7.4034610">
    <ele>757.1</ele>
    <time>2024-10-24T09:25:24Z</time>
   </trkpt>
   <trkpt lat="48.4359150" lon="7.4034690">
    <ele>757.2</ele>
    <time>2024-10-24T09:25:25Z</time>
   </trkpt>
   <trkpt lat="48.4359210" lon="7.4034750">
    <ele>757.2</ele>
    <time>2024-10-24T09:25:26Z</time>
   </trkpt>
   <trkpt lat="48.4359240" lon="7.4034880">
    <ele>757.3</ele>
    <time>2024-10-24T09:25:27Z</time>
   </trkpt>
   <trkpt lat="48.4359300" lon="7.4035060">
    <ele>757.3</ele>
    <time>2024-10-24T09:25:28Z</time>
   </trkpt>
   <trkpt lat="48.4359420" lon="7.4035330">
    <ele>757.5</ele>
    <time>2024-10-24T09:25:29Z</time>
   </trkpt>
   <trkpt lat="48.4359470" lon="7.4035420">
    <ele>757.5</ele>
    <time>2024-10-24T09:25:30Z</time>
   </trkpt>
   <trkpt lat="48.4359530" lon="7.4035500">
    <ele>757.6</ele>
    <time>2024-10-24T09:25:31Z</time>
   </trkpt>
   <trkpt lat="48.4359730" lon="7.4035610">
    <ele>757.7</ele>
    <time>2024-10-24T09:25:32Z</time>
   </trkpt>
   <trkpt lat="48.4359810" lon="7.4035630">
    <ele>757.7</ele>
    <time>2024-10-24T09:25:33Z</time>
   </trkpt>
   <trkpt lat="48.4359890" lon="7.4035650">
    <ele>757.8</ele>
    <time>2024-10-24T09:25:34Z</time>
   </trkpt>
   <trkpt lat="48.4360020" lon="7.4035700">
    <ele>757.9</ele>
    <time>2024-10-24T09:25:35Z</time>
   </trkpt>
   <trkpt lat="48.4360160" lon="7.4035740">
    <ele>757.9</ele>
    <time>2024-10-24T09:25:36Z</time>
   </trkpt>
   <trkpt lat="48.4360300" lon="7.4035750">
    <ele>758.0</ele>
    <time>2024-10-24T09:25:37Z</time>
   </trkpt>
   <trkpt lat="48.4360430" lon="7.4035740">
    <ele>758.1</ele>
    <time>2024-10-24T09:25:38Z</time>
   </trkpt>
   <trkpt lat="48.4360580" lon="7.4035720">
    <ele>758.1</ele>
    <time>2024-10-24T09:25:39Z</time>
   </trkpt>
   <trkpt lat="48.4360700" lon="7.4035690">
    <ele>758.2</ele>
    <time>2024-10-24T09:25:40Z</time>
   </trkpt>
   <trkpt lat="48.4360840" lon="7.4035680">
    <ele>758.2</ele>
    <time>2024-10-24T09:25:41Z</time>
   </trkpt>
   <trkpt lat="48.4360910" lon="7.4035670">
    <ele>758.3</ele>
    <time>2024-10-24T09:25:42Z</time>
   </trkpt>
   <trkpt lat="48.4360970" lon="7.4035630">
    <ele>758.3</ele>
    <time>2024-10-24T09:25:43Z</time>
   </trkpt>
   <trkpt lat="48.4361040" lon="7.4035580">
    <ele>758.3</ele>
    <time>2024-10-24T09:25:44Z</time>
   </trkpt>
   <trkpt lat="48.4361130" lon="7.4035570">
    <ele>758.4</ele>
    <time>2024-10-24T09:25:45Z</time>
   </trkpt>
   <trkpt lat="48.4361240" lon="7.4035470">
    <ele>758.4</ele>
    <time>2024-10-24T09:25:46Z</time>
   </trkpt>
   <trkpt lat="48.4361330" lon="7.4035430">
    <ele>758.5</ele>
    <time>2024-10-24T09:25:47Z</time>
   </trkpt>
   <trkpt lat="48.4361430" lon="7.4035400">
    <ele>758.5</ele>
    <time>2024-10-24T09:25:48Z</time>
   </trkpt>
   <trkpt lat="48.4361530" lon="7.4035400">
    <ele>758.5</ele>
    <time>2024-10-24T09:25:49Z</time>
   </trkpt>
   <trkpt lat="48.4361650" lon="7.4035420">
    <ele>758.6</ele>
    <time>2024-10-24T09:25:50Z</time>
   </trkpt>
   <trkpt lat="48.4361740" lon="7.4035480">
    <ele>758.6</ele>
    <time>2024-10-24T09:25:51Z</time>
   </trkpt>
   <trkpt lat="48.4361860" lon="7.4035500">
    <ele>758.6</ele>
    <time>2024-10-24T09:25:52Z</time>
   </trkpt>
   <trkpt lat="48.4361980" lon="7.4035510">
    <ele>758.7</ele>
    <time>2024-10-24T09:25:53Z</time>
   </trkpt>
   <trkpt lat="48.4362080" lon="7.4035500">
    <ele>758.7</ele>
    <time>2024-10-24T09:25:54Z</time>
   </trkpt>
   <trkpt lat="48.4362190" lon="7.4035490">
    <ele>758.7</ele>
    <time>2024-10-24T09:25:55Z</time>
   </trkpt>
   <trkpt lat="48.4362280" lon="7.4035500">
    <ele>758.8</ele>
    <time>2024-10-24T09:25:56Z</time>
   </trkpt>
   <trkpt lat="48.4362370" lon="7.4035500">
    <ele>758.8</ele>
    <time>2024-10-24T09:25:57Z</time>
   </trkpt>
   <trkpt lat="48.4362450" lon="7.4035510">
    <ele>758.8</ele>
    <time>2024-10-24T09:25:58Z</time>
   </trkpt>
   <trkpt lat="48.4362540" lon="7.4035520">
    <ele>758.8</ele>
    <time>2024-10-24T09:25:59Z</time>
   </trkpt>
   <trkpt lat="48.4362620" lon="7.4035520">
    <ele>758.8</ele>
    <time>2024-10-24T09:26:00Z</time>
   </trkpt>
   <trkpt lat="48.4362690" lon="7.4035510">
    <ele>758.9</ele>
    <time>2024-10-24T09:26:01Z</time>
   </trkpt>
   <trkpt lat="48.4362760" lon="7.4035520">
    <ele>758.9</ele>
    <time>2024-10-24T09:26:02Z</time>
   </trkpt>
   <trkpt lat="48.4362840" lon="7.4035550">
    <ele>758.9</ele>
    <time>2024-10-24T09:26:03Z</time>
   </trkpt>
   <trkpt lat="48.4362920" lon="7.4035600">
    <ele>758.9</ele>
    <time>2024-10-24T09:26:04Z</time>
   </trkpt>
   <trkpt lat="48.4363000" lon="7.4035660">
    <ele>758.9</ele>
    <time>2024-10-24T09:26:05Z</time>
   </trkpt>
   <trkpt lat="48.4363070" lon="7.4035710">
    <ele>759.0</ele>
    <time>2024-10-24T09:26:06Z</time>
   </trkpt>
   <trkpt lat="48.4363140" lon="7.4035750">
    <ele>759.0</ele>
    <time>2024-10-24T09:26:07Z</time>
   </trkpt>
   <trkpt lat="48.4363230" lon="7.4035850">
    <ele>759.0</ele>
    <time>2024-10-24T09:26:08Z</time>
   </trkpt>
   <trkpt lat="48.4363290" lon="7.4035970">
    <ele>759.0</ele>
    <time>2024-10-24T09:26:09Z</time>
   </trkpt>
   <trkpt lat="48.4363340" lon="7.4036090">
    <ele>759.0</ele>
    <time>2024-10-24T09:26:10Z</time>
   </trkpt>
   <trkpt lat="48.4363390" lon="7.4036210">
    <ele>759.0</ele>
    <time>2024-10-24T09:26:11Z</time>
   </trkpt>
   <trkpt lat="48.4363440" lon="7.4036320">
    <ele>759.0</ele>
    <time>2024-10-24T09:26:12Z</time>
   </trkpt>
   <trkpt lat="48.4363500" lon="7.4036430">
    <ele>759.0</ele>
    <time>2024-10-24T09:26:13Z</time>
   </trkpt>
   <trkpt lat="48.4363570" lon="7.4036500">
    <ele>759.0</ele>
    <time>2024-10-24T09:26:14Z</time>
   </trkpt>
   <trkpt lat="48.4363650" lon="7.4036590">
    <ele>759.0</ele>
    <time>2024-10-24T09:26:15Z</time>
   </trkpt>
   <trkpt lat="48.4363700" lon="7.4036650">
    <ele>759.0</ele>
    <time>2024-10-24T09:26:16Z</time>
   </trkpt>
   <trkpt lat="48.4363760" lon="7.4036700">
    <ele>759.1</ele>
    <time>2024-10-24T09:26:17Z</time>
   </trkpt>
   <trkpt lat="48.4363830" lon="7.4036760">
    <ele>759.1</ele>
    <time>2024-10-24T09:26:18Z</time>
   </trkpt>
   <trkpt lat="48.4363910" lon="7.4036810">
    <ele>759.1</ele>
    <time>2024-10-24T09:26:19Z</time>
   </trkpt>
   <trkpt lat="48.4363990" lon="7.4036830">
    <ele>759.1</ele>
    <time>2024-10-24T09:26:20Z</time>
   </trkpt>
   <trkpt lat="48.4364070" lon="7.4036840">
    <ele>759.1</ele>
    <time>2024-10-24T09:26:21Z</time>
   </trkpt>
   <trkpt lat="48.4364160" lon="7.4036850">
    <ele>759.1</ele>
    <time>2024-10-24T09:26:22Z</time>
   </trkpt>
   <trkpt lat="48.4364230" lon="7.4036920">
    <ele>759.1</ele>
    <time>2024-10-24T09:26:23Z</time>
   </trkpt>
   <trkpt lat="48.4364300" lon="7.4036960">
    <ele>759.1</ele>
    <time>2024-10-24T09:26:24Z</time>
   </trkpt>
   <trkpt lat="48.4364380" lon="7.4037060">
    <ele>759.1</ele>
    <time>2024-10-24T09:26:25Z</time>
   </trkpt>
   <trkpt lat="48.4364440" lon="7.4037150">
    <ele>759.1</ele>
    <time>2024-10-24T09:26:26Z</time>
   </trkpt>
   <trkpt lat="48.4364510" lon="7.4037230">
    <ele>759.1</ele>
    <time>2024-10-24T09:26:27Z</time>
   </trkpt>
   <trkpt lat="48.4364590" lon="7.4037370">
    <ele>759.1</ele>
    <time>2024-10-24T09:26:28Z</time>
   </trkpt>
   <trkpt lat="48.4364660" lon="7.4037480">
    <ele>759.1</ele>
    <time>2024-10-24T09:26:29Z</time>
   </trkpt>
   <trkpt lat="48.4364740" lon="7.4037600">
    <ele>759.2</ele>
    <time>2024-10-24T09:26:30Z</time>
   </trkpt>
   <trkpt lat="48.4364800" lon="7.4037670">
    <ele>759.2</ele>
    <time>2024-10-24T09:26:31Z</time>
   </trkpt>
   <trkpt lat="48.4364860" lon="7.4037730">
    <ele>759.2</ele>
    <time>2024-10-24T09:26:32Z</time>
   </trkpt>
   <trkpt lat="48.4364920" lon="7.4037800">
    <ele>759.2</ele>
    <time>2024-10-24T09:26:33Z</time>
   </trkpt>
   <trkpt lat="48.4364990" lon="7.4037860">
    <ele>759.2</ele>
    <time>2024-10-24T09:26:34Z</time>
   </trkpt>
   <trkpt lat="48.4365080" lon="7.4037920">
    <ele>759.2</ele>
    <time>2024-10-24T09:26:35Z</time>
   </trkpt>
   <trkpt lat="48.4365180" lon="7.4037950">
    <ele>759.3</ele>
    <time>2024-10-24T09:26:36Z</time>
   </trkpt>
   <trkpt lat="48.4365270" lon="7.4037980">
    <ele>759.3</ele>
    <time>2024-10-24T09:26:37Z</time>
   </trkpt>
   <trkpt lat="48.4365350" lon="7.4037980">
    <ele>759.3</ele>
    <time>2024-10-24T09:26:38Z</time>
   </trkpt>
   <trkpt lat="48.4365430" lon="7.4037990">
    <ele>759.3</ele>
    <time>2024-10-24T09:26:39Z</time>
   </trkpt>
   <trkpt lat="48.4365520" lon="7.4038020">
    <ele>759.4</ele>
    <time>2024-10-24T09:26:40Z</time>
   </trkpt>
   <trkpt lat="48.4365600" lon="7.4038050">
    <ele>759.4</ele>
    <time>2024-10-24T09:26:41Z</time>
   </trkpt>
   <trkpt lat="48.4365680" lon="7.4038070">
    <ele>759.4</ele>
    <time>2024-10-24T09:26:42Z</time>
   </trkpt>
   <trkpt lat="48.4365770" lon="7.4038090">
    <ele>759.5</ele>
    <time>2024-10-24T09:26:43Z</time>
   </trkpt>
   <trkpt lat="48.4365840" lon="7.4038090">
    <ele>759.5</ele>
    <time>2024-10-24T09:26:44Z</time>
   </trkpt>
   <trkpt lat="48.4365930" lon="7.4038110">
    <ele>759.5</ele>
    <time>2024-10-24T09:26:45Z</time>
   </trkpt>
   <trkpt lat="48.4365990" lon="7.4038170">
    <ele>759.6</ele>
    <time>2024-10-24T09:26:46Z</time>
   </trkpt>
   <trkpt lat="48.4366070" lon="7.4038230">
    <ele>759.6</ele>
    <time>2024-10-24T09:26:47Z</time>
   </trkpt>
   <trkpt lat="48.4366170" lon="7.4038270">
    <ele>759.7</ele>
    <time>2024-10-24T09:26:48Z</time>
   </trkpt>
   <trkpt lat="48.4366260" lon="7.4038290">
    <ele>759.7</ele>
    <time>2024-10-24T09:26:49Z</time>
   </trkpt>
   <trkpt lat="48.4366370" lon="7.4038320">
    <ele>759.8</ele>
    <time>2024-10-24T09:26:50Z</time>
   </trkpt>
   <trkpt lat="48.4366440" lon="7.4038360">
    <ele>759.8</ele>
    <time>2024-10-24T09:26:51Z</time>
   </trkpt>
   <trkpt lat="48.4366520" lon="7.4038390">
    <ele>759.9</ele>
    <time>2024-10-24T09:26:52Z</time>
   </trkpt>
   <trkpt lat="48.4366600" lon="7.4038420">
    <ele>759.9</ele>
    <time>2024-10-24T09:26:53Z</time>
   </trkpt>
   <trkpt lat="48.4366740" lon="7.4038520">
    <ele>760.0</ele>
    <time>2024-10-24T09:26:54Z</time>
   </trkpt>
   <trkpt lat="48.4366800" lon="7.4038570">
    <ele>760.0</ele>
    <time>2024-10-24T09:26:55Z</time>
   </trkpt>
   <trkpt lat="48.4366860" lon="7.4038620">
    <ele>760.1</ele>
    <time>2024-10-24T09:26:56Z</time>
   </trkpt>
   <trkpt lat="48.4366920" lon="7.4038680">
    <ele>760.1</ele>
    <time>2024-10-24T09:26:57Z</time>
   </trkpt>
   <trkpt lat="48.4367010" lon="7.4038690">
    <ele>760.1</ele>
    <time>2024-10-24T09:26:58Z</time>
   </trkpt>
   <trkpt lat="48.4367090" lon="7.4038700">
    <ele>760.2</ele>
    <time>2024-10-24T09:26:59Z</time>
   </trkpt>
   <trkpt lat="48.4367160" lon="7.4038710">
    <ele>760.2</ele>
    <time>2024-10-24T09:27:00Z</time>
   </trkpt>
   <trkpt lat="48.4367220" lon="7.4038720">
    <ele>760.3</ele>
    <time>2024-10-24T09:27:01Z</time>
   </trkpt>
   <trkpt lat="48.4367250" lon="7.4038730">
    <ele>760.3</ele>
    <time>2024-10-24T09:27:02Z</time>
   </trkpt>
   <trkpt lat="48.4367280" lon="7.4038750">
    <ele>760.3</ele>
    <time>2024-10-24T09:27:03Z</time>
   </trkpt>
   <trkpt lat="48.4367330" lon="7.4038770">
    <ele>760.3</ele>
    <time>2024-10-24T09:27:04Z</time>
   </trkpt>
   <trkpt lat="48.4367390" lon="7.4038800">
    <ele>760.3</ele>
    <time>2024-10-24T09:27:05Z</time>
   </trkpt>
   <trkpt lat="48.4367430" lon="7.4038840">
    <ele>760.4</ele>
    <time>2024-10-24T09:27:06Z</time>
   </trkpt>
   <trkpt lat="48.4367480" lon="7.4038910">
    <ele>760.4</ele>
    <time>2024-10-24T09:27:07Z</time>
   </trkpt>
   <trkpt lat="48.4367530" lon="7.4039000">
    <ele>760.4</ele>
    <time>2024-10-24T09:27:08Z</time>
   </trkpt>
   <trkpt lat="48.4367580" lon="7.4039080">
    <ele>760.5</ele>
    <time>2024-10-24T09:27:09Z</time>
   </trkpt>
   <trkpt lat="48.4367640" lon="7.4039150">
    <ele>760.5</ele>
    <time>2024-10-24T09:27:10Z</time>
   </trkpt>
   <trkpt lat="48.4367680" lon="7.4039210">
    <ele>760.5</ele>
    <time>2024-10-24T09:27:11Z</time>
   </trkpt>
   <trkpt lat="48.4367700" lon="7.4039280">
    <ele>760.5</ele>
    <time>2024-10-24T09:27:12Z</time>
   </trkpt>
   <trkpt lat="48.4367720" lon="7.4039380">
    <ele>760.6</ele>
    <time>2024-10-24T09:27:13Z</time>
   </trkpt>
   <trkpt lat="48.4367760" lon="7.4039470">
    <ele>760.6</ele>
    <time>2024-10-24T09:27:14Z</time>
   </trkpt>
   <trkpt lat="48.4367770" lon="7.4039630">
    <ele>760.6</ele>
    <time>2024-10-24T09:27:15Z</time>
   </trkpt>
   <trkpt lat="48.4367760" lon="7.4039710">
    <ele>760.6</ele>
    <time>2024-10-24T09:27:16Z</time>
   </trkpt>
   <trkpt lat="48.4367780" lon="7.4039790">
    <ele>760.6</ele>
    <time>2024-10-24T09:27:17Z</time>
   </trkpt>
   <trkpt lat="48.4367830" lon="7.4039860">
    <ele>760.7</ele>
    <time>2024-10-24T09:27:18Z</time>
   </trkpt>
   <trkpt lat="48.4367870" lon="7.4039910">
    <ele>760.7</ele>
    <time>2024-10-24T09:27:19Z</time>
   </trkpt>
   <trkpt lat="48.4367940" lon="7.4040000">
    <ele>760.7</ele>
    <time>2024-10-24T09:27:20Z</time>
   </trkpt>
   <trkpt lat="48.4367960" lon="7.4040060">
    <ele>760.7</ele>
    <time>2024-10-24T09:27:21Z</time>
   </trkpt>
   <trkpt lat="48.4367980" lon="7.4040150">
    <ele>760.7</ele>
    <time>2024-10-24T09:27:22Z</time>
   </trkpt>
   <trkpt lat="48.4368000" lon="7.4040220">
    <ele>760.7</ele>
    <time>2024-10-24T09:27:23Z</time>
   </trkpt>
   <trkpt lat="48.4368050" lon="7.4040280">
    <ele>760.7</ele>
    <time>2024-10-24T09:27:24Z</time>
   </trkpt>
   <trkpt lat="48.4368110" lon="7.4040330">
    <ele>760.8</ele>
    <time>2024-10-24T09:27:25Z</time>
   </trkpt>
   <trkpt lat="48.4368160" lon="7.4040380">
    <ele>760.8</ele>
    <time>2024-10-24T09:27:26Z</time>
   </trkpt>
   <trkpt lat="48.4368220" lon="7.4040450">
    <ele>760.8</ele>
    <time>2024-10-24T09:27:27Z</time>
   </trkpt>
   <trkpt lat="48.4368290" lon="7.4040510">
    <ele>760.8</ele>
    <time>2024-10-24T09:27:28Z</time>
   </trkpt>
   <trkpt lat="48.4368370" lon="7.4040580">
    <ele>760.8</ele>
    <time>2024-10-24T09:27:29Z</time>
   </trkpt>
   <trkpt lat="48.4368470" lon="7.4040630">
    <ele>760.8</ele>
    <time>2024-10-24T09:27:30Z</time>
   </trkpt>
   <trkpt lat="48.4368550" lon="7.4040650">
    <ele>760.9</ele>
    <time>2024-10-24T09:27:31Z</time>
   </trkpt>
   <trkpt lat="48.4368600" lon="7.4040710">
    <ele>760.9</ele>
    <time>2024-10-24T09:27:32Z</time>
   </trkpt>
   <trkpt lat="48.4368620" lon="7.4040800">
    <ele>760.9</ele>
    <time>2024-10-24T09:27:33Z</time>
   </trkpt>
   <trkpt lat="48.4368640" lon="7.4040910">
    <ele>760.9</ele>
    <time>2024-10-24T09:27:34Z</time>
   </trkpt>
   <trkpt lat="48.4368700" lon="7.4040980">
    <ele>760.9</ele>
    <time>2024-10-24T09:27:35Z</time>
   </trkpt>
   <trkpt lat="48.4368740" lon="7.4041040">
    <ele>760.9</ele>
    <time>2024-10-24T09:27:36Z</time>
   </trkpt>
   <trkpt lat="48.4368790" lon="7.4041130">
    <ele>760.9</ele>
    <time>2024-10-24T09:27:37Z</time>
   </trkpt>
   <trkpt lat="48.4368800" lon="7.4041230">
    <ele>761.0</ele>
    <time>2024-10-24T09:27:38Z</time>
   </trkpt>
   <trkpt lat="48.4368750" lon="7.4041360">
    <ele>761.0</ele>
    <time>2024-10-24T09:27:39Z</time>
   </trkpt>
   <trkpt lat="48.4368680" lon="7.4041500">
    <ele>761.0</ele>
    <time>2024-10-24T09:27:40Z</time>
   </trkpt>
   <trkpt lat="48.4368700" lon="7.4041590">
    <ele>761.0</ele>
    <time>2024-10-24T09:27:41Z</time>
   </trkpt>
   <trkpt lat="48.4368750" lon="7.4041680">
    <ele>761.0</ele>
    <time>2024-10-24T09:27:42Z</time>
   </trkpt>
   <trkpt lat="48.4368810" lon="7.4041740">
    <ele>761.1</ele>
    <time>2024-10-24T09:27:43Z</time>
   </trkpt>
   <trkpt lat="48.4368870" lon="7.4041750">
    <ele>761.1</ele>
    <time>2024-10-24T09:27:44Z</time>
   </trkpt>
   <trkpt lat="48.4368960" lon="7.4041790">
    <ele>761.1</ele>
    <time>2024-10-24T09:27:45Z</time>
   </trkpt>
   <trkpt lat="48.4368990" lon="7.4041800">
    <ele>761.1</ele>
    <time>2024-10-24T09:27:46Z</time>
   </trkpt>
   <trkpt lat="48.4369030" lon="7.4041840">
    <ele>761.2</ele>
    <time>2024-10-24T09:27:47Z</time>
   </trkpt>
   <trkpt lat="48.4369060" lon="7.4041870">
    <ele>761.2</ele>
    <time>2024-10-24T09:27:48Z</time>
   </trkpt>
   <trkpt lat="48.4369080" lon="7.4041890">
    <ele>761.2</ele>
    <time>2024-10-24T09:27:49Z</time>
   </trkpt>
   <trkpt lat="48.4369100" lon="7.4041980">
    <ele>761.2</ele>
    <time>2024-10-24T09:27:50Z</time>
   </trkpt>
   <trkpt lat="48.4369110" lon="7.4042000">
    <ele>761.2</ele>
    <time>2024-10-24T09:27:51Z</time>
   </trkpt>
   <trkpt lat="48.4369070" lon="7.4042050">
    <ele>761.2</ele>
    <time>2024-10-24T09:27:52Z</time>
   </trkpt>
   <trkpt lat="48.4369050" lon="7.4042090">
    <ele>761.2</ele>
    <time>2024-10-24T09:27:53Z</time>
   </trkpt>
   <trkpt lat="48.4369060" lon="7.4042140">
    <ele>761.3</ele>
    <time>2024-10-24T09:27:54Z</time>
   </trkpt>
   <trkpt lat="48.4369090" lon="7.4042190">
    <ele>761.3</ele>
    <time>2024-10-24T09:27:55Z</time>
   </trkpt>
   <trkpt lat="48.4369110" lon="7.4042250">
    <ele>761.3</ele>
    <time>2024-10-24T09:27:56Z</time>
   </trkpt>
   <trkpt lat="48.4369130" lon="7.4042290">
    <ele>761.3</ele>
    <time>2024-10-24T09:27:57Z</time>
   </trkpt>
   <trkpt lat="48.4369150" lon="7.4042340">
    <ele>761.3</ele>
    <time>2024-10-24T09:27:58Z</time>
   </trkpt>
   <trkpt lat="48.4369170" lon="7.4042390">
    <ele>761.3</ele>
    <time>2024-10-24T09:27:59Z</time>
   </trkpt>
   <trkpt lat="48.4369190" lon="7.4042440">
    <ele>761.4</ele>
    <time>2024-10-24T09:28:00Z</time>
   </trkpt>
   <trkpt lat="48.4369210" lon="7.4042480">
    <ele>761.4</ele>
    <time>2024-10-24T09:28:01Z</time>
   </trkpt>
   <trkpt lat="48.4369240" lon="7.4042530">
    <ele>761.4</ele>
    <time>2024-10-24T09:28:02Z</time>
   </trkpt>
   <trkpt lat="48.4369270" lon="7.4042600">
    <ele>761.4</ele>
    <time>2024-10-24T09:28:03Z</time>
   </trkpt>
   <trkpt lat="48.4369310" lon="7.4042650">
    <ele>761.4</ele>
    <time>2024-10-24T09:28:04Z</time>
   </trkpt>
   <trkpt lat="48.4369370" lon="7.4042690">
    <ele>761.5</ele>
    <time>2024-10-24T09:28:05Z</time>
   </trkpt>
   <trkpt lat="48.4369380" lon="7.4042690">
    <ele>761.5</ele>
    <time>2024-10-24T09:28:06Z</time>
   </trkpt>
   <trkpt lat="48.4369400" lon="7.4042690">
    <ele>761.5</ele>
    <time>2024-10-24T09:28:07Z</time>
   </trkpt>
   <trkpt lat="48.4369430" lon="7.4042690">
    <ele>761.6</ele>
    <time>2024-10-24T09:28:08Z</time>
   </trkpt>
   <trkpt lat="48.4369450" lon="7.4042680">
    <ele>761.6</ele>
    <time>2024-10-24T09:28:09Z</time>
   </trkpt>
   <trkpt lat="48.4369490" lon="7.4042680">
    <ele>761.7</ele>
    <time>2024-10-24T09:28:10Z</time>
   </trkpt>
   <trkpt lat="48.4369510" lon="7.4042670">
    <ele>761.7</ele>
    <time>2024-10-24T09:28:11Z</time>
   </trkpt>
   <trkpt lat="48.4369520" lon="7.4042680">
    <ele>761.7</ele>
    <time>2024-10-24T09:28:12Z</time>
   </trkpt>
   <trkpt lat="48.4369560" lon="7.4042680">
    <ele>761.8</ele>
    <time>2024-10-24T09:28:13Z</time>
   </trkpt>
   <trkpt lat="48.4369590" lon="7.4042680">
    <ele>761.8</ele>
    <time>2024-10-24T09:28:14Z</time>
   </trkpt>
   <trkpt lat="48.4369670" lon="7.4042690">
    <ele>762.0</ele>
    <time>2024-10-24T09:28:15Z</time>
   </trkpt>
   <trkpt lat="48.4369700" lon="7.4042690">
    <ele>762.0</ele>
    <time>2024-10-24T09:28:16Z</time>
   </trkpt>
   <trkpt lat="48.4369740" lon="7.4042700">
    <ele>762.1</ele>
    <time>2024-10-24T09:28:17Z</time>
   </trkpt>
   <trkpt lat="48.4369790" lon="7.4042710">
    <ele>762.2</ele>
    <time>2024-10-24T09:28:18Z</time>
   </trkpt>
   <trkpt lat="48.4369880" lon="7.4042660">
    <ele>762.3</ele>
    <time>2024-10-24T09:28:19Z</time>
   </trkpt>
   <trkpt lat="48.4369930" lon="7.4042620">
    <ele>762.4</ele>
    <time>2024-10-24T09:28:20Z</time>
   </trkpt>
   <trkpt lat="48.4369980" lon="7.4042580">
    <ele>762.5</ele>
    <time>2024-10-24T09:28:21Z</time>
   </trkpt>
   <trkpt lat="48.4370040" lon="7.4042540">
    <ele>762.6</ele>
    <time>2024-10-24T09:28:22Z</time>
   </trkpt>
   <trkpt lat="48.4370090" lon="7.4042500">
    <ele>762.7</ele>
    <time>2024-10-24T09:28:23Z</time>
   </trkpt>
   <trkpt lat="48.4370140" lon="7.4042460">
    <ele>762.8</ele>
    <time>2024-10-24T09:28:24Z</time>
   </trkpt>
   <trkpt lat="48.4370220" lon="7.4042320">
    <ele>763.0</ele>
    <time>2024-10-24T09:28:25Z</time>
   </trkpt>
   <trkpt lat="48.4370270" lon="7.4042220">
    <ele>763.2</ele>
    <time>2024-10-24T09:28:26Z</time>
   </trkpt>
   <trkpt lat="48.4370300" lon="7.4042130">
    <ele>763.3</ele>
    <time>2024-10-24T09:28:27Z</time>
   </trkpt>
   <trkpt lat="48.4370340" lon="7.4042030">
    <ele>763.4</ele>
    <time>2024-10-24T09:28:28Z</time>
   </trkpt>
   <trkpt lat="48.4370380" lon="7.4041920">
    <ele>763.6</ele>
    <time>2024-10-24T09:28:29Z</time>
   </trkpt>
   <trkpt lat="48.4370430" lon="7.4041810">
    <ele>763.7</ele>
    <time>2024-10-24T09:28:30Z</time>
   </trkpt>
   <trkpt lat="48.4370470" lon="7.4041760">
    <ele>763.8</ele>
    <time>2024-10-24T09:28:31Z</time>
   </trkpt>
   <trkpt lat="48.4370500" lon="7.4041700">
    <ele>763.9</ele>
    <time>2024-10-24T09:28:32Z</time>
   </trkpt>
   <trkpt lat="48.4370530" lon="7.4041690">
    <ele>763.9</ele>
    <time>2024-10-24T09:28:33Z</time>
   </trkpt>
   <trkpt lat="48.4370560" lon="7.4041700">
    <ele>764.0</ele>
    <time>2024-10-24T09:28:34Z</time>
   </trkpt>
   <trkpt lat="48.4370590" lon="7.4041720">
    <ele>764.0</ele>
    <time>2024-10-24T09:28:35Z</time>
   </trkpt>
   <trkpt lat="48.4370610" lon="7.4041720">
    <ele>764.1</ele>
    <time>2024-10-24T09:28:36Z</time>
   </trkpt>
   <trkpt lat="48.4370630" lon="7.4041730">
    <ele>764.1</ele>
    <time>2024-10-24T09:28:37Z</time>
   </trkpt>
   <trkpt lat="48.4370650" lon="7.4041730">
    <ele>764.1</ele>
    <time>2024-10-24T09:28:38Z</time>
   </trkpt>
   <trkpt lat="48.4370650" lon="7.4041730">
    <ele>764.1</ele>
    <time>2024-10-24T09:28:39Z</time>
   </trkpt>
   <trkpt lat="48.4370650" lon="7.4041720">
    <ele>764.1</ele>
    <time>2024-10-24T09:28:40Z</time>
   </trkpt>
   <trkpt lat="48.4370650" lon="7.4041720">
    <ele>764.1</ele>
    <time>2024-10-24T09:28:41Z</time>
   </trkpt>
   <trkpt lat="48.4370660" lon="7.4041720">
    <ele>764.2</ele>
    <time>2024-10-24T09:28:42Z</time>
   </trkpt>
   <trkpt lat="48.4370670" lon="7.4041720">
    <ele>764.2</ele>
    <time>2024-10-24T09:28:43Z</time>
   </trkpt>
   <trkpt lat="48.4370680" lon="7.4041700">
    <ele>764.2</ele>
    <time>2024-10-24T09:28:44Z</time>
   </trkpt>
   <trkpt lat="48.4370700" lon="7.4041680">
    <ele>764.2</ele>
    <time>2024-10-24T09:28:45Z</time>
   </trkpt>
   <trkpt lat="48.4370730" lon="7.4041640">
    <ele>764.3</ele>
    <time>2024-10-24T09:28:46Z</time>
   </trkpt>
   <trkpt lat="48.4370770" lon="7.4041590">
    <ele>764.4</ele>
    <time>2024-10-24T09:28:47Z</time>
   </trkpt>
   <trkpt lat="48.4370830" lon="7.4041520">
    <ele>764.4</ele>
    <time>2024-10-24T09:28:48Z</time>
   </trkpt>
   <trkpt lat="48.4370890" lon="7.4041450">
    <ele>764.3</ele>
    <time>2024-10-24T09:28:49Z</time>
   </trkpt>
   <trkpt lat="48.4370950" lon="7.4041420">
    <ele>764.3</ele>
    <time>2024-10-24T09:28:50Z</time>
   </trkpt>
   <trkpt lat="48.4370990" lon="7.4041410">
    <ele>764.3</ele>
    <time>2024-10-24T09:28:51Z</time>
   </trkpt>
   <trkpt lat="48.4371020" lon="7.4041400">
    <ele>764.2</ele>
    <time>2024-10-24T09:28:52Z</time>
   </trkpt>
   <trkpt lat="48.4371060" lon="7.4041370">
    <ele>764.2</ele>
    <time>2024-10-24T09:28:53Z</time>
   </trkpt>
   <trkpt lat="48.4371080" lon="7.4041360">
    <ele>764.2</ele>
    <time>2024-10-24T09:28:54Z</time>
   </trkpt>
   <trkpt lat="48.4371090" lon="7.4041350">
    <ele>764.2</ele>
    <time>2024-10-24T09:28:55Z</time>
   </trkpt>
   <trkpt lat="48.4371100" lon="7.4041340">
    <ele>764.2</ele>
    <time>2024-10-24T09:28:56Z</time>
   </trkpt>
   <trkpt lat="48.4371110" lon="7.4041340">
    <ele>764.2</ele>
    <time>2024-10-24T09:28:57Z</time>
   </trkpt>
   <trkpt lat="48.4371130" lon="7.4041330">
    <ele>764.2</ele>
    <time>2024-10-24T09:28:58Z</time>
   </trkpt>
   <trkpt lat="48.4371160" lon="7.4041290">
    <ele>764.1</ele>
    <time>2024-10-24T09:28:59Z</time>
   </trkpt>
   <trkpt lat="48.4371250" lon="7.4041200">
    <ele>764.1</ele>
    <time>2024-10-24T09:29:00Z</time>
   </trkpt>
   <trkpt lat="48.4371310" lon="7.4041150">
    <ele>764.0</ele>
    <time>2024-10-24T09:29:01Z</time>
   </trkpt>
   <trkpt lat="48.4371440" lon="7.4041070">
    <ele>763.9</ele>
    <time>2024-10-24T09:29:02Z</time>
   </trkpt>
   <trkpt lat="48.4371490" lon="7.4041070">
    <ele>763.9</ele>
    <time>2024-10-24T09:29:03Z</time>
   </trkpt>
   <trkpt lat="48.4371530" lon="7.4041080">
    <ele>763.9</ele>
    <time>2024-10-24T09:29:04Z</time>
   </trkpt>
   <trkpt lat="48.4371560" lon="7.4041090">
    <ele>763.8</ele>
    <time>2024-10-24T09:29:05Z</time>
   </trkpt>
   <trkpt lat="48.4371580" lon="7.4041090">
    <ele>763.8</ele>
    <time>2024-10-24T09:29:06Z</time>
   </trkpt>
   <trkpt lat="48.4371600" lon="7.4041090">
    <ele>763.8</ele>
    <time>2024-10-24T09:29:07Z</time>
   </trkpt>
   <trkpt lat="48.4371610" lon="7.4041090">
    <ele>763.8</ele>
    <time>2024-10-24T09:29:08Z</time>
   </trkpt>
   <trkpt lat="48.4371620" lon="7.4041080">
    <ele>763.8</ele>
    <time>2024-10-24T09:29:09Z</time>
   </trkpt>
   <trkpt lat="48.4371630" lon="7.4041060">
    <ele>763.8</ele>
    <time>2024-10-24T09:29:10Z</time>
   </trkpt>
   <trkpt lat="48.4371670" lon="7.4041070">
    <ele>763.8</ele>
    <time>2024-10-24T09:29:11Z</time>
   </trkpt>
   <trkpt lat="48.4371690" lon="7.4041020">
    <ele>763.7</ele>
    <time>2024-10-24T09:29:12Z</time>
   </trkpt>
   <trkpt lat="48.4371740" lon="7.4040990">
    <ele>763.7</ele>
    <time>2024-10-24T09:29:13Z</time>
   </trkpt>
   <trkpt lat="48.4371790" lon="7.4040970">
    <ele>763.7</ele>
    <time>2024-10-24T09:29:14Z</time>
   </trkpt>
   <trkpt lat="48.4371840" lon="7.4040960">
    <ele>763.6</ele>
    <time>2024-10-24T09:29:15Z</time>
   </trkpt>
   <trkpt lat="48.4371910" lon="7.4040930">
    <ele>763.4</ele>
    <time>2024-10-24T09:29:16Z</time>
   </trkpt>
   <trkpt lat="48.4371990" lon="7.4040910">
    <ele>763.2</ele>
    <time>2024-10-24T09:29:17Z</time>
   </trkpt>
   <trkpt lat="48.4372070" lon="7.4040890">
    <ele>763.0</ele>
    <time>2024-10-24T09:29:18Z</time>
   </trkpt>
   <trkpt lat="48.4372160" lon="7.4040880">
    <ele>762.8</ele>
    <time>2024-10-24T09:29:19Z</time>
   </trkpt>
   <trkpt lat="48.4372300" lon="7.4040920">
    <ele>762.5</ele>
    <time>2024-10-24T09:29:20Z</time>
   </trkpt>
   <trkpt lat="48.4372370" lon="7.4040950">
    <ele>762.5</ele>
    <time>2024-10-24T09:29:21Z</time>
   </trkpt>
   <trkpt lat="48.4372440" lon="7.4040980">
    <ele>762.5</ele>
    <time>2024-10-24T09:29:22Z</time>
   </trkpt>
   <trkpt lat="48.4372510" lon="7.4041010">
    <ele>762.5</ele>
    <time>2024-10-24T09:29:23Z</time>
   </trkpt>
   <trkpt lat="48.4372610" lon="7.4041080">
    <ele>762.5</ele>
    <time>2024-10-24T09:29:24Z</time>
   </trkpt>
   <trkpt lat="48.4372690" lon="7.4041160">
    <ele>762.5</ele>
    <time>2024-10-24T09:29:25Z</time>
   </trkpt>
   <trkpt lat="48.4372770" lon="7.4041270">
    <ele>762.4</ele>
    <time>2024-10-24T09:29:26Z</time>
   </trkpt>
   <trkpt lat="48.4372870" lon="7.4041490">
    <ele>762.4</ele>
    <time>2024-10-24T09:29:27Z</time>
   </trkpt>
   <trkpt lat="48.4372890" lon="7.4041650">
    <ele>762.4</ele>
    <time>2024-10-24T09:29:28Z</time>
   </trkpt>
   <trkpt lat="48.4372920" lon="7.4041810">
    <ele>762.4</ele>
    <time>2024-10-24T09:29:29Z</time>
   </trkpt>
   <trkpt lat="48.4372970" lon="7.4042080">
    <ele>762.3</ele>
    <time>2024-10-24T09:29:30Z</time>
   </trkpt>
   <trkpt lat="48.4373000" lon="7.4042220">
    <ele>762.3</ele>
    <time>2024-10-24T09:29:31Z</time>
   </trkpt>
   <trkpt lat="48.4373010" lon="7.4042380">
    <ele>762.3</ele>
    <time>2024-10-24T09:29:32Z</time>
   </trkpt>
   <trkpt lat="48.4373030" lon="7.4042550">
    <ele>762.3</ele>
    <time>2024-10-24T09:29:33Z</time>
   </trkpt>
   <trkpt lat="48.4373040" lon="7.4042720">
    <ele>762.3</ele>
    <time>2024-10-24T09:29:34Z</time>
   </trkpt>
   <trkpt lat="48.4373070" lon="7.4042850">
    <ele>762.3</ele>
    <time>2024-10-24T09:29:35Z</time>
   </trkpt>
   <trkpt lat="48.4373120" lon="7.4043110">
    <ele>762.3</ele>
    <time>2024-10-24T09:29:36Z</time>
   </trkpt>
   <trkpt lat="48.4373150" lon="7.4043210">
    <ele>762.3</ele>
    <time>2024-10-24T09:29:37Z</time>
   </trkpt>
   <trkpt lat="48.4373190" lon="7.4043340">
    <ele>762.3</ele>
    <time>2024-10-24T09:29:38Z</time>
   </trkpt>
   <trkpt lat="48.4373230" lon="7.4043460">
    <ele>762.3</ele>
    <time>2024-10-24T09:29:39Z</time>
   </trkpt>
   <trkpt lat="48.4373280" lon="7.4043560">
    <ele>762.3</ele>
    <time>2024-10-24T09:29:40Z</time>
   </trkpt>
   <trkpt lat="48.4373310" lon="7.4043690">
    <ele>762.3</ele>
    <time>2024-10-24T09:29:41Z</time>
   </trkpt>
   <trkpt lat="48.4373320" lon="7.4043740">
    <ele>762.3</ele>
    <time>2024-10-24T09:29:42Z</time>
   </trkpt>
   <trkpt lat="48.4373350" lon="7.4043810">
    <ele>762.3</ele>
    <time>2024-10-24T09:29:43Z</time>
   </trkpt>
   <trkpt lat="48.4373360" lon="7.4043900">
    <ele>762.3</ele>
    <time>2024-10-24T09:29:44Z</time>
   </trkpt>
   <trkpt lat="48.4373370" lon="7.4043980">
    <ele>762.3</ele>
    <time>2024-10-24T09:29:45Z</time>
   </trkpt>
   <trkpt lat="48.4373350" lon="7.4044090">
    <ele>762.3</ele>
    <time>2024-10-24T09:29:46Z</time>
   </trkpt>
   <trkpt lat="48.4373320" lon="7.4044190">
    <ele>762.3</ele>
    <time>2024-10-24T09:29:47Z</time>
   </trkpt>
   <trkpt lat="48.4373290" lon="7.4044290">
    <ele>762.3</ele>
    <time>2024-10-24T09:29:48Z</time>
   </trkpt>
   <trkpt lat="48.4373260" lon="7.4044380">
    <ele>762.3</ele>
    <time>2024-10-24T09:29:49Z</time>
   </trkpt>
   <trkpt lat="48.4373240" lon="7.4044480">
    <ele>762.4</ele>
    <time>2024-10-24T09:29:50Z</time>
   </trkpt>
   <trkpt lat="48.4373170" lon="7.4044540">
    <ele>762.4</ele>
    <time>2024-10-24T09:29:51Z</time>
   </trkpt>
   <trkpt lat="48.4373150" lon="7.4044560">
    <ele>762.4</ele>
    <time>2024-10-24T09:29:52Z</time>
   </trkpt>
   <trkpt lat="48.4373170" lon="7.4044530">
    <ele>762.4</ele>
    <time>2024-10-24T09:29:53Z</time>
   </trkpt>
   <trkpt lat="48.4373160" lon="7.4044490">
    <ele>762.4</ele>
    <time>2024-10-24T09:29:54Z</time>
   </trkpt>
   <trkpt lat="48.4373150" lon="7.4044470">
    <ele>762.4</ele>
    <time>2024-10-24T09:29:55Z</time>
   </trkpt>
   <trkpt lat="48.4373130" lon="7.4044450">
    <ele>762.4</ele>
    <time>2024-10-24T09:29:56Z</time>
   </trkpt>
   <trkpt lat="48.4373120" lon="7.4044440">
    <ele>762.4</ele>
    <time>2024-10-24T09:29:57Z</time>
   </trkpt>
   <trkpt lat="48.4373100" lon="7.4044440">
    <ele>762.4</ele>
    <time>2024-10-24T09:29:58Z</time>
   </trkpt>
   <trkpt lat="48.4373100" lon="7.4044430">
    <ele>762.4</ele>
    <time>2024-10-24T09:29:59Z</time>
   </trkpt>
   <trkpt lat="48.4373090" lon="7.4044430">
    <ele>762.4</ele>
    <time>2024-10-24T09:30:00Z</time>
   </trkpt>
   <trkpt lat="48.4373090" lon="7.4044420">
    <ele>762.4</ele>
    <time>2024-10-24T09:30:01Z</time>
   </trkpt>
   <trkpt lat="48.4373090" lon="7.4044410">
    <ele>762.4</ele>
    <time>2024-10-24T09:30:02Z</time>
   </trkpt>
   <trkpt lat="48.4373100" lon="7.4044400">
    <ele>762.4</ele>
    <time>2024-10-24T09:30:03Z</time>
   </trkpt>
   <trkpt lat="48.4373120" lon="7.4044440">
    <ele>762.4</ele>
    <time>2024-10-24T09:30:04Z</time>
   </trkpt>
   <trkpt lat="48.4373150" lon="7.4044520">
    <ele>762.5</ele>
    <time>2024-10-24T09:30:05Z</time>
   </trkpt>
   <trkpt lat="48.4373260" lon="7.4044620">
    <ele>762.5</ele>
    <time>2024-10-24T09:30:06Z</time>
   </trkpt>
   <trkpt lat="48.4373340" lon="7.4044710">
    <ele>762.5</ele>
    <time>2024-10-24T09:30:07Z</time>
   </trkpt>
   <trkpt lat="48.4373410" lon="7.4044800">
    <ele>762.5</ele>
    <time>2024-10-24T09:30:08Z</time>
   </trkpt>
   <trkpt lat="48.4373450" lon="7.4044930">
    <ele>762.6</ele>
    <time>2024-10-24T09:30:09Z</time>
   </trkpt>
   <trkpt lat="48.4373480" lon="7.4045110">
    <ele>762.6</ele>
    <time>2024-10-24T09:30:10Z</time>
   </trkpt>
   <trkpt lat="48.4373500" lon="7.4045310">
    <ele>762.6</ele>
    <time>2024-10-24T09:30:11Z</time>
   </trkpt>
   <trkpt lat="48.4373500" lon="7.4045480">
    <ele>762.7</ele>
    <time>2024-10-24T09:30:12Z</time>
   </trkpt>
   <trkpt lat="48.4373480" lon="7.4045670">
    <ele>762.7</ele>
    <time>2024-10-24T09:30:13Z</time>
   </trkpt>
   <trkpt lat="48.4373450" lon="7.4045840">
    <ele>762.7</ele>
    <time>2024-10-24T09:30:14Z</time>
   </trkpt>
   <trkpt lat="48.4373410" lon="7.4045960">
    <ele>762.7</ele>
    <time>2024-10-24T09:30:15Z</time>
   </trkpt>
   <trkpt lat="48.4373340" lon="7.4046120">
    <ele>762.7</ele>
    <time>2024-10-24T09:30:16Z</time>
   </trkpt>
   <trkpt lat="48.4373300" lon="7.4046220">
    <ele>762.8</ele>
    <time>2024-10-24T09:30:17Z</time>
   </trkpt>
   <trkpt lat="48.4373240" lon="7.4046340">
    <ele>762.8</ele>
    <time>2024-10-24T09:30:18Z</time>
   </trkpt>
   <trkpt lat="48.4373180" lon="7.4046470">
    <ele>762.8</ele>
    <time>2024-10-24T09:30:19Z</time>
   </trkpt>
   <trkpt lat="48.4373110" lon="7.4046600">
    <ele>762.8</ele>
    <time>2024-10-24T09:30:20Z</time>
   </trkpt>
   <trkpt lat="48.4373030" lon="7.4046770">
    <ele>762.8</ele>
    <time>2024-10-24T09:30:21Z</time>
   </trkpt>
   <trkpt lat="48.4372990" lon="7.4046860">
    <ele>762.8</ele>
    <time>2024-10-24T09:30:22Z</time>
   </trkpt>
   <trkpt lat="48.4372940" lon="7.4046990">
    <ele>762.8</ele>
    <time>2024-10-24T09:30:23Z</time>
   </trkpt>
   <trkpt lat="48.4372900" lon="7.4047120">
    <ele>762.8</ele>
    <time>2024-10-24T09:30:24Z</time>
   </trkpt>
   <trkpt lat="48.4372880" lon="7.4047250">
    <ele>762.8</ele>
    <time>2024-10-24T09:30:25Z</time>
   </trkpt>
   <trkpt lat="48.4372840" lon="7.4047390">
    <ele>762.8</ele>
    <time>2024-10-24T09:30:26Z</time>
   </trkpt>
   <trkpt lat="48.4372860" lon="7.4047540">
    <ele>762.8</ele>
    <time>2024-10-24T09:30:27Z</time>
   </trkpt>
   <trkpt lat="48.4372880" lon="7.4047680">
    <ele>762.7</ele>
    <time>2024-10-24T09:30:28Z</time>
   </trkpt>
   <trkpt lat="48.4372920" lon="7.4047770">
    <ele>762.7</ele>
    <time>2024-10-24T09:30:29Z</time>
   </trkpt>
   <trkpt lat="48.4372980" lon="7.4047800">
    <ele>762.7</ele>
    <time>2024-10-24T09:30:30Z</time>
   </trkpt>
   <trkpt lat="48.4373030" lon="7.4047850">
    <ele>762.7</ele>
    <time>2024-10-24T09:30:31Z</time>
   </trkpt>
   <trkpt lat="48.4373050" lon="7.4047910">
    <ele>762.7</ele>
    <time>2024-10-24T09:30:32Z</time>
   </trkpt>
   <trkpt lat="48.4373090" lon="7.4047980">
    <ele>762.7</ele>
    <time>2024-10-24T09:30:33Z</time>
   </trkpt>
   <trkpt lat="48.4373120" lon="7.4048030">
    <ele>762.7</ele>
    <time>2024-10-24T09:30:34Z</time>
   </trkpt>
   <trkpt lat="48.4373160" lon="7.4048080">
    <ele>762.7</ele>
    <time>2024-10-24T09:30:35Z</time>
   </trkpt>
   <trkpt lat="48.4373220" lon="7.4048160">
    <ele>762.7</ele>
    <time>2024-10-24T09:30:36Z</time>
   </trkpt>
   <trkpt lat="48.4373250" lon="7.4048200">
    <ele>762.7</ele>
    <time>2024-10-24T09:30:37Z</time>
   </trkpt>
   <trkpt lat="48.4373300" lon="7.4048250">
    <ele>762.7</ele>
    <time>2024-10-24T09:30:38Z</time>
   </trkpt>
   <trkpt lat="48.4373370" lon="7.4048270">
    <ele>762.6</ele>
    <time>2024-10-24T09:30:39Z</time>
   </trkpt>
   <trkpt lat="48.4373440" lon="7.4048320">
    <ele>762.6</ele>
    <time>2024-10-24T09:30:40Z</time>
   </trkpt>
   <trkpt lat="48.4373490" lon="7.4048390">
    <ele>762.6</ele>
    <time>2024-10-24T09:30:41Z</time>
   </trkpt>
   <trkpt lat="48.4373540" lon="7.4048450">
    <ele>762.6</ele>
    <time>2024-10-24T09:30:42Z</time>
   </trkpt>
   <trkpt lat="48.4373590" lon="7.4048530">
    <ele>762.6</ele>
    <time>2024-10-24T09:30:43Z</time>
   </trkpt>
   <trkpt lat="48.4373640" lon="7.4048630">
    <ele>762.6</ele>
    <time>2024-10-24T09:30:44Z</time>
   </trkpt>
   <trkpt lat="48.4373700" lon="7.4048720">
    <ele>762.6</ele>
    <time>2024-10-24T09:30:45Z</time>
   </trkpt>
   <trkpt lat="48.4373790" lon="7.4048810">
    <ele>762.5</ele>
    <time>2024-10-24T09:30:46Z</time>
   </trkpt>
   <trkpt lat="48.4373840" lon="7.4048850">
    <ele>762.5</ele>
    <time>2024-10-24T09:30:47Z</time>
   </trkpt>
   <trkpt lat="48.4373930" lon="7.4048840">
    <ele>762.5</ele>
    <time>2024-10-24T09:30:48Z</time>
   </trkpt>
   <trkpt lat="48.4374010" lon="7.4048790">
    <ele>762.5</ele>
    <time>2024-10-24T09:30:49Z</time>
   </trkpt>
   <trkpt lat="48.4374090" lon="7.4048740">
    <ele>762.5</ele>
    <time>2024-10-24T09:30:50Z</time>
   </trkpt>
   <trkpt lat="48.4374170" lon="7.4048670">
    <ele>762.4</ele>
    <time>2024-10-24T09:30:51Z</time>
   </trkpt>
   <trkpt lat="48.4374280" lon="7.4048650">
    <ele>762.4</ele>
    <time>2024-10-24T09:30:52Z</time>
   </trkpt>
   <trkpt lat="48.4374350" lon="7.4048690">
    <ele>762.4</ele>
    <time>2024-10-24T09:30:53Z</time>
   </trkpt>
   <trkpt lat="48.4374420" lon="7.4048820">
    <ele>762.4</ele>
    <time>2024-10-24T09:30:54Z</time>
   </trkpt>
   <trkpt lat="48.4374460" lon="7.4048930">
    <ele>762.4</ele>
    <time>2024-10-24T09:30:55Z</time>
   </trkpt>
   <trkpt lat="48.4374480" lon="7.4049040">
    <ele>762.4</ele>
    <time>2024-10-24T09:30:56Z</time>
   </trkpt>
   <trkpt lat="48.4374490" lon="7.4049180">
    <ele>762.4</ele>
    <time>2024-10-24T09:30:57Z</time>
   </trkpt>
   <trkpt lat="48.4374460" lon="7.4049300">
    <ele>762.4</ele>
    <time>2024-10-24T09:30:58Z</time>
   </trkpt>
   <trkpt lat="48.4374420" lon="7.4049410">
    <ele>762.4</ele>
    <time>2024-10-24T09:30:59Z</time>
   </trkpt>
   <trkpt lat="48.4374380" lon="7.4049490">
    <ele>762.4</ele>
    <time>2024-10-24T09:31:00Z</time>
   </trkpt>
   <trkpt lat="48.4374320" lon="7.4049590">
    <ele>762.4</ele>
    <time>2024-10-24T09:31:01Z</time>
   </trkpt>
   <trkpt lat="48.4374290" lon="7.4049640">
    <ele>762.5</ele>
    <time>2024-10-24T09:31:02Z</time>
   </trkpt>
   <trkpt lat="48.4374260" lon="7.4049740">
    <ele>762.5</ele>
    <time>2024-10-24T09:31:03Z</time>
   </trkpt>
   <trkpt lat="48.4374240" lon="7.4049850">
    <ele>762.5</ele>
    <time>2024-10-24T09:31:04Z</time>
   </trkpt>
   <trkpt lat="48.4374240" lon="7.4049950">
    <ele>762.5</ele>
    <time>2024-10-24T09:31:05Z</time>
   </trkpt>
   <trkpt lat="48.4374270" lon="7.4050060">
    <ele>762.5</ele>
    <time>2024-10-24T09:31:06Z</time>
   </trkpt>
   <trkpt lat="48.4374280" lon="7.4050170">
    <ele>762.5</ele>
    <time>2024-10-24T09:31:07Z</time>
   </trkpt>
   <trkpt lat="48.4374270" lon="7.4050250">
    <ele>762.5</ele>
    <time>2024-10-24T09:31:08Z</time>
   </trkpt>
   <trkpt lat="48.4374230" lon="7.4050320">
    <ele>762.5</ele>
    <time>2024-10-24T09:31:09Z</time>
   </trkpt>
   <trkpt lat="48.4374200" lon="7.4050420">
    <ele>762.5</ele>
    <time>2024-10-24T09:31:10Z</time>
   </trkpt>
   <trkpt lat="48.4374200" lon="7.4050530">
    <ele>762.5</ele>
    <time>2024-10-24T09:31:11Z</time>
   </trkpt>
   <trkpt lat="48.4374200" lon="7.4050650">
    <ele>762.5</ele>
    <time>2024-10-24T09:31:12Z</time>
   </trkpt>
   <trkpt lat="48.4374200" lon="7.4050760">
    <ele>762.6</ele>
    <time>2024-10-24T09:31:13Z</time>
   </trkpt>
   <trkpt lat="48.4374220" lon="7.4050870">
    <ele>762.6</ele>
    <time>2024-10-24T09:31:14Z</time>
   </trkpt>
   <trkpt lat="48.4374240" lon="7.4050990">
    <ele>762.6</ele>
    <time>2024-10-24T09:31:15Z</time>
   </trkpt>
   <trkpt lat="48.4374330" lon="7.4051100">
    <ele>762.6</ele>
    <time>2024-10-24T09:31:16Z</time>
   </trkpt>
   <trkpt lat="48.4374370" lon="7.4051120">
    <ele>762.6</ele>
    <time>2024-10-24T09:31:17Z</time>
   </trkpt>
   <trkpt lat="48.4374420" lon="7.4051150">
    <ele>762.6</ele>
    <time>2024-10-24T09:31:18Z</time>
   </trkpt>
   <trkpt lat="48.4374470" lon="7.4051130">
    <ele>762.6</ele>
    <time>2024-10-24T09:31:19Z</time>
   </trkpt>
   <trkpt lat="48.4374490" lon="7.4051110">
    <ele>762.6</ele>
    <time>2024-10-24T09:31:20Z</time>
   </trkpt>
   <trkpt lat="48.4374500" lon="7.4051100">
    <ele>762.6</ele>
    <time>2024-10-24T09:31:21Z</time>
   </trkpt>
   <trkpt lat="48.4374490" lon="7.4051100">
    <ele>762.6</ele>
    <time>2024-10-24T09:31:22Z</time>
   </trkpt>
   <trkpt lat="48.4374480" lon="7.4051100">
    <ele>762.6</ele>
    <time>2024-10-24T09:31:23Z</time>
   </trkpt>
   <trkpt lat="48.4374480" lon="7.4051090">
    <ele>762.6</ele>
    <time>2024-10-24T09:31:24Z</time>
   </trkpt>
   <trkpt lat="48.4374480" lon="7.4051090">
    <ele>762.6</ele>
    <time>2024-10-24T09:31:25Z</time>
   </trkpt>
   <trkpt lat="48.4374480" lon="7.4051090">
    <ele>762.6</ele>
    <time>2024-10-24T09:31:26Z</time>
   </trkpt>
   <trkpt lat="48.4374480" lon="7.4051090">
    <ele>762.6</ele>
    <time>2024-10-24T09:31:27Z</time>
   </trkpt>
   <trkpt lat="48.4374480" lon="7.4051080">
    <ele>762.6</ele>
    <time>2024-10-24T09:31:28Z</time>
   </trkpt>
   <trkpt lat="48.4374490" lon="7.4051080">
    <ele>762.6</ele>
    <time>2024-10-24T09:31:29Z</time>
   </trkpt>
   <trkpt lat="48.4374490" lon="7.4051080">
    <ele>762.6</ele>
    <time>2024-10-24T09:31:30Z</time>
   </trkpt>
   <trkpt lat="48.4374480" lon="7.4051080">
    <ele>762.6</ele>
    <time>2024-10-24T09:31:31Z</time>
   </trkpt>
   <trkpt lat="48.4374480" lon="7.4051080">
    <ele>762.6</ele>
    <time>2024-10-24T09:31:32Z</time>
   </trkpt>
   <trkpt lat="48.4374480" lon="7.4051090">
    <ele>762.6</ele>
    <time>2024-10-24T09:31:33Z</time>
   </trkpt>
   <trkpt lat="48.4374480" lon="7.4051100">
    <ele>762.6</ele>
    <time>2024-10-24T09:31:34Z</time>
   </trkpt>
   <trkpt lat="48.4374480" lon="7.4051130">
    <ele>762.6</ele>
    <time>2024-10-24T09:31:35Z</time>
   </trkpt>
   <trkpt lat="48.4374480" lon="7.4051190">
    <ele>762.6</ele>
    <time>2024-10-24T09:31:36Z</time>
   </trkpt>
   <trkpt lat="48.4374480" lon="7.4051240">
    <ele>762.6</ele>
    <time>2024-10-24T09:31:37Z</time>
   </trkpt>
   <trkpt lat="48.4374460" lon="7.4051300">
    <ele>762.6</ele>
    <time>2024-10-24T09:31:38Z</time>
   </trkpt>
   <trkpt lat="48.4374450" lon="7.4051350">
    <ele>762.6</ele>
    <time>2024-10-24T09:31:39Z</time>
   </trkpt>
   <trkpt lat="48.4374430" lon="7.4051390">
    <ele>762.6</ele>
    <time>2024-10-24T09:31:40Z</time>
   </trkpt>
   <trkpt lat="48.4374430" lon="7.4051410">
    <ele>762.6</ele>
    <time>2024-10-24T09:31:41Z</time>
   </trkpt>
   <trkpt lat="48.4374420" lon="7.4051420">
    <ele>762.6</ele>
    <time>2024-10-24T09:31:42Z</time>
   </trkpt>
   <trkpt lat="48.4374420" lon="7.4051420">
    <ele>762.6</ele>
    <time>2024-10-24T09:31:43Z</time>
   </trkpt>
   <trkpt lat="48.4374410" lon="7.4051430">
    <ele>762.6</ele>
    <time>2024-10-24T09:31:44Z</time>
   </trkpt>
   <trkpt lat="48.4374410" lon="7.4051440">
    <ele>762.6</ele>
    <time>2024-10-24T09:31:45Z</time>
   </trkpt>
   <trkpt lat="48.4374410" lon="7.4051440">
    <ele>762.6</ele>
    <time>2024-10-24T09:31:46Z</time>
   </trkpt>
   <trkpt lat="48.4374400" lon="7.4051440">
    <ele>762.6</ele>
    <time>2024-10-24T09:31:47Z</time>
   </trkpt>
   <trkpt lat="48.4374390" lon="7.4051440">
    <ele>762.6</ele>
    <time>2024-10-24T09:31:48Z</time>
   </trkpt>
   <trkpt lat="48.4374390" lon="7.4051440">
    <ele>762.6</ele>
    <time>2024-10-24T09:31:49Z</time>
   </trkpt>
   <trkpt lat="48.4374380" lon="7.4051450">
    <ele>762.6</ele>
    <time>2024-10-24T09:31:50Z</time>
   </trkpt>
   <trkpt lat="48.4374380" lon="7.4051450">
    <ele>762.6</ele>
    <time>2024-10-24T09:31:51Z</time>
   </trkpt>
   <trkpt lat="48.4374380" lon="7.4051450">
    <ele>762.6</ele>
    <time>2024-10-24T09:31:52Z</time>
   </trkpt>
   <trkpt lat="48.4374380" lon="7.4051450">
    <ele>762.6</ele>
    <time>2024-10-24T09:31:53Z</time>
   </trkpt>
   <trkpt lat="48.4374370" lon="7.4051450">
    <ele>762.6</ele>
    <time>2024-10-24T09:31:54Z</time>
   </trkpt>
   <trkpt lat="48.4374370" lon="7.4051450">
    <ele>762.6</ele>
    <time>2024-10-24T09:31:55Z</time>
   </trkpt>
   <trkpt lat="48.4374370" lon="7.4051450">
    <ele>762.6</ele>
    <time>2024-10-24T09:31:56Z</time>
   </trkpt>
   <trkpt lat="48.4374370" lon="7.4051460">
    <ele>762.6</ele>
    <time>2024-10-24T09:31:57Z</time>
   </trkpt>
   <trkpt lat="48.4374370" lon="7.4051450">
    <ele>762.6</ele>
    <time>2024-10-24T09:31:58Z</time>
   </trkpt>
   <trkpt lat="48.4374370" lon="7.4051450">
    <ele>762.6</ele>
    <time>2024-10-24T09:31:59Z</time>
   </trkpt>
   <trkpt lat="48.4374370" lon="7.4051450">
    <ele>762.6</ele>
    <time>2024-10-24T09:32:00Z</time>
   </trkpt>
   <trkpt lat="48.4374370" lon="7.4051450">
    <ele>762.6</ele>
    <time>2024-10-24T09:32:01Z</time>
   </trkpt>
   <trkpt lat="48.4374370" lon="7.4051450">
    <ele>762.6</ele>
    <time>2024-10-24T09:32:02Z</time>
   </trkpt>
   <trkpt lat="48.4374370" lon="7.4051450">
    <ele>762.6</ele>
    <time>2024-10-24T09:32:03Z</time>
   </trkpt>
   <trkpt lat="48.4374370" lon="7.4051450">
    <ele>762.6</ele>
    <time>2024-10-24T09:32:04Z</time>
   </trkpt>
   <trkpt lat="48.4374370" lon="7.4051450">
    <ele>762.6</ele>
    <time>2024-10-24T09:32:05Z</time>
   </trkpt>
   <trkpt lat="48.4374370" lon="7.4051450">
    <ele>762.6</ele>
    <time>2024-10-24T09:32:06Z</time>
   </trkpt>
   <trkpt lat="48.4374380" lon="7.4051500">
    <ele>762.6</ele>
    <time>2024-10-24T09:32:07Z</time>
   </trkpt>
   <trkpt lat="48.4374380" lon="7.4051530">
    <ele>762.6</ele>
    <time>2024-10-24T09:32:08Z</time>
   </trkpt>
   <trkpt lat="48.4374380" lon="7.4051540">
    <ele>762.6</ele>
    <time>2024-10-24T09:32:09Z</time>
   </trkpt>
   <trkpt lat="48.4374390" lon="7.4051540">
    <ele>762.6</ele>
    <time>2024-10-24T09:32:10Z</time>
   </trkpt>
   <trkpt lat="48.4374380" lon="7.4051550">
    <ele>762.6</ele>
    <time>2024-10-24T09:32:11Z</time>
   </trkpt>
   <trkpt lat="48.4374370" lon="7.4051560">
    <ele>762.6</ele>
    <time>2024-10-24T09:32:12Z</time>
   </trkpt>
   <trkpt lat="48.4374370" lon="7.4051560">
    <ele>762.6</ele>
    <time>2024-10-24T09:32:13Z</time>
   </trkpt>
   <trkpt lat="48.4374360" lon="7.4051560">
    <ele>762.6</ele>
    <time>2024-10-24T09:32:14Z</time>
   </trkpt>
   <trkpt lat="48.4374360" lon="7.4051560">
    <ele>762.6</ele>
    <time>2024-10-24T09:32:15Z</time>
   </trkpt>
   <trkpt lat="48.4374360" lon="7.4051560">
    <ele>762.6</ele>
    <time>2024-10-24T09:32:16Z</time>
   </trkpt>
   <trkpt lat="48.4374360" lon="7.4051550">
    <ele>762.6</ele>
    <time>2024-10-24T09:32:17Z</time>
   </trkpt>
   <trkpt lat="48.4374360" lon="7.4051550">
    <ele>762.6</ele>
    <time>2024-10-24T09:32:18Z</time>
   </trkpt>
   <trkpt lat="48.4374360" lon="7.4051550">
    <ele>762.6</ele>
    <time>2024-10-24T09:32:19Z</time>
   </trkpt>
   <trkpt lat="48.4374380" lon="7.4051560">
    <ele>762.6</ele>
    <time>2024-10-24T09:32:20Z</time>
   </trkpt>
   <trkpt lat="48.4374430" lon="7.4051570">
    <ele>762.6</ele>
    <time>2024-10-24T09:32:21Z</time>
   </trkpt>
   <trkpt lat="48.4374550" lon="7.4051690">
    <ele>762.6</ele>
    <time>2024-10-24T09:32:23Z</time>
   </trkpt>
   <trkpt lat="48.4374510" lon="7.4051690">
    <ele>762.6</ele>
    <time>2024-10-24T09:32:24Z</time>
   </trkpt>
   <trkpt lat="48.4374570" lon="7.4051740">
    <ele>762.6</ele>
    <time>2024-10-24T09:32:25Z</time>
   </trkpt>
   <trkpt lat="48.4374630" lon="7.4051820">
    <ele>762.6</ele>
    <time>2024-10-24T09:32:26Z</time>
   </trkpt>
   <trkpt lat="48.4374690" lon="7.4051920">
    <ele>762.6</ele>
    <time>2024-10-24T09:32:27Z</time>
   </trkpt>
   <trkpt lat="48.4374770" lon="7.4052030">
    <ele>762.6</ele>
    <time>2024-10-24T09:32:28Z</time>
   </trkpt>
   <trkpt lat="48.4374810" lon="7.4052130">
    <ele>762.6</ele>
    <time>2024-10-24T09:32:29Z</time>
   </trkpt>
   <trkpt lat="48.4374820" lon="7.4052250">
    <ele>762.6</ele>
    <time>2024-10-24T09:32:30Z</time>
   </trkpt>
   <trkpt lat="48.4374800" lon="7.4052360">
    <ele>762.6</ele>
    <time>2024-10-24T09:32:31Z</time>
   </trkpt>
   <trkpt lat="48.4374790" lon="7.4052470">
    <ele>762.6</ele>
    <time>2024-10-24T09:32:32Z</time>
   </trkpt>
   <trkpt lat="48.4374870" lon="7.4052610">
    <ele>762.6</ele>
    <time>2024-10-24T09:32:33Z</time>
   </trkpt>
   <trkpt lat="48.4374940" lon="7.4052650">
    <ele>762.6</ele>
    <time>2024-10-24T09:32:34Z</time>
   </trkpt>
   <trkpt lat="48.4375030" lon="7.4052630">
    <ele>762.6</ele>
    <time>2024-10-24T09:32:35Z</time>
   </trkpt>
   <trkpt lat="48.4375090" lon="7.4052590">
    <ele>762.6</ele>
    <time>2024-10-24T09:32:36Z</time>
   </trkpt>
   <trkpt lat="48.4375110" lon="7.4052580">
    <ele>762.6</ele>
    <time>2024-10-24T09:32:37Z</time>
   </trkpt>
   <trkpt lat="48.4375160" lon="7.4052620">
    <ele>762.6</ele>
    <time>2024-10-24T09:32:38Z</time>
   </trkpt>
   <trkpt lat="48.4375220" lon="7.4052720">
    <ele>762.5</ele>
    <time>2024-10-24T09:32:39Z</time>
   </trkpt>
   <trkpt lat="48.4375300" lon="7.4052800">
    <ele>762.5</ele>
    <time>2024-10-24T09:32:40Z</time>
   </trkpt>
   <trkpt lat="48.4375370" lon="7.4052850">
    <ele>762.5</ele>
    <time>2024-10-24T09:32:41Z</time>
   </trkpt>
   <trkpt lat="48.4375530" lon="7.4052950">
    <ele>762.5</ele>
    <time>2024-10-24T09:32:42Z</time>
   </trkpt>
   <trkpt lat="48.4375630" lon="7.4053000">
    <ele>762.5</ele>
    <time>2024-10-24T09:32:43Z</time>
   </trkpt>
   <trkpt lat="48.4375740" lon="7.4053100">
    <ele>762.5</ele>
    <time>2024-10-24T09:32:44Z</time>
   </trkpt>
   <trkpt lat="48.4375820" lon="7.4053170">
    <ele>762.5</ele>
    <time>2024-10-24T09:32:45Z</time>
   </trkpt>
   <trkpt lat="48.4375900" lon="7.4053250">
    <ele>762.5</ele>
    <time>2024-10-24T09:32:46Z</time>
   </trkpt>
   <trkpt lat="48.4375970" lon="7.4053320">
    <ele>762.5</ele>
    <time>2024-10-24T09:32:47Z</time>
   </trkpt>
   <trkpt lat="48.4376050" lon="7.4053400">
    <ele>762.4</ele>
    <time>2024-10-24T09:32:48Z</time>
   </trkpt>
   <trkpt lat="48.4376060" lon="7.4053420">
    <ele>762.4</ele>
    <time>2024-10-24T09:32:49Z</time>
   </trkpt>
   <trkpt lat="48.4376060" lon="7.4053420">
    <ele>762.4</ele>
    <time>2024-10-24T09:32:50Z</time>
   </trkpt>
   <trkpt lat="48.4376050" lon="7.4053420">
    <ele>762.4</ele>
    <time>2024-10-24T09:32:51Z</time>
   </trkpt>
   <trkpt lat="48.4376040" lon="7.4053420">
    <ele>762.4</ele>
    <time>2024-10-24T09:32:52Z</time>
   </trkpt>
   <trkpt lat="48.4376030" lon="7.4053420">
    <ele>762.4</ele>
    <time>2024-10-24T09:32:53Z</time>
   </trkpt>
   <trkpt lat="48.4376020" lon="7.4053420">
    <ele>762.4</ele>
    <time>2024-10-24T09:32:54Z</time>
   </trkpt>
   <trkpt lat="48.4376020" lon="7.4053410">
    <ele>762.4</ele>
    <time>2024-10-24T09:32:55Z</time>
   </trkpt>
   <trkpt lat="48.4376020" lon="7.4053390">
    <ele>762.4</ele>
    <time>2024-10-24T09:32:56Z</time>
   </trkpt>
   <trkpt lat="48.4376020" lon="7.4053370">
    <ele>762.4</ele>
    <time>2024-10-24T09:32:57Z</time>
   </trkpt>
   <trkpt lat="48.4376050" lon="7.4053350">
    <ele>762.4</ele>
    <time>2024-10-24T09:32:58Z</time>
   </trkpt>
   <trkpt lat="48.4376070" lon="7.4053350">
    <ele>762.4</ele>
    <time>2024-10-24T09:32:59Z</time>
   </trkpt>
   <trkpt lat="48.4376070" lon="7.4053350">
    <ele>762.4</ele>
    <time>2024-10-24T09:33:00Z</time>
   </trkpt>
   <trkpt lat="48.4376080" lon="7.4053360">
    <ele>762.4</ele>
    <time>2024-10-24T09:33:01Z</time>
   </trkpt>
   <trkpt lat="48.4376090" lon="7.4053360">
    <ele>762.4</ele>
    <time>2024-10-24T09:33:02Z</time>
   </trkpt>
   <trkpt lat="48.4376100" lon="7.4053360">
    <ele>762.4</ele>
    <time>2024-10-24T09:33:03Z</time>
   </trkpt>
   <trkpt lat="48.4376120" lon="7.4053350">
    <ele>762.4</ele>
    <time>2024-10-24T09:33:04Z</time>
   </trkpt>
   <trkpt lat="48.4376210" lon="7.4053390">
    <ele>762.4</ele>
    <time>2024-10-24T09:33:05Z</time>
   </trkpt>
   <trkpt lat="48.4376270" lon="7.4053420">
    <ele>762.4</ele>
    <time>2024-10-24T09:33:06Z</time>
   </trkpt>
   <trkpt lat="48.4376390" lon="7.4053390">
    <ele>762.4</ele>
    <time>2024-10-24T09:33:07Z</time>
   </trkpt>
   <trkpt lat="48.4376530" lon="7.4053350">
    <ele>762.3</ele>
    <time>2024-10-24T09:33:08Z</time>
   </trkpt>
   <trkpt lat="48.4376690" lon="7.4053360">
    <ele>762.3</ele>
    <time>2024-10-24T09:33:09Z</time>
   </trkpt>
   <trkpt lat="48.4376800" lon="7.4053380">
    <ele>762.3</ele>
    <time>2024-10-24T09:33:10Z</time>
   </trkpt>
   <trkpt lat="48.4376920" lon="7.4053440">
    <ele>762.3</ele>
    <time>2024-10-24T09:33:11Z</time>
   </trkpt>
   <trkpt lat="48.4377020" lon="7.4053500">
    <ele>762.2</ele>
    <time>2024-10-24T09:33:12Z</time>
   </trkpt>
   <trkpt lat="48.4377110" lon="7.4053560">
    <ele>762.2</ele>
    <time>2024-10-24T09:33:13Z</time>
   </trkpt>
   <trkpt lat="48.4377180" lon="7.4053610">
    <ele>762.2</ele>
    <time>2024-10-24T09:33:14Z</time>
   </trkpt>
   <trkpt lat="48.4377230" lon="7.4053630">
    <ele>762.2</ele>
    <time>2024-10-24T09:33:15Z</time>
   </trkpt>
   <trkpt lat="48.4377260" lon="7.4053670">
    <ele>762.2</ele>
    <time>2024-10-24T09:33:16Z</time>
   </trkpt>
   <trkpt lat="48.4377260" lon="7.4053670">
    <ele>762.2</ele>
    <time>2024-10-24T09:33:17Z</time>
   </trkpt>
   <trkpt lat="48.4377250" lon="7.4053650">
    <ele>762.2</ele>
    <time>2024-10-24T09:33:18Z</time>
   </trkpt>
   <trkpt lat="48.4377250" lon="7.4053630">
    <ele>762.2</ele>
    <time>2024-10-24T09:33:19Z</time>
   </trkpt>
   <trkpt lat="48.4377250" lon="7.4053620">
    <ele>762.2</ele>
    <time>2024-10-24T09:33:20Z</time>
   </trkpt>
   <trkpt lat="48.4377250" lon="7.4053600">
    <ele>762.2</ele>
    <time>2024-10-24T09:33:21Z</time>
   </trkpt>
   <trkpt lat="48.4377250" lon="7.4053600">
    <ele>762.2</ele>
    <time>2024-10-24T09:33:22Z</time>
   </trkpt>
   <trkpt lat="48.4377250" lon="7.4053600">
    <ele>762.2</ele>
    <time>2024-10-24T09:33:23Z</time>
   </trkpt>
   <trkpt lat="48.4377250" lon="7.4053590">
    <ele>762.2</ele>
    <time>2024-10-24T09:33:24Z</time>
   </trkpt>
   <trkpt lat="48.4377270" lon="7.4053590">
    <ele>762.2</ele>
    <time>2024-10-24T09:33:25Z</time>
   </trkpt>
   <trkpt lat="48.4377290" lon="7.4053590">
    <ele>762.2</ele>
    <time>2024-10-24T09:33:26Z</time>
   </trkpt>
   <trkpt lat="48.4377330" lon="7.4053600">
    <ele>762.2</ele>
    <time>2024-10-24T09:33:27Z</time>
   </trkpt>
   <trkpt lat="48.4377390" lon="7.4053630">
    <ele>762.2</ele>
    <time>2024-10-24T09:33:28Z</time>
   </trkpt>
   <trkpt lat="48.4377500" lon="7.4053710">
    <ele>762.1</ele>
    <time>2024-10-24T09:33:29Z</time>
   </trkpt>
   <trkpt lat="48.4377570" lon="7.4053760">
    <ele>762.1</ele>
    <time>2024-10-24T09:33:30Z</time>
   </trkpt>
   <trkpt lat="48.4377640" lon="7.4053810">
    <ele>762.1</ele>
    <time>2024-10-24T09:33:31Z</time>
   </trkpt>
   <trkpt lat="48.4377710" lon="7.4053860">
    <ele>762.1</ele>
    <time>2024-10-24T09:33:32Z</time>
   </trkpt>
   <trkpt lat="48.4377790" lon="7.4053900">
    <ele>762.1</ele>
    <time>2024-10-24T09:33:33Z</time>
   </trkpt>
   <trkpt lat="48.4377870" lon="7.4053960">
    <ele>762.1</ele>
    <time>2024-10-24T09:33:34Z</time>
   </trkpt>
   <trkpt lat="48.4377930" lon="7.4053960">
    <ele>762.0</ele>
    <time>2024-10-24T09:33:35Z</time>
   </trkpt>
   <trkpt lat="48.4377990" lon="7.4053970">
    <ele>762.0</ele>
    <time>2024-10-24T09:33:36Z</time>
   </trkpt>
   <trkpt lat="48.4378070" lon="7.4053970">
    <ele>762.0</ele>
    <time>2024-10-24T09:33:37Z</time>
   </trkpt>
   <trkpt lat="48.4378150" lon="7.4054000">
    <ele>762.0</ele>
    <time>2024-10-24T09:33:38Z</time>
   </trkpt>
   <trkpt lat="48.4378250" lon="7.4054070">
    <ele>762.0</ele>
    <time>2024-10-24T09:33:39Z</time>
   </trkpt>
   <trkpt lat="48.4378320" lon="7.4054070">
    <ele>762.0</ele>
    <time>2024-10-24T09:33:40Z</time>
   </trkpt>
   <trkpt lat="48.4378400" lon="7.4054090">
    <ele>762.0</ele>
    <time>2024-10-24T09:33:41Z</time>
   </trkpt>
   <trkpt lat="48.4378470" lon="7.4054110">
    <ele>761.9</ele>
    <time>2024-10-24T09:33:42Z</time>
   </trkpt>
   <trkpt lat="48.4378540" lon="7.4054160">
    <ele>761.9</ele>
    <time>2024-10-24T09:33:43Z</time>
   </trkpt>
   <trkpt lat="48.4378600" lon="7.4054180">
    <ele>761.9</ele>
    <time>2024-10-24T09:33:44Z</time>
   </trkpt>
   <trkpt lat="48.4378680" lon="7.4054220">
    <ele>761.9</ele>
    <time>2024-10-24T09:33:45Z</time>
   </trkpt>
   <trkpt lat="48.4378730" lon="7.4054260">
    <ele>761.9</ele>
    <time>2024-10-24T09:33:46Z</time>
   </trkpt>
   <trkpt lat="48.4378800" lon="7.4054300">
    <ele>761.9</ele>
    <time>2024-10-24T09:33:47Z</time>
   </trkpt>
   <trkpt lat="48.4378870" lon="7.4054350">
    <ele>761.9</ele>
    <time>2024-10-24T09:33:48Z</time>
   </trkpt>
   <trkpt lat="48.4378930" lon="7.4054410">
    <ele>761.9</ele>
    <time>2024-10-24T09:33:49Z</time>
   </trkpt>
   <trkpt lat="48.4378970" lon="7.4054480">
    <ele>761.8</ele>
    <time>2024-10-24T09:33:50Z</time>
   </trkpt>
   <trkpt lat="48.4379010" lon="7.4054550">
    <ele>761.7</ele>
    <time>2024-10-24T09:33:51Z</time>
   </trkpt>
   <trkpt lat="48.4379020" lon="7.4054660">
    <ele>761.6</ele>
    <time>2024-10-24T09:33:52Z</time>
   </trkpt>
   <trkpt lat="48.4379010" lon="7.4054740">
    <ele>761.6</ele>
    <time>2024-10-24T09:33:53Z</time>
   </trkpt>
   <trkpt lat="48.4378980" lon="7.4054830">
    <ele>761.6</ele>
    <time>2024-10-24T09:33:54Z</time>
   </trkpt>
   <trkpt lat="48.4378950" lon="7.4054870">
    <ele>761.6</ele>
    <time>2024-10-24T09:33:55Z</time>
   </trkpt>
   <trkpt lat="48.4378910" lon="7.4054940">
    <ele>761.6</ele>
    <time>2024-10-24T09:33:56Z</time>
   </trkpt>
   <trkpt lat="48.4378870" lon="7.4055030">
    <ele>761.6</ele>
    <time>2024-10-24T09:33:57Z</time>
   </trkpt>
   <trkpt lat="48.4378820" lon="7.4055150">
    <ele>761.6</ele>
    <time>2024-10-24T09:33:58Z</time>
   </trkpt>
   <trkpt lat="48.4378750" lon="7.4055340">
    <ele>761.6</ele>
    <time>2024-10-24T09:33:59Z</time>
   </trkpt>
   <trkpt lat="48.4378730" lon="7.4055440">
    <ele>761.5</ele>
    <time>2024-10-24T09:34:00Z</time>
   </trkpt>
   <trkpt lat="48.4378700" lon="7.4055560">
    <ele>761.5</ele>
    <time>2024-10-24T09:34:01Z</time>
   </trkpt>
   <trkpt lat="48.4378680" lon="7.4055680">
    <ele>761.5</ele>
    <time>2024-10-24T09:34:02Z</time>
   </trkpt>
   <trkpt lat="48.4378660" lon="7.4055790">
    <ele>761.5</ele>
    <time>2024-10-24T09:34:03Z</time>
   </trkpt>
   <trkpt lat="48.4378630" lon="7.4055900">
    <ele>761.5</ele>
    <time>2024-10-24T09:34:04Z</time>
   </trkpt>
   <trkpt lat="48.4378580" lon="7.4056000">
    <ele>761.5</ele>
    <time>2024-10-24T09:34:05Z</time>
   </trkpt>
   <trkpt lat="48.4378540" lon="7.4056110">
    <ele>761.5</ele>
    <time>2024-10-24T09:34:06Z</time>
   </trkpt>
   <trkpt lat="48.4378510" lon="7.4056220">
    <ele>761.4</ele>
    <time>2024-10-24T09:34:07Z</time>
   </trkpt>
   <trkpt lat="48.4378500" lon="7.4056340">
    <ele>761.4</ele>
    <time>2024-10-24T09:34:08Z</time>
   </trkpt>
   <trkpt lat="48.4378500" lon="7.4056490">
    <ele>761.4</ele>
    <time>2024-10-24T09:34:09Z</time>
   </trkpt>
   <trkpt lat="48.4378520" lon="7.4056560">
    <ele>761.4</ele>
    <time>2024-10-24T09:34:10Z</time>
   </trkpt>
   <trkpt lat="48.4378520" lon="7.4056640">
    <ele>761.4</ele>
    <time>2024-10-24T09:34:11Z</time>
   </trkpt>
   <trkpt lat="48.4378500" lon="7.4056730">
    <ele>761.3</ele>
    <time>2024-10-24T09:34:12Z</time>
   </trkpt>
   <trkpt lat="48.4378480" lon="7.4056810">
    <ele>761.3</ele>
    <time>2024-10-24T09:34:13Z</time>
   </trkpt>
   <trkpt lat="48.4378460" lon="7.4056910">
    <ele>761.3</ele>
    <time>2024-10-24T09:34:14Z</time>
   </trkpt>
   <trkpt lat="48.4378450" lon="7.4056990">
    <ele>761.3</ele>
    <time>2024-10-24T09:34:15Z</time>
   </trkpt>
   <trkpt lat="48.4378450" lon="7.4057050">
    <ele>761.3</ele>
    <time>2024-10-24T09:34:16Z</time>
   </trkpt>
   <trkpt lat="48.4378450" lon="7.4057110">
    <ele>761.2</ele>
    <time>2024-10-24T09:34:17Z</time>
   </trkpt>
   <trkpt lat="48.4378460" lon="7.4057130">
    <ele>761.2</ele>
    <time>2024-10-24T09:34:18Z</time>
   </trkpt>
   <trkpt lat="48.4378460" lon="7.4057130">
    <ele>761.2</ele>
    <time>2024-10-24T09:34:19Z</time>
   </trkpt>
   <trkpt lat="48.4378460" lon="7.4057130">
    <ele>761.2</ele>
    <time>2024-10-24T09:34:20Z</time>
   </trkpt>
   <trkpt lat="48.4378460" lon="7.4057130">
    <ele>761.2</ele>
    <time>2024-10-24T09:34:21Z</time>
   </trkpt>
   <trkpt lat="48.4378450" lon="7.4057130">
    <ele>761.2</ele>
    <time>2024-10-24T09:34:22Z</time>
   </trkpt>
   <trkpt lat="48.4378450" lon="7.4057140">
    <ele>761.2</ele>
    <time>2024-10-24T09:34:23Z</time>
   </trkpt>
   <trkpt lat="48.4378440" lon="7.4057140">
    <ele>761.2</ele>
    <time>2024-10-24T09:34:24Z</time>
   </trkpt>
   <trkpt lat="48.4378440" lon="7.4057140">
    <ele>761.2</ele>
    <time>2024-10-24T09:34:25Z</time>
   </trkpt>
   <trkpt lat="48.4378440" lon="7.4057140">
    <ele>761.2</ele>
    <time>2024-10-24T09:34:26Z</time>
   </trkpt>
   <trkpt lat="48.4378440" lon="7.4057150">
    <ele>761.2</ele>
    <time>2024-10-24T09:34:27Z</time>
   </trkpt>
   <trkpt lat="48.4378440" lon="7.4057150">
    <ele>761.2</ele>
    <time>2024-10-24T09:34:28Z</time>
   </trkpt>
   <trkpt lat="48.4378430" lon="7.4057160">
    <ele>761.2</ele>
    <time>2024-10-24T09:34:29Z</time>
   </trkpt>
   <trkpt lat="48.4378430" lon="7.4057170">
    <ele>761.2</ele>
    <time>2024-10-24T09:34:30Z</time>
   </trkpt>
   <trkpt lat="48.4378430" lon="7.4057170">
    <ele>761.2</ele>
    <time>2024-10-24T09:34:31Z</time>
   </trkpt>
   <trkpt lat="48.4378430" lon="7.4057180">
    <ele>761.2</ele>
    <time>2024-10-24T09:34:32Z</time>
   </trkpt>
   <trkpt lat="48.4378430" lon="7.4057170">
    <ele>761.2</ele>
    <time>2024-10-24T09:34:33Z</time>
   </trkpt>
   <trkpt lat="48.4378430" lon="7.4057170">
    <ele>761.2</ele>
    <time>2024-10-24T09:34:34Z</time>
   </trkpt>
   <trkpt lat="48.4378430" lon="7.4057160">
    <ele>761.2</ele>
    <time>2024-10-24T09:34:35Z</time>
   </trkpt>
   <trkpt lat="48.4378430" lon="7.4057160">
    <ele>761.2</ele>
    <time>2024-10-24T09:34:36Z</time>
   </trkpt>
   <trkpt lat="48.4378480" lon="7.4057180">
    <ele>761.2</ele>
    <time>2024-10-24T09:34:37Z</time>
   </trkpt>
   <trkpt lat="48.4378530" lon="7.4057180">
    <ele>761.2</ele>
    <time>2024-10-24T09:34:38Z</time>
   </trkpt>
   <trkpt lat="48.4378600" lon="7.4057190">
    <ele>761.1</ele>
    <time>2024-10-24T09:34:39Z</time>
   </trkpt>
   <trkpt lat="48.4378680" lon="7.4057190">
    <ele>761.1</ele>
    <time>2024-10-24T09:34:40Z</time>
   </trkpt>
   <trkpt lat="48.4378690" lon="7.4057130">
    <ele>761.1</ele>
    <time>2024-10-24T09:34:41Z</time>
   </trkpt>
   <trkpt lat="48.4378790" lon="7.4057170">
    <ele>761.0</ele>
    <time>2024-10-24T09:34:42Z</time>
   </trkpt>
   <trkpt lat="48.4378880" lon="7.4057230">
    <ele>761.0</ele>
    <time>2024-10-24T09:34:43Z</time>
   </trkpt>
   <trkpt lat="48.4378980" lon="7.4057300">
    <ele>760.9</ele>
    <time>2024-10-24T09:34:44Z</time>
   </trkpt>
   <trkpt lat="48.4379020" lon="7.4057360">
    <ele>760.9</ele>
    <time>2024-10-24T09:34:45Z</time>
   </trkpt>
   <trkpt lat="48.4379060" lon="7.4057440">
    <ele>760.9</ele>
    <time>2024-10-24T09:34:46Z</time>
   </trkpt>
   <trkpt lat="48.4379110" lon="7.4057490">
    <ele>760.8</ele>
    <time>2024-10-24T09:34:47Z</time>
   </trkpt>
   <trkpt lat="48.4379170" lon="7.4057520">
    <ele>760.8</ele>
    <time>2024-10-24T09:34:48Z</time>
   </trkpt>
   <trkpt lat="48.4379250" lon="7.4057550">
    <ele>760.8</ele>
    <time>2024-10-24T09:34:49Z</time>
   </trkpt>
   <trkpt lat="48.4379290" lon="7.4057590">
    <ele>760.7</ele>
    <time>2024-10-24T09:34:50Z</time>
   </trkpt>
   <trkpt lat="48.4379330" lon="7.4057630">
    <ele>760.7</ele>
    <time>2024-10-24T09:34:51Z</time>
   </trkpt>
   <trkpt lat="48.4379390" lon="7.4057660">
    <ele>760.7</ele>
    <time>2024-10-24T09:34:52Z</time>
   </trkpt>
   <trkpt lat="48.4379440" lon="7.4057670">
    <ele>760.7</ele>
    <time>2024-10-24T09:34:53Z</time>
   </trkpt>
   <trkpt lat="48.4379480" lon="7.4057690">
    <ele>760.6</ele>
    <time>2024-10-24T09:34:54Z</time>
   </trkpt>
   <trkpt lat="48.4379510" lon="7.4057700">
    <ele>760.6</ele>
    <time>2024-10-24T09:34:55Z</time>
   </trkpt>
   <trkpt lat="48.4379540" lon="7.4057710">
    <ele>760.6</ele>
    <time>2024-10-24T09:34:56Z</time>
   </trkpt>
   <trkpt lat="48.4379550" lon="7.4057700">
    <ele>760.6</ele>
    <time>2024-10-24T09:34:57Z</time>
   </trkpt>
   <trkpt lat="48.4379550" lon="7.4057690">
    <ele>760.6</ele>
    <time>2024-10-24T09:34:58Z</time>
   </trkpt>
   <trkpt lat="48.4379550" lon="7.4057680">
    <ele>760.6</ele>
    <time>2024-10-24T09:34:59Z</time>
   </trkpt>
   <trkpt lat="48.4379550" lon="7.4057680">
    <ele>760.6</ele>
    <time>2024-10-24T09:35:00Z</time>
   </trkpt>
   <trkpt lat="48.4379550" lon="7.4057670">
    <ele>760.6</ele>
    <time>2024-10-24T09:35:01Z</time>
   </trkpt>
   <trkpt lat="48.4379550" lon="7.4057670">
    <ele>760.6</ele>
    <time>2024-10-24T09:35:02Z</time>
   </trkpt>
   <trkpt lat="48.4379540" lon="7.4057670">
    <ele>760.6</ele>
    <time>2024-10-24T09:35:03Z</time>
   </trkpt>
   <trkpt lat="48.4379570" lon="7.4057670">
    <ele>760.6</ele>
    <time>2024-10-24T09:35:04Z</time>
   </trkpt>
   <trkpt lat="48.4379590" lon="7.4057680">
    <ele>760.6</ele>
    <time>2024-10-24T09:35:05Z</time>
   </trkpt>
   <trkpt lat="48.4379610" lon="7.4057680">
    <ele>760.5</ele>
    <time>2024-10-24T09:35:06Z</time>
   </trkpt>
   <trkpt lat="48.4379620" lon="7.4057680">
    <ele>760.5</ele>
    <time>2024-10-24T09:35:07Z</time>
   </trkpt>
   <trkpt lat="48.4379630" lon="7.4057680">
    <ele>760.5</ele>
    <time>2024-10-24T09:35:08Z</time>
   </trkpt>
   <trkpt lat="48.4379640" lon="7.4057680">
    <ele>760.5</ele>
    <time>2024-10-24T09:35:09Z</time>
   </trkpt>
   <trkpt lat="48.4379650" lon="7.4057680">
    <ele>760.5</ele>
    <time>2024-10-24T09:35:10Z</time>
   </trkpt>
   <trkpt lat="48.4379650" lon="7.4057680">
    <ele>760.5</ele>
    <time>2024-10-24T09:35:11Z</time>
   </trkpt>
   <trkpt lat="48.4379650" lon="7.4057680">
    <ele>760.5</ele>
    <time>2024-10-24T09:35:12Z</time>
   </trkpt>
   <trkpt lat="48.4379650" lon="7.4057670">
    <ele>760.5</ele>
    <time>2024-10-24T09:35:13Z</time>
   </trkpt>
   <trkpt lat="48.4379650" lon="7.4057670">
    <ele>760.5</ele>
    <time>2024-10-24T09:35:14Z</time>
   </trkpt>
   <trkpt lat="48.4379650" lon="7.4057660">
    <ele>760.5</ele>
    <time>2024-10-24T09:35:15Z</time>
   </trkpt>
   <trkpt lat="48.4379640" lon="7.4057670">
    <ele>760.5</ele>
    <time>2024-10-24T09:35:16Z</time>
   </trkpt>
   <trkpt lat="48.4379630" lon="7.4057670">
    <ele>760.5</ele>
    <time>2024-10-24T09:35:17Z</time>
   </trkpt>
   <trkpt lat="48.4379630" lon="7.4057680">
    <ele>760.5</ele>
    <time>2024-10-24T09:35:18Z</time>
   </trkpt>
   <trkpt lat="48.4379630" lon="7.4057680">
    <ele>760.5</ele>
    <time>2024-10-24T09:35:19Z</time>
   </trkpt>
   <trkpt lat="48.4379630" lon="7.4057680">
    <ele>760.5</ele>
    <time>2024-10-24T09:35:20Z</time>
   </trkpt>
   <trkpt lat="48.4379630" lon="7.4057680">
    <ele>760.5</ele>
    <time>2024-10-24T09:35:21Z</time>
   </trkpt>
   <trkpt lat="48.4379640" lon="7.4057680">
    <ele>760.5</ele>
    <time>2024-10-24T09:35:22Z</time>
   </trkpt>
   <trkpt lat="48.4379640" lon="7.4057660">
    <ele>760.5</ele>
    <time>2024-10-24T09:35:23Z</time>
   </trkpt>
   <trkpt lat="48.4379640" lon="7.4057650">
    <ele>760.5</ele>
    <time>2024-10-24T09:35:24Z</time>
   </trkpt>
   <trkpt lat="48.4379630" lon="7.4057640">
    <ele>760.5</ele>
    <time>2024-10-24T09:35:25Z</time>
   </trkpt>
   <trkpt lat="48.4379630" lon="7.4057640">
    <ele>760.5</ele>
    <time>2024-10-24T09:35:26Z</time>
   </trkpt>
   <trkpt lat="48.4379630" lon="7.4057640">
    <ele>760.5</ele>
    <time>2024-10-24T09:35:27Z</time>
   </trkpt>
   <trkpt lat="48.4379630" lon="7.4057640">
    <ele>760.5</ele>
    <time>2024-10-24T09:35:28Z</time>
   </trkpt>
   <trkpt lat="48.4379630" lon="7.4057640">
    <ele>760.5</ele>
    <time>2024-10-24T09:35:29Z</time>
   </trkpt>
   <trkpt lat="48.4379630" lon="7.4057640">
    <ele>760.5</ele>
    <time>2024-10-24T09:35:30Z</time>
   </trkpt>
   <trkpt lat="48.4379630" lon="7.4057630">
    <ele>760.5</ele>
    <time>2024-10-24T09:35:31Z</time>
   </trkpt>
   <trkpt lat="48.4379630" lon="7.4057630">
    <ele>760.5</ele>
    <time>2024-10-24T09:35:32Z</time>
   </trkpt>
   <trkpt lat="48.4379630" lon="7.4057630">
    <ele>760.5</ele>
    <time>2024-10-24T09:35:33Z</time>
   </trkpt>
   <trkpt lat="48.4379630" lon="7.4057630">
    <ele>760.5</ele>
    <time>2024-10-24T09:35:34Z</time>
   </trkpt>
   <trkpt lat="48.4379630" lon="7.4057630">
    <ele>760.5</ele>
    <time>2024-10-24T09:35:35Z</time>
   </trkpt>
   <trkpt lat="48.4379640" lon="7.4057650">
    <ele>760.5</ele>
    <time>2024-10-24T09:35:36Z</time>
   </trkpt>
   <trkpt lat="48.4379670" lon="7.4057670">
    <ele>760.5</ele>
    <time>2024-10-24T09:35:37Z</time>
   </trkpt>
   <trkpt lat="48.4379680" lon="7.4057680">
    <ele>760.5</ele>
    <time>2024-10-24T09:35:38Z</time>
   </trkpt>
   <trkpt lat="48.4379690" lon="7.4057690">
    <ele>760.5</ele>
    <time>2024-10-24T09:35:39Z</time>
   </trkpt>
   <trkpt lat="48.4379690" lon="7.4057690">
    <ele>760.5</ele>
    <time>2024-10-24T09:35:40Z</time>
   </trkpt>
   <trkpt lat="48.4379690" lon="7.4057690">
    <ele>760.5</ele>
    <time>2024-10-24T09:35:41Z</time>
   </trkpt>
   <trkpt lat="48.4379690" lon="7.4057690">
    <ele>760.5</ele>
    <time>2024-10-24T09:35:42Z</time>
   </trkpt>
   <trkpt lat="48.4379690" lon="7.4057690">
    <ele>760.5</ele>
    <time>2024-10-24T09:35:43Z</time>
   </trkpt>
   <trkpt lat="48.4379690" lon="7.4057690">
    <ele>760.5</ele>
    <time>2024-10-24T09:35:44Z</time>
   </trkpt>
   <trkpt lat="48.4379690" lon="7.4057690">
    <ele>760.5</ele>
    <time>2024-10-24T09:35:45Z</time>
   </trkpt>
   <trkpt lat="48.4379690" lon="7.4057690">
    <ele>760.5</ele>
    <time>2024-10-24T09:35:46Z</time>
   </trkpt>
   <trkpt lat="48.4379690" lon="7.4057690">
    <ele>760.5</ele>
    <time>2024-10-24T09:35:47Z</time>
   </trkpt>
   <trkpt lat="48.4379690" lon="7.4057690">
    <ele>760.5</ele>
    <time>2024-10-24T09:35:48Z</time>
   </trkpt>
   <trkpt lat="48.4379720" lon="7.4057630">
    <ele>760.5</ele>
    <time>2024-10-24T09:35:49Z</time>
   </trkpt>
   <trkpt lat="48.4379750" lon="7.4057560">
    <ele>760.5</ele>
    <time>2024-10-24T09:35:50Z</time>
   </trkpt>
   <trkpt lat="48.4379780" lon="7.4057490">
    <ele>760.5</ele>
    <time>2024-10-24T09:35:51Z</time>
   </trkpt>
   <trkpt lat="48.4379810" lon="7.4057450">
    <ele>760.5</ele>
    <time>2024-10-24T09:35:52Z</time>
   </trkpt>
   <trkpt lat="48.4379840" lon="7.4057450">
    <ele>760.5</ele>
    <time>2024-10-24T09:35:53Z</time>
   </trkpt>
   <trkpt lat="48.4379840" lon="7.4057480">
    <ele>760.5</ele>
    <time>2024-10-24T09:35:54Z</time>
   </trkpt>
   <trkpt lat="48.4379830" lon="7.4057510">
    <ele>760.5</ele>
    <time>2024-10-24T09:35:55Z</time>
   </trkpt>
   <trkpt lat="48.4379820" lon="7.4057520">
    <ele>760.5</ele>
    <time>2024-10-24T09:35:56Z</time>
   </trkpt>
   <trkpt lat="48.4379810" lon="7.4057520">
    <ele>760.5</ele>
    <time>2024-10-24T09:35:57Z</time>
   </trkpt>
   <trkpt lat="48.4379800" lon="7.4057520">
    <ele>760.5</ele>
    <time>2024-10-24T09:35:58Z</time>
   </trkpt>
   <trkpt lat="48.4379800" lon="7.4057520">
    <ele>760.5</ele>
    <time>2024-10-24T09:35:59Z</time>
   </trkpt>
   <trkpt lat="48.4379830" lon="7.4057500">
    <ele>760.5</ele>
    <time>2024-10-24T09:36:00Z</time>
   </trkpt>
   <trkpt lat="48.4379850" lon="7.4057490">
    <ele>760.5</ele>
    <time>2024-10-24T09:36:01Z</time>
   </trkpt>
   <trkpt lat="48.4379880" lon="7.4057490">
    <ele>760.5</ele>
    <time>2024-10-24T09:36:02Z</time>
   </trkpt>
   <trkpt lat="48.4379960" lon="7.4057500">
    <ele>760.5</ele>
    <time>2024-10-24T09:36:03Z</time>
   </trkpt>
   <trkpt lat="48.4379870" lon="7.4057500">
    <ele>760.4</ele>
    <time>2024-10-24T09:36:04Z</time>
   </trkpt>
   <trkpt lat="48.4379950" lon="7.4057520">
    <ele>760.4</ele>
    <time>2024-10-24T09:36:05Z</time>
   </trkpt>
   <trkpt lat="48.4380050" lon="7.4057570">
    <ele>760.4</ele>
    <time>2024-10-24T09:36:06Z</time>
   </trkpt>
   <trkpt lat="48.4380160" lon="7.4057670">
    <ele>760.3</ele>
    <time>2024-10-24T09:36:07Z</time>
   </trkpt>
   <trkpt lat="48.4380250" lon="7.4057740">
    <ele>760.3</ele>
    <time>2024-10-24T09:36:08Z</time>
   </trkpt>
   <trkpt lat="48.4380260" lon="7.4057710">
    <ele>760.3</ele>
    <time>2024-10-24T09:36:09Z</time>
   </trkpt>
   <trkpt lat="48.4380240" lon="7.4057680">
    <ele>760.3</ele>
    <time>2024-10-24T09:36:10Z</time>
   </trkpt>
   <trkpt lat="48.4380220" lon="7.4057650">
    <ele>760.3</ele>
    <time>2024-10-24T09:36:11Z</time>
   </trkpt>
   <trkpt lat="48.4380210" lon="7.4057660">
    <ele>760.3</ele>
    <time>2024-10-24T09:36:12Z</time>
   </trkpt>
   <trkpt lat="48.4380210" lon="7.4057660">
    <ele>760.3</ele>
    <time>2024-10-24T09:36:13Z</time>
   </trkpt>
   <trkpt lat="48.4380210" lon="7.4057670">
    <ele>760.3</ele>
    <time>2024-10-24T09:36:14Z</time>
   </trkpt>
   <trkpt lat="48.4380210" lon="7.4057680">
    <ele>760.3</ele>
    <time>2024-10-24T09:36:15Z</time>
   </trkpt>
   <trkpt lat="48.4380210" lon="7.4057690">
    <ele>760.3</ele>
    <time>2024-10-24T09:36:16Z</time>
   </trkpt>
   <trkpt lat="48.4380210" lon="7.4057700">
    <ele>760.3</ele>
    <time>2024-10-24T09:36:17Z</time>
   </trkpt>
   <trkpt lat="48.4380210" lon="7.4057690">
    <ele>760.3</ele>
    <time>2024-10-24T09:36:18Z</time>
   </trkpt>
   <trkpt lat="48.4380200" lon="7.4057700">
    <ele>760.2</ele>
    <time>2024-10-24T09:36:19Z</time>
   </trkpt>
   <trkpt lat="48.4380210" lon="7.4057710">
    <ele>760.2</ele>
    <time>2024-10-24T09:36:20Z</time>
   </trkpt>
   <trkpt lat="48.4380210" lon="7.4057730">
    <ele>760.2</ele>
    <time>2024-10-24T09:36:21Z</time>
   </trkpt>
   <trkpt lat="48.4380200" lon="7.4057740">
    <ele>760.2</ele>
    <time>2024-10-24T09:36:22Z</time>
   </trkpt>
   <trkpt lat="48.4380210" lon="7.4057740">
    <ele>760.2</ele>
    <time>2024-10-24T09:36:23Z</time>
   </trkpt>
   <trkpt lat="48.4380210" lon="7.4057760">
    <ele>760.2</ele>
    <time>2024-10-24T09:36:24Z</time>
   </trkpt>
   <trkpt lat="48.4380210" lon="7.4057760">
    <ele>760.2</ele>
    <time>2024-10-24T09:36:25Z</time>
   </trkpt>
   <trkpt lat="48.4380210" lon="7.4057760">
    <ele>760.2</ele>
    <time>2024-10-24T09:36:26Z</time>
   </trkpt>
   <trkpt lat="48.4380210" lon="7.4057760">
    <ele>760.2</ele>
    <time>2024-10-24T09:36:27Z</time>
   </trkpt>
   <trkpt lat="48.4380180" lon="7.4057810">
    <ele>760.2</ele>
    <time>2024-10-24T09:36:28Z</time>
   </trkpt>
   <trkpt lat="48.4380180" lon="7.4057830">
    <ele>760.2</ele>
    <time>2024-10-24T09:36:29Z</time>
   </trkpt>
   <trkpt lat="48.4380170" lon="7.4057850">
    <ele>760.2</ele>
    <time>2024-10-24T09:36:30Z</time>
   </trkpt>
   <trkpt lat="48.4380160" lon="7.4057880">
    <ele>760.2</ele>
    <time>2024-10-24T09:36:31Z</time>
   </trkpt>
   <trkpt lat="48.4380150" lon="7.4057910">
    <ele>760.2</ele>
    <time>2024-10-24T09:36:32Z</time>
   </trkpt>
   <trkpt lat="48.4380150" lon="7.4057930">
    <ele>760.2</ele>
    <time>2024-10-24T09:36:33Z</time>
   </trkpt>
   <trkpt lat="48.4380170" lon="7.4057930">
    <ele>760.2</ele>
    <time>2024-10-24T09:36:34Z</time>
   </trkpt>
   <trkpt lat="48.4380190" lon="7.4057930">
    <ele>760.2</ele>
    <time>2024-10-24T09:36:35Z</time>
   </trkpt>
   <trkpt lat="48.4380200" lon="7.4057920">
    <ele>760.2</ele>
    <time>2024-10-24T09:36:36Z</time>
   </trkpt>
   <trkpt lat="48.4380210" lon="7.4057920">
    <ele>760.2</ele>
    <time>2024-10-24T09:36:37Z</time>
   </trkpt>
   <trkpt lat="48.4380210" lon="7.4057910">
    <ele>760.2</ele>
    <time>2024-10-24T09:36:38Z</time>
   </trkpt>
   <trkpt lat="48.4380210" lon="7.4057890">
    <ele>760.2</ele>
    <time>2024-10-24T09:36:39Z</time>
   </trkpt>
   <trkpt lat="48.4380200" lon="7.4057880">
    <ele>760.2</ele>
    <time>2024-10-24T09:36:40Z</time>
   </trkpt>
   <trkpt lat="48.4380210" lon="7.4057880">
    <ele>760.2</ele>
    <time>2024-10-24T09:36:41Z</time>
   </trkpt>
   <trkpt lat="48.4380210" lon="7.4057890">
    <ele>760.2</ele>
    <time>2024-10-24T09:36:42Z</time>
   </trkpt>
   <trkpt lat="48.4380210" lon="7.4057890">
    <ele>760.2</ele>
    <time>2024-10-24T09:36:43Z</time>
   </trkpt>
   <trkpt lat="48.4380220" lon="7.4057890">
    <ele>760.2</ele>
    <time>2024-10-24T09:36:44Z</time>
   </trkpt>
   <trkpt lat="48.4380220" lon="7.4057880">
    <ele>760.2</ele>
    <time>2024-10-24T09:36:45Z</time>
   </trkpt>
   <trkpt lat="48.4380230" lon="7.4057880">
    <ele>760.1</ele>
    <time>2024-10-24T09:36:46Z</time>
   </trkpt>
   <trkpt lat="48.4380230" lon="7.4057880">
    <ele>760.1</ele>
    <time>2024-10-24T09:36:47Z</time>
   </trkpt>
   <trkpt lat="48.4380240" lon="7.4057870">
    <ele>760.1</ele>
    <time>2024-10-24T09:36:48Z</time>
   </trkpt>
   <trkpt lat="48.4380240" lon="7.4057870">
    <ele>760.1</ele>
    <time>2024-10-24T09:36:49Z</time>
   </trkpt>
   <trkpt lat="48.4380240" lon="7.4057870">
    <ele>760.1</ele>
    <time>2024-10-24T09:36:50Z</time>
   </trkpt>
   <trkpt lat="48.4380250" lon="7.4057860">
    <ele>760.1</ele>
    <time>2024-10-24T09:36:51Z</time>
   </trkpt>
   <trkpt lat="48.4380250" lon="7.4057860">
    <ele>760.1</ele>
    <time>2024-10-24T09:36:52Z</time>
   </trkpt>
   <trkpt lat="48.4380260" lon="7.4057860">
    <ele>760.1</ele>
    <time>2024-10-24T09:36:53Z</time>
   </trkpt>
   <trkpt lat="48.4380260" lon="7.4057850">
    <ele>760.1</ele>
    <time>2024-10-24T09:36:54Z</time>
   </trkpt>
   <trkpt lat="48.4380260" lon="7.4057850">
    <ele>760.1</ele>
    <time>2024-10-24T09:36:55Z</time>
   </trkpt>
   <trkpt lat="48.4380260" lon="7.4057850">
    <ele>760.1</ele>
    <time>2024-10-24T09:36:56Z</time>
   </trkpt>
   <trkpt lat="48.4380260" lon="7.4057850">
    <ele>760.1</ele>
    <time>2024-10-24T09:36:57Z</time>
   </trkpt>
   <trkpt lat="48.4380260" lon="7.4057850">
    <ele>760.1</ele>
    <time>2024-10-24T09:36:58Z</time>
   </trkpt>
   <trkpt lat="48.4380260" lon="7.4057850">
    <ele>760.1</ele>
    <time>2024-10-24T09:36:59Z</time>
   </trkpt>
   <trkpt lat="48.4380260" lon="7.4057850">
    <ele>760.1</ele>
    <time>2024-10-24T09:37:00Z</time>
   </trkpt>
   <trkpt lat="48.4380260" lon="7.4057850">
    <ele>760.1</ele>
    <time>2024-10-24T09:37:01Z</time>
   </trkpt>
   <trkpt lat="48.4380220" lon="7.4057860">
    <ele>760.1</ele>
    <time>2024-10-24T09:37:02Z</time>
   </trkpt>
   <trkpt lat="48.4380180" lon="7.4057820">
    <ele>760.1</ele>
    <time>2024-10-24T09:37:03Z</time>
   </trkpt>
   <trkpt lat="48.4380170" lon="7.4057730">
    <ele>760.1</ele>
    <time>2024-10-24T09:37:04Z</time>
   </trkpt>
   <trkpt lat="48.4380230" lon="7.4057580">
    <ele>760.1</ele>
    <time>2024-10-24T09:37:05Z</time>
   </trkpt>
   <trkpt lat="48.4380290" lon="7.4057430">
    <ele>760.0</ele>
    <time>2024-10-24T09:37:06Z</time>
   </trkpt>
   <trkpt lat="48.4380330" lon="7.4057260">
    <ele>760.0</ele>
    <time>2024-10-24T09:37:07Z</time>
   </trkpt>
   <trkpt lat="48.4380360" lon="7.4057090">
    <ele>759.9</ele>
    <time>2024-10-24T09:37:08Z</time>
   </trkpt>
   <trkpt lat="48.4380380" lon="7.4057030">
    <ele>759.9</ele>
    <time>2024-10-24T09:37:09Z</time>
   </trkpt>
   <trkpt lat="48.4380380" lon="7.4056970">
    <ele>759.9</ele>
    <time>2024-10-24T09:37:10Z</time>
   </trkpt>
   <trkpt lat="48.4380380" lon="7.4056840">
    <ele>759.9</ele>
    <time>2024-10-24T09:37:11Z</time>
   </trkpt>
   <trkpt lat="48.4380380" lon="7.4056680">
    <ele>759.9</ele>
    <time>2024-10-24T09:37:12Z</time>
   </trkpt>
   <trkpt lat="48.4380480" lon="7.4056440">
    <ele>759.8</ele>
    <time>2024-10-24T09:37:13Z</time>
   </trkpt>
   <trkpt lat="48.4380570" lon="7.4056020">
    <ele>759.6</ele>
    <time>2024-10-24T09:37:14Z</time>
   </trkpt>
   <trkpt lat="48.4380590" lon="7.4055850">
    <ele>759.6</ele>
    <time>2024-10-24T09:37:15Z</time>
   </trkpt>
   <trkpt lat="48.4380650" lon="7.4055570">
    <ele>759.5</ele>
    <time>2024-10-24T09:37:16Z</time>
   </trkpt>
   <trkpt lat="48.4380730" lon="7.4055350">
    <ele>759.3</ele>
    <time>2024-10-24T09:37:17Z</time>
   </trkpt>
   <trkpt lat="48.4380870" lon="7.4055230">
    <ele>759.1</ele>
    <time>2024-10-24T09:37:18Z</time>
   </trkpt>
   <trkpt lat="48.4381060" lon="7.4055240">
    <ele>758.9</ele>
    <time>2024-10-24T09:37:19Z</time>
   </trkpt>
   <trkpt lat="48.4381180" lon="7.4055360">
    <ele>758.8</ele>
    <time>2024-10-24T09:37:20Z</time>
   </trkpt>
   <trkpt lat="48.4381290" lon="7.4055480">
    <ele>758.6</ele>
    <time>2024-10-24T09:37:21Z</time>
   </trkpt>
   <trkpt lat="48.4381370" lon="7.4055770">
    <ele>758.3</ele>
    <time>2024-10-24T09:37:22Z</time>
   </trkpt>
   <trkpt lat="48.4381370" lon="7.4056010">
    <ele>758.1</ele>
    <time>2024-10-24T09:37:23Z</time>
   </trkpt>
   <trkpt lat="48.4381390" lon="7.4056230">
    <ele>757.9</ele>
    <time>2024-10-24T09:37:24Z</time>
   </trkpt>
   <trkpt lat="48.4381440" lon="7.4056440">
    <ele>757.8</ele>
    <time>2024-10-24T09:37:25Z</time>
   </trkpt>
   <trkpt lat="48.4381480" lon="7.4056730">
    <ele>757.5</ele>
    <time>2024-10-24T09:37:26Z</time>
   </trkpt>
   <trkpt lat="48.4381500" lon="7.4056860">
    <ele>757.4</ele>
    <time>2024-10-24T09:37:27Z</time>
   </trkpt>
   <trkpt lat="48.4381520" lon="7.4056990">
    <ele>757.3</ele>
    <time>2024-10-24T09:37:28Z</time>
   </trkpt>
   <trkpt lat="48.4381520" lon="7.4057190">
    <ele>757.2</ele>
    <time>2024-10-24T09:37:29Z</time>
   </trkpt>
   <trkpt lat="48.4381480" lon="7.4057410">
    <ele>757.1</ele>
    <time>2024-10-24T09:37:30Z</time>
   </trkpt>
   <trkpt lat="48.4381330" lon="7.4057740">
    <ele>757.1</ele>
    <time>2024-10-24T09:37:31Z</time>
   </trkpt>
   <trkpt lat="48.4381270" lon="7.4057880">
    <ele>757.1</ele>
    <time>2024-10-24T09:37:32Z</time>
   </trkpt>
   <trkpt lat="48.4381290" lon="7.4058000">
    <ele>757.1</ele>
    <time>2024-10-24T09:37:33Z</time>
   </trkpt>
   <trkpt lat="48.4381290" lon="7.4058190">
    <ele>757.0</ele>
    <time>2024-10-24T09:37:34Z</time>
   </trkpt>
   <trkpt lat="48.4381280" lon="7.4058370">
    <ele>757.0</ele>
    <time>2024-10-24T09:37:35Z</time>
   </trkpt>
   <trkpt lat="48.4381260" lon="7.4058510">
    <ele>757.0</ele>
    <time>2024-10-24T09:37:36Z</time>
   </trkpt>
   <trkpt lat="48.4381240" lon="7.4058700">
    <ele>757.0</ele>
    <time>2024-10-24T09:37:37Z</time>
   </trkpt>
   <trkpt lat="48.4381220" lon="7.4058880">
    <ele>757.0</ele>
    <time>2024-10-24T09:37:38Z</time>
   </trkpt>
   <trkpt lat="48.4381180" lon="7.4059000">
    <ele>757.0</ele>
    <time>2024-10-24T09:37:39Z</time>
   </trkpt>
   <trkpt lat="48.4381130" lon="7.4059130">
    <ele>756.9</ele>
    <time>2024-10-24T09:37:40Z</time>
   </trkpt>
   <trkpt lat="48.4381110" lon="7.4059180">
    <ele>756.9</ele>
    <time>2024-10-24T09:37:41Z</time>
   </trkpt>
   <trkpt lat="48.4381070" lon="7.4059230">
    <ele>756.9</ele>
    <time>2024-10-24T09:37:42Z</time>
   </trkpt>
   <trkpt lat="48.4381010" lon="7.4059250">
    <ele>756.9</ele>
    <time>2024-10-24T09:37:43Z</time>
   </trkpt>
   <trkpt lat="48.4380940" lon="7.4059270">
    <ele>756.9</ele>
    <time>2024-10-24T09:37:44Z</time>
   </trkpt>
   <trkpt lat="48.4380870" lon="7.4059280">
    <ele>756.9</ele>
    <time>2024-10-24T09:37:45Z</time>
   </trkpt>
   <trkpt lat="48.4380840" lon="7.4059270">
    <ele>756.9</ele>
    <time>2024-10-24T09:37:46Z</time>
   </trkpt>
   <trkpt lat="48.4380860" lon="7.4059230">
    <ele>756.9</ele>
    <time>2024-10-24T09:37:47Z</time>
   </trkpt>
   <trkpt lat="48.4380890" lon="7.4059170">
    <ele>756.9</ele>
    <time>2024-10-24T09:37:48Z</time>
   </trkpt>
   <trkpt lat="48.4380930" lon="7.4059120">
    <ele>756.9</ele>
    <time>2024-10-24T09:37:49Z</time>
   </trkpt>
   <trkpt lat="48.4380950" lon="7.4059100">
    <ele>756.9</ele>
    <time>2024-10-24T09:37:50Z</time>
   </trkpt>
   <trkpt lat="48.4380970" lon="7.4059070">
    <ele>756.9</ele>
    <time>2024-10-24T09:37:51Z</time>
   </trkpt>
   <trkpt lat="48.4380980" lon="7.4059050">
    <ele>756.9</ele>
    <time>2024-10-24T09:37:52Z</time>
   </trkpt>
   <trkpt lat="48.4380990" lon="7.4059040">
    <ele>756.9</ele>
    <time>2024-10-24T09:37:53Z</time>
   </trkpt>
   <trkpt lat="48.4381000" lon="7.4059030">
    <ele>756.9</ele>
    <time>2024-10-24T09:37:54Z</time>
   </trkpt>
   <trkpt lat="48.4381010" lon="7.4059020">
    <ele>756.9</ele>
    <time>2024-10-24T09:37:55Z</time>
   </trkpt>
   <trkpt lat="48.4381020" lon="7.4059020">
    <ele>756.8</ele>
    <time>2024-10-24T09:37:56Z</time>
   </trkpt>
   <trkpt lat="48.4381020" lon="7.4059020">
    <ele>756.8</ele>
    <time>2024-10-24T09:37:57Z</time>
   </trkpt>
   <trkpt lat="48.4381020" lon="7.4059040">
    <ele>756.8</ele>
    <time>2024-10-24T09:37:58Z</time>
   </trkpt>
   <trkpt lat="48.4381030" lon="7.4059050">
    <ele>756.8</ele>
    <time>2024-10-24T09:37:59Z</time>
   </trkpt>
   <trkpt lat="48.4381070" lon="7.4059030">
    <ele>756.8</ele>
    <time>2024-10-24T09:38:00Z</time>
   </trkpt>
   <trkpt lat="48.4381130" lon="7.4058960">
    <ele>756.8</ele>
    <time>2024-10-24T09:38:01Z</time>
   </trkpt>
   <trkpt lat="48.4381230" lon="7.4058890">
    <ele>756.8</ele>
    <time>2024-10-24T09:38:02Z</time>
   </trkpt>
   <trkpt lat="48.4381360" lon="7.4058890">
    <ele>756.8</ele>
    <time>2024-10-24T09:38:03Z</time>
   </trkpt>
   <trkpt lat="48.4381540" lon="7.4058920">
    <ele>756.8</ele>
    <time>2024-10-24T09:38:04Z</time>
   </trkpt>
   <trkpt lat="48.4381740" lon="7.4058970">
    <ele>756.7</ele>
    <time>2024-10-24T09:38:05Z</time>
   </trkpt>
   <trkpt lat="48.4381820" lon="7.4058990">
    <ele>756.7</ele>
    <time>2024-10-24T09:38:06Z</time>
   </trkpt>
   <trkpt lat="48.4381900" lon="7.4059020">
    <ele>756.7</ele>
    <time>2024-10-24T09:38:07Z</time>
   </trkpt>
   <trkpt lat="48.4382000" lon="7.4059060">
    <ele>756.7</ele>
    <time>2024-10-24T09:38:08Z</time>
   </trkpt>
   <trkpt lat="48.4382090" lon="7.4059120">
    <ele>756.7</ele>
    <time>2024-10-24T09:38:09Z</time>
   </trkpt>
   <trkpt lat="48.4382110" lon="7.4059180">
    <ele>756.7</ele>
    <time>2024-10-24T09:38:10Z</time>
   </trkpt>
   <trkpt lat="48.4382130" lon="7.4059230">
    <ele>756.7</ele>
    <time>2024-10-24T09:38:11Z</time>
   </trkpt>
   <trkpt lat="48.4382140" lon="7.4059250">
    <ele>756.7</ele>
    <time>2024-10-24T09:38:12Z</time>
   </trkpt>
   <trkpt lat="48.4382130" lon="7.4059230">
    <ele>756.7</ele>
    <time>2024-10-24T09:38:13Z</time>
   </trkpt>
   <trkpt lat="48.4382100" lon="7.4059190">
    <ele>756.7</ele>
    <time>2024-10-24T09:38:14Z</time>
   </trkpt>
   <trkpt lat="48.4382080" lon="7.4059170">
    <ele>756.7</ele>
    <time>2024-10-24T09:38:15Z</time>
   </trkpt>
   <trkpt lat="48.4382080" lon="7.4059140">
    <ele>756.6</ele>
    <time>2024-10-24T09:38:16Z</time>
   </trkpt>
   <trkpt lat="48.4382070" lon="7.4059130">
    <ele>756.6</ele>
    <time>2024-10-24T09:38:17Z</time>
   </trkpt>
   <trkpt lat="48.4382070" lon="7.4059130">
    <ele>756.6</ele>
    <time>2024-10-24T09:38:18Z</time>
   </trkpt>
   <trkpt lat="48.4382070" lon="7.4059110">
    <ele>756.6</ele>
    <time>2024-10-24T09:38:19Z</time>
   </trkpt>
   <trkpt lat="48.4382070" lon="7.4059100">
    <ele>756.6</ele>
    <time>2024-10-24T09:38:20Z</time>
   </trkpt>
   <trkpt lat="48.4382070" lon="7.4059100">
    <ele>756.6</ele>
    <time>2024-10-24T09:38:21Z</time>
   </trkpt>
   <trkpt lat="48.4382080" lon="7.4059090">
    <ele>756.6</ele>
    <time>2024-10-24T09:38:22Z</time>
   </trkpt>
   <trkpt lat="48.4382080" lon="7.4059090">
    <ele>756.6</ele>
    <time>2024-10-24T09:38:23Z</time>
   </trkpt>
   <trkpt lat="48.4382090" lon="7.4059100">
    <ele>756.6</ele>
    <time>2024-10-24T09:38:24Z</time>
   </trkpt>
   <trkpt lat="48.4382100" lon="7.4059110">
    <ele>756.6</ele>
    <time>2024-10-24T09:38:25Z</time>
   </trkpt>
   <trkpt lat="48.4382090" lon="7.4059100">
    <ele>756.6</ele>
    <time>2024-10-24T09:38:26Z</time>
   </trkpt>
   <trkpt lat="48.4382090" lon="7.4059090">
    <ele>756.6</ele>
    <time>2024-10-24T09:38:27Z</time>
   </trkpt>
   <trkpt lat="48.4382090" lon="7.4059090">
    <ele>756.6</ele>
    <time>2024-10-24T09:38:28Z</time>
   </trkpt>
   <trkpt lat="48.4382090" lon="7.4059090">
    <ele>756.6</ele>
    <time>2024-10-24T09:38:29Z</time>
   </trkpt>
   <trkpt lat="48.4382090" lon="7.4059060">
    <ele>756.6</ele>
    <time>2024-10-24T09:38:30Z</time>
   </trkpt>
   <trkpt lat="48.4382090" lon="7.4059060">
    <ele>756.6</ele>
    <time>2024-10-24T09:38:31Z</time>
   </trkpt>
   <trkpt lat="48.4382090" lon="7.4059050">
    <ele>756.6</ele>
    <time>2024-10-24T09:38:32Z</time>
   </trkpt>
   <trkpt lat="48.4382090" lon="7.4059050">
    <ele>756.6</ele>
    <time>2024-10-24T09:38:33Z</time>
   </trkpt>
   <trkpt lat="48.4382090" lon="7.4059050">
    <ele>756.6</ele>
    <time>2024-10-24T09:38:34Z</time>
   </trkpt>
   <trkpt lat="48.4382090" lon="7.4059050">
    <ele>756.6</ele>
    <time>2024-10-24T09:38:35Z</time>
   </trkpt>
   <trkpt lat="48.4382090" lon="7.4059050">
    <ele>756.6</ele>
    <time>2024-10-24T09:38:36Z</time>
   </trkpt>
   <trkpt lat="48.4382090" lon="7.4059050">
    <ele>756.6</ele>
    <time>2024-10-24T09:38:37Z</time>
   </trkpt>
   <trkpt lat="48.4382080" lon="7.4059060">
    <ele>756.6</ele>
    <time>2024-10-24T09:38:38Z</time>
   </trkpt>
   <trkpt lat="48.4382080" lon="7.4059070">
    <ele>756.6</ele>
    <time>2024-10-24T09:38:39Z</time>
   </trkpt>
   <trkpt lat="48.4382080" lon="7.4059080">
    <ele>756.6</ele>
    <time>2024-10-24T09:38:40Z</time>
   </trkpt>
   <trkpt lat="48.4382080" lon="7.4059080">
    <ele>756.6</ele>
    <time>2024-10-24T09:38:42Z</time>
   </trkpt>
   <trkpt lat="48.4382080" lon="7.4059090">
    <ele>756.6</ele>
    <time>2024-10-24T09:38:43Z</time>
   </trkpt>
   <trkpt lat="48.4382090" lon="7.4059100">
    <ele>756.6</ele>
    <time>2024-10-24T09:38:44Z</time>
   </trkpt>
   <trkpt lat="48.4382090" lon="7.4059110">
    <ele>756.6</ele>
    <time>2024-10-24T09:38:45Z</time>
   </trkpt>
   <trkpt lat="48.4382090" lon="7.4059110">
    <ele>756.6</ele>
    <time>2024-10-24T09:38:46Z</time>
   </trkpt>
   <trkpt lat="48.4382090" lon="7.4059110">
    <ele>756.6</ele>
    <time>2024-10-24T09:38:47Z</time>
   </trkpt>
   <trkpt lat="48.4382090" lon="7.4059110">
    <ele>756.6</ele>
    <time>2024-10-24T09:38:48Z</time>
   </trkpt>
   <trkpt lat="48.4382090" lon="7.4059110">
    <ele>756.6</ele>
    <time>2024-10-24T09:38:49Z</time>
   </trkpt>
   <trkpt lat="48.4382090" lon="7.4059110">
    <ele>756.6</ele>
    <time>2024-10-24T09:38:50Z</time>
   </trkpt>
   <trkpt lat="48.4382090" lon="7.4059110">
    <ele>756.6</ele>
    <time>2024-10-24T09:38:51Z</time>
   </trkpt>
   <trkpt lat="48.4382090" lon="7.4059110">
    <ele>756.6</ele>
    <time>2024-10-24T09:38:52Z</time>
   </trkpt>
   <trkpt lat="48.4382090" lon="7.4059110">
    <ele>756.6</ele>
    <time>2024-10-24T09:38:53Z</time>
   </trkpt>
   <trkpt lat="48.4382090" lon="7.4059110">
    <ele>756.6</ele>
    <time>2024-10-24T09:38:54Z</time>
   </trkpt>
   <trkpt lat="48.4382090" lon="7.4059110">
    <ele>756.6</ele>
    <time>2024-10-24T09:38:55Z</time>
   </trkpt>
   <trkpt lat="48.4382090" lon="7.4059110">
    <ele>756.6</ele>
    <time>2024-10-24T09:38:56Z</time>
   </trkpt>
   <trkpt lat="48.4382100" lon="7.4059110">
    <ele>756.6</ele>
    <time>2024-10-24T09:38:57Z</time>
   </trkpt>
   <trkpt lat="48.4382100" lon="7.4059110">
    <ele>756.6</ele>
    <time>2024-10-24T09:38:58Z</time>
   </trkpt>
   <trkpt lat="48.4382100" lon="7.4059110">
    <ele>756.6</ele>
    <time>2024-10-24T09:38:59Z</time>
   </trkpt>
   <trkpt lat="48.4382100" lon="7.4059110">
    <ele>756.6</ele>
    <time>2024-10-24T09:39:00Z</time>
   </trkpt>
   <trkpt lat="48.4382100" lon="7.4059110">
    <ele>756.6</ele>
    <time>2024-10-24T09:39:01Z</time>
   </trkpt>
   <trkpt lat="48.4382100" lon="7.4059110">
    <ele>756.6</ele>
    <time>2024-10-24T09:39:02Z</time>
   </trkpt>
   <trkpt lat="48.4382100" lon="7.4059110">
    <ele>756.6</ele>
    <time>2024-10-24T09:39:03Z</time>
   </trkpt>
   <trkpt lat="48.4382100" lon="7.4059110">
    <ele>756.6</ele>
    <time>2024-10-24T09:39:04Z</time>
   </trkpt>
   <trkpt lat="48.4382100" lon="7.4059110">
    <ele>756.6</ele>
    <time>2024-10-24T09:39:05Z</time>
   </trkpt>
   <trkpt lat="48.4382100" lon="7.4059110">
    <ele>756.6</ele>
    <time>2024-10-24T09:39:06Z</time>
   </trkpt>
   <trkpt lat="48.4382100" lon="7.4059110">
    <ele>756.6</ele>
    <time>2024-10-24T09:39:07Z</time>
   </trkpt>
   <trkpt lat="48.4382100" lon="7.4059110">
    <ele>756.6</ele>
    <time>2024-10-24T09:39:08Z</time>
   </trkpt>
   <trkpt lat="48.4382100" lon="7.4059110">
    <ele>756.6</ele>
    <time>2024-10-24T09:39:09Z</time>
   </trkpt>
   <trkpt lat="48.4382100" lon="7.4059110">
    <ele>756.6</ele>
    <time>2024-10-24T09:39:10Z</time>
   </trkpt>
   <trkpt lat="48.4382100" lon="7.4059110">
    <ele>756.6</ele>
    <time>2024-10-24T09:39:11Z</time>
   </trkpt>
   <trkpt lat="48.4382100" lon="7.4059110">
    <ele>756.6</ele>
    <time>2024-10-24T09:39:12Z</time>
   </trkpt>
   <trkpt lat="48.4382100" lon="7.4059110">
    <ele>756.6</ele>
    <time>2024-10-24T09:39:13Z</time>
   </trkpt>
   <trkpt lat="48.4382100" lon="7.4059110">
    <ele>756.6</ele>
    <time>2024-10-24T09:39:14Z</time>
   </trkpt>
   <trkpt lat="48.4382100" lon="7.4059110">
    <ele>756.6</ele>
    <time>2024-10-24T09:39:15Z</time>
   </trkpt>
   <trkpt lat="48.4382100" lon="7.4059110">
    <ele>756.6</ele>
    <time>2024-10-24T09:39:16Z</time>
   </trkpt>
   <trkpt lat="48.4382100" lon="7.4059110">
    <ele>756.6</ele>
    <time>2024-10-24T09:39:17Z</time>
   </trkpt>
   <trkpt lat="48.4382100" lon="7.4059110">
    <ele>756.6</ele>
    <time>2024-10-24T09:39:18Z</time>
   </trkpt>
   <trkpt lat="48.4382100" lon="7.4059110">
    <ele>756.6</ele>
    <time>2024-10-24T09:39:19Z</time>
   </trkpt>
   <trkpt lat="48.4382100" lon="7.4059110">
    <ele>756.6</ele>
    <time>2024-10-24T09:39:20Z</time>
   </trkpt>
   <trkpt lat="48.4382100" lon="7.4059130">
    <ele>756.6</ele>
    <time>2024-10-24T09:39:21Z</time>
   </trkpt>
   <trkpt lat="48.4382110" lon="7.4059140">
    <ele>756.6</ele>
    <time>2024-10-24T09:39:22Z</time>
   </trkpt>
   <trkpt lat="48.4382170" lon="7.4059170">
    <ele>756.6</ele>
    <time>2024-10-24T09:39:23Z</time>
   </trkpt>
   <trkpt lat="48.4382220" lon="7.4059160">
    <ele>756.6</ele>
    <time>2024-10-24T09:39:24Z</time>
   </trkpt>
   <trkpt lat="48.4382260" lon="7.4059140">
    <ele>756.6</ele>
    <time>2024-10-24T09:39:25Z</time>
   </trkpt>
   <trkpt lat="48.4382280" lon="7.4059120">
    <ele>756.6</ele>
    <time>2024-10-24T09:39:26Z</time>
   </trkpt>
   <trkpt lat="48.4382290" lon="7.4059110">
    <ele>756.6</ele>
    <time>2024-10-24T09:39:27Z</time>
   </trkpt>
   <trkpt lat="48.4382300" lon="7.4059110">
    <ele>756.6</ele>
    <time>2024-10-24T09:39:28Z</time>
   </trkpt>
   <trkpt lat="48.4382300" lon="7.4059100">
    <ele>756.6</ele>
    <time>2024-10-24T09:39:29Z</time>
   </trkpt>
   <trkpt lat="48.4382290" lon="7.4059100">
    <ele>756.6</ele>
    <time>2024-10-24T09:39:30Z</time>
   </trkpt>
   <trkpt lat="48.4382290" lon="7.4059100">
    <ele>756.6</ele>
    <time>2024-10-24T09:39:31Z</time>
   </trkpt>
   <trkpt lat="48.4382290" lon="7.4059100">
    <ele>756.6</ele>
    <time>2024-10-24T09:39:32Z</time>
   </trkpt>
   <trkpt lat="48.4382290" lon="7.4059100">
    <ele>756.6</ele>
    <time>2024-10-24T09:39:33Z</time>
   </trkpt>
   <trkpt lat="48.4382290" lon="7.4059100">
    <ele>756.6</ele>
    <time>2024-10-24T09:39:34Z</time>
   </trkpt>
   <trkpt lat="48.4382290" lon="7.4059100">
    <ele>756.6</ele>
    <time>2024-10-24T09:39:35Z</time>
   </trkpt>
   <trkpt lat="48.4382290" lon="7.4059100">
    <ele>756.6</ele>
    <time>2024-10-24T09:39:36Z</time>
   </trkpt>
   <trkpt lat="48.4382290" lon="7.4059100">
    <ele>756.6</ele>
    <time>2024-10-24T09:39:37Z</time>
   </trkpt>
   <trkpt lat="48.4382290" lon="7.4059100">
    <ele>756.6</ele>
    <time>2024-10-24T09:39:38Z</time>
   </trkpt>
   <trkpt lat="48.4382290" lon="7.4059100">
    <ele>756.6</ele>
    <time>2024-10-24T09:39:39Z</time>
   </trkpt>
   <trkpt lat="48.4382290" lon="7.4059100">
    <ele>756.6</ele>
    <time>2024-10-24T09:39:40Z</time>
   </trkpt>
   <trkpt lat="48.4382290" lon="7.4059100">
    <ele>756.6</ele>
    <time>2024-10-24T09:39:41Z</time>
   </trkpt>
   <trkpt lat="48.4382290" lon="7.4059100">
    <ele>756.6</ele>
    <time>2024-10-24T09:39:42Z</time>
   </trkpt>
   <trkpt lat="48.4382290" lon="7.4059100">
    <ele>756.6</ele>
    <time>2024-10-24T09:39:43Z</time>
   </trkpt>
   <trkpt lat="48.4382290" lon="7.4059100">
    <ele>756.6</ele>
    <time>2024-10-24T09:39:44Z</time>
   </trkpt>
   <trkpt lat="48.4382290" lon="7.4059110">
    <ele>756.6</ele>
    <time>2024-10-24T09:39:45Z</time>
   </trkpt>
   <trkpt lat="48.4382290" lon="7.4059120">
    <ele>756.6</ele>
    <time>2024-10-24T09:39:46Z</time>
   </trkpt>
   <trkpt lat="48.4382290" lon="7.4059120">
    <ele>756.6</ele>
    <time>2024-10-24T09:39:47Z</time>
   </trkpt>
   <trkpt lat="48.4382290" lon="7.4059110">
    <ele>756.6</ele>
    <time>2024-10-24T09:39:48Z</time>
   </trkpt>
   <trkpt lat="48.4382280" lon="7.4059110">
    <ele>756.6</ele>
    <time>2024-10-24T09:39:49Z</time>
   </trkpt>
   <trkpt lat="48.4382280" lon="7.4059110">
    <ele>756.6</ele>
    <time>2024-10-24T09:39:50Z</time>
   </trkpt>
   <trkpt lat="48.4382280" lon="7.4059110">
    <ele>756.6</ele>
    <time>2024-10-24T09:39:51Z</time>
   </trkpt>
   <trkpt lat="48.4382280" lon="7.4059100">
    <ele>756.6</ele>
    <time>2024-10-24T09:39:52Z</time>
   </trkpt>
   <trkpt lat="48.4382280" lon="7.4059090">
    <ele>756.6</ele>
    <time>2024-10-24T09:39:53Z</time>
   </trkpt>
   <trkpt lat="48.4382290" lon="7.4059090">
    <ele>756.6</ele>
    <time>2024-10-24T09:39:54Z</time>
   </trkpt>
   <trkpt lat="48.4382290" lon="7.4059090">
    <ele>756.6</ele>
    <time>2024-10-24T09:39:55Z</time>
   </trkpt>
   <trkpt lat="48.4382290" lon="7.4059090">
    <ele>756.6</ele>
    <time>2024-10-24T09:39:56Z</time>
   </trkpt>
   <trkpt lat="48.4382290" lon="7.4059090">
    <ele>756.6</ele>
    <time>2024-10-24T09:39:57Z</time>
   </trkpt>
   <trkpt lat="48.4382290" lon="7.4059090">
    <ele>756.6</ele>
    <time>2024-10-24T09:39:58Z</time>
   </trkpt>
   <trkpt lat="48.4382290" lon="7.4059090">
    <ele>756.6</ele>
    <time>2024-10-24T09:39:59Z</time>
   </trkpt>
   <trkpt lat="48.4382290" lon="7.4059090">
    <ele>756.6</ele>
    <time>2024-10-24T09:40:00Z</time>
   </trkpt>
   <trkpt lat="48.4382290" lon="7.4059090">
    <ele>756.6</ele>
    <time>2024-10-24T09:40:01Z</time>
   </trkpt>
   <trkpt lat="48.4382290" lon="7.4059090">
    <ele>756.6</ele>
    <time>2024-10-24T09:40:02Z</time>
   </trkpt>
   <trkpt lat="48.4382290" lon="7.4059090">
    <ele>756.6</ele>
    <time>2024-10-24T09:40:03Z</time>
   </trkpt>
   <trkpt lat="48.4382290" lon="7.4059080">
    <ele>756.6</ele>
    <time>2024-10-24T09:40:04Z</time>
   </trkpt>
   <trkpt lat="48.4382290" lon="7.4059080">
    <ele>756.6</ele>
    <time>2024-10-24T09:40:05Z</time>
   </trkpt>
   <trkpt lat="48.4382280" lon="7.4059080">
    <ele>756.6</ele>
    <time>2024-10-24T09:40:06Z</time>
   </trkpt>
   <trkpt lat="48.4382280" lon="7.4059080">
    <ele>756.6</ele>
    <time>2024-10-24T09:40:07Z</time>
   </trkpt>
   <trkpt lat="48.4382280" lon="7.4059080">
    <ele>756.6</ele>
    <time>2024-10-24T09:40:08Z</time>
   </trkpt>
   <trkpt lat="48.4382280" lon="7.4059080">
    <ele>756.6</ele>
    <time>2024-10-24T09:40:09Z</time>
   </trkpt>
   <trkpt lat="48.4382280" lon="7.4059080">
    <ele>756.6</ele>
    <time>2024-10-24T09:40:10Z</time>
   </trkpt>
   <trkpt lat="48.4382280" lon="7.4059080">
    <ele>756.6</ele>
    <time>2024-10-24T09:40:11Z</time>
   </trkpt>
   <trkpt lat="48.4382280" lon="7.4059080">
    <ele>756.6</ele>
    <time>2024-10-24T09:40:12Z</time>
   </trkpt>
   <trkpt lat="48.4382280" lon="7.4059080">
    <ele>756.6</ele>
    <time>2024-10-24T09:40:13Z</time>
   </trkpt>
   <trkpt lat="48.4382280" lon="7.4059080">
    <ele>756.6</ele>
    <time>2024-10-24T09:40:14Z</time>
   </trkpt>
   <trkpt lat="48.4382280" lon="7.4059080">
    <ele>756.6</ele>
    <time>2024-10-24T09:40:15Z</time>
   </trkpt>
   <trkpt lat="48.4382280" lon="7.4059080">
    <ele>756.6</ele>
    <time>2024-10-24T09:40:17Z</time>
   </trkpt>
   <trkpt lat="48.4382280" lon="7.4059080">
    <ele>756.6</ele>
    <time>2024-10-24T09:40:18Z</time>
   </trkpt>
   <trkpt lat="48.4382280" lon="7.4059080">
    <ele>756.6</ele>
    <time>2024-10-24T09:40:19Z</time>
   </trkpt>
   <trkpt lat="48.4382280" lon="7.4059080">
    <ele>756.6</ele>
    <time>2024-10-24T09:40:20Z</time>
   </trkpt>
   <trkpt lat="48.4382280" lon="7.4059080">
    <ele>756.6</ele>
    <time>2024-10-24T09:40:21Z</time>
   </trkpt>
   <trkpt lat="48.4382280" lon="7.4059080">
    <ele>756.6</ele>
    <time>2024-10-24T09:40:22Z</time>
   </trkpt>
   <trkpt lat="48.4382280" lon="7.4059080">
    <ele>756.6</ele>
    <time>2024-10-24T09:40:23Z</time>
   </trkpt>
   <trkpt lat="48.4382280" lon="7.4059080">
    <ele>756.6</ele>
    <time>2024-10-24T09:40:24Z</time>
   </trkpt>
   <trkpt lat="48.4382280" lon="7.4059080">
    <ele>756.6</ele>
    <time>2024-10-24T09:40:25Z</time>
   </trkpt>
   <trkpt lat="48.4382280" lon="7.4059080">
    <ele>756.6</ele>
    <time>2024-10-24T09:40:26Z</time>
   </trkpt>
   <trkpt lat="48.4382280" lon="7.4059080">
    <ele>756.6</ele>
    <time>2024-10-24T09:40:27Z</time>
   </trkpt>
   <trkpt lat="48.4382280" lon="7.4059080">
    <ele>756.6</ele>
    <time>2024-10-24T09:40:28Z</time>
   </trkpt>
   <trkpt lat="48.4382280" lon="7.4059080">
    <ele>756.6</ele>
    <time>2024-10-24T09:40:29Z</time>
   </trkpt>
   <trkpt lat="48.4382280" lon="7.4059080">
    <ele>756.6</ele>
    <time>2024-10-24T09:40:30Z</time>
   </trkpt>
   <trkpt lat="48.4382280" lon="7.4059080">
    <ele>756.6</ele>
    <time>2024-10-24T09:40:31Z</time>
   </trkpt>
   <trkpt lat="48.4382280" lon="7.4059080">
    <ele>756.6</ele>
    <time>2024-10-24T09:40:32Z</time>
   </trkpt>
   <trkpt lat="48.4382280" lon="7.4059070">
    <ele>756.6</ele>
    <time>2024-10-24T09:40:33Z</time>
   </trkpt>
   <trkpt lat="48.4382260" lon="7.4059070">
    <ele>756.6</ele>
    <time>2024-10-24T09:40:34Z</time>
   </trkpt>
   <trkpt lat="48.4382220" lon="7.4059070">
    <ele>756.6</ele>
    <time>2024-10-24T09:40:35Z</time>
   </trkpt>
   <trkpt lat="48.4382170" lon="7.4059060">
    <ele>756.6</ele>
    <time>2024-10-24T09:40:36Z</time>
   </trkpt>
   <trkpt lat="48.4382130" lon="7.4059070">
    <ele>756.6</ele>
    <time>2024-10-24T09:40:37Z</time>
   </trkpt>
   <trkpt lat="48.4382110" lon="7.4059100">
    <ele>756.6</ele>
    <time>2024-10-24T09:40:38Z</time>
   </trkpt>
   <trkpt lat="48.4382090" lon="7.4059090">
    <ele>756.6</ele>
    <time>2024-10-24T09:40:39Z</time>
   </trkpt>
   <trkpt lat="48.4382080" lon="7.4059090">
    <ele>756.6</ele>
    <time>2024-10-24T09:40:40Z</time>
   </trkpt>
   <trkpt lat="48.4382080" lon="7.4059060">
    <ele>756.6</ele>
    <time>2024-10-24T09:40:41Z</time>
   </trkpt>
   <trkpt lat="48.4382090" lon="7.4059050">
    <ele>756.6</ele>
    <time>2024-10-24T09:40:42Z</time>
   </trkpt>
   <trkpt lat="48.4382090" lon="7.4059040">
    <ele>756.6</ele>
    <time>2024-10-24T09:40:43Z</time>
   </trkpt>
   <trkpt lat="48.4382090" lon="7.4059040">
    <ele>756.6</ele>
    <time>2024-10-24T09:40:44Z</time>
   </trkpt>
   <trkpt lat="48.4382090" lon="7.4059040">
    <ele>756.6</ele>
    <time>2024-10-24T09:40:45Z</time>
   </trkpt>
   <trkpt lat="48.4382090" lon="7.4059040">
    <ele>756.6</ele>
    <time>2024-10-24T09:40:46Z</time>
   </trkpt>
   <trkpt lat="48.4382090" lon="7.4059040">
    <ele>756.6</ele>
    <time>2024-10-24T09:40:47Z</time>
   </trkpt>
   <trkpt lat="48.4382100" lon="7.4059050">
    <ele>756.6</ele>
    <time>2024-10-24T09:40:48Z</time>
   </trkpt>
   <trkpt lat="48.4382100" lon="7.4059040">
    <ele>756.6</ele>
    <time>2024-10-24T09:40:49Z</time>
   </trkpt>
   <trkpt lat="48.4382100" lon="7.4059050">
    <ele>756.6</ele>
    <time>2024-10-24T09:40:50Z</time>
   </trkpt>
   <trkpt lat="48.4382090" lon="7.4059030">
    <ele>756.6</ele>
    <time>2024-10-24T09:40:51Z</time>
   </trkpt>
   <trkpt lat="48.4382060" lon="7.4058990">
    <ele>756.6</ele>
    <time>2024-10-24T09:40:52Z</time>
   </trkpt>
   <trkpt lat="48.4382020" lon="7.4058930">
    <ele>756.6</ele>
    <time>2024-10-24T09:40:53Z</time>
   </trkpt>
   <trkpt lat="48.4381990" lon="7.4058840">
    <ele>756.6</ele>
    <time>2024-10-24T09:40:54Z</time>
   </trkpt>
   <trkpt lat="48.4381970" lon="7.4058770">
    <ele>756.6</ele>
    <time>2024-10-24T09:40:55Z</time>
   </trkpt>
   <trkpt lat="48.4381960" lon="7.4058670">
    <ele>756.6</ele>
    <time>2024-10-24T09:40:56Z</time>
   </trkpt>
   <trkpt lat="48.4381970" lon="7.4058540">
    <ele>756.6</ele>
    <time>2024-10-24T09:40:57Z</time>
   </trkpt>
   <trkpt lat="48.4382020" lon="7.4058490">
    <ele>756.6</ele>
    <time>2024-10-24T09:40:58Z</time>
   </trkpt>
   <trkpt lat="48.4382090" lon="7.4058620">
    <ele>756.5</ele>
    <time>2024-10-24T09:40:59Z</time>
   </trkpt>
   <trkpt lat="48.4382140" lon="7.4058800">
    <ele>756.5</ele>
    <time>2024-10-24T09:41:00Z</time>
   </trkpt>
   <trkpt lat="48.4382200" lon="7.4058940">
    <ele>756.5</ele>
    <time>2024-10-24T09:41:01Z</time>
   </trkpt>
   <trkpt lat="48.4382270" lon="7.4059060">
    <ele>756.5</ele>
    <time>2024-10-24T09:41:02Z</time>
   </trkpt>
   <trkpt lat="48.4382300" lon="7.4059100">
    <ele>756.5</ele>
    <time>2024-10-24T09:41:03Z</time>
   </trkpt>
   <trkpt lat="48.4382310" lon="7.4059110">
    <ele>756.5</ele>
    <time>2024-10-24T09:41:04Z</time>
   </trkpt>
   <trkpt lat="48.4382310" lon="7.4059110">
    <ele>756.5</ele>
    <time>2024-10-24T09:41:05Z</time>
   </trkpt>
   <trkpt lat="48.4382310" lon="7.4059120">
    <ele>756.5</ele>
    <time>2024-10-24T09:41:06Z</time>
   </trkpt>
   <trkpt lat="48.4382310" lon="7.4059120">
    <ele>756.5</ele>
    <time>2024-10-24T09:41:07Z</time>
   </trkpt>
   <trkpt lat="48.4382310" lon="7.4059130">
    <ele>756.5</ele>
    <time>2024-10-24T09:41:08Z</time>
   </trkpt>
   <trkpt lat="48.4382320" lon="7.4059110">
    <ele>756.5</ele>
    <time>2024-10-24T09:41:09Z</time>
   </trkpt>
   <trkpt lat="48.4382320" lon="7.4059070">
    <ele>756.5</ele>
    <time>2024-10-24T09:41:10Z</time>
   </trkpt>
   <trkpt lat="48.4382300" lon="7.4059020">
    <ele>756.6</ele>
    <time>2024-10-24T09:41:11Z</time>
   </trkpt>
   <trkpt lat="48.4382280" lon="7.4058930">
    <ele>756.6</ele>
    <time>2024-10-24T09:41:12Z</time>
   </trkpt>
   <trkpt lat="48.4382230" lon="7.4058740">
    <ele>756.7</ele>
    <time>2024-10-24T09:41:13Z</time>
   </trkpt>
   <trkpt lat="48.4382180" lon="7.4058550">
    <ele>756.8</ele>
    <time>2024-10-24T09:41:14Z</time>
   </trkpt>
   <trkpt lat="48.4382170" lon="7.4058240">
    <ele>757.0</ele>
    <time>2024-10-24T09:41:15Z</time>
   </trkpt>
   <trkpt lat="48.4382160" lon="7.4058130">
    <ele>757.0</ele>
    <time>2024-10-24T09:41:16Z</time>
   </trkpt>
   <trkpt lat="48.4382150" lon="7.4058010">
    <ele>757.1</ele>
    <time>2024-10-24T09:41:17Z</time>
   </trkpt>
   <trkpt lat="48.4382030" lon="7.4057720">
    <ele>757.3</ele>
    <time>2024-10-24T09:41:18Z</time>
   </trkpt>
   <trkpt lat="48.4381980" lon="7.4057630">
    <ele>757.3</ele>
    <time>2024-10-24T09:41:19Z</time>
   </trkpt>
   <trkpt lat="48.4381940" lon="7.4057530">
    <ele>757.4</ele>
    <time>2024-10-24T09:41:20Z</time>
   </trkpt>
   <trkpt lat="48.4381860" lon="7.4057230">
    <ele>757.6</ele>
    <time>2024-10-24T09:41:21Z</time>
   </trkpt>
   <trkpt lat="48.4381830" lon="7.4057100">
    <ele>757.7</ele>
    <time>2024-10-24T09:41:22Z</time>
   </trkpt>
   <trkpt lat="48.4381800" lon="7.4056960">
    <ele>757.7</ele>
    <time>2024-10-24T09:41:23Z</time>
   </trkpt>
   <trkpt lat="48.4381740" lon="7.4056830">
    <ele>757.8</ele>
    <time>2024-10-24T09:41:24Z</time>
   </trkpt>
   <trkpt lat="48.4381680" lon="7.4056670">
    <ele>757.9</ele>
    <time>2024-10-24T09:41:25Z</time>
   </trkpt>
   <trkpt lat="48.4381620" lon="7.4056500">
    <ele>758.0</ele>
    <time>2024-10-24T09:41:26Z</time>
   </trkpt>
   <trkpt lat="48.4381580" lon="7.4056330">
    <ele>758.1</ele>
    <time>2024-10-24T09:41:27Z</time>
   </trkpt>
   <trkpt lat="48.4381540" lon="7.4056130">
    <ele>758.3</ele>
    <time>2024-10-24T09:41:28Z</time>
   </trkpt>
   <trkpt lat="48.4381480" lon="7.4056040">
    <ele>758.3</ele>
    <time>2024-10-24T09:41:29Z</time>
   </trkpt>
   <trkpt lat="48.4381400" lon="7.4055840">
    <ele>758.5</ele>
    <time>2024-10-24T09:41:31Z</time>
   </trkpt>
   <trkpt lat="48.4381360" lon="7.4055740">
    <ele>758.5</ele>
    <time>2024-10-24T09:41:32Z</time>
   </trkpt>
   <trkpt lat="48.4381350" lon="7.4055690">
    <ele>758.6</ele>
    <time>2024-10-24T09:41:33Z</time>
   </trkpt>
   <trkpt lat="48.4381360" lon="7.4055690">
    <ele>758.6</ele>
    <time>2024-10-24T09:41:34Z</time>
   </trkpt>
   <trkpt lat="48.4381360" lon="7.4055670">
    <ele>758.6</ele>
    <time>2024-10-24T09:41:35Z</time>
   </trkpt>
   <trkpt lat="48.4381360" lon="7.4055640">
    <ele>758.6</ele>
    <time>2024-10-24T09:41:36Z</time>
   </trkpt>
   <trkpt lat="48.4381340" lon="7.4055600">
    <ele>758.6</ele>
    <time>2024-10-24T09:41:37Z</time>
   </trkpt>
   <trkpt lat="48.4381320" lon="7.4055520">
    <ele>758.7</ele>
    <time>2024-10-24T09:41:38Z</time>
   </trkpt>
   <trkpt lat="48.4381320" lon="7.4055490">
    <ele>758.7</ele>
    <time>2024-10-24T09:41:39Z</time>
   </trkpt>
   <trkpt lat="48.4381320" lon="7.4055440">
    <ele>758.7</ele>
    <time>2024-10-24T09:41:40Z</time>
   </trkpt>
   <trkpt lat="48.4381350" lon="7.4055370">
    <ele>758.7</ele>
    <time>2024-10-24T09:41:41Z</time>
   </trkpt>
   <trkpt lat="48.4381430" lon="7.4055220">
    <ele>758.6</ele>
    <time>2024-10-24T09:41:43Z</time>
   </trkpt>
   <trkpt lat="48.4381440" lon="7.4055170">
    <ele>758.6</ele>
    <time>2024-10-24T09:41:44Z</time>
   </trkpt>
   <trkpt lat="48.4381440" lon="7.4055060">
    <ele>758.6</ele>
    <time>2024-10-24T09:41:45Z</time>
   </trkpt>
   <trkpt lat="48.4381460" lon="7.4054950">
    <ele>758.6</ele>
    <time>2024-10-24T09:41:46Z</time>
   </trkpt>
   <trkpt lat="48.4381450" lon="7.4054790">
    <ele>758.6</ele>
    <time>2024-10-24T09:41:47Z</time>
   </trkpt>
   <trkpt lat="48.4381450" lon="7.4054630">
    <ele>758.5</ele>
    <time>2024-10-24T09:41:48Z</time>
   </trkpt>
   <trkpt lat="48.4381440" lon="7.4054570">
    <ele>758.5</ele>
    <time>2024-10-24T09:41:49Z</time>
   </trkpt>
   <trkpt lat="48.4381440" lon="7.4054510">
    <ele>758.5</ele>
    <time>2024-10-24T09:41:50Z</time>
   </trkpt>
   <trkpt lat="48.4381460" lon="7.4054460">
    <ele>758.5</ele>
    <time>2024-10-24T09:41:51Z</time>
   </trkpt>
   <trkpt lat="48.4381470" lon="7.4054420">
    <ele>758.5</ele>
    <time>2024-10-24T09:41:52Z</time>
   </trkpt>
   <trkpt lat="48.4381470" lon="7.4054390">
    <ele>758.5</ele>
    <time>2024-10-24T09:41:53Z</time>
   </trkpt>
   <trkpt lat="48.4381460" lon="7.4054340">
    <ele>758.5</ele>
    <time>2024-10-24T09:41:54Z</time>
   </trkpt>
   <trkpt lat="48.4381450" lon="7.4054250">
    <ele>758.5</ele>
    <time>2024-10-24T09:41:55Z</time>
   </trkpt>
   <trkpt lat="48.4381420" lon="7.4054140">
    <ele>758.5</ele>
    <time>2024-10-24T09:41:56Z</time>
   </trkpt>
   <trkpt lat="48.4381400" lon="7.4054050">
    <ele>758.4</ele>
    <time>2024-10-24T09:41:57Z</time>
   </trkpt>
   <trkpt lat="48.4381420" lon="7.4053900">
    <ele>758.4</ele>
    <time>2024-10-24T09:41:58Z</time>
   </trkpt>
   <trkpt lat="48.4381450" lon="7.4053840">
    <ele>758.4</ele>
    <time>2024-10-24T09:41:59Z</time>
   </trkpt>
   <trkpt lat="48.4381480" lon="7.4053740">
    <ele>758.4</ele>
    <time>2024-10-24T09:42:00Z</time>
   </trkpt>
   <trkpt lat="48.4381490" lon="7.4053610">
    <ele>758.4</ele>
    <time>2024-10-24T09:42:01Z</time>
   </trkpt>
   <trkpt lat="48.4381500" lon="7.4053480">
    <ele>758.3</ele>
    <time>2024-10-24T09:42:02Z</time>
   </trkpt>
   <trkpt lat="48.4381500" lon="7.4053330">
    <ele>758.2</ele>
    <time>2024-10-24T09:42:03Z</time>
   </trkpt>
   <trkpt lat="48.4381480" lon="7.4053230">
    <ele>758.1</ele>
    <time>2024-10-24T09:42:04Z</time>
   </trkpt>
   <trkpt lat="48.4381440" lon="7.4053110">
    <ele>758.1</ele>
    <time>2024-10-24T09:42:05Z</time>
   </trkpt>
   <trkpt lat="48.4381410" lon="7.4052990">
    <ele>758.1</ele>
    <time>2024-10-24T09:42:06Z</time>
   </trkpt>
   <trkpt lat="48.4381380" lon="7.4052850">
    <ele>758.1</ele>
    <time>2024-10-24T09:42:07Z</time>
   </trkpt>
   <trkpt lat="48.4381320" lon="7.4052650">
    <ele>758.0</ele>
    <time>2024-10-24T09:42:08Z</time>
   </trkpt>
   <trkpt lat="48.4381290" lon="7.4052560">
    <ele>757.9</ele>
    <time>2024-10-24T09:42:09Z</time>
   </trkpt>
   <trkpt lat="48.4381280" lon="7.4052440">
    <ele>757.9</ele>
    <time>2024-10-24T09:42:10Z</time>
   </trkpt>
   <trkpt lat="48.4381290" lon="7.4052310">
    <ele>757.8</ele>
    <time>2024-10-24T09:42:11Z</time>
   </trkpt>
   <trkpt lat="48.4381320" lon="7.4052190">
    <ele>757.8</ele>
    <time>2024-10-24T09:42:12Z</time>
   </trkpt>
   <trkpt lat="48.4381370" lon="7.4052090">
    <ele>757.8</ele>
    <time>2024-10-24T09:42:13Z</time>
   </trkpt>
   <trkpt lat="48.4381460" lon="7.4052020">
    <ele>757.8</ele>
    <time>2024-10-24T09:42:14Z</time>
   </trkpt>
   <trkpt lat="48.4381530" lon="7.4051970">
    <ele>757.8</ele>
    <time>2024-10-24T09:42:15Z</time>
   </trkpt>
   <trkpt lat="48.4381610" lon="7.4051960">
    <ele>757.8</ele>
    <time>2024-10-24T09:42:16Z</time>
   </trkpt>
   <trkpt lat="48.4381690" lon="7.4051970">
    <ele>757.8</ele>
    <time>2024-10-24T09:42:17Z</time>
   </trkpt>
   <trkpt lat="48.4381770" lon="7.4051930">
    <ele>757.8</ele>
    <time>2024-10-24T09:42:18Z</time>
   </trkpt>
   <trkpt lat="48.4381840" lon="7.4051880">
    <ele>757.9</ele>
    <time>2024-10-24T09:42:19Z</time>
   </trkpt>
   <trkpt lat="48.4381880" lon="7.4051830">
    <ele>757.9</ele>
    <time>2024-10-24T09:42:20Z</time>
   </trkpt>
   <trkpt lat="48.4381920" lon="7.4051820">
    <ele>757.9</ele>
    <time>2024-10-24T09:42:21Z</time>
   </trkpt>
   <trkpt lat="48.4381950" lon="7.4051750">
    <ele>757.9</ele>
    <time>2024-10-24T09:42:22Z</time>
   </trkpt>
   <trkpt lat="48.4381900" lon="7.4051660">
    <ele>757.9</ele>
    <time>2024-10-24T09:42:23Z</time>
   </trkpt>
   <trkpt lat="48.4381860" lon="7.4051630">
    <ele>757.9</ele>
    <time>2024-10-24T09:42:24Z</time>
   </trkpt>
   <trkpt lat="48.4381820" lon="7.4051590">
    <ele>757.9</ele>
    <time>2024-10-24T09:42:25Z</time>
   </trkpt>
   <trkpt lat="48.4381790" lon="7.4051560">
    <ele>757.9</ele>
    <time>2024-10-24T09:42:26Z</time>
   </trkpt>
   <trkpt lat="48.4381750" lon="7.4051520">
    <ele>757.9</ele>
    <time>2024-10-24T09:42:27Z</time>
   </trkpt>
   <trkpt lat="48.4381710" lon="7.4051490">
    <ele>757.9</ele>
    <time>2024-10-24T09:42:28Z</time>
   </trkpt>
   <trkpt lat="48.4381680" lon="7.4051450">
    <ele>758.0</ele>
    <time>2024-10-24T09:42:29Z</time>
   </trkpt>
   <trkpt lat="48.4381640" lon="7.4051420">
    <ele>758.0</ele>
    <time>2024-10-24T09:42:30Z</time>
   </trkpt>
   <trkpt lat="48.4381600" lon="7.4051380">
    <ele>758.0</ele>
    <time>2024-10-24T09:42:31Z</time>
   </trkpt>
   <trkpt lat="48.4381560" lon="7.4051350">
    <ele>758.0</ele>
    <time>2024-10-24T09:42:32Z</time>
   </trkpt>
   <trkpt lat="48.4381530" lon="7.4051320">
    <ele>758.0</ele>
    <time>2024-10-24T09:42:33Z</time>
   </trkpt>
   <trkpt lat="48.4381490" lon="7.4051280">
    <ele>758.0</ele>
    <time>2024-10-24T09:42:34Z</time>
   </trkpt>
   <trkpt lat="48.4381450" lon="7.4051250">
    <ele>758.0</ele>
    <time>2024-10-24T09:42:35Z</time>
   </trkpt>
   <trkpt lat="48.4381410" lon="7.4051210">
    <ele>758.1</ele>
    <time>2024-10-24T09:42:36Z</time>
   </trkpt>
   <trkpt lat="48.4381380" lon="7.4051180">
    <ele>758.1</ele>
    <time>2024-10-24T09:42:37Z</time>
   </trkpt>
   <trkpt lat="48.4381340" lon="7.4051140">
    <ele>758.1</ele>
    <time>2024-10-24T09:42:38Z</time>
   </trkpt>
   <trkpt lat="48.4381300" lon="7.4051110">
    <ele>758.1</ele>
    <time>2024-10-24T09:42:39Z</time>
   </trkpt>
   <trkpt lat="48.4381270" lon="7.4051070">
    <ele>758.1</ele>
    <time>2024-10-24T09:42:40Z</time>
   </trkpt>
   <trkpt lat="48.4381230" lon="7.4051040">
    <ele>758.1</ele>
    <time>2024-10-24T09:42:41Z</time>
   </trkpt>
   <trkpt lat="48.4381190" lon="7.4051010">
    <ele>758.1</ele>
    <time>2024-10-24T09:42:42Z</time>
   </trkpt>
   <trkpt lat="48.4381150" lon="7.4050970">
    <ele>758.2</ele>
    <time>2024-10-24T09:42:43Z</time>
   </trkpt>
   <trkpt lat="48.4381120" lon="7.4050940">
    <ele>758.2</ele>
    <time>2024-10-24T09:42:44Z</time>
   </trkpt>
   <trkpt lat="48.4381080" lon="7.4050900">
    <ele>758.2</ele>
    <time>2024-10-24T09:42:45Z</time>
   </trkpt>
   <trkpt lat="48.4381040" lon="7.4050870">
    <ele>758.2</ele>
    <time>2024-10-24T09:42:46Z</time>
   </trkpt>
   <trkpt lat="48.4381010" lon="7.4050830">
    <ele>758.2</ele>
    <time>2024-10-24T09:42:47Z</time>
   </trkpt>
   <trkpt lat="48.4380970" lon="7.4050800">
    <ele>758.2</ele>
    <time>2024-10-24T09:42:48Z</time>
   </trkpt>
   <trkpt lat="48.4380930" lon="7.4050760">
    <ele>758.2</ele>
    <time>2024-10-24T09:42:49Z</time>
   </trkpt>
   <trkpt lat="48.4380890" lon="7.4050730">
    <ele>758.3</ele>
    <time>2024-10-24T09:42:50Z</time>
   </trkpt>
   <trkpt lat="48.4380860" lon="7.4050700">
    <ele>758.3</ele>
    <time>2024-10-24T09:42:51Z</time>
   </trkpt>
   <trkpt lat="48.4380820" lon="7.4050660">
    <ele>758.3</ele>
    <time>2024-10-24T09:42:52Z</time>
   </trkpt>
   <trkpt lat="48.4380780" lon="7.4050630">
    <ele>758.3</ele>
    <time>2024-10-24T09:42:53Z</time>
   </trkpt>
   <trkpt lat="48.4380740" lon="7.4050590">
    <ele>758.3</ele>
    <time>2024-10-24T09:42:54Z</time>
   </trkpt>
   <trkpt lat="48.4380710" lon="7.4050560">
    <ele>758.3</ele>
    <time>2024-10-24T09:42:55Z</time>
   </trkpt>
   <trkpt lat="48.4380670" lon="7.4050520">
    <ele>758.3</ele>
    <time>2024-10-24T09:42:56Z</time>
   </trkpt>
   <trkpt lat="48.4380630" lon="7.4050490">
    <ele>758.3</ele>
    <time>2024-10-24T09:42:57Z</time>
   </trkpt>
   <trkpt lat="48.4380600" lon="7.4050460">
    <ele>758.3</ele>
    <time>2024-10-24T09:42:58Z</time>
   </trkpt>
   <trkpt lat="48.4380560" lon="7.4050420">
    <ele>758.3</ele>
    <time>2024-10-24T09:42:59Z</time>
   </trkpt>
   <trkpt lat="48.4380520" lon="7.4050390">
    <ele>758.4</ele>
    <time>2024-10-24T09:43:00Z</time>
   </trkpt>
   <trkpt lat="48.4380480" lon="7.4050350">
    <ele>758.4</ele>
    <time>2024-10-24T09:43:01Z</time>
   </trkpt>
   <trkpt lat="48.4380450" lon="7.4050320">
    <ele>758.4</ele>
    <time>2024-10-24T09:43:02Z</time>
   </trkpt>
   <trkpt lat="48.4380410" lon="7.4050280">
    <ele>758.4</ele>
    <time>2024-10-24T09:43:03Z</time>
   </trkpt>
   <trkpt lat="48.4380370" lon="7.4050250">
    <ele>758.4</ele>
    <time>2024-10-24T09:43:04Z</time>
   </trkpt>
   <trkpt lat="48.4380330" lon="7.4050210">
    <ele>758.4</ele>
    <time>2024-10-24T09:43:05Z</time>
   </trkpt>
   <trkpt lat="48.4380300" lon="7.4050180">
    <ele>758.4</ele>
    <time>2024-10-24T09:43:06Z</time>
   </trkpt>
   <trkpt lat="48.4380260" lon="7.4050150">
    <ele>758.4</ele>
    <time>2024-10-24T09:43:07Z</time>
   </trkpt>
   <trkpt lat="48.4380220" lon="7.4050110">
    <ele>758.4</ele>
    <time>2024-10-24T09:43:08Z</time>
   </trkpt>
   <trkpt lat="48.4380190" lon="7.4050080">
    <ele>758.4</ele>
    <time>2024-10-24T09:43:09Z</time>
   </trkpt>
   <trkpt lat="48.4380150" lon="7.4050040">
    <ele>758.4</ele>
    <time>2024-10-24T09:43:10Z</time>
   </trkpt>
   <trkpt lat="48.4380110" lon="7.4050010">
    <ele>758.4</ele>
    <time>2024-10-24T09:43:11Z</time>
   </trkpt>
   <trkpt lat="48.4380070" lon="7.4049970">
    <ele>758.4</ele>
    <time>2024-10-24T09:43:12Z</time>
   </trkpt>
   <trkpt lat="48.4380040" lon="7.4049940">
    <ele>758.4</ele>
    <time>2024-10-24T09:43:13Z</time>
   </trkpt>
   <trkpt lat="48.4380000" lon="7.4049900">
    <ele>758.5</ele>
    <time>2024-10-24T09:43:14Z</time>
   </trkpt>
   <trkpt lat="48.4379960" lon="7.4049870">
    <ele>758.5</ele>
    <time>2024-10-24T09:43:15Z</time>
   </trkpt>
   <trkpt lat="48.4379930" lon="7.4049840">
    <ele>758.5</ele>
    <time>2024-10-24T09:43:16Z</time>
   </trkpt>
   <trkpt lat="48.4379890" lon="7.4049800">
    <ele>758.5</ele>
    <time>2024-10-24T09:43:17Z</time>
   </trkpt>
   <trkpt lat="48.4379850" lon="7.4049770">
    <ele>758.5</ele>
    <time>2024-10-24T09:43:18Z</time>
   </trkpt>
   <trkpt lat="48.4379810" lon="7.4049730">
    <ele>758.5</ele>
    <time>2024-10-24T09:43:19Z</time>
   </trkpt>
   <trkpt lat="48.4379780" lon="7.4049700">
    <ele>758.5</ele>
    <time>2024-10-24T09:43:20Z</time>
   </trkpt>
   <trkpt lat="48.4379740" lon="7.4049660">
    <ele>758.5</ele>
    <time>2024-10-24T09:43:21Z</time>
   </trkpt>
   <trkpt lat="48.4379700" lon="7.4049630">
    <ele>758.5</ele>
    <time>2024-10-24T09:43:22Z</time>
   </trkpt>
   <trkpt lat="48.4379660" lon="7.4049590">
    <ele>758.5</ele>
    <time>2024-10-24T09:43:23Z</time>
   </trkpt>
   <trkpt lat="48.4379630" lon="7.4049560">
    <ele>758.5</ele>
    <time>2024-10-24T09:43:24Z</time>
   </trkpt>
   <trkpt lat="48.4379590" lon="7.4049530">
    <ele>758.5</ele>
    <time>2024-10-24T09:43:25Z</time>
   </trkpt>
   <trkpt lat="48.4379550" lon="7.4049490">
    <ele>758.5</ele>
    <time>2024-10-24T09:43:26Z</time>
   </trkpt>
   <trkpt lat="48.4379520" lon="7.4049460">
    <ele>758.5</ele>
    <time>2024-10-24T09:43:27Z</time>
   </trkpt>
   <trkpt lat="48.4379480" lon="7.4049420">
    <ele>758.5</ele>
    <time>2024-10-24T09:43:28Z</time>
   </trkpt>
   <trkpt lat="48.4379440" lon="7.4049390">
    <ele>758.6</ele>
    <time>2024-10-24T09:43:29Z</time>
   </trkpt>
   <trkpt lat="48.4379400" lon="7.4049350">
    <ele>758.6</ele>
    <time>2024-10-24T09:43:30Z</time>
   </trkpt>
   <trkpt lat="48.4379370" lon="7.4049320">
    <ele>758.6</ele>
    <time>2024-10-24T09:43:31Z</time>
   </trkpt>
   <trkpt lat="48.4379330" lon="7.4049290">
    <ele>758.6</ele>
    <time>2024-10-24T09:43:32Z</time>
   </trkpt>
   <trkpt lat="48.4379290" lon="7.4049250">
    <ele>758.6</ele>
    <time>2024-10-24T09:43:33Z</time>
   </trkpt>
   <trkpt lat="48.4379250" lon="7.4049220">
    <ele>758.6</ele>
    <time>2024-10-24T09:43:34Z</time>
   </trkpt>
   <trkpt lat="48.4379220" lon="7.4049180">
    <ele>758.7</ele>
    <time>2024-10-24T09:43:35Z</time>
   </trkpt>
   <trkpt lat="48.4379180" lon="7.4049150">
    <ele>758.7</ele>
    <time>2024-10-24T09:43:36Z</time>
   </trkpt>
   <trkpt lat="48.4379140" lon="7.4049110">
    <ele>758.7</ele>
    <time>2024-10-24T09:43:37Z</time>
   </trkpt>
   <trkpt lat="48.4379110" lon="7.4049080">
    <ele>758.8</ele>
    <time>2024-10-24T09:43:38Z</time>
   </trkpt>
   <trkpt lat="48.4379070" lon="7.4049040">
    <ele>758.8</ele>
    <time>2024-10-24T09:43:39Z</time>
   </trkpt>
   <trkpt lat="48.4379030" lon="7.4049010">
    <ele>758.8</ele>
    <time>2024-10-24T09:43:40Z</time>
   </trkpt>
   <trkpt lat="48.4378990" lon="7.4048980">
    <ele>758.9</ele>
    <time>2024-10-24T09:43:41Z</time>
   </trkpt>
   <trkpt lat="48.4378960" lon="7.4048940">
    <ele>758.9</ele>
    <time>2024-10-24T09:43:42Z</time>
   </trkpt>
   <trkpt lat="48.4378920" lon="7.4048910">
    <ele>758.9</ele>
    <time>2024-10-24T09:43:43Z</time>
   </trkpt>
   <trkpt lat="48.4378880" lon="7.4048870">
    <ele>759.0</ele>
    <time>2024-10-24T09:43:44Z</time>
   </trkpt>
   <trkpt lat="48.4378840" lon="7.4048840">
    <ele>759.0</ele>
    <time>2024-10-24T09:43:45Z</time>
   </trkpt>
   <trkpt lat="48.4378810" lon="7.4048800">
    <ele>759.0</ele>
    <time>2024-10-24T09:43:46Z</time>
   </trkpt>
   <trkpt lat="48.4378770" lon="7.4048770">
    <ele>759.1</ele>
    <time>2024-10-24T09:43:47Z</time>
   </trkpt>
   <trkpt lat="48.4378730" lon="7.4048730">
    <ele>759.1</ele>
    <time>2024-10-24T09:43:48Z</time>
   </trkpt>
   <trkpt lat="48.4378700" lon="7.4048700">
    <ele>759.1</ele>
    <time>2024-10-24T09:43:49Z</time>
   </trkpt>
   <trkpt lat="48.4378660" lon="7.4048670">
    <ele>759.2</ele>
    <time>2024-10-24T09:43:50Z</time>
   </trkpt>
   <trkpt lat="48.4378620" lon="7.4048630">
    <ele>759.2</ele>
    <time>2024-10-24T09:43:51Z</time>
   </trkpt>
   <trkpt lat="48.4378580" lon="7.4048600">
    <ele>759.2</ele>
    <time>2024-10-24T09:43:52Z</time>
   </trkpt>
   <trkpt lat="48.4378550" lon="7.4048560">
    <ele>759.3</ele>
    <time>2024-10-24T09:43:53Z</time>
   </trkpt>
   <trkpt lat="48.4378510" lon="7.4048530">
    <ele>759.3</ele>
    <time>2024-10-24T09:43:54Z</time>
   </trkpt>
   <trkpt lat="48.4378470" lon="7.4048490">
    <ele>759.3</ele>
    <time>2024-10-24T09:43:55Z</time>
   </trkpt>
   <trkpt lat="48.4378440" lon="7.4048460">
    <ele>759.3</ele>
    <time>2024-10-24T09:43:56Z</time>
   </trkpt>
   <trkpt lat="48.4378400" lon="7.4048430">
    <ele>759.4</ele>
    <time>2024-10-24T09:43:57Z</time>
   </trkpt>
   <trkpt lat="48.4378360" lon="7.4048390">
    <ele>759.4</ele>
    <time>2024-10-24T09:43:58Z</time>
   </trkpt>
   <trkpt lat="48.4378320" lon="7.4048360">
    <ele>759.4</ele>
    <time>2024-10-24T09:43:59Z</time>
   </trkpt>
   <trkpt lat="48.4378290" lon="7.4048320">
    <ele>759.5</ele>
    <time>2024-10-24T09:44:00Z</time>
   </trkpt>
   <trkpt lat="48.4378250" lon="7.4048290">
    <ele>759.5</ele>
    <time>2024-10-24T09:44:01Z</time>
   </trkpt>
   <trkpt lat="48.4378210" lon="7.4048250">
    <ele>759.5</ele>
    <time>2024-10-24T09:44:02Z</time>
   </trkpt>
   <trkpt lat="48.4378170" lon="7.4048220">
    <ele>759.6</ele>
    <time>2024-10-24T09:44:03Z</time>
   </trkpt>
   <trkpt lat="48.4378140" lon="7.4048180">
    <ele>759.6</ele>
    <time>2024-10-24T09:44:04Z</time>
   </trkpt>
   <trkpt lat="48.4378100" lon="7.4048150">
    <ele>759.6</ele>
    <time>2024-10-24T09:44:05Z</time>
   </trkpt>
   <trkpt lat="48.4378060" lon="7.4048120">
    <ele>759.7</ele>
    <time>2024-10-24T09:44:06Z</time>
   </trkpt>
   <trkpt lat="48.4378030" lon="7.4048080">
    <ele>759.7</ele>
    <time>2024-10-24T09:44:07Z</time>
   </trkpt>
   <trkpt lat="48.4377990" lon="7.4048050">
    <ele>759.7</ele>
    <time>2024-10-24T09:44:08Z</time>
   </trkpt>
   <trkpt lat="48.4377950" lon="7.4048010">
    <ele>759.8</ele>
    <time>2024-10-24T09:44:09Z</time>
   </trkpt>
   <trkpt lat="48.4377910" lon="7.4047980">
    <ele>759.8</ele>
    <time>2024-10-24T09:44:10Z</time>
   </trkpt>
   <trkpt lat="48.4377880" lon="7.4047940">
    <ele>759.8</ele>
    <time>2024-10-24T09:44:11Z</time>
   </trkpt>
   <trkpt lat="48.4377840" lon="7.4047910">
    <ele>759.9</ele>
    <time>2024-10-24T09:44:12Z</time>
   </trkpt>
   <trkpt lat="48.4377800" lon="7.4047870">
    <ele>759.9</ele>
    <time>2024-10-24T09:44:13Z</time>
   </trkpt>
   <trkpt lat="48.4377760" lon="7.4047840">
    <ele>759.9</ele>
    <time>2024-10-24T09:44:14Z</time>
   </trkpt>
   <trkpt lat="48.4377730" lon="7.4047810">
    <ele>760.0</ele>
    <time>2024-10-24T09:44:15Z</time>
   </trkpt>
   <trkpt lat="48.4377690" lon="7.4047770">
    <ele>760.0</ele>
    <time>2024-10-24T09:44:16Z</time>
   </trkpt>
   <trkpt lat="48.4377650" lon="7.4047740">
    <ele>760.0</ele>
    <time>2024-10-24T09:44:17Z</time>
   </trkpt>
   <trkpt lat="48.4377620" lon="7.4047700">
    <ele>760.0</ele>
    <time>2024-10-24T09:44:18Z</time>
   </trkpt>
   <trkpt lat="48.4377580" lon="7.4047670">
    <ele>760.0</ele>
    <time>2024-10-24T09:44:19Z</time>
   </trkpt>
   <trkpt lat="48.4377540" lon="7.4047630">
    <ele>760.0</ele>
    <time>2024-10-24T09:44:20Z</time>
   </trkpt>
   <trkpt lat="48.4377500" lon="7.4047600">
    <ele>760.0</ele>
    <time>2024-10-24T09:44:21Z</time>
   </trkpt>
   <trkpt lat="48.4377470" lon="7.4047560">
    <ele>760.0</ele>
    <time>2024-10-24T09:44:22Z</time>
   </trkpt>
   <trkpt lat="48.4377430" lon="7.4047530">
    <ele>760.0</ele>
    <time>2024-10-24T09:44:23Z</time>
   </trkpt>
   <trkpt lat="48.4377390" lon="7.4047500">
    <ele>760.0</ele>
    <time>2024-10-24T09:44:24Z</time>
   </trkpt>
   <trkpt lat="48.4377350" lon="7.4047460">
    <ele>760.0</ele>
    <time>2024-10-24T09:44:25Z</time>
   </trkpt>
   <trkpt lat="48.4377320" lon="7.4047430">
    <ele>760.0</ele>
    <time>2024-10-24T09:44:26Z</time>
   </trkpt>
   <trkpt lat="48.4377280" lon="7.4047390">
    <ele>760.0</ele>
    <time>2024-10-24T09:44:27Z</time>
   </trkpt>
   <trkpt lat="48.4377240" lon="7.4047360">
    <ele>760.0</ele>
    <time>2024-10-24T09:44:28Z</time>
   </trkpt>
   <trkpt lat="48.4377210" lon="7.4047320">
    <ele>760.0</ele>
    <time>2024-10-24T09:44:29Z</time>
   </trkpt>
   <trkpt lat="48.4377170" lon="7.4047290">
    <ele>760.1</ele>
    <time>2024-10-24T09:44:30Z</time>
   </trkpt>
   <trkpt lat="48.4377130" lon="7.4047260">
    <ele>760.1</ele>
    <time>2024-10-24T09:44:31Z</time>
   </trkpt>
   <trkpt lat="48.4377090" lon="7.4047220">
    <ele>760.2</ele>
    <time>2024-10-24T09:44:32Z</time>
   </trkpt>
   <trkpt lat="48.4377060" lon="7.4047190">
    <ele>760.2</ele>
    <time>2024-10-24T09:44:33Z</time>
   </trkpt>
   <trkpt lat="48.4377020" lon="7.4047150">
    <ele>760.3</ele>
    <time>2024-10-24T09:44:34Z</time>
   </trkpt>
   <trkpt lat="48.4376980" lon="7.4047120">
    <ele>760.3</ele>
    <time>2024-10-24T09:44:35Z</time>
   </trkpt>
   <trkpt lat="48.4376950" lon="7.4047080">
    <ele>760.4</ele>
    <time>2024-10-24T09:44:36Z</time>
   </trkpt>
   <trkpt lat="48.4376910" lon="7.4047050">
    <ele>760.4</ele>
    <time>2024-10-24T09:44:37Z</time>
   </trkpt>
   <trkpt lat="48.4376870" lon="7.4047010">
    <ele>760.5</ele>
    <time>2024-10-24T09:44:38Z</time>
   </trkpt>
   <trkpt lat="48.4376830" lon="7.4046980">
    <ele>760.5</ele>
    <time>2024-10-24T09:44:39Z</time>
   </trkpt>
   <trkpt lat="48.4376800" lon="7.4046950">
    <ele>760.6</ele>
    <time>2024-10-24T09:44:40Z</time>
   </trkpt>
   <trkpt lat="48.4376760" lon="7.4046910">
    <ele>760.6</ele>
    <time>2024-10-24T09:44:41Z</time>
   </trkpt>
   <trkpt lat="48.4376720" lon="7.4046880">
    <ele>760.7</ele>
    <time>2024-10-24T10:05:22Z</time>
   </trkpt>
   <trkpt lat="48.4376680" lon="7.4046840">
    <ele>760.7</ele>
    <time>2024-10-24T10:05:23Z</time>
   </trkpt>
   <trkpt lat="48.4376650" lon="7.4046810">
    <ele>760.8</ele>
    <time>2024-10-24T10:05:24Z</time>
   </trkpt>
   <trkpt lat="48.4376610" lon="7.4046770">
    <ele>760.8</ele>
    <time>2024-10-24T10:05:25Z</time>
   </trkpt>
   <trkpt lat="48.4376660" lon="7.4046790">
    <ele>760.9</ele>
    <time>2024-10-24T10:05:26Z</time>
   </trkpt>
   <trkpt lat="48.4376560" lon="7.4046700">
    <ele>761.0</ele>
    <time>2024-10-24T10:05:27Z</time>
   </trkpt>
   <trkpt lat="48.4376470" lon="7.4046610">
    <ele>761.2</ele>
    <time>2024-10-24T10:05:28Z</time>
   </trkpt>
   <trkpt lat="48.4376370" lon="7.4046520">
    <ele>761.3</ele>
    <time>2024-10-24T10:05:29Z</time>
   </trkpt>
   <trkpt lat="48.4376280" lon="7.4046430">
    <ele>761.4</ele>
    <time>2024-10-24T10:05:30Z</time>
   </trkpt>
   <trkpt lat="48.4376150" lon="7.4046280">
    <ele>761.6</ele>
    <time>2024-10-24T10:05:31Z</time>
   </trkpt>
   <trkpt lat="48.4376060" lon="7.4046150">
    <ele>761.8</ele>
    <time>2024-10-24T10:05:32Z</time>
   </trkpt>
   <trkpt lat="48.4375930" lon="7.4045890">
    <ele>761.8</ele>
    <time>2024-10-24T10:05:33Z</time>
   </trkpt>
   <trkpt lat="48.4375880" lon="7.4045800">
    <ele>761.8</ele>
    <time>2024-10-24T10:05:34Z</time>
   </trkpt>
   <trkpt lat="48.4375840" lon="7.4045720">
    <ele>761.9</ele>
    <time>2024-10-24T10:05:35Z</time>
   </trkpt>
   <trkpt lat="48.4375760" lon="7.4045620">
    <ele>761.9</ele>
    <time>2024-10-24T10:05:36Z</time>
   </trkpt>
   <trkpt lat="48.4375670" lon="7.4045510">
    <ele>761.9</ele>
    <time>2024-10-24T10:05:37Z</time>
   </trkpt>
   <trkpt lat="48.4375560" lon="7.4045380">
    <ele>761.9</ele>
    <time>2024-10-24T10:05:38Z</time>
   </trkpt>
   <trkpt lat="48.4375490" lon="7.4045300">
    <ele>761.9</ele>
    <time>2024-10-24T10:05:39Z</time>
   </trkpt>
   <trkpt lat="48.4375390" lon="7.4045270">
    <ele>761.9</ele>
    <time>2024-10-24T10:05:40Z</time>
   </trkpt>
   <trkpt lat="48.4375310" lon="7.4045190">
    <ele>761.9</ele>
    <time>2024-10-24T10:05:41Z</time>
   </trkpt>
   <trkpt lat="48.4375220" lon="7.4045130">
    <ele>761.9</ele>
    <time>2024-10-24T10:05:42Z</time>
   </trkpt>
   <trkpt lat="48.4375180" lon="7.4045030">
    <ele>761.9</ele>
    <time>2024-10-24T10:05:43Z</time>
   </trkpt>
   <trkpt lat="48.4375140" lon="7.4044920">
    <ele>762.0</ele>
    <time>2024-10-24T10:05:44Z</time>
   </trkpt>
   <trkpt lat="48.4375060" lon="7.4044840">
    <ele>762.0</ele>
    <time>2024-10-24T10:05:45Z</time>
   </trkpt>
   <trkpt lat="48.4374970" lon="7.4044790">
    <ele>762.0</ele>
    <time>2024-10-24T10:05:46Z</time>
   </trkpt>
   <trkpt lat="48.4374880" lon="7.4044770">
    <ele>762.0</ele>
    <time>2024-10-24T10:05:47Z</time>
   </trkpt>
   <trkpt lat="48.4374760" lon="7.4044730">
    <ele>762.0</ele>
    <time>2024-10-24T10:05:48Z</time>
   </trkpt>
   <trkpt lat="48.4374710" lon="7.4044700">
    <ele>762.0</ele>
    <time>2024-10-24T10:05:49Z</time>
   </trkpt>
   <trkpt lat="48.4374640" lon="7.4044670">
    <ele>762.0</ele>
    <time>2024-10-24T10:05:50Z</time>
   </trkpt>
   <trkpt lat="48.4374560" lon="7.4044600">
    <ele>762.0</ele>
    <time>2024-10-24T10:05:51Z</time>
   </trkpt>
   <trkpt lat="48.4374490" lon="7.4044560">
    <ele>762.0</ele>
    <time>2024-10-24T10:05:52Z</time>
   </trkpt>
   <trkpt lat="48.4374420" lon="7.4044500">
    <ele>762.0</ele>
    <time>2024-10-24T10:05:53Z</time>
   </trkpt>
   <trkpt lat="48.4374350" lon="7.4044440">
    <ele>762.1</ele>
    <time>2024-10-24T10:05:54Z</time>
   </trkpt>
   <trkpt lat="48.4374280" lon="7.4044390">
    <ele>762.1</ele>
    <time>2024-10-24T10:05:55Z</time>
   </trkpt>
   <trkpt lat="48.4374210" lon="7.4044360">
    <ele>762.1</ele>
    <time>2024-10-24T10:05:56Z</time>
   </trkpt>
   <trkpt lat="48.4374130" lon="7.4044420">
    <ele>762.1</ele>
    <time>2024-10-24T10:05:57Z</time>
   </trkpt>
   <trkpt lat="48.4374020" lon="7.4044450">
    <ele>762.1</ele>
    <time>2024-10-24T10:05:58Z</time>
   </trkpt>
   <trkpt lat="48.4373960" lon="7.4044470">
    <ele>762.1</ele>
    <time>2024-10-24T10:05:59Z</time>
   </trkpt>
   <trkpt lat="48.4373940" lon="7.4044510">
    <ele>762.1</ele>
    <time>2024-10-24T10:06:00Z</time>
   </trkpt>
   <trkpt lat="48.4373870" lon="7.4044510">
    <ele>762.1</ele>
    <time>2024-10-24T10:06:01Z</time>
   </trkpt>
   <trkpt lat="48.4373800" lon="7.4044400">
    <ele>762.1</ele>
    <time>2024-10-24T10:06:02Z</time>
   </trkpt>
   <trkpt lat="48.4373740" lon="7.4044240">
    <ele>762.1</ele>
    <time>2024-10-24T10:06:03Z</time>
   </trkpt>
   <trkpt lat="48.4373750" lon="7.4044090">
    <ele>762.1</ele>
    <time>2024-10-24T10:06:04Z</time>
   </trkpt>
   <trkpt lat="48.4373830" lon="7.4044110">
    <ele>762.1</ele>
    <time>2024-10-24T10:06:05Z</time>
   </trkpt>
   <trkpt lat="48.4373870" lon="7.4044200">
    <ele>762.1</ele>
    <time>2024-10-24T10:06:06Z</time>
   </trkpt>
   <trkpt lat="48.4373930" lon="7.4044280">
    <ele>762.2</ele>
    <time>2024-10-24T10:06:07Z</time>
   </trkpt>
   <trkpt lat="48.4373980" lon="7.4044250">
    <ele>762.2</ele>
    <time>2024-10-24T10:06:08Z</time>
   </trkpt>
   <trkpt lat="48.4374030" lon="7.4044280">
    <ele>762.2</ele>
    <time>2024-10-24T10:06:09Z</time>
   </trkpt>
   <trkpt lat="48.4374040" lon="7.4044280">
    <ele>762.2</ele>
    <time>2024-10-24T10:06:10Z</time>
   </trkpt>
   <trkpt lat="48.4374070" lon="7.4044300">
    <ele>762.2</ele>
    <time>2024-10-24T10:06:11Z</time>
   </trkpt>
   <trkpt lat="48.4374100" lon="7.4044330">
    <ele>762.2</ele>
    <time>2024-10-24T10:06:12Z</time>
   </trkpt>
   <trkpt lat="48.4374100" lon="7.4044390">
    <ele>762.2</ele>
    <time>2024-10-24T10:06:13Z</time>
   </trkpt>
   <trkpt lat="48.4374090" lon="7.4044430">
    <ele>762.2</ele>
    <time>2024-10-24T10:06:14Z</time>
   </trkpt>
   <trkpt lat="48.4374060" lon="7.4044470">
    <ele>762.2</ele>
    <time>2024-10-24T10:06:15Z</time>
   </trkpt>
   <trkpt lat="48.4374030" lon="7.4044490">
    <ele>762.2</ele>
    <time>2024-10-24T10:06:16Z</time>
   </trkpt>
   <trkpt lat="48.4374010" lon="7.4044450">
    <ele>762.2</ele>
    <time>2024-10-24T10:06:17Z</time>
   </trkpt>
   <trkpt lat="48.4374020" lon="7.4044330">
    <ele>762.2</ele>
    <time>2024-10-24T10:06:18Z</time>
   </trkpt>
   <trkpt lat="48.4374030" lon="7.4044240">
    <ele>762.2</ele>
    <time>2024-10-24T10:06:19Z</time>
   </trkpt>
   <trkpt lat="48.4374040" lon="7.4044170">
    <ele>762.2</ele>
    <time>2024-10-24T10:06:20Z</time>
   </trkpt>
   <trkpt lat="48.4374040" lon="7.4044100">
    <ele>762.2</ele>
    <time>2024-10-24T10:06:21Z</time>
   </trkpt>
   <trkpt lat="48.4374040" lon="7.4044040">
    <ele>762.2</ele>
    <time>2024-10-24T10:06:22Z</time>
   </trkpt>
   <trkpt lat="48.4374040" lon="7.4043930">
    <ele>762.2</ele>
    <time>2024-10-24T10:06:23Z</time>
   </trkpt>
   <trkpt lat="48.4374040" lon="7.4043880">
    <ele>762.2</ele>
    <time>2024-10-24T10:06:24Z</time>
   </trkpt>
   <trkpt lat="48.4374030" lon="7.4043840">
    <ele>762.2</ele>
    <time>2024-10-24T10:06:25Z</time>
   </trkpt>
   <trkpt lat="48.4374020" lon="7.4043780">
    <ele>762.2</ele>
    <time>2024-10-24T10:06:26Z</time>
   </trkpt>
   <trkpt lat="48.4374010" lon="7.4043720">
    <ele>762.2</ele>
    <time>2024-10-24T10:06:27Z</time>
   </trkpt>
   <trkpt lat="48.4374000" lon="7.4043620">
    <ele>762.2</ele>
    <time>2024-10-24T10:06:28Z</time>
   </trkpt>
   <trkpt lat="48.4373990" lon="7.4043580">
    <ele>762.2</ele>
    <time>2024-10-24T10:06:29Z</time>
   </trkpt>
   <trkpt lat="48.4373970" lon="7.4043540">
    <ele>762.2</ele>
    <time>2024-10-24T10:06:30Z</time>
   </trkpt>
   <trkpt lat="48.4373950" lon="7.4043510">
    <ele>762.2</ele>
    <time>2024-10-24T10:06:31Z</time>
   </trkpt>
   <trkpt lat="48.4373930" lon="7.4043490">
    <ele>762.2</ele>
    <time>2024-10-24T10:06:32Z</time>
   </trkpt>
   <trkpt lat="48.4373910" lon="7.4043410">
    <ele>762.2</ele>
    <time>2024-10-24T10:06:33Z</time>
   </trkpt>
   <trkpt lat="48.4373900" lon="7.4043390">
    <ele>762.2</ele>
    <time>2024-10-24T10:06:34Z</time>
   </trkpt>
   <trkpt lat="48.4373890" lon="7.4043380">
    <ele>762.2</ele>
    <time>2024-10-24T10:06:35Z</time>
   </trkpt>
   <trkpt lat="48.4373690" lon="7.4043180">
    <ele>762.2</ele>
    <time>2024-10-24T10:06:36Z</time>
   </trkpt>
   <trkpt lat="48.4373660" lon="7.4043140">
    <ele>762.2</ele>
    <time>2024-10-24T10:06:37Z</time>
   </trkpt>
   <trkpt lat="48.4373680" lon="7.4043050">
    <ele>762.2</ele>
    <time>2024-10-24T10:06:38Z</time>
   </trkpt>
   <trkpt lat="48.4373690" lon="7.4042990">
    <ele>762.2</ele>
    <time>2024-10-24T10:06:39Z</time>
   </trkpt>
   <trkpt lat="48.4373660" lon="7.4042940">
    <ele>762.2</ele>
    <time>2024-10-24T10:06:40Z</time>
   </trkpt>
   <trkpt lat="48.4373610" lon="7.4042900">
    <ele>762.2</ele>
    <time>2024-10-24T10:06:41Z</time>
   </trkpt>
   <trkpt lat="48.4373590" lon="7.4042990">
    <ele>762.2</ele>
    <time>2024-10-24T10:06:42Z</time>
   </trkpt>
   <trkpt lat="48.4373850" lon="7.4043250">
    <ele>762.3</ele>
    <time>2024-10-24T10:06:43Z</time>
   </trkpt>
   <trkpt lat="48.4373870" lon="7.4043280">
    <ele>762.3</ele>
    <time>2024-10-24T10:06:44Z</time>
   </trkpt>
   <trkpt lat="48.4373870" lon="7.4043300">
    <ele>762.3</ele>
    <time>2024-10-24T10:06:45Z</time>
   </trkpt>
   <trkpt lat="48.4373850" lon="7.4043340">
    <ele>762.3</ele>
    <time>2024-10-24T10:06:46Z</time>
   </trkpt>
   <trkpt lat="48.4373790" lon="7.4043330">
    <ele>762.3</ele>
    <time>2024-10-24T10:06:47Z</time>
   </trkpt>
   <trkpt lat="48.4373750" lon="7.4043270">
    <ele>762.3</ele>
    <time>2024-10-24T10:06:48Z</time>
   </trkpt>
   <trkpt lat="48.4373730" lon="7.4043240">
    <ele>762.3</ele>
    <time>2024-10-24T10:06:49Z</time>
   </trkpt>
   <trkpt lat="48.4373710" lon="7.4043200">
    <ele>762.3</ele>
    <time>2024-10-24T10:06:50Z</time>
   </trkpt>
   <trkpt lat="48.4373700" lon="7.4043140">
    <ele>762.3</ele>
    <time>2024-10-24T10:06:51Z</time>
   </trkpt>
   <trkpt lat="48.4373680" lon="7.4043070">
    <ele>762.3</ele>
    <time>2024-10-24T10:06:52Z</time>
   </trkpt>
   <trkpt lat="48.4373650" lon="7.4042990">
    <ele>762.3</ele>
    <time>2024-10-24T10:06:53Z</time>
   </trkpt>
   <trkpt lat="48.4373620" lon="7.4042960">
    <ele>762.3</ele>
    <time>2024-10-24T10:06:54Z</time>
   </trkpt>
   <trkpt lat="48.4373600" lon="7.4042930">
    <ele>762.3</ele>
    <time>2024-10-24T10:06:55Z</time>
   </trkpt>
   <trkpt lat="48.4373580" lon="7.4042900">
    <ele>762.3</ele>
    <time>2024-10-24T10:06:56Z</time>
   </trkpt>
   <trkpt lat="48.4373560" lon="7.4042880">
    <ele>762.3</ele>
    <time>2024-10-24T10:06:57Z</time>
   </trkpt>
   <trkpt lat="48.4373560" lon="7.4042870">
    <ele>762.3</ele>
    <time>2024-10-24T10:06:58Z</time>
   </trkpt>
   <trkpt lat="48.4373520" lon="7.4042840">
    <ele>762.3</ele>
    <time>2024-10-24T10:06:59Z</time>
   </trkpt>
   <trkpt lat="48.4373510" lon="7.4042820">
    <ele>762.3</ele>
    <time>2024-10-24T10:07:00Z</time>
   </trkpt>
   <trkpt lat="48.4373500" lon="7.4042810">
    <ele>762.3</ele>
    <time>2024-10-24T10:07:01Z</time>
   </trkpt>
   <trkpt lat="48.4373490" lon="7.4042810">
    <ele>762.3</ele>
    <time>2024-10-24T10:07:02Z</time>
   </trkpt>
   <trkpt lat="48.4373490" lon="7.4042790">
    <ele>762.3</ele>
    <time>2024-10-24T10:07:03Z</time>
   </trkpt>
   <trkpt lat="48.4373480" lon="7.4042780">
    <ele>762.3</ele>
    <time>2024-10-24T10:07:04Z</time>
   </trkpt>
   <trkpt lat="48.4373450" lon="7.4042760">
    <ele>762.3</ele>
    <time>2024-10-24T10:07:05Z</time>
   </trkpt>
   <trkpt lat="48.4373430" lon="7.4042700">
    <ele>762.3</ele>
    <time>2024-10-24T10:07:06Z</time>
   </trkpt>
   <trkpt lat="48.4373370" lon="7.4042560">
    <ele>762.3</ele>
    <time>2024-10-24T10:07:07Z</time>
   </trkpt>
   <trkpt lat="48.4373340" lon="7.4042450">
    <ele>762.3</ele>
    <time>2024-10-24T10:07:08Z</time>
   </trkpt>
   <trkpt lat="48.4373230" lon="7.4043080">
    <ele>762.3</ele>
    <time>2024-10-24T10:07:09Z</time>
   </trkpt>
   <trkpt lat="48.4373080" lon="7.4044010">
    <ele>762.3</ele>
    <time>2024-10-24T10:07:10Z</time>
   </trkpt>
   <trkpt lat="48.4372980" lon="7.4044410">
    <ele>762.3</ele>
    <time>2024-10-24T10:07:11Z</time>
   </trkpt>
   <trkpt lat="48.4372910" lon="7.4044660">
    <ele>762.3</ele>
    <time>2024-10-24T10:07:12Z</time>
   </trkpt>
   <trkpt lat="48.4372900" lon="7.4044870">
    <ele>762.3</ele>
    <time>2024-10-24T10:07:13Z</time>
   </trkpt>
   <trkpt lat="48.4372960" lon="7.4045110">
    <ele>762.3</ele>
    <time>2024-10-24T10:07:14Z</time>
   </trkpt>
   <trkpt lat="48.4372970" lon="7.4045110">
    <ele>762.3</ele>
    <time>2024-10-24T10:07:15Z</time>
   </trkpt>
   <trkpt lat="48.4372970" lon="7.4045120">
    <ele>762.3</ele>
    <time>2024-10-24T10:07:16Z</time>
   </trkpt>
   <trkpt lat="48.4372980" lon="7.4045120">
    <ele>762.3</ele>
    <time>2024-10-24T10:07:17Z</time>
   </trkpt>
   <trkpt lat="48.4372980" lon="7.4045120">
    <ele>762.3</ele>
    <time>2024-10-24T10:07:18Z</time>
   </trkpt>
   <trkpt lat="48.4372990" lon="7.4045120">
    <ele>762.3</ele>
    <time>2024-10-24T10:07:19Z</time>
   </trkpt>
   <trkpt lat="48.4372990" lon="7.4045120">
    <ele>762.3</ele>
    <time>2024-10-24T10:07:20Z</time>
   </trkpt>
   <trkpt lat="48.4372990" lon="7.4045120">
    <ele>762.3</ele>
    <time>2024-10-24T10:07:21Z</time>
   </trkpt>
   <trkpt lat="48.4373000" lon="7.4045120">
    <ele>762.3</ele>
    <time>2024-10-24T10:07:22Z</time>
   </trkpt>
   <trkpt lat="48.4373000" lon="7.4045130">
    <ele>762.3</ele>
    <time>2024-10-24T10:07:23Z</time>
   </trkpt>
   <trkpt lat="48.4373010" lon="7.4045130">
    <ele>762.3</ele>
    <time>2024-10-24T10:07:24Z</time>
   </trkpt>
   <trkpt lat="48.4373010" lon="7.4045130">
    <ele>762.3</ele>
    <time>2024-10-24T10:07:25Z</time>
   </trkpt>
   <trkpt lat="48.4373020" lon="7.4045130">
    <ele>762.3</ele>
    <time>2024-10-24T10:07:26Z</time>
   </trkpt>
   <trkpt lat="48.4373020" lon="7.4045130">
    <ele>762.3</ele>
    <time>2024-10-24T10:07:27Z</time>
   </trkpt>
   <trkpt lat="48.4373030" lon="7.4045130">
    <ele>762.3</ele>
    <time>2024-10-24T10:07:28Z</time>
   </trkpt>
   <trkpt lat="48.4373030" lon="7.4045140">
    <ele>762.3</ele>
    <time>2024-10-24T10:07:29Z</time>
   </trkpt>
   <trkpt lat="48.4373040" lon="7.4045140">
    <ele>762.3</ele>
    <time>2024-10-24T10:07:30Z</time>
   </trkpt>
   <trkpt lat="48.4373040" lon="7.4045140">
    <ele>762.3</ele>
    <time>2024-10-24T10:07:31Z</time>
   </trkpt>
   <trkpt lat="48.4373050" lon="7.4045140">
    <ele>762.3</ele>
    <time>2024-10-24T10:07:32Z</time>
   </trkpt>
   <trkpt lat="48.4373050" lon="7.4045140">
    <ele>762.3</ele>
    <time>2024-10-24T10:07:33Z</time>
   </trkpt>
   <trkpt lat="48.4373060" lon="7.4045140">
    <ele>762.3</ele>
    <time>2024-10-24T10:07:34Z</time>
   </trkpt>
   <trkpt lat="48.4373060" lon="7.4045140">
    <ele>762.3</ele>
    <time>2024-10-24T10:07:35Z</time>
   </trkpt>
   <trkpt lat="48.4373070" lon="7.4045150">
    <ele>762.3</ele>
    <time>2024-10-24T10:07:36Z</time>
   </trkpt>
   <trkpt lat="48.4373070" lon="7.4045150">
    <ele>762.3</ele>
    <time>2024-10-24T10:07:37Z</time>
   </trkpt>
   <trkpt lat="48.4373070" lon="7.4045150">
    <ele>762.3</ele>
    <time>2024-10-24T10:07:38Z</time>
   </trkpt>
   <trkpt lat="48.4373080" lon="7.4045150">
    <ele>762.3</ele>
    <time>2024-10-24T10:07:39Z</time>
   </trkpt>
   <trkpt lat="48.4373080" lon="7.4045150">
    <ele>762.3</ele>
    <time>2024-10-24T10:07:40Z</time>
   </trkpt>
   <trkpt lat="48.4373090" lon="7.4045150">
    <ele>762.3</ele>
    <time>2024-10-24T10:07:41Z</time>
   </trkpt>
   <trkpt lat="48.4373090" lon="7.4045160">
    <ele>762.3</ele>
    <time>2024-10-24T10:07:42Z</time>
   </trkpt>
   <trkpt lat="48.4373100" lon="7.4045160">
    <ele>762.3</ele>
    <time>2024-10-24T10:07:43Z</time>
   </trkpt>
   <trkpt lat="48.4373100" lon="7.4045160">
    <ele>762.3</ele>
    <time>2024-10-24T10:07:44Z</time>
   </trkpt>
   <trkpt lat="48.4373110" lon="7.4045160">
    <ele>762.3</ele>
    <time>2024-10-24T10:07:45Z</time>
   </trkpt>
   <trkpt lat="48.4373110" lon="7.4045160">
    <ele>762.3</ele>
    <time>2024-10-24T10:07:46Z</time>
   </trkpt>
   <trkpt lat="48.4373120" lon="7.4045160">
    <ele>762.3</ele>
    <time>2024-10-24T10:07:47Z</time>
   </trkpt>
   <trkpt lat="48.4373120" lon="7.4045170">
    <ele>762.3</ele>
    <time>2024-10-24T10:07:48Z</time>
   </trkpt>
   <trkpt lat="48.4373130" lon="7.4045170">
    <ele>762.3</ele>
    <time>2024-10-24T10:07:49Z</time>
   </trkpt>
   <trkpt lat="48.4373130" lon="7.4045170">
    <ele>762.3</ele>
    <time>2024-10-24T10:07:50Z</time>
   </trkpt>
   <trkpt lat="48.4373140" lon="7.4045170">
    <ele>762.3</ele>
    <time>2024-10-24T10:07:51Z</time>
   </trkpt>
   <trkpt lat="48.4373140" lon="7.4045170">
    <ele>762.3</ele>
    <time>2024-10-24T10:07:52Z</time>
   </trkpt>
   <trkpt lat="48.4373150" lon="7.4045170">
    <ele>762.3</ele>
    <time>2024-10-24T10:07:53Z</time>
   </trkpt>
   <trkpt lat="48.4373150" lon="7.4045170">
    <ele>762.3</ele>
    <time>2024-10-24T10:07:54Z</time>
   </trkpt>
   <trkpt lat="48.4373150" lon="7.4045180">
    <ele>762.3</ele>
    <time>2024-10-24T10:07:55Z</time>
   </trkpt>
   <trkpt lat="48.4373160" lon="7.4045180">
    <ele>762.3</ele>
    <time>2024-10-24T10:07:56Z</time>
   </trkpt>
   <trkpt lat="48.4373160" lon="7.4045180">
    <ele>762.3</ele>
    <time>2024-10-24T10:07:57Z</time>
   </trkpt>
   <trkpt lat="48.4373170" lon="7.4045180">
    <ele>762.3</ele>
    <time>2024-10-24T10:07:58Z</time>
   </trkpt>
   <trkpt lat="48.4373170" lon="7.4045180">
    <ele>762.3</ele>
    <time>2024-10-24T10:07:59Z</time>
   </trkpt>
   <trkpt lat="48.4373180" lon="7.4045180">
    <ele>762.3</ele>
    <time>2024-10-24T10:08:00Z</time>
   </trkpt>
   <trkpt lat="48.4373180" lon="7.4045190">
    <ele>762.3</ele>
    <time>2024-10-24T10:08:01Z</time>
   </trkpt>
   <trkpt lat="48.4373190" lon="7.4045190">
    <ele>762.3</ele>
    <time>2024-10-24T10:08:02Z</time>
   </trkpt>
   <trkpt lat="48.4373190" lon="7.4045190">
    <ele>762.3</ele>
    <time>2024-10-24T10:08:03Z</time>
   </trkpt>
   <trkpt lat="48.4373200" lon="7.4045190">
    <ele>762.3</ele>
    <time>2024-10-24T10:08:04Z</time>
   </trkpt>
   <trkpt lat="48.4373200" lon="7.4045190">
    <ele>762.3</ele>
    <time>2024-10-24T10:08:05Z</time>
   </trkpt>
   <trkpt lat="48.4373210" lon="7.4045190">
    <ele>762.3</ele>
    <time>2024-10-24T10:08:06Z</time>
   </trkpt>
   <trkpt lat="48.4373210" lon="7.4045190">
    <ele>762.3</ele>
    <time>2024-10-24T10:08:07Z</time>
   </trkpt>
   <trkpt lat="48.4373220" lon="7.4045200">
    <ele>762.3</ele>
    <time>2024-10-24T10:08:08Z</time>
   </trkpt>
   <trkpt lat="48.4373220" lon="7.4045200">
    <ele>762.3</ele>
    <time>2024-10-24T10:08:09Z</time>
   </trkpt>
   <trkpt lat="48.4373230" lon="7.4045200">
    <ele>762.3</ele>
    <time>2024-10-24T10:08:10Z</time>
   </trkpt>
   <trkpt lat="48.4373230" lon="7.4045200">
    <ele>762.3</ele>
    <time>2024-10-24T10:08:11Z</time>
   </trkpt>
   <trkpt lat="48.4373240" lon="7.4045200">
    <ele>762.3</ele>
    <time>2024-10-24T10:08:12Z</time>
   </trkpt>
   <trkpt lat="48.4373240" lon="7.4045200">
    <ele>762.3</ele>
    <time>2024-10-24T10:08:13Z</time>
   </trkpt>
   <trkpt lat="48.4373240" lon="7.4045210">
    <ele>762.3</ele>
    <time>2024-10-24T10:08:14Z</time>
   </trkpt>
   <trkpt lat="48.4373270" lon="7.4045610">
    <ele>762.3</ele>
    <time>2024-10-24T10:08:15Z</time>
   </trkpt>
   <trkpt lat="48.4372900" lon="7.4045470">
    <ele>762.3</ele>
    <time>2024-10-24T10:08:16Z</time>
   </trkpt>
   <trkpt lat="48.4372730" lon="7.4044940">
    <ele>762.3</ele>
    <time>2024-10-24T10:08:17Z</time>
   </trkpt>
   <trkpt lat="48.4372820" lon="7.4044470">
    <ele>762.3</ele>
    <time>2024-10-24T10:08:18Z</time>
   </trkpt>
   <trkpt lat="48.4372840" lon="7.4044370">
    <ele>762.3</ele>
    <time>2024-10-24T10:08:19Z</time>
   </trkpt>
   <trkpt lat="48.4372850" lon="7.4044260">
    <ele>762.3</ele>
    <time>2024-10-24T10:08:20Z</time>
   </trkpt>
   <trkpt lat="48.4372880" lon="7.4044080">
    <ele>762.3</ele>
    <time>2024-10-24T10:08:21Z</time>
   </trkpt>
   <trkpt lat="48.4372860" lon="7.4043880">
    <ele>762.3</ele>
    <time>2024-10-24T10:08:22Z</time>
   </trkpt>
   <trkpt lat="48.4372780" lon="7.4043640">
    <ele>762.3</ele>
    <time>2024-10-24T10:08:23Z</time>
   </trkpt>
   <trkpt lat="48.4372710" lon="7.4043430">
    <ele>762.3</ele>
    <time>2024-10-24T10:08:24Z</time>
   </trkpt>
   <trkpt lat="48.4372640" lon="7.4043230">
    <ele>762.3</ele>
    <time>2024-10-24T10:08:25Z</time>
   </trkpt>
   <trkpt lat="48.4372610" lon="7.4043030">
    <ele>762.3</ele>
    <time>2024-10-24T10:08:26Z</time>
   </trkpt>
   <trkpt lat="48.4372550" lon="7.4042860">
    <ele>762.3</ele>
    <time>2024-10-24T10:08:27Z</time>
   </trkpt>
   <trkpt lat="48.4372440" lon="7.4042700">
    <ele>762.3</ele>
    <time>2024-10-24T10:08:28Z</time>
   </trkpt>
   <trkpt lat="48.4372280" lon="7.4042450">
    <ele>762.4</ele>
    <time>2024-10-24T10:08:29Z</time>
   </trkpt>
   <trkpt lat="48.4372210" lon="7.4042350">
    <ele>762.4</ele>
    <time>2024-10-24T10:08:30Z</time>
   </trkpt>
   <trkpt lat="48.4372140" lon="7.4042250">
    <ele>762.4</ele>
    <time>2024-10-24T10:08:31Z</time>
   </trkpt>
   <trkpt lat="48.4371950" lon="7.4042100">
    <ele>762.4</ele>
    <time>2024-10-24T10:08:32Z</time>
   </trkpt>
   <trkpt lat="48.4371870" lon="7.4042040">
    <ele>762.4</ele>
    <time>2024-10-24T10:08:33Z</time>
   </trkpt>
   <trkpt lat="48.4371790" lon="7.4041980">
    <ele>762.4</ele>
    <time>2024-10-24T10:08:34Z</time>
   </trkpt>
   <trkpt lat="48.4371690" lon="7.4041880">
    <ele>762.4</ele>
    <time>2024-10-24T10:08:35Z</time>
   </trkpt>
   <trkpt lat="48.4371590" lon="7.4041730">
    <ele>762.4</ele>
    <time>2024-10-24T10:08:36Z</time>
   </trkpt>
   <trkpt lat="48.4371580" lon="7.4041720">
    <ele>762.4</ele>
    <time>2024-10-24T10:08:37Z</time>
   </trkpt>
   <trkpt lat="48.4371590" lon="7.4041590">
    <ele>762.4</ele>
    <time>2024-10-24T10:08:38Z</time>
   </trkpt>
   <trkpt lat="48.4371690" lon="7.4041560">
    <ele>762.4</ele>
    <time>2024-10-24T10:08:39Z</time>
   </trkpt>
   <trkpt lat="48.4371770" lon="7.4041570">
    <ele>762.4</ele>
    <time>2024-10-24T10:08:40Z</time>
   </trkpt>
   <trkpt lat="48.4371800" lon="7.4041440">
    <ele>762.4</ele>
    <time>2024-10-24T10:08:41Z</time>
   </trkpt>
   <trkpt lat="48.4371810" lon="7.4041370">
    <ele>762.5</ele>
    <time>2024-10-24T10:08:42Z</time>
   </trkpt>
   <trkpt lat="48.4371830" lon="7.4041340">
    <ele>762.5</ele>
    <time>2024-10-24T10:08:43Z</time>
   </trkpt>
   <trkpt lat="48.4371850" lon="7.4041330">
    <ele>762.5</ele>
    <time>2024-10-24T10:08:44Z</time>
   </trkpt>
   <trkpt lat="48.4371870" lon="7.4041310">
    <ele>762.5</ele>
    <time>2024-10-24T10:08:45Z</time>
   </trkpt>
   <trkpt lat="48.4371880" lon="7.4041270">
    <ele>762.5</ele>
    <time>2024-10-24T10:08:46Z</time>
   </trkpt>
   <trkpt lat="48.4371880" lon="7.4041190">
    <ele>762.5</ele>
    <time>2024-10-24T10:08:47Z</time>
   </trkpt>
   <trkpt lat="48.4371880" lon="7.4041100">
    <ele>762.5</ele>
    <time>2024-10-24T10:08:48Z</time>
   </trkpt>
   <trkpt lat="48.4371870" lon="7.4040930">
    <ele>762.5</ele>
    <time>2024-10-24T10:08:49Z</time>
   </trkpt>
   <trkpt lat="48.4371860" lon="7.4040790">
    <ele>762.5</ele>
    <time>2024-10-24T10:08:50Z</time>
   </trkpt>
   <trkpt lat="48.4371830" lon="7.4040590">
    <ele>762.5</ele>
    <time>2024-10-24T10:08:51Z</time>
   </trkpt>
   <trkpt lat="48.4371800" lon="7.4040450">
    <ele>762.5</ele>
    <time>2024-10-24T10:08:52Z</time>
   </trkpt>
   <trkpt lat="48.4371780" lon="7.4040310">
    <ele>762.5</ele>
    <time>2024-10-24T10:08:53Z</time>
   </trkpt>
   <trkpt lat="48.4371760" lon="7.4040180">
    <ele>762.5</ele>
    <time>2024-10-24T10:08:54Z</time>
   </trkpt>
   <trkpt lat="48.4371740" lon="7.4040080">
    <ele>762.5</ele>
    <time>2024-10-24T10:08:55Z</time>
   </trkpt>
   <trkpt lat="48.4371750" lon="7.4040020">
    <ele>762.5</ele>
    <time>2024-10-24T10:08:56Z</time>
   </trkpt>
   <trkpt lat="48.4371740" lon="7.4040020">
    <ele>762.5</ele>
    <time>2024-10-24T10:08:57Z</time>
   </trkpt>
   <trkpt lat="48.4371730" lon="7.4040010">
    <ele>762.6</ele>
    <time>2024-10-24T10:08:58Z</time>
   </trkpt>
   <trkpt lat="48.4371720" lon="7.4040010">
    <ele>762.6</ele>
    <time>2024-10-24T10:08:59Z</time>
   </trkpt>
   <trkpt lat="48.4371710" lon="7.4040000">
    <ele>762.6</ele>
    <time>2024-10-24T10:09:00Z</time>
   </trkpt>
   <trkpt lat="48.4371700" lon="7.4039990">
    <ele>762.6</ele>
    <time>2024-10-24T10:09:01Z</time>
   </trkpt>
   <trkpt lat="48.4371690" lon="7.4039980">
    <ele>762.7</ele>
    <time>2024-10-24T10:09:02Z</time>
   </trkpt>
   <trkpt lat="48.4371680" lon="7.4039980">
    <ele>762.7</ele>
    <time>2024-10-24T10:09:03Z</time>
   </trkpt>
   <trkpt lat="48.4371670" lon="7.4039970">
    <ele>762.7</ele>
    <time>2024-10-24T10:09:04Z</time>
   </trkpt>
   <trkpt lat="48.4371660" lon="7.4039960">
    <ele>762.7</ele>
    <time>2024-10-24T10:09:05Z</time>
   </trkpt>
   <trkpt lat="48.4371650" lon="7.4039950">
    <ele>762.8</ele>
    <time>2024-10-24T10:09:06Z</time>
   </trkpt>
   <trkpt lat="48.4371640" lon="7.4039940">
    <ele>762.8</ele>
    <time>2024-10-24T10:09:07Z</time>
   </trkpt>
   <trkpt lat="48.4371630" lon="7.4039940">
    <ele>762.8</ele>
    <time>2024-10-24T10:09:08Z</time>
   </trkpt>
   <trkpt lat="48.4371620" lon="7.4039930">
    <ele>762.8</ele>
    <time>2024-10-24T10:09:09Z</time>
   </trkpt>
   <trkpt lat="48.4371610" lon="7.4039920">
    <ele>762.9</ele>
    <time>2024-10-24T10:09:10Z</time>
   </trkpt>
   <trkpt lat="48.4371600" lon="7.4039910">
    <ele>762.9</ele>
    <time>2024-10-24T10:09:11Z</time>
   </trkpt>
   <trkpt lat="48.4371590" lon="7.4039900">
    <ele>762.9</ele>
    <time>2024-10-24T10:09:12Z</time>
   </trkpt>
   <trkpt lat="48.4371580" lon="7.4039900">
    <ele>762.9</ele>
    <time>2024-10-24T10:09:13Z</time>
   </trkpt>
   <trkpt lat="48.4371570" lon="7.4039890">
    <ele>763.0</ele>
    <time>2024-10-24T10:09:14Z</time>
   </trkpt>
   <trkpt lat="48.4371560" lon="7.4039880">
    <ele>763.0</ele>
    <time>2024-10-24T10:09:15Z</time>
   </trkpt>
   <trkpt lat="48.4371560" lon="7.4039870">
    <ele>763.0</ele>
    <time>2024-10-24T10:09:16Z</time>
   </trkpt>
   <trkpt lat="48.4371550" lon="7.4039870">
    <ele>763.0</ele>
    <time>2024-10-24T10:09:17Z</time>
   </trkpt>
   <trkpt lat="48.4371540" lon="7.4039860">
    <ele>763.1</ele>
    <time>2024-10-24T10:09:18Z</time>
   </trkpt>
   <trkpt lat="48.4371530" lon="7.4039850">
    <ele>763.1</ele>
    <time>2024-10-24T10:09:19Z</time>
   </trkpt>
   <trkpt lat="48.4371520" lon="7.4039840">
    <ele>763.1</ele>
    <time>2024-10-24T10:09:20Z</time>
   </trkpt>
   <trkpt lat="48.4371510" lon="7.4039830">
    <ele>763.1</ele>
    <time>2024-10-24T10:09:21Z</time>
   </trkpt>
   <trkpt lat="48.4371500" lon="7.4039830">
    <ele>763.2</ele>
    <time>2024-10-24T10:09:22Z</time>
   </trkpt>
   <trkpt lat="48.4371490" lon="7.4039820">
    <ele>763.2</ele>
    <time>2024-10-24T10:09:23Z</time>
   </trkpt>
   <trkpt lat="48.4371480" lon="7.4039810">
    <ele>763.2</ele>
    <time>2024-10-24T10:09:24Z</time>
   </trkpt>
   <trkpt lat="48.4371470" lon="7.4039800">
    <ele>763.3</ele>
    <time>2024-10-24T10:09:25Z</time>
   </trkpt>
   <trkpt lat="48.4371460" lon="7.4039800">
    <ele>763.3</ele>
    <time>2024-10-24T10:09:26Z</time>
   </trkpt>
   <trkpt lat="48.4371450" lon="7.4039790">
    <ele>763.3</ele>
    <time>2024-10-24T10:09:27Z</time>
   </trkpt>
   <trkpt lat="48.4371440" lon="7.4039780">
    <ele>763.3</ele>
    <time>2024-10-24T10:09:28Z</time>
   </trkpt>
   <trkpt lat="48.4371430" lon="7.4039770">
    <ele>763.4</ele>
    <time>2024-10-24T10:09:29Z</time>
   </trkpt>
   <trkpt lat="48.4371420" lon="7.4039760">
    <ele>763.4</ele>
    <time>2024-10-24T10:09:30Z</time>
   </trkpt>
   <trkpt lat="48.4371290" lon="7.4039840">
    <ele>763.7</ele>
    <time>2024-10-24T10:09:31Z</time>
   </trkpt>
   <trkpt lat="48.4371290" lon="7.4039930">
    <ele>763.7</ele>
    <time>2024-10-24T10:09:32Z</time>
   </trkpt>
   <trkpt lat="48.4371300" lon="7.4040030">
    <ele>763.7</ele>
    <time>2024-10-24T10:09:33Z</time>
   </trkpt>
   <trkpt lat="48.4371300" lon="7.4040140">
    <ele>763.8</ele>
    <time>2024-10-24T10:09:34Z</time>
   </trkpt>
   <trkpt lat="48.4371330" lon="7.4040250">
    <ele>763.8</ele>
    <time>2024-10-24T10:09:35Z</time>
   </trkpt>
   <trkpt lat="48.4371350" lon="7.4040310">
    <ele>763.8</ele>
    <time>2024-10-24T10:09:36Z</time>
   </trkpt>
   <trkpt lat="48.4371350" lon="7.4040370">
    <ele>763.8</ele>
    <time>2024-10-24T10:09:37Z</time>
   </trkpt>
   <trkpt lat="48.4371370" lon="7.4040440">
    <ele>763.9</ele>
    <time>2024-10-24T10:09:38Z</time>
   </trkpt>
   <trkpt lat="48.4371370" lon="7.4040570">
    <ele>763.9</ele>
    <time>2024-10-24T10:09:39Z</time>
   </trkpt>
   <trkpt lat="48.4371360" lon="7.4040700">
    <ele>763.9</ele>
    <time>2024-10-24T10:09:40Z</time>
   </trkpt>
   <trkpt lat="48.4371370" lon="7.4040870">
    <ele>764.0</ele>
    <time>2024-10-24T10:09:41Z</time>
   </trkpt>
   <trkpt lat="48.4371370" lon="7.4040990">
    <ele>764.0</ele>
    <time>2024-10-24T10:09:42Z</time>
   </trkpt>
   <trkpt lat="48.4371370" lon="7.4041120">
    <ele>764.1</ele>
    <time>2024-10-24T10:09:43Z</time>
   </trkpt>
   <trkpt lat="48.4371390" lon="7.4041260">
    <ele>764.1</ele>
    <time>2024-10-24T10:09:44Z</time>
   </trkpt>
   <trkpt lat="48.4371400" lon="7.4041400">
    <ele>764.1</ele>
    <time>2024-10-24T10:09:45Z</time>
   </trkpt>
   <trkpt lat="48.4371390" lon="7.4041550">
    <ele>764.2</ele>
    <time>2024-10-24T10:09:46Z</time>
   </trkpt>
   <trkpt lat="48.4371400" lon="7.4041680">
    <ele>764.2</ele>
    <time>2024-10-24T10:09:47Z</time>
   </trkpt>
   <trkpt lat="48.4371400" lon="7.4041780">
    <ele>764.3</ele>
    <time>2024-10-24T10:09:48Z</time>
   </trkpt>
   <trkpt lat="48.4371370" lon="7.4041880">
    <ele>764.3</ele>
    <time>2024-10-24T10:09:49Z</time>
   </trkpt>
   <trkpt lat="48.4371310" lon="7.4041950">
    <ele>764.3</ele>
    <time>2024-10-24T10:09:50Z</time>
   </trkpt>
   <trkpt lat="48.4371240" lon="7.4042010">
    <ele>764.4</ele>
    <time>2024-10-24T10:09:51Z</time>
   </trkpt>
   <trkpt lat="48.4371160" lon="7.4042050">
    <ele>764.4</ele>
    <time>2024-10-24T10:09:52Z</time>
   </trkpt>
   <trkpt lat="48.4371030" lon="7.4042030">
    <ele>764.3</ele>
    <time>2024-10-24T10:09:53Z</time>
   </trkpt>
   <trkpt lat="48.4370910" lon="7.4041970">
    <ele>764.1</ele>
    <time>2024-10-24T10:09:54Z</time>
   </trkpt>
   <trkpt lat="48.4370820" lon="7.4041960">
    <ele>763.9</ele>
    <time>2024-10-24T10:09:55Z</time>
   </trkpt>
   <trkpt lat="48.4370730" lon="7.4041940">
    <ele>763.8</ele>
    <time>2024-10-24T10:09:56Z</time>
   </trkpt>
   <trkpt lat="48.4370650" lon="7.4041920">
    <ele>763.7</ele>
    <time>2024-10-24T10:09:57Z</time>
   </trkpt>
   <trkpt lat="48.4370490" lon="7.4041940">
    <ele>763.4</ele>
    <time>2024-10-24T10:09:58Z</time>
   </trkpt>
   <trkpt lat="48.4370350" lon="7.4041940">
    <ele>763.2</ele>
    <time>2024-10-24T10:09:59Z</time>
   </trkpt>
   <trkpt lat="48.4370200" lon="7.4041920">
    <ele>762.9</ele>
    <time>2024-10-24T10:10:00Z</time>
   </trkpt>
   <trkpt lat="48.4370040" lon="7.4041860">
    <ele>762.7</ele>
    <time>2024-10-24T10:10:01Z</time>
   </trkpt>
   <trkpt lat="48.4369780" lon="7.4041730">
    <ele>762.2</ele>
    <time>2024-10-24T10:10:02Z</time>
   </trkpt>
   <trkpt lat="48.4369680" lon="7.4041680">
    <ele>762.0</ele>
    <time>2024-10-24T10:10:03Z</time>
   </trkpt>
   <trkpt lat="48.4369630" lon="7.4041540">
    <ele>761.9</ele>
    <time>2024-10-24T10:10:04Z</time>
   </trkpt>
   <trkpt lat="48.4369560" lon="7.4041420">
    <ele>761.7</ele>
    <time>2024-10-24T10:10:05Z</time>
   </trkpt>
   <trkpt lat="48.4369530" lon="7.4041340">
    <ele>761.6</ele>
    <time>2024-10-24T10:10:06Z</time>
   </trkpt>
   <trkpt lat="48.4369450" lon="7.4041270">
    <ele>761.5</ele>
    <time>2024-10-24T10:10:07Z</time>
   </trkpt>
   <trkpt lat="48.4369400" lon="7.4041290">
    <ele>761.4</ele>
    <time>2024-10-24T10:10:08Z</time>
   </trkpt>
   <trkpt lat="48.4369340" lon="7.4041250">
    <ele>761.4</ele>
    <time>2024-10-24T10:10:09Z</time>
   </trkpt>
   <trkpt lat="48.4369270" lon="7.4041210">
    <ele>761.4</ele>
    <time>2024-10-24T10:10:10Z</time>
   </trkpt>
   <trkpt lat="48.4369200" lon="7.4041170">
    <ele>761.3</ele>
    <time>2024-10-24T10:10:11Z</time>
   </trkpt>
   <trkpt lat="48.4369130" lon="7.4041130">
    <ele>761.3</ele>
    <time>2024-10-24T10:10:12Z</time>
   </trkpt>
   <trkpt lat="48.4369070" lon="7.4041090">
    <ele>761.3</ele>
    <time>2024-10-24T10:10:13Z</time>
   </trkpt>
   <trkpt lat="48.4368950" lon="7.4041020">
    <ele>761.2</ele>
    <time>2024-10-24T10:10:14Z</time>
   </trkpt>
   <trkpt lat="48.4368850" lon="7.4040920">
    <ele>761.2</ele>
    <time>2024-10-24T10:10:15Z</time>
   </trkpt>
   <trkpt lat="48.4368820" lon="7.4040780">
    <ele>761.1</ele>
    <time>2024-10-24T10:10:16Z</time>
   </trkpt>
   <trkpt lat="48.4368800" lon="7.4040630">
    <ele>761.1</ele>
    <time>2024-10-24T10:10:17Z</time>
   </trkpt>
   <trkpt lat="48.4368740" lon="7.4040500">
    <ele>761.1</ele>
    <time>2024-10-24T10:10:18Z</time>
   </trkpt>
   <trkpt lat="48.4368660" lon="7.4040440">
    <ele>761.0</ele>
    <time>2024-10-24T10:10:19Z</time>
   </trkpt>
   <trkpt lat="48.4368570" lon="7.4040380">
    <ele>761.0</ele>
    <time>2024-10-24T10:10:20Z</time>
   </trkpt>
   <trkpt lat="48.4368480" lon="7.4040350">
    <ele>761.0</ele>
    <time>2024-10-24T10:10:21Z</time>
   </trkpt>
   <trkpt lat="48.4368410" lon="7.4040300">
    <ele>761.0</ele>
    <time>2024-10-24T10:10:22Z</time>
   </trkpt>
   <trkpt lat="48.4368270" lon="7.4040310">
    <ele>760.9</ele>
    <time>2024-10-24T10:10:23Z</time>
   </trkpt>
   <trkpt lat="48.4368200" lon="7.4040310">
    <ele>760.9</ele>
    <time>2024-10-24T10:10:24Z</time>
   </trkpt>
   <trkpt lat="48.4368110" lon="7.4040370">
    <ele>760.9</ele>
    <time>2024-10-24T10:10:25Z</time>
   </trkpt>
   <trkpt lat="48.4368100" lon="7.4040550">
    <ele>760.9</ele>
    <time>2024-10-24T10:10:26Z</time>
   </trkpt>
   <trkpt lat="48.4368120" lon="7.4040670">
    <ele>760.9</ele>
    <time>2024-10-24T10:10:27Z</time>
   </trkpt>
   <trkpt lat="48.4368110" lon="7.4040720">
    <ele>760.8</ele>
    <time>2024-10-24T10:10:28Z</time>
   </trkpt>
   <trkpt lat="48.4368100" lon="7.4040730">
    <ele>760.8</ele>
    <time>2024-10-24T10:10:29Z</time>
   </trkpt>
   <trkpt lat="48.4368100" lon="7.4040750">
    <ele>760.8</ele>
    <time>2024-10-24T10:10:30Z</time>
   </trkpt>
   <trkpt lat="48.4368120" lon="7.4040780">
    <ele>760.8</ele>
    <time>2024-10-24T10:10:31Z</time>
   </trkpt>
   <trkpt lat="48.4368120" lon="7.4040800">
    <ele>760.8</ele>
    <time>2024-10-24T10:10:32Z</time>
   </trkpt>
   <trkpt lat="48.4368130" lon="7.4040820">
    <ele>760.8</ele>
    <time>2024-10-24T10:10:33Z</time>
   </trkpt>
   <trkpt lat="48.4368140" lon="7.4040820">
    <ele>760.8</ele>
    <time>2024-10-24T10:10:34Z</time>
   </trkpt>
   <trkpt lat="48.4368140" lon="7.4040830">
    <ele>760.8</ele>
    <time>2024-10-24T10:10:35Z</time>
   </trkpt>
   <trkpt lat="48.4368150" lon="7.4040840">
    <ele>760.8</ele>
    <time>2024-10-24T10:10:36Z</time>
   </trkpt>
   <trkpt lat="48.4368150" lon="7.4040840">
    <ele>760.8</ele>
    <time>2024-10-24T10:10:37Z</time>
   </trkpt>
   <trkpt lat="48.4368160" lon="7.4040840">
    <ele>760.8</ele>
    <time>2024-10-24T10:10:38Z</time>
   </trkpt>
   <trkpt lat="48.4368170" lon="7.4040850">
    <ele>760.8</ele>
    <time>2024-10-24T10:10:39Z</time>
   </trkpt>
   <trkpt lat="48.4368170" lon="7.4040850">
    <ele>760.8</ele>
    <time>2024-10-24T10:10:40Z</time>
   </trkpt>
   <trkpt lat="48.4368160" lon="7.4040840">
    <ele>760.8</ele>
    <time>2024-10-24T10:10:41Z</time>
   </trkpt>
   <trkpt lat="48.4368140" lon="7.4040810">
    <ele>760.8</ele>
    <time>2024-10-24T10:10:42Z</time>
   </trkpt>
   <trkpt lat="48.4368080" lon="7.4040780">
    <ele>760.8</ele>
    <time>2024-10-24T10:10:43Z</time>
   </trkpt>
   <trkpt lat="48.4368030" lon="7.4040760">
    <ele>760.8</ele>
    <time>2024-10-24T10:10:44Z</time>
   </trkpt>
   <trkpt lat="48.4367930" lon="7.4040640">
    <ele>760.8</ele>
    <time>2024-10-24T10:10:45Z</time>
   </trkpt>
   <trkpt lat="48.4367890" lon="7.4040610">
    <ele>760.8</ele>
    <time>2024-10-24T10:10:46Z</time>
   </trkpt>
   <trkpt lat="48.4367910" lon="7.4040600">
    <ele>760.8</ele>
    <time>2024-10-24T10:10:47Z</time>
   </trkpt>
   <trkpt lat="48.4367820" lon="7.4040520">
    <ele>760.7</ele>
    <time>2024-10-24T10:10:48Z</time>
   </trkpt>
   <trkpt lat="48.4367750" lon="7.4040500">
    <ele>760.7</ele>
    <time>2024-10-24T10:10:49Z</time>
   </trkpt>
   <trkpt lat="48.4367630" lon="7.4040430">
    <ele>760.7</ele>
    <time>2024-10-24T10:10:50Z</time>
   </trkpt>
   <trkpt lat="48.4367510" lon="7.4040370">
    <ele>760.6</ele>
    <time>2024-10-24T10:10:51Z</time>
   </trkpt>
   <trkpt lat="48.4367410" lon="7.4040300">
    <ele>760.6</ele>
    <time>2024-10-24T10:10:52Z</time>
   </trkpt>
   <trkpt lat="48.4367350" lon="7.4040250">
    <ele>760.6</ele>
    <time>2024-10-24T10:10:53Z</time>
   </trkpt>
   <trkpt lat="48.4367260" lon="7.4040170">
    <ele>760.6</ele>
    <time>2024-10-24T10:10:54Z</time>
   </trkpt>
   <trkpt lat="48.4367190" lon="7.4040080">
    <ele>760.5</ele>
    <time>2024-10-24T10:10:55Z</time>
   </trkpt>
   <trkpt lat="48.4367120" lon="7.4040010">
    <ele>760.5</ele>
    <time>2024-10-24T10:10:56Z</time>
   </trkpt>
   <trkpt lat="48.4367050" lon="7.4039940">
    <ele>760.5</ele>
    <time>2024-10-24T10:10:57Z</time>
   </trkpt>
   <trkpt lat="48.4366970" lon="7.4039870">
    <ele>760.4</ele>
    <time>2024-10-24T10:10:58Z</time>
   </trkpt>
   <trkpt lat="48.4366930" lon="7.4039830">
    <ele>760.4</ele>
    <time>2024-10-24T10:10:59Z</time>
   </trkpt>
   <trkpt lat="48.4366870" lon="7.4039760">
    <ele>760.4</ele>
    <time>2024-10-24T10:11:00Z</time>
   </trkpt>
   <trkpt lat="48.4366800" lon="7.4039720">
    <ele>760.3</ele>
    <time>2024-10-24T10:11:01Z</time>
   </trkpt>
   <trkpt lat="48.4366700" lon="7.4039670">
    <ele>760.3</ele>
    <time>2024-10-24T10:11:02Z</time>
   </trkpt>
   <trkpt lat="48.4366650" lon="7.4039640">
    <ele>760.2</ele>
    <time>2024-10-24T10:11:03Z</time>
   </trkpt>
   <trkpt lat="48.4366500" lon="7.4039540">
    <ele>760.2</ele>
    <time>2024-10-24T10:11:04Z</time>
   </trkpt>
   <trkpt lat="48.4366360" lon="7.4039510">
    <ele>760.1</ele>
    <time>2024-10-24T10:11:05Z</time>
   </trkpt>
   <trkpt lat="48.4366130" lon="7.4039510">
    <ele>760.0</ele>
    <time>2024-10-24T10:11:06Z</time>
   </trkpt>
   <trkpt lat="48.4366040" lon="7.4039500">
    <ele>759.9</ele>
    <time>2024-10-24T10:11:07Z</time>
   </trkpt>
   <trkpt lat="48.4365950" lon="7.4039480">
    <ele>759.9</ele>
    <time>2024-10-24T10:11:08Z</time>
   </trkpt>
   <trkpt lat="48.4365860" lon="7.4039450">
    <ele>759.8</ele>
    <time>2024-10-24T10:11:09Z</time>
   </trkpt>
   <trkpt lat="48.4365730" lon="7.4039390">
    <ele>759.7</ele>
    <time>2024-10-24T10:11:10Z</time>
   </trkpt>
   <trkpt lat="48.4365620" lon="7.4039320">
    <ele>759.7</ele>
    <time>2024-10-24T10:11:11Z</time>
   </trkpt>
   <trkpt lat="48.4365540" lon="7.4039240">
    <ele>759.6</ele>
    <time>2024-10-24T10:11:12Z</time>
   </trkpt>
   <trkpt lat="48.4365460" lon="7.4039200">
    <ele>759.6</ele>
    <time>2024-10-24T10:11:13Z</time>
   </trkpt>
   <trkpt lat="48.4365380" lon="7.4039150">
    <ele>759.5</ele>
    <time>2024-10-24T10:11:14Z</time>
   </trkpt>
   <trkpt lat="48.4365330" lon="7.4039080">
    <ele>759.5</ele>
    <time>2024-10-24T10:11:15Z</time>
   </trkpt>
   <trkpt lat="48.4365280" lon="7.4039030">
    <ele>759.5</ele>
    <time>2024-10-24T10:11:16Z</time>
   </trkpt>
   <trkpt lat="48.4365230" lon="7.4038960">
    <ele>759.4</ele>
    <time>2024-10-24T10:11:17Z</time>
   </trkpt>
   <trkpt lat="48.4365170" lon="7.4038870">
    <ele>759.4</ele>
    <time>2024-10-24T10:11:18Z</time>
   </trkpt>
   <trkpt lat="48.4365090" lon="7.4038770">
    <ele>759.4</ele>
    <time>2024-10-24T10:11:19Z</time>
   </trkpt>
   <trkpt lat="48.4365020" lon="7.4038670">
    <ele>759.3</ele>
    <time>2024-10-24T10:11:20Z</time>
   </trkpt>
   <trkpt lat="48.4364950" lon="7.4038570">
    <ele>759.3</ele>
    <time>2024-10-24T10:11:21Z</time>
   </trkpt>
   <trkpt lat="48.4364870" lon="7.4038450">
    <ele>759.3</ele>
    <time>2024-10-24T10:11:22Z</time>
   </trkpt>
   <trkpt lat="48.4364770" lon="7.4038460">
    <ele>759.2</ele>
    <time>2024-10-24T10:11:23Z</time>
   </trkpt>
   <trkpt lat="48.4364670" lon="7.4038440">
    <ele>759.2</ele>
    <time>2024-10-24T10:11:24Z</time>
   </trkpt>
   <trkpt lat="48.4364580" lon="7.4038390">
    <ele>759.2</ele>
    <time>2024-10-24T10:11:25Z</time>
   </trkpt>
   <trkpt lat="48.4364480" lon="7.4038330">
    <ele>759.2</ele>
    <time>2024-10-24T10:11:26Z</time>
   </trkpt>
   <trkpt lat="48.4364400" lon="7.4038250">
    <ele>759.2</ele>
    <time>2024-10-24T10:11:27Z</time>
   </trkpt>
   <trkpt lat="48.4364330" lon="7.4038150">
    <ele>759.1</ele>
    <time>2024-10-24T10:11:28Z</time>
   </trkpt>
   <trkpt lat="48.4364260" lon="7.4038030">
    <ele>759.1</ele>
    <time>2024-10-24T10:11:29Z</time>
   </trkpt>
   <trkpt lat="48.4364180" lon="7.4037920">
    <ele>759.1</ele>
    <time>2024-10-24T10:11:30Z</time>
   </trkpt>
   <trkpt lat="48.4364090" lon="7.4037860">
    <ele>759.1</ele>
    <time>2024-10-24T10:11:31Z</time>
   </trkpt>
   <trkpt lat="48.4364010" lon="7.4037750">
    <ele>759.1</ele>
    <time>2024-10-24T10:11:32Z</time>
   </trkpt>
   <trkpt lat="48.4363980" lon="7.4037620">
    <ele>759.1</ele>
    <time>2024-10-24T10:11:33Z</time>
   </trkpt>
   <trkpt lat="48.4363910" lon="7.4037470">
    <ele>759.1</ele>
    <time>2024-10-24T10:11:34Z</time>
   </trkpt>
   <trkpt lat="48.4363860" lon="7.4037350">
    <ele>759.1</ele>
    <time>2024-10-24T10:11:35Z</time>
   </trkpt>
   <trkpt lat="48.4363790" lon="7.4037260">
    <ele>759.1</ele>
    <time>2024-10-24T10:11:36Z</time>
   </trkpt>
   <trkpt lat="48.4363730" lon="7.4037310">
    <ele>759.1</ele>
    <time>2024-10-24T10:11:37Z</time>
   </trkpt>
   <trkpt lat="48.4363810" lon="7.4037390">
    <ele>759.1</ele>
    <time>2024-10-24T10:11:38Z</time>
   </trkpt>
   <trkpt lat="48.4363820" lon="7.4037260">
    <ele>759.1</ele>
    <time>2024-10-24T10:11:39Z</time>
   </trkpt>
   <trkpt lat="48.4363730" lon="7.4037130">
    <ele>759.0</ele>
    <time>2024-10-24T10:11:40Z</time>
   </trkpt>
   <trkpt lat="48.4363630" lon="7.4037040">
    <ele>759.0</ele>
    <time>2024-10-24T10:11:41Z</time>
   </trkpt>
   <trkpt lat="48.4363530" lon="7.4036970">
    <ele>759.0</ele>
    <time>2024-10-24T10:11:42Z</time>
   </trkpt>
   <trkpt lat="48.4363450" lon="7.4036880">
    <ele>759.0</ele>
    <time>2024-10-24T10:11:43Z</time>
   </trkpt>
   <trkpt lat="48.4363400" lon="7.4036790">
    <ele>759.0</ele>
    <time>2024-10-24T10:11:44Z</time>
   </trkpt>
   <trkpt lat="48.4363360" lon="7.4036690">
    <ele>759.0</ele>
    <time>2024-10-24T10:11:45Z</time>
   </trkpt>
   <trkpt lat="48.4363350" lon="7.4036610">
    <ele>759.0</ele>
    <time>2024-10-24T10:11:46Z</time>
   </trkpt>
   <trkpt lat="48.4363310" lon="7.4036510">
    <ele>759.0</ele>
    <time>2024-10-24T10:11:47Z</time>
   </trkpt>
   <trkpt lat="48.4363270" lon="7.4036380">
    <ele>759.0</ele>
    <time>2024-10-24T10:11:48Z</time>
   </trkpt>
   <trkpt lat="48.4363200" lon="7.4036270">
    <ele>759.0</ele>
    <time>2024-10-24T10:11:49Z</time>
   </trkpt>
   <trkpt lat="48.4363140" lon="7.4036220">
    <ele>758.9</ele>
    <time>2024-10-24T10:11:50Z</time>
   </trkpt>
   <trkpt lat="48.4363060" lon="7.4036170">
    <ele>758.9</ele>
    <time>2024-10-24T10:11:51Z</time>
   </trkpt>
   <trkpt lat="48.4363020" lon="7.4036070">
    <ele>758.9</ele>
    <time>2024-10-24T10:11:52Z</time>
   </trkpt>
   <trkpt lat="48.4362990" lon="7.4035950">
    <ele>758.9</ele>
    <time>2024-10-24T10:11:53Z</time>
   </trkpt>
   <trkpt lat="48.4362950" lon="7.4035790">
    <ele>758.9</ele>
    <time>2024-10-24T10:11:54Z</time>
   </trkpt>
   <trkpt lat="48.4362890" lon="7.4035640">
    <ele>758.8</ele>
    <time>2024-10-24T10:11:55Z</time>
   </trkpt>
   <trkpt lat="48.4362800" lon="7.4035560">
    <ele>758.8</ele>
    <time>2024-10-24T10:11:56Z</time>
   </trkpt>
   <trkpt lat="48.4362620" lon="7.4035500">
    <ele>758.8</ele>
    <time>2024-10-24T10:11:57Z</time>
   </trkpt>
   <trkpt lat="48.4362530" lon="7.4035510">
    <ele>758.7</ele>
    <time>2024-10-24T10:11:58Z</time>
   </trkpt>
   <trkpt lat="48.4362450" lon="7.4035520">
    <ele>758.7</ele>
    <time>2024-10-24T10:11:59Z</time>
   </trkpt>
   <trkpt lat="48.4362330" lon="7.4035590">
    <ele>758.7</ele>
    <time>2024-10-24T10:12:00Z</time>
   </trkpt>
   <trkpt lat="48.4362170" lon="7.4035600">
    <ele>758.6</ele>
    <time>2024-10-24T10:12:01Z</time>
   </trkpt>
   <trkpt lat="48.4362030" lon="7.4035620">
    <ele>758.6</ele>
    <time>2024-10-24T10:12:02Z</time>
   </trkpt>
   <trkpt lat="48.4361860" lon="7.4035740">
    <ele>758.5</ele>
    <time>2024-10-24T10:12:03Z</time>
   </trkpt>
   <trkpt lat="48.4361610" lon="7.4035900">
    <ele>758.4</ele>
    <time>2024-10-24T10:12:04Z</time>
   </trkpt>
   <trkpt lat="48.4361550" lon="7.4035900">
    <ele>758.4</ele>
    <time>2024-10-24T10:12:05Z</time>
   </trkpt>
   <trkpt lat="48.4361460" lon="7.4035880">
    <ele>758.4</ele>
    <time>2024-10-24T10:12:06Z</time>
   </trkpt>
   <trkpt lat="48.4361360" lon="7.4035870">
    <ele>758.3</ele>
    <time>2024-10-24T10:12:07Z</time>
   </trkpt>
   <trkpt lat="48.4361260" lon="7.4035860">
    <ele>758.3</ele>
    <time>2024-10-24T10:12:08Z</time>
   </trkpt>
   <trkpt lat="48.4361110" lon="7.4035880">
    <ele>758.2</ele>
    <time>2024-10-24T10:12:09Z</time>
   </trkpt>
   <trkpt lat="48.4361030" lon="7.4035890">
    <ele>758.2</ele>
    <time>2024-10-24T10:12:10Z</time>
   </trkpt>
   <trkpt lat="48.4360960" lon="7.4035900">
    <ele>758.1</ele>
    <time>2024-10-24T10:12:11Z</time>
   </trkpt>
   <trkpt lat="48.4360890" lon="7.4035910">
    <ele>758.1</ele>
    <time>2024-10-24T10:12:12Z</time>
   </trkpt>
   <trkpt lat="48.4360730" lon="7.4036000">
    <ele>758.0</ele>
    <time>2024-10-24T10:12:13Z</time>
   </trkpt>
   <trkpt lat="48.4360560" lon="7.4036040">
    <ele>757.9</ele>
    <time>2024-10-24T10:12:14Z</time>
   </trkpt>
   <trkpt lat="48.4360460" lon="7.4036080">
    <ele>757.9</ele>
    <time>2024-10-24T10:12:15Z</time>
   </trkpt>
   <trkpt lat="48.4360360" lon="7.4036150">
    <ele>757.8</ele>
    <time>2024-10-24T10:12:16Z</time>
   </trkpt>
   <trkpt lat="48.4360250" lon="7.4036200">
    <ele>757.8</ele>
    <time>2024-10-24T10:12:17Z</time>
   </trkpt>
   <trkpt lat="48.4360140" lon="7.4036230">
    <ele>757.7</ele>
    <time>2024-10-24T10:12:18Z</time>
   </trkpt>
   <trkpt lat="48.4360020" lon="7.4036240">
    <ele>757.6</ele>
    <time>2024-10-24T10:12:19Z</time>
   </trkpt>
   <trkpt lat="48.4359910" lon="7.4036250">
    <ele>757.6</ele>
    <time>2024-10-24T10:12:20Z</time>
   </trkpt>
   <trkpt lat="48.4359820" lon="7.4036260">
    <ele>757.5</ele>
    <time>2024-10-24T10:12:21Z</time>
   </trkpt>
   <trkpt lat="48.4359700" lon="7.4036250">
    <ele>757.4</ele>
    <time>2024-10-24T10:12:22Z</time>
   </trkpt>
   <trkpt lat="48.4359590" lon="7.4036230">
    <ele>757.4</ele>
    <time>2024-10-24T10:12:23Z</time>
   </trkpt>
   <trkpt lat="48.4359390" lon="7.4036200">
    <ele>757.2</ele>
    <time>2024-10-24T10:12:24Z</time>
   </trkpt>
   <trkpt lat="48.4359310" lon="7.4036200">
    <ele>757.2</ele>
    <time>2024-10-24T10:12:25Z</time>
   </trkpt>
   <trkpt lat="48.4359230" lon="7.4036200">
    <ele>757.1</ele>
    <time>2024-10-24T10:12:26Z</time>
   </trkpt>
   <trkpt lat="48.4359110" lon="7.4036240">
    <ele>757.0</ele>
    <time>2024-10-24T10:12:27Z</time>
   </trkpt>
   <trkpt lat="48.4358980" lon="7.4036230">
    <ele>757.0</ele>
    <time>2024-10-24T10:12:28Z</time>
   </trkpt>
   <trkpt lat="48.4358880" lon="7.4036200">
    <ele>756.9</ele>
    <time>2024-10-24T10:12:29Z</time>
   </trkpt>
   <trkpt lat="48.4358780" lon="7.4036200">
    <ele>756.8</ele>
    <time>2024-10-24T10:12:30Z</time>
   </trkpt>
   <trkpt lat="48.4358690" lon="7.4036220">
    <ele>756.8</ele>
    <time>2024-10-24T10:12:31Z</time>
   </trkpt>
   <trkpt lat="48.4358600" lon="7.4036200">
    <ele>756.7</ele>
    <time>2024-10-24T10:12:32Z</time>
   </trkpt>
   <trkpt lat="48.4358460" lon="7.4036100">
    <ele>756.6</ele>
    <time>2024-10-24T10:12:33Z</time>
   </trkpt>
   <trkpt lat="48.4358390" lon="7.4036060">
    <ele>756.6</ele>
    <time>2024-10-24T10:12:34Z</time>
   </trkpt>
   <trkpt lat="48.4358330" lon="7.4036030">
    <ele>756.5</ele>
    <time>2024-10-24T10:12:35Z</time>
   </trkpt>
   <trkpt lat="48.4358260" lon="7.4035990">
    <ele>756.5</ele>
    <time>2024-10-24T10:12:36Z</time>
   </trkpt>
   <trkpt lat="48.4358160" lon="7.4035940">
    <ele>756.4</ele>
    <time>2024-10-24T10:12:37Z</time>
   </trkpt>
   <trkpt lat="48.4358050" lon="7.4035870">
    <ele>756.3</ele>
    <time>2024-10-24T10:12:38Z</time>
   </trkpt>
   <trkpt lat="48.4357940" lon="7.4035830">
    <ele>756.3</ele>
    <time>2024-10-24T10:12:39Z</time>
   </trkpt>
   <trkpt lat="48.4357830" lon="7.4035810">
    <ele>756.2</ele>
    <time>2024-10-24T10:12:40Z</time>
   </trkpt>
   <trkpt lat="48.4357760" lon="7.4035770">
    <ele>756.2</ele>
    <time>2024-10-24T10:12:41Z</time>
   </trkpt>
   <trkpt lat="48.4357670" lon="7.4035700">
    <ele>756.1</ele>
    <time>2024-10-24T10:12:42Z</time>
   </trkpt>
   <trkpt lat="48.4357590" lon="7.4035630">
    <ele>756.0</ele>
    <time>2024-10-24T10:12:43Z</time>
   </trkpt>
   <trkpt lat="48.4357500" lon="7.4035560">
    <ele>756.0</ele>
    <time>2024-10-24T10:12:44Z</time>
   </trkpt>
   <trkpt lat="48.4357440" lon="7.4035470">
    <ele>756.0</ele>
    <time>2024-10-24T10:12:45Z</time>
   </trkpt>
   <trkpt lat="48.4357380" lon="7.4035350">
    <ele>755.9</ele>
    <time>2024-10-24T10:12:46Z</time>
   </trkpt>
   <trkpt lat="48.4357340" lon="7.4035230">
    <ele>755.9</ele>
    <time>2024-10-24T10:12:47Z</time>
   </trkpt>
   <trkpt lat="48.4357310" lon="7.4035070">
    <ele>755.8</ele>
    <time>2024-10-24T10:12:48Z</time>
   </trkpt>
   <trkpt lat="48.4357240" lon="7.4034930">
    <ele>755.8</ele>
    <time>2024-10-24T10:12:49Z</time>
   </trkpt>
   <trkpt lat="48.4357220" lon="7.4034770">
    <ele>755.7</ele>
    <time>2024-10-24T10:12:50Z</time>
   </trkpt>
   <trkpt lat="48.4357170" lon="7.4034610">
    <ele>755.7</ele>
    <time>2024-10-24T10:12:51Z</time>
   </trkpt>
   <trkpt lat="48.4357100" lon="7.4034490">
    <ele>755.6</ele>
    <time>2024-10-24T10:12:52Z</time>
   </trkpt>
   <trkpt lat="48.4357020" lon="7.4034370">
    <ele>755.6</ele>
    <time>2024-10-24T10:12:53Z</time>
   </trkpt>
   <trkpt lat="48.4356950" lon="7.4034260">
    <ele>755.5</ele>
    <time>2024-10-24T10:12:54Z</time>
   </trkpt>
   <trkpt lat="48.4356920" lon="7.4034150">
    <ele>755.5</ele>
    <time>2024-10-24T10:12:55Z</time>
   </trkpt>
   <trkpt lat="48.4356850" lon="7.4034030">
    <ele>755.5</ele>
    <time>2024-10-24T10:12:56Z</time>
   </trkpt>
   <trkpt lat="48.4356800" lon="7.4033900">
    <ele>755.4</ele>
    <time>2024-10-24T10:12:57Z</time>
   </trkpt>
   <trkpt lat="48.4356770" lon="7.4033750">
    <ele>755.4</ele>
    <time>2024-10-24T10:12:58Z</time>
   </trkpt>
   <trkpt lat="48.4356710" lon="7.4033600">
    <ele>755.4</ele>
    <time>2024-10-24T10:12:59Z</time>
   </trkpt>
   <trkpt lat="48.4356670" lon="7.4033480">
    <ele>755.3</ele>
    <time>2024-10-24T10:13:00Z</time>
   </trkpt>
   <trkpt lat="48.4356610" lon="7.4033350">
    <ele>755.3</ele>
    <time>2024-10-24T10:13:01Z</time>
   </trkpt>
   <trkpt lat="48.4356590" lon="7.4033220">
    <ele>755.3</ele>
    <time>2024-10-24T10:13:02Z</time>
   </trkpt>
   <trkpt lat="48.4356530" lon="7.4033060">
    <ele>755.2</ele>
    <time>2024-10-24T10:13:03Z</time>
   </trkpt>
   <trkpt lat="48.4356510" lon="7.4032910">
    <ele>755.2</ele>
    <time>2024-10-24T10:13:04Z</time>
   </trkpt>
   <trkpt lat="48.4356480" lon="7.4032800">
    <ele>755.2</ele>
    <time>2024-10-24T10:13:05Z</time>
   </trkpt>
   <trkpt lat="48.4356440" lon="7.4032670">
    <ele>755.2</ele>
    <time>2024-10-24T10:13:06Z</time>
   </trkpt>
   <trkpt lat="48.4356380" lon="7.4032530">
    <ele>755.1</ele>
    <time>2024-10-24T10:13:07Z</time>
   </trkpt>
   <trkpt lat="48.4356320" lon="7.4032400">
    <ele>755.1</ele>
    <time>2024-10-24T10:13:08Z</time>
   </trkpt>
   <trkpt lat="48.4356260" lon="7.4032260">
    <ele>755.1</ele>
    <time>2024-10-24T10:13:09Z</time>
   </trkpt>
   <trkpt lat="48.4356170" lon="7.4032070">
    <ele>755.1</ele>
    <time>2024-10-24T10:13:10Z</time>
   </trkpt>
   <trkpt lat="48.4356130" lon="7.4031980">
    <ele>755.0</ele>
    <time>2024-10-24T10:13:11Z</time>
   </trkpt>
   <trkpt lat="48.4356100" lon="7.4031890">
    <ele>755.0</ele>
    <time>2024-10-24T10:13:12Z</time>
   </trkpt>
   <trkpt lat="48.4356060" lon="7.4031800">
    <ele>755.0</ele>
    <time>2024-10-24T10:13:13Z</time>
   </trkpt>
   <trkpt lat="48.4356000" lon="7.4031690">
    <ele>755.0</ele>
    <time>2024-10-24T10:13:14Z</time>
   </trkpt>
   <trkpt lat="48.4355930" lon="7.4031610">
    <ele>755.0</ele>
    <time>2024-10-24T10:13:15Z</time>
   </trkpt>
   <trkpt lat="48.4355850" lon="7.4031520">
    <ele>755.0</ele>
    <time>2024-10-24T10:13:16Z</time>
   </trkpt>
   <trkpt lat="48.4355770" lon="7.4031460">
    <ele>755.0</ele>
    <time>2024-10-24T10:13:17Z</time>
   </trkpt>
   <trkpt lat="48.4355700" lon="7.4031350">
    <ele>754.9</ele>
    <time>2024-10-24T10:13:18Z</time>
   </trkpt>
   <trkpt lat="48.4355600" lon="7.4031240">
    <ele>754.9</ele>
    <time>2024-10-24T10:13:19Z</time>
   </trkpt>
   <trkpt lat="48.4355490" lon="7.4031130">
    <ele>754.9</ele>
    <time>2024-10-24T10:13:20Z</time>
   </trkpt>
   <trkpt lat="48.4355440" lon="7.4031080">
    <ele>754.9</ele>
    <time>2024-10-24T10:13:21Z</time>
   </trkpt>
   <trkpt lat="48.4355390" lon="7.4031040">
    <ele>754.9</ele>
    <time>2024-10-24T10:13:22Z</time>
   </trkpt>
   <trkpt lat="48.4355340" lon="7.4030990">
    <ele>754.9</ele>
    <time>2024-10-24T10:13:23Z</time>
   </trkpt>
   <trkpt lat="48.4355290" lon="7.4030940">
    <ele>754.9</ele>
    <time>2024-10-24T10:13:24Z</time>
   </trkpt>
   <trkpt lat="48.4355220" lon="7.4030870">
    <ele>754.9</ele>
    <time>2024-10-24T10:13:25Z</time>
   </trkpt>
   <trkpt lat="48.4355160" lon="7.4030780">
    <ele>755.0</ele>
    <time>2024-10-24T10:13:26Z</time>
   </trkpt>
   <trkpt lat="48.4355080" lon="7.4030680">
    <ele>755.0</ele>
    <time>2024-10-24T10:13:27Z</time>
   </trkpt>
   <trkpt lat="48.4355010" lon="7.4030580">
    <ele>755.0</ele>
    <time>2024-10-24T10:13:28Z</time>
   </trkpt>
   <trkpt lat="48.4354920" lon="7.4030490">
    <ele>755.0</ele>
    <time>2024-10-24T10:13:29Z</time>
   </trkpt>
   <trkpt lat="48.4354840" lon="7.4030420">
    <ele>755.0</ele>
    <time>2024-10-24T10:13:30Z</time>
   </trkpt>
   <trkpt lat="48.4354770" lon="7.4030310">
    <ele>755.0</ele>
    <time>2024-10-24T10:13:31Z</time>
   </trkpt>
   <trkpt lat="48.4354700" lon="7.4030200">
    <ele>755.0</ele>
    <time>2024-10-24T10:13:32Z</time>
   </trkpt>
   <trkpt lat="48.4354620" lon="7.4030110">
    <ele>755.1</ele>
    <time>2024-10-24T10:13:33Z</time>
   </trkpt>
   <trkpt lat="48.4354540" lon="7.4029990">
    <ele>755.1</ele>
    <time>2024-10-24T10:13:34Z</time>
   </trkpt>
   <trkpt lat="48.4354490" lon="7.4029890">
    <ele>755.1</ele>
    <time>2024-10-24T10:13:35Z</time>
   </trkpt>
   <trkpt lat="48.4354440" lon="7.4029790">
    <ele>755.1</ele>
    <time>2024-10-24T10:13:36Z</time>
   </trkpt>
   <trkpt lat="48.4354390" lon="7.4029690">
    <ele>755.2</ele>
    <time>2024-10-24T10:13:37Z</time>
   </trkpt>
   <trkpt lat="48.4354330" lon="7.4029590">
    <ele>755.2</ele>
    <time>2024-10-24T10:13:38Z</time>
   </trkpt>
   <trkpt lat="48.4354260" lon="7.4029470">
    <ele>755.2</ele>
    <time>2024-10-24T10:13:39Z</time>
   </trkpt>
   <trkpt lat="48.4354220" lon="7.4029390">
    <ele>755.3</ele>
    <time>2024-10-24T10:13:40Z</time>
   </trkpt>
   <trkpt lat="48.4354180" lon="7.4029280">
    <ele>755.3</ele>
    <time>2024-10-24T10:13:41Z</time>
   </trkpt>
   <trkpt lat="48.4354140" lon="7.4029170">
    <ele>755.3</ele>
    <time>2024-10-24T10:13:42Z</time>
   </trkpt>
   <trkpt lat="48.4354090" lon="7.4029060">
    <ele>755.4</ele>
    <time>2024-10-24T10:13:43Z</time>
   </trkpt>
   <trkpt lat="48.4353960" lon="7.4028910">
    <ele>755.4</ele>
    <time>2024-10-24T10:13:44Z</time>
   </trkpt>
   <trkpt lat="48.4353900" lon="7.4028860">
    <ele>755.5</ele>
    <time>2024-10-24T10:13:45Z</time>
   </trkpt>
   <trkpt lat="48.4353840" lon="7.4028810">
    <ele>755.5</ele>
    <time>2024-10-24T10:13:46Z</time>
   </trkpt>
   <trkpt lat="48.4353780" lon="7.4028760">
    <ele>755.6</ele>
    <time>2024-10-24T10:13:47Z</time>
   </trkpt>
   <trkpt lat="48.4353680" lon="7.4028690">
    <ele>755.6</ele>
    <time>2024-10-24T10:13:48Z</time>
   </trkpt>
   <trkpt lat="48.4353570" lon="7.4028600">
    <ele>755.7</ele>
    <time>2024-10-24T10:13:49Z</time>
   </trkpt>
   <trkpt lat="48.4353490" lon="7.4028540">
    <ele>755.7</ele>
    <time>2024-10-24T10:13:50Z</time>
   </trkpt>
   <trkpt lat="48.4353390" lon="7.4028440">
    <ele>755.8</ele>
    <time>2024-10-24T10:13:51Z</time>
   </trkpt>
   <trkpt lat="48.4353310" lon="7.4028340">
    <ele>755.9</ele>
    <time>2024-10-24T10:13:52Z</time>
   </trkpt>
   <trkpt lat="48.4353210" lon="7.4028260">
    <ele>755.9</ele>
    <time>2024-10-24T10:13:53Z</time>
   </trkpt>
   <trkpt lat="48.4353110" lon="7.4028200">
    <ele>756.0</ele>
    <time>2024-10-24T10:13:54Z</time>
   </trkpt>
   <trkpt lat="48.4353010" lon="7.4028130">
    <ele>756.1</ele>
    <time>2024-10-24T10:13:55Z</time>
   </trkpt>
   <trkpt lat="48.4352930" lon="7.4028050">
    <ele>756.1</ele>
    <time>2024-10-24T10:13:56Z</time>
   </trkpt>
   <trkpt lat="48.4352860" lon="7.4027960">
    <ele>756.2</ele>
    <time>2024-10-24T10:13:57Z</time>
   </trkpt>
   <trkpt lat="48.4352780" lon="7.4027860">
    <ele>756.3</ele>
    <time>2024-10-24T10:13:58Z</time>
   </trkpt>
   <trkpt lat="48.4352700" lon="7.4027790">
    <ele>756.3</ele>
    <time>2024-10-24T10:13:59Z</time>
   </trkpt>
   <trkpt lat="48.4352620" lon="7.4027750">
    <ele>756.4</ele>
    <time>2024-10-24T10:14:00Z</time>
   </trkpt>
   <trkpt lat="48.4352550" lon="7.4027680">
    <ele>756.5</ele>
    <time>2024-10-24T10:14:01Z</time>
   </trkpt>
   <trkpt lat="48.4352480" lon="7.4027600">
    <ele>756.5</ele>
    <time>2024-10-24T10:14:02Z</time>
   </trkpt>
   <trkpt lat="48.4352410" lon="7.4027500">
    <ele>756.6</ele>
    <time>2024-10-24T10:14:03Z</time>
   </trkpt>
   <trkpt lat="48.4352310" lon="7.4027380">
    <ele>756.7</ele>
    <time>2024-10-24T10:14:04Z</time>
   </trkpt>
   <trkpt lat="48.4352260" lon="7.4027320">
    <ele>756.7</ele>
    <time>2024-10-24T10:14:05Z</time>
   </trkpt>
   <trkpt lat="48.4352180" lon="7.4027250">
    <ele>756.8</ele>
    <time>2024-10-24T10:14:06Z</time>
   </trkpt>
   <trkpt lat="48.4352100" lon="7.4027190">
    <ele>756.9</ele>
    <time>2024-10-24T10:14:07Z</time>
   </trkpt>
   <trkpt lat="48.4352020" lon="7.4027110">
    <ele>756.9</ele>
    <time>2024-10-24T10:14:08Z</time>
   </trkpt>
   <trkpt lat="48.4351950" lon="7.4027020">
    <ele>757.0</ele>
    <time>2024-10-24T10:14:09Z</time>
   </trkpt>
   <trkpt lat="48.4351880" lon="7.4026940">
    <ele>757.1</ele>
    <time>2024-10-24T10:14:10Z</time>
   </trkpt>
   <trkpt lat="48.4351810" lon="7.4026870">
    <ele>757.1</ele>
    <time>2024-10-24T10:14:11Z</time>
   </trkpt>
   <trkpt lat="48.4351750" lon="7.4026820">
    <ele>757.2</ele>
    <time>2024-10-24T10:14:12Z</time>
   </trkpt>
   <trkpt lat="48.4351690" lon="7.4026820">
    <ele>757.2</ele>
    <time>2024-10-24T10:14:13Z</time>
   </trkpt>
   <trkpt lat="48.4351610" lon="7.4026820">
    <ele>757.3</ele>
    <time>2024-10-24T10:14:14Z</time>
   </trkpt>
   <trkpt lat="48.4351550" lon="7.4026790">
    <ele>757.3</ele>
    <time>2024-10-24T10:14:15Z</time>
   </trkpt>
   <trkpt lat="48.4351470" lon="7.4026740">
    <ele>757.4</ele>
    <time>2024-10-24T10:14:16Z</time>
   </trkpt>
   <trkpt lat="48.4351380" lon="7.4026670">
    <ele>757.5</ele>
    <time>2024-10-24T10:14:17Z</time>
   </trkpt>
   <trkpt lat="48.4351310" lon="7.4026610">
    <ele>757.5</ele>
    <time>2024-10-24T10:14:18Z</time>
   </trkpt>
   <trkpt lat="48.4351220" lon="7.4026520">
    <ele>757.6</ele>
    <time>2024-10-24T10:14:19Z</time>
   </trkpt>
   <trkpt lat="48.4351160" lon="7.4026450">
    <ele>757.7</ele>
    <time>2024-10-24T10:14:20Z</time>
   </trkpt>
   <trkpt lat="48.4351090" lon="7.4026390">
    <ele>757.7</ele>
    <time>2024-10-24T10:14:21Z</time>
   </trkpt>
   <trkpt lat="48.4351010" lon="7.4026330">
    <ele>757.8</ele>
    <time>2024-10-24T10:14:22Z</time>
   </trkpt>
   <trkpt lat="48.4350940" lon="7.4026260">
    <ele>757.8</ele>
    <time>2024-10-24T10:14:23Z</time>
   </trkpt>
   <trkpt lat="48.4350850" lon="7.4026160">
    <ele>757.9</ele>
    <time>2024-10-24T10:14:24Z</time>
   </trkpt>
   <trkpt lat="48.4350770" lon="7.4026110">
    <ele>758.0</ele>
    <time>2024-10-24T10:14:25Z</time>
   </trkpt>
   <trkpt lat="48.4350710" lon="7.4026040">
    <ele>758.0</ele>
    <time>2024-10-24T10:14:26Z</time>
   </trkpt>
   <trkpt lat="48.4350630" lon="7.4025970">
    <ele>758.1</ele>
    <time>2024-10-24T10:14:27Z</time>
   </trkpt>
   <trkpt lat="48.4350560" lon="7.4025890">
    <ele>758.1</ele>
    <time>2024-10-24T10:14:28Z</time>
   </trkpt>
   <trkpt lat="48.4350460" lon="7.4025770">
    <ele>758.2</ele>
    <time>2024-10-24T10:14:29Z</time>
   </trkpt>
   <trkpt lat="48.4350390" lon="7.4025770">
    <ele>758.2</ele>
    <time>2024-10-24T10:14:30Z</time>
   </trkpt>
   <trkpt lat="48.4350310" lon="7.4025750">
    <ele>758.3</ele>
    <time>2024-10-24T10:14:31Z</time>
   </trkpt>
   <trkpt lat="48.4350240" lon="7.4025710">
    <ele>758.3</ele>
    <time>2024-10-24T10:14:32Z</time>
   </trkpt>
   <trkpt lat="48.4350150" lon="7.4025680">
    <ele>758.4</ele>
    <time>2024-10-24T10:14:33Z</time>
   </trkpt>
   <trkpt lat="48.4350040" lon="7.4025630">
    <ele>758.4</ele>
    <time>2024-10-24T10:14:34Z</time>
   </trkpt>
   <trkpt lat="48.4349990" lon="7.4025600">
    <ele>758.4</ele>
    <time>2024-10-24T10:14:35Z</time>
   </trkpt>
   <trkpt lat="48.4349890" lon="7.4025570">
    <ele>758.5</ele>
    <time>2024-10-24T10:14:36Z</time>
   </trkpt>
   <trkpt lat="48.4349800" lon="7.4025550">
    <ele>758.5</ele>
    <time>2024-10-24T10:14:37Z</time>
   </trkpt>
   <trkpt lat="48.4349710" lon="7.4025510">
    <ele>758.6</ele>
    <time>2024-10-24T10:14:38Z</time>
   </trkpt>
   <trkpt lat="48.4349610" lon="7.4025440">
    <ele>758.6</ele>
    <time>2024-10-24T10:14:39Z</time>
   </trkpt>
   <trkpt lat="48.4349550" lon="7.4025380">
    <ele>758.6</ele>
    <time>2024-10-24T10:14:40Z</time>
   </trkpt>
   <trkpt lat="48.4349490" lon="7.4025310">
    <ele>758.7</ele>
    <time>2024-10-24T10:14:41Z</time>
   </trkpt>
   <trkpt lat="48.4349410" lon="7.4025280">
    <ele>758.7</ele>
    <time>2024-10-24T10:14:42Z</time>
   </trkpt>
   <trkpt lat="48.4349340" lon="7.4025270">
    <ele>758.7</ele>
    <time>2024-10-24T10:14:43Z</time>
   </trkpt>
   <trkpt lat="48.4349250" lon="7.4025240">
    <ele>758.8</ele>
    <time>2024-10-24T10:14:44Z</time>
   </trkpt>
   <trkpt lat="48.4349180" lon="7.4025200">
    <ele>758.8</ele>
    <time>2024-10-24T10:14:45Z</time>
   </trkpt>
   <trkpt lat="48.4349100" lon="7.4025180">
    <ele>758.8</ele>
    <time>2024-10-24T10:14:46Z</time>
   </trkpt>
   <trkpt lat="48.4349020" lon="7.4025160">
    <ele>758.9</ele>
    <time>2024-10-24T10:14:47Z</time>
   </trkpt>
   <trkpt lat="48.4348940" lon="7.4025150">
    <ele>758.9</ele>
    <time>2024-10-24T10:14:48Z</time>
   </trkpt>
   <trkpt lat="48.4348830" lon="7.4025120">
    <ele>759.0</ele>
    <time>2024-10-24T10:14:49Z</time>
   </trkpt>
   <trkpt lat="48.4348800" lon="7.4025190">
    <ele>759.1</ele>
    <time>2024-10-24T10:14:50Z</time>
   </trkpt>
   <trkpt lat="48.4348750" lon="7.4025270">
    <ele>759.1</ele>
    <time>2024-10-24T10:14:51Z</time>
   </trkpt>
   <trkpt lat="48.4348700" lon="7.4025260">
    <ele>759.1</ele>
    <time>2024-10-24T10:14:52Z</time>
   </trkpt>
   <trkpt lat="48.4348680" lon="7.4025260">
    <ele>759.1</ele>
    <time>2024-10-24T10:14:53Z</time>
   </trkpt>
   <trkpt lat="48.4348630" lon="7.4025250">
    <ele>759.2</ele>
    <time>2024-10-24T10:14:54Z</time>
   </trkpt>
   <trkpt lat="48.4348610" lon="7.4025230">
    <ele>759.2</ele>
    <time>2024-10-24T10:14:55Z</time>
   </trkpt>
   <trkpt lat="48.4348570" lon="7.4025220">
    <ele>759.2</ele>
    <time>2024-10-24T10:14:56Z</time>
   </trkpt>
   <trkpt lat="48.4348520" lon="7.4025210">
    <ele>759.3</ele>
    <time>2024-10-24T10:14:57Z</time>
   </trkpt>
   <trkpt lat="48.4348490" lon="7.4025190">
    <ele>759.3</ele>
    <time>2024-10-24T10:14:58Z</time>
   </trkpt>
   <trkpt lat="48.4348430" lon="7.4025140">
    <ele>759.3</ele>
    <time>2024-10-24T10:14:59Z</time>
   </trkpt>
   <trkpt lat="48.4348360" lon="7.4025090">
    <ele>759.4</ele>
    <time>2024-10-24T10:15:00Z</time>
   </trkpt>
   <trkpt lat="48.4348290" lon="7.4025050">
    <ele>759.4</ele>
    <time>2024-10-24T10:15:01Z</time>
   </trkpt>
   <trkpt lat="48.4348200" lon="7.4025020">
    <ele>759.5</ele>
    <time>2024-10-24T10:15:02Z</time>
   </trkpt>
   <trkpt lat="48.4348090" lon="7.4025000">
    <ele>759.6</ele>
    <time>2024-10-24T10:15:03Z</time>
   </trkpt>
   <trkpt lat="48.4347970" lon="7.4024980">
    <ele>759.6</ele>
    <time>2024-10-24T10:15:04Z</time>
   </trkpt>
   <trkpt lat="48.4347880" lon="7.4024950">
    <ele>759.7</ele>
    <time>2024-10-24T10:15:05Z</time>
   </trkpt>
   <trkpt lat="48.4347800" lon="7.4024940">
    <ele>759.8</ele>
    <time>2024-10-24T10:15:06Z</time>
   </trkpt>
   <trkpt lat="48.4347680" lon="7.4024930">
    <ele>759.9</ele>
    <time>2024-10-24T10:15:07Z</time>
   </trkpt>
   <trkpt lat="48.4347590" lon="7.4024920">
    <ele>759.9</ele>
    <time>2024-10-24T10:15:08Z</time>
   </trkpt>
   <trkpt lat="48.4347490" lon="7.4024840">
    <ele>760.0</ele>
    <time>2024-10-24T10:15:09Z</time>
   </trkpt>
   <trkpt lat="48.4347440" lon="7.4024760">
    <ele>760.0</ele>
    <time>2024-10-24T10:15:10Z</time>
   </trkpt>
   <trkpt lat="48.4347400" lon="7.4024670">
    <ele>760.1</ele>
    <time>2024-10-24T10:15:11Z</time>
   </trkpt>
   <trkpt lat="48.4347390" lon="7.4024600">
    <ele>760.1</ele>
    <time>2024-10-24T10:15:12Z</time>
   </trkpt>
   <trkpt lat="48.4347370" lon="7.4024520">
    <ele>760.2</ele>
    <time>2024-10-24T10:15:13Z</time>
   </trkpt>
   <trkpt lat="48.4347310" lon="7.4024440">
    <ele>760.2</ele>
    <time>2024-10-24T10:15:14Z</time>
   </trkpt>
   <trkpt lat="48.4347280" lon="7.4024360">
    <ele>760.3</ele>
    <time>2024-10-24T10:15:15Z</time>
   </trkpt>
   <trkpt lat="48.4347240" lon="7.4024260">
    <ele>760.3</ele>
    <time>2024-10-24T10:15:16Z</time>
   </trkpt>
   <trkpt lat="48.4347210" lon="7.4024140">
    <ele>760.4</ele>
    <time>2024-10-24T10:15:17Z</time>
   </trkpt>
   <trkpt lat="48.4347160" lon="7.4024040">
    <ele>760.4</ele>
    <time>2024-10-24T10:15:18Z</time>
   </trkpt>
   <trkpt lat="48.4347120" lon="7.4023970">
    <ele>760.5</ele>
    <time>2024-10-24T10:15:19Z</time>
   </trkpt>
   <trkpt lat="48.4347090" lon="7.4023910">
    <ele>760.5</ele>
    <time>2024-10-24T10:15:20Z</time>
   </trkpt>
   <trkpt lat="48.4347050" lon="7.4023860">
    <ele>760.6</ele>
    <time>2024-10-24T10:15:21Z</time>
   </trkpt>
   <trkpt lat="48.4347000" lon="7.4023800">
    <ele>760.6</ele>
    <time>2024-10-24T10:15:22Z</time>
   </trkpt>
   <trkpt lat="48.4346950" lon="7.4023760">
    <ele>760.6</ele>
    <time>2024-10-24T10:15:23Z</time>
   </trkpt>
   <trkpt lat="48.4346890" lon="7.4023710">
    <ele>760.7</ele>
    <time>2024-10-24T10:15:24Z</time>
   </trkpt>
   <trkpt lat="48.4346860" lon="7.4023690">
    <ele>760.7</ele>
    <time>2024-10-24T10:15:25Z</time>
   </trkpt>
   <trkpt lat="48.4346820" lon="7.4023670">
    <ele>760.7</ele>
    <time>2024-10-24T10:15:26Z</time>
   </trkpt>
   <trkpt lat="48.4346770" lon="7.4023650">
    <ele>760.8</ele>
    <time>2024-10-24T10:15:27Z</time>
   </trkpt>
   <trkpt lat="48.4346710" lon="7.4023620">
    <ele>760.8</ele>
    <time>2024-10-24T10:15:28Z</time>
   </trkpt>
   <trkpt lat="48.4346630" lon="7.4023550">
    <ele>760.9</ele>
    <time>2024-10-24T10:15:29Z</time>
   </trkpt>
   <trkpt lat="48.4346600" lon="7.4023530">
    <ele>760.9</ele>
    <time>2024-10-24T10:15:30Z</time>
   </trkpt>
   <trkpt lat="48.4346550" lon="7.4023490">
    <ele>760.9</ele>
    <time>2024-10-24T10:15:31Z</time>
   </trkpt>
   <trkpt lat="48.4346480" lon="7.4023420">
    <ele>761.0</ele>
    <time>2024-10-24T10:15:32Z</time>
   </trkpt>
   <trkpt lat="48.4346400" lon="7.4023360">
    <ele>761.0</ele>
    <time>2024-10-24T10:15:33Z</time>
   </trkpt>
   <trkpt lat="48.4346320" lon="7.4023290">
    <ele>761.1</ele>
    <time>2024-10-24T10:15:34Z</time>
   </trkpt>
   <trkpt lat="48.4346280" lon="7.4023250">
    <ele>761.1</ele>
    <time>2024-10-24T10:15:35Z</time>
   </trkpt>
   <trkpt lat="48.4346220" lon="7.4023200">
    <ele>761.1</ele>
    <time>2024-10-24T10:15:36Z</time>
   </trkpt>
   <trkpt lat="48.4346150" lon="7.4023140">
    <ele>761.2</ele>
    <time>2024-10-24T10:15:37Z</time>
   </trkpt>
   <trkpt lat="48.4346070" lon="7.4023110">
    <ele>761.2</ele>
    <time>2024-10-24T10:15:38Z</time>
   </trkpt>
   <trkpt lat="48.4345980" lon="7.4023090">
    <ele>761.2</ele>
    <time>2024-10-24T10:15:39Z</time>
   </trkpt>
   <trkpt lat="48.4345910" lon="7.4023080">
    <ele>761.3</ele>
    <time>2024-10-24T10:15:40Z</time>
   </trkpt>
   <trkpt lat="48.4345840" lon="7.4023070">
    <ele>761.3</ele>
    <time>2024-10-24T10:15:41Z</time>
   </trkpt>
   <trkpt lat="48.4345770" lon="7.4023060">
    <ele>761.3</ele>
    <time>2024-10-24T10:15:42Z</time>
   </trkpt>
   <trkpt lat="48.4345700" lon="7.4023050">
    <ele>761.3</ele>
    <time>2024-10-24T10:15:43Z</time>
   </trkpt>
   <trkpt lat="48.4345600" lon="7.4023050">
    <ele>761.4</ele>
    <time>2024-10-24T10:15:44Z</time>
   </trkpt>
   <trkpt lat="48.4345550" lon="7.4023050">
    <ele>761.4</ele>
    <time>2024-10-24T10:15:45Z</time>
   </trkpt>
   <trkpt lat="48.4345480" lon="7.4023030">
    <ele>761.4</ele>
    <time>2024-10-24T10:15:46Z</time>
   </trkpt>
   <trkpt lat="48.4345400" lon="7.4023010">
    <ele>761.4</ele>
    <time>2024-10-24T10:15:47Z</time>
   </trkpt>
   <trkpt lat="48.4345330" lon="7.4022950">
    <ele>761.4</ele>
    <time>2024-10-24T10:15:48Z</time>
   </trkpt>
   <trkpt lat="48.4345230" lon="7.4022910">
    <ele>761.4</ele>
    <time>2024-10-24T10:15:49Z</time>
   </trkpt>
   <trkpt lat="48.4345190" lon="7.4023010">
    <ele>761.5</ele>
    <time>2024-10-24T10:15:50Z</time>
   </trkpt>
   <trkpt lat="48.4345200" lon="7.4023140">
    <ele>761.5</ele>
    <time>2024-10-24T10:15:51Z</time>
   </trkpt>
   <trkpt lat="48.4345160" lon="7.4023180">
    <ele>761.5</ele>
    <time>2024-10-24T10:15:52Z</time>
   </trkpt>
   <trkpt lat="48.4345100" lon="7.4023160">
    <ele>761.5</ele>
    <time>2024-10-24T10:15:53Z</time>
   </trkpt>
   <trkpt lat="48.4345010" lon="7.4023140">
    <ele>761.5</ele>
    <time>2024-10-24T10:15:54Z</time>
   </trkpt>
   <trkpt lat="48.4344960" lon="7.4023140">
    <ele>761.5</ele>
    <time>2024-10-24T10:15:55Z</time>
   </trkpt>
   <trkpt lat="48.4344890" lon="7.4023130">
    <ele>761.5</ele>
    <time>2024-10-24T10:15:56Z</time>
   </trkpt>
   <trkpt lat="48.4344820" lon="7.4023110">
    <ele>761.5</ele>
    <time>2024-10-24T10:15:57Z</time>
   </trkpt>
   <trkpt lat="48.4344760" lon="7.4023080">
    <ele>761.5</ele>
    <time>2024-10-24T10:15:58Z</time>
   </trkpt>
   <trkpt lat="48.4344690" lon="7.4023010">
    <ele>761.5</ele>
    <time>2024-10-24T10:15:59Z</time>
   </trkpt>
   <trkpt lat="48.4344650" lon="7.4022920">
    <ele>761.5</ele>
    <time>2024-10-24T10:16:00Z</time>
   </trkpt>
   <trkpt lat="48.4344560" lon="7.4022730">
    <ele>761.5</ele>
    <time>2024-10-24T10:16:01Z</time>
   </trkpt>
   <trkpt lat="48.4344530" lon="7.4022640">
    <ele>761.5</ele>
    <time>2024-10-24T10:16:02Z</time>
   </trkpt>
   <trkpt lat="48.4344490" lon="7.4022540">
    <ele>761.4</ele>
    <time>2024-10-24T10:16:03Z</time>
   </trkpt>
   <trkpt lat="48.4344450" lon="7.4022450">
    <ele>761.4</ele>
    <time>2024-10-24T10:16:04Z</time>
   </trkpt>
   <trkpt lat="48.4344410" lon="7.4022380">
    <ele>761.4</ele>
    <time>2024-10-24T10:16:05Z</time>
   </trkpt>
   <trkpt lat="48.4344350" lon="7.4022290">
    <ele>761.4</ele>
    <time>2024-10-24T10:16:06Z</time>
   </trkpt>
   <trkpt lat="48.4344280" lon="7.4022210">
    <ele>761.4</ele>
    <time>2024-10-24T10:16:07Z</time>
   </trkpt>
   <trkpt lat="48.4344220" lon="7.4022150">
    <ele>761.3</ele>
    <time>2024-10-24T10:16:08Z</time>
   </trkpt>
   <trkpt lat="48.4344130" lon="7.4022080">
    <ele>761.3</ele>
    <time>2024-10-24T10:16:09Z</time>
   </trkpt>
   <trkpt lat="48.4344080" lon="7.4022030">
    <ele>761.3</ele>
    <time>2024-10-24T10:16:10Z</time>
   </trkpt>
   <trkpt lat="48.4344020" lon="7.4021930">
    <ele>761.3</ele>
    <time>2024-10-24T10:16:11Z</time>
   </trkpt>
   <trkpt lat="48.4343960" lon="7.4021830">
    <ele>761.2</ele>
    <time>2024-10-24T10:16:12Z</time>
   </trkpt>
   <trkpt lat="48.4343880" lon="7.4021730">
    <ele>761.2</ele>
    <time>2024-10-24T10:16:13Z</time>
   </trkpt>
   <trkpt lat="48.4343790" lon="7.4021600">
    <ele>761.1</ele>
    <time>2024-10-24T10:16:14Z</time>
   </trkpt>
   <trkpt lat="48.4343740" lon="7.4021560">
    <ele>761.1</ele>
    <time>2024-10-24T10:16:15Z</time>
   </trkpt>
   <trkpt lat="48.4343660" lon="7.4021500">
    <ele>761.1</ele>
    <time>2024-10-24T10:16:16Z</time>
   </trkpt>
   <trkpt lat="48.4343590" lon="7.4021420">
    <ele>761.0</ele>
    <time>2024-10-24T10:16:17Z</time>
   </trkpt>
   <trkpt lat="48.4343530" lon="7.4021350">
    <ele>761.0</ele>
    <time>2024-10-24T10:16:18Z</time>
   </trkpt>
   <trkpt lat="48.4343470" lon="7.4021210">
    <ele>760.9</ele>
    <time>2024-10-24T10:16:19Z</time>
   </trkpt>
   <trkpt lat="48.4343470" lon="7.4021140">
    <ele>760.9</ele>
    <time>2024-10-24T10:16:20Z</time>
   </trkpt>
   <trkpt lat="48.4343400" lon="7.4021070">
    <ele>760.9</ele>
    <time>2024-10-24T10:16:21Z</time>
   </trkpt>
   <trkpt lat="48.4343290" lon="7.4021010">
    <ele>760.8</ele>
    <time>2024-10-24T10:16:22Z</time>
   </trkpt>
   <trkpt lat="48.4343200" lon="7.4020950">
    <ele>760.8</ele>
    <time>2024-10-24T10:16:23Z</time>
   </trkpt>
   <trkpt lat="48.4343090" lon="7.4020840">
    <ele>760.7</ele>
    <time>2024-10-24T10:16:24Z</time>
   </trkpt>
   <trkpt lat="48.4343030" lon="7.4020800">
    <ele>760.7</ele>
    <time>2024-10-24T10:16:25Z</time>
   </trkpt>
   <trkpt lat="48.4342960" lon="7.4020720">
    <ele>760.7</ele>
    <time>2024-10-24T10:16:26Z</time>
   </trkpt>
   <trkpt lat="48.4342790" lon="7.4020640">
    <ele>760.6</ele>
    <time>2024-10-24T10:16:27Z</time>
   </trkpt>
   <trkpt lat="48.4342720" lon="7.4020610">
    <ele>760.6</ele>
    <time>2024-10-24T10:16:28Z</time>
   </trkpt>
   <trkpt lat="48.4342650" lon="7.4020580">
    <ele>760.5</ele>
    <time>2024-10-24T10:16:29Z</time>
   </trkpt>
   <trkpt lat="48.4342580" lon="7.4020560">
    <ele>760.5</ele>
    <time>2024-10-24T10:16:30Z</time>
   </trkpt>
   <trkpt lat="48.4342500" lon="7.4020530">
    <ele>760.5</ele>
    <time>2024-10-24T10:16:31Z</time>
   </trkpt>
   <trkpt lat="48.4342430" lon="7.4020470">
    <ele>760.5</ele>
    <time>2024-10-24T10:16:32Z</time>
   </trkpt>
   <trkpt lat="48.4342370" lon="7.4020430">
    <ele>760.4</ele>
    <time>2024-10-24T10:16:33Z</time>
   </trkpt>
   <trkpt lat="48.4342310" lon="7.4020360">
    <ele>760.4</ele>
    <time>2024-10-24T10:16:34Z</time>
   </trkpt>
   <trkpt lat="48.4342250" lon="7.4020300">
    <ele>760.4</ele>
    <time>2024-10-24T10:16:35Z</time>
   </trkpt>
   <trkpt lat="48.4342180" lon="7.4020250">
    <ele>760.4</ele>
    <time>2024-10-24T10:16:36Z</time>
   </trkpt>
   <trkpt lat="48.4342110" lon="7.4020190">
    <ele>760.4</ele>
    <time>2024-10-24T10:16:37Z</time>
   </trkpt>
   <trkpt lat="48.4342030" lon="7.4020130">
    <ele>760.5</ele>
    <time>2024-10-24T10:16:38Z</time>
   </trkpt>
   <trkpt lat="48.4341960" lon="7.4020090">
    <ele>760.5</ele>
    <time>2024-10-24T10:16:39Z</time>
   </trkpt>
   <trkpt lat="48.4341860" lon="7.4020010">
    <ele>760.6</ele>
    <time>2024-10-24T10:16:40Z</time>
   </trkpt>
   <trkpt lat="48.4341780" lon="7.4019950">
    <ele>760.6</ele>
    <time>2024-10-24T10:16:41Z</time>
   </trkpt>
   <trkpt lat="48.4341650" lon="7.4019820">
    <ele>760.7</ele>
    <time>2024-10-24T10:16:42Z</time>
   </trkpt>
   <trkpt lat="48.4341580" lon="7.4019770">
    <ele>760.7</ele>
    <time>2024-10-24T10:16:43Z</time>
   </trkpt>
   <trkpt lat="48.4341520" lon="7.4019730">
    <ele>760.7</ele>
    <time>2024-10-24T10:16:44Z</time>
   </trkpt>
   <trkpt lat="48.4341460" lon="7.4019690">
    <ele>760.8</ele>
    <time>2024-10-24T10:16:45Z</time>
   </trkpt>
   <trkpt lat="48.4341380" lon="7.4019670">
    <ele>760.8</ele>
    <time>2024-10-24T10:16:46Z</time>
   </trkpt>
   <trkpt lat="48.4341320" lon="7.4019650">
    <ele>760.8</ele>
    <time>2024-10-24T10:16:47Z</time>
   </trkpt>
   <trkpt lat="48.4341250" lon="7.4019650">
    <ele>760.9</ele>
    <time>2024-10-24T10:16:48Z</time>
   </trkpt>
   <trkpt lat="48.4341170" lon="7.4019680">
    <ele>760.9</ele>
    <time>2024-10-24T10:16:49Z</time>
   </trkpt>
   <trkpt lat="48.4341090" lon="7.4019700">
    <ele>761.0</ele>
    <time>2024-10-24T10:16:50Z</time>
   </trkpt>
   <trkpt lat="48.4341020" lon="7.4019700">
    <ele>761.0</ele>
    <time>2024-10-24T10:16:51Z</time>
   </trkpt>
   <trkpt lat="48.4340960" lon="7.4019690">
    <ele>761.0</ele>
    <time>2024-10-24T10:16:52Z</time>
   </trkpt>
   <trkpt lat="48.4340890" lon="7.4019700">
    <ele>761.1</ele>
    <time>2024-10-24T10:16:53Z</time>
   </trkpt>
   <trkpt lat="48.4340840" lon="7.4019790">
    <ele>761.1</ele>
    <time>2024-10-24T10:16:54Z</time>
   </trkpt>
   <trkpt lat="48.4340780" lon="7.4019870">
    <ele>761.2</ele>
    <time>2024-10-24T10:16:55Z</time>
   </trkpt>
   <trkpt lat="48.4340720" lon="7.4019930">
    <ele>761.2</ele>
    <time>2024-10-24T10:16:56Z</time>
   </trkpt>
   <trkpt lat="48.4340650" lon="7.4019950">
    <ele>761.3</ele>
    <time>2024-10-24T10:16:57Z</time>
   </trkpt>
   <trkpt lat="48.4340580" lon="7.4019960">
    <ele>761.3</ele>
    <time>2024-10-24T10:16:58Z</time>
   </trkpt>
   <trkpt lat="48.4340500" lon="7.4019970">
    <ele>761.4</ele>
    <time>2024-10-24T10:16:59Z</time>
   </trkpt>
   <trkpt lat="48.4340440" lon="7.4020020">
    <ele>761.4</ele>
    <time>2024-10-24T10:17:00Z</time>
   </trkpt>
   <trkpt lat="48.4340390" lon="7.4020100">
    <ele>761.5</ele>
    <time>2024-10-24T10:17:01Z</time>
   </trkpt>
   <trkpt lat="48.4340360" lon="7.4020160">
    <ele>761.5</ele>
    <time>2024-10-24T10:17:02Z</time>
   </trkpt>
   <trkpt lat="48.4340330" lon="7.4020220">
    <ele>761.5</ele>
    <time>2024-10-24T10:17:03Z</time>
   </trkpt>
   <trkpt lat="48.4340270" lon="7.4020270">
    <ele>761.6</ele>
    <time>2024-10-24T10:17:04Z</time>
   </trkpt>
   <trkpt lat="48.4340210" lon="7.4020290">
    <ele>761.6</ele>
    <time>2024-10-24T10:17:05Z</time>
   </trkpt>
   <trkpt lat="48.4340150" lon="7.4020310">
    <ele>761.7</ele>
    <time>2024-10-24T10:17:06Z</time>
   </trkpt>
   <trkpt lat="48.4340090" lon="7.4020330">
    <ele>761.7</ele>
    <time>2024-10-24T10:17:07Z</time>
   </trkpt>
   <trkpt lat="48.4340030" lon="7.4020370">
    <ele>761.8</ele>
    <time>2024-10-24T10:17:08Z</time>
   </trkpt>
   <trkpt lat="48.4339950" lon="7.4020390">
    <ele>761.8</ele>
    <time>2024-10-24T10:17:09Z</time>
   </trkpt>
   <trkpt lat="48.4339860" lon="7.4020360">
    <ele>761.9</ele>
    <time>2024-10-24T10:17:10Z</time>
   </trkpt>
   <trkpt lat="48.4339800" lon="7.4020290">
    <ele>761.9</ele>
    <time>2024-10-24T10:17:11Z</time>
   </trkpt>
   <trkpt lat="48.4339750" lon="7.4020210">
    <ele>762.0</ele>
    <time>2024-10-24T10:17:12Z</time>
   </trkpt>
   <trkpt lat="48.4339700" lon="7.4020140">
    <ele>762.0</ele>
    <time>2024-10-24T10:17:13Z</time>
   </trkpt>
   <trkpt lat="48.4339660" lon="7.4020120">
    <ele>762.1</ele>
    <time>2024-10-24T10:17:14Z</time>
   </trkpt>
   <trkpt lat="48.4339640" lon="7.4020130">
    <ele>762.1</ele>
    <time>2024-10-24T10:17:15Z</time>
   </trkpt>
   <trkpt lat="48.4339640" lon="7.4020140">
    <ele>762.1</ele>
    <time>2024-10-24T10:17:16Z</time>
   </trkpt>
   <trkpt lat="48.4339630" lon="7.4020140">
    <ele>762.1</ele>
    <time>2024-10-24T10:17:17Z</time>
   </trkpt>
   <trkpt lat="48.4339620" lon="7.4020140">
    <ele>762.1</ele>
    <time>2024-10-24T10:17:18Z</time>
   </trkpt>
   <trkpt lat="48.4339570" lon="7.4020130">
    <ele>762.1</ele>
    <time>2024-10-24T10:17:19Z</time>
   </trkpt>
   <trkpt lat="48.4339540" lon="7.4020100">
    <ele>762.2</ele>
    <time>2024-10-24T10:17:20Z</time>
   </trkpt>
   <trkpt lat="48.4339520" lon="7.4020060">
    <ele>762.2</ele>
    <time>2024-10-24T10:17:21Z</time>
   </trkpt>
   <trkpt lat="48.4339500" lon="7.4020010">
    <ele>762.2</ele>
    <time>2024-10-24T10:17:22Z</time>
   </trkpt>
   <trkpt lat="48.4339480" lon="7.4019980">
    <ele>762.2</ele>
    <time>2024-10-24T10:17:23Z</time>
   </trkpt>
   <trkpt lat="48.4339470" lon="7.4019960">
    <ele>762.2</ele>
    <time>2024-10-24T10:17:24Z</time>
   </trkpt>
   <trkpt lat="48.4339460" lon="7.4019940">
    <ele>762.3</ele>
    <time>2024-10-24T10:17:25Z</time>
   </trkpt>
   <trkpt lat="48.4339450" lon="7.4019930">
    <ele>762.3</ele>
    <time>2024-10-24T10:17:26Z</time>
   </trkpt>
   <trkpt lat="48.4339450" lon="7.4019920">
    <ele>762.3</ele>
    <time>2024-10-24T10:17:27Z</time>
   </trkpt>
   <trkpt lat="48.4339440" lon="7.4019910">
    <ele>762.3</ele>
    <time>2024-10-24T10:17:28Z</time>
   </trkpt>
   <trkpt lat="48.4339430" lon="7.4019920">
    <ele>762.3</ele>
    <time>2024-10-24T10:17:29Z</time>
   </trkpt>
   <trkpt lat="48.4339430" lon="7.4019940">
    <ele>762.3</ele>
    <time>2024-10-24T10:17:30Z</time>
   </trkpt>
   <trkpt lat="48.4339430" lon="7.4019930">
    <ele>762.3</ele>
    <time>2024-10-24T10:17:31Z</time>
   </trkpt>
   <trkpt lat="48.4339430" lon="7.4019930">
    <ele>762.3</ele>
    <time>2024-10-24T10:17:32Z</time>
   </trkpt>
   <trkpt lat="48.4339420" lon="7.4019930">
    <ele>762.3</ele>
    <time>2024-10-24T10:17:33Z</time>
   </trkpt>
   <trkpt lat="48.4339410" lon="7.4019930">
    <ele>762.3</ele>
    <time>2024-10-24T10:17:34Z</time>
   </trkpt>
   <trkpt lat="48.4339380" lon="7.4019970">
    <ele>762.3</ele>
    <time>2024-10-24T10:17:35Z</time>
   </trkpt>
   <trkpt lat="48.4339350" lon="7.4020040">
    <ele>762.4</ele>
    <time>2024-10-24T10:17:36Z</time>
   </trkpt>
   <trkpt lat="48.4339300" lon="7.4020090">
    <ele>762.4</ele>
    <time>2024-10-24T10:17:37Z</time>
   </trkpt>
   <trkpt lat="48.4339220" lon="7.4020210">
    <ele>762.5</ele>
    <time>2024-10-24T10:17:38Z</time>
   </trkpt>
   <trkpt lat="48.4339130" lon="7.4020360">
    <ele>762.6</ele>
    <time>2024-10-24T10:17:39Z</time>
   </trkpt>
   <trkpt lat="48.4339050" lon="7.4020490">
    <ele>762.7</ele>
    <time>2024-10-24T10:17:40Z</time>
   </trkpt>
   <trkpt lat="48.4338970" lon="7.4020590">
    <ele>762.7</ele>
    <time>2024-10-24T10:17:41Z</time>
   </trkpt>
   <trkpt lat="48.4338940" lon="7.4020650">
    <ele>762.8</ele>
    <time>2024-10-24T10:17:42Z</time>
   </trkpt>
   <trkpt lat="48.4338950" lon="7.4020700">
    <ele>762.8</ele>
    <time>2024-10-24T10:17:43Z</time>
   </trkpt>
   <trkpt lat="48.4338950" lon="7.4020650">
    <ele>762.8</ele>
    <time>2024-10-24T10:17:44Z</time>
   </trkpt>
   <trkpt lat="48.4338920" lon="7.4020690">
    <ele>762.8</ele>
    <time>2024-10-24T10:17:45Z</time>
   </trkpt>
   <trkpt lat="48.4338870" lon="7.4020720">
    <ele>762.8</ele>
    <time>2024-10-24T10:17:46Z</time>
   </trkpt>
   <trkpt lat="48.4338810" lon="7.4020780">
    <ele>762.9</ele>
    <time>2024-10-24T10:17:47Z</time>
   </trkpt>
   <trkpt lat="48.4338770" lon="7.4020870">
    <ele>762.9</ele>
    <time>2024-10-24T10:17:48Z</time>
   </trkpt>
   <trkpt lat="48.4338760" lon="7.4021020">
    <ele>763.0</ele>
    <time>2024-10-24T10:17:49Z</time>
   </trkpt>
   <trkpt lat="48.4338780" lon="7.4021200">
    <ele>763.0</ele>
    <time>2024-10-24T10:17:50Z</time>
   </trkpt>
   <trkpt lat="48.4338820" lon="7.4021330">
    <ele>763.1</ele>
    <time>2024-10-24T10:17:51Z</time>
   </trkpt>
   <trkpt lat="48.4338850" lon="7.4021440">
    <ele>763.1</ele>
    <time>2024-10-24T10:17:52Z</time>
   </trkpt>
   <trkpt lat="48.4338890" lon="7.4021500">
    <ele>763.1</ele>
    <time>2024-10-24T10:17:53Z</time>
   </trkpt>
   <trkpt lat="48.4338890" lon="7.4021560">
    <ele>763.1</ele>
    <time>2024-10-24T10:17:54Z</time>
   </trkpt>
   <trkpt lat="48.4338870" lon="7.4021600">
    <ele>763.2</ele>
    <time>2024-10-24T10:17:55Z</time>
   </trkpt>
   <trkpt lat="48.4338860" lon="7.4021610">
    <ele>763.2</ele>
    <time>2024-10-24T10:17:56Z</time>
   </trkpt>
   <trkpt lat="48.4338820" lon="7.4021610">
    <ele>763.2</ele>
    <time>2024-10-24T10:17:57Z</time>
   </trkpt>
   <trkpt lat="48.4338760" lon="7.4021610">
    <ele>763.2</ele>
    <time>2024-10-24T10:17:58Z</time>
   </trkpt>
   <trkpt lat="48.4338750" lon="7.4021670">
    <ele>763.2</ele>
    <time>2024-10-24T10:17:59Z</time>
   </trkpt>
   <trkpt lat="48.4338720" lon="7.4021750">
    <ele>763.2</ele>
    <time>2024-10-24T10:18:00Z</time>
   </trkpt>
   <trkpt lat="48.4338710" lon="7.4021880">
    <ele>763.3</ele>
    <time>2024-10-24T10:18:01Z</time>
   </trkpt>
   <trkpt lat="48.4338740" lon="7.4021960">
    <ele>763.3</ele>
    <time>2024-10-24T10:18:02Z</time>
   </trkpt>
   <trkpt lat="48.4338740" lon="7.4022000">
    <ele>763.3</ele>
    <time>2024-10-24T10:18:03Z</time>
   </trkpt>
   <trkpt lat="48.4338740" lon="7.4022030">
    <ele>763.3</ele>
    <time>2024-10-24T10:18:04Z</time>
   </trkpt>
   <trkpt lat="48.4338740" lon="7.4022060">
    <ele>763.3</ele>
    <time>2024-10-24T10:18:05Z</time>
   </trkpt>
   <trkpt lat="48.4338750" lon="7.4022070">
    <ele>763.3</ele>
    <time>2024-10-24T10:18:06Z</time>
   </trkpt>
   <trkpt lat="48.4338750" lon="7.4022080">
    <ele>763.3</ele>
    <time>2024-10-24T10:18:07Z</time>
   </trkpt>
   <trkpt lat="48.4338750" lon="7.4022090">
    <ele>763.3</ele>
    <time>2024-10-24T10:18:08Z</time>
   </trkpt>
   <trkpt lat="48.4338760" lon="7.4022100">
    <ele>763.3</ele>
    <time>2024-10-24T10:18:09Z</time>
   </trkpt>
   <trkpt lat="48.4338770" lon="7.4022110">
    <ele>763.3</ele>
    <time>2024-10-24T10:18:10Z</time>
   </trkpt>
   <trkpt lat="48.4338780" lon="7.4022100">
    <ele>763.3</ele>
    <time>2024-10-24T10:18:11Z</time>
   </trkpt>
   <trkpt lat="48.4338800" lon="7.4022100">
    <ele>763.3</ele>
    <time>2024-10-24T10:18:12Z</time>
   </trkpt>
   <trkpt lat="48.4338820" lon="7.4022100">
    <ele>763.3</ele>
    <time>2024-10-24T10:18:13Z</time>
   </trkpt>
   <trkpt lat="48.4338830" lon="7.4022110">
    <ele>763.3</ele>
    <time>2024-10-24T10:18:14Z</time>
   </trkpt>
   <trkpt lat="48.4338840" lon="7.4022110">
    <ele>763.3</ele>
    <time>2024-10-24T10:18:15Z</time>
   </trkpt>
   <trkpt lat="48.4338840" lon="7.4022060">
    <ele>763.4</ele>
    <time>2024-10-24T10:18:16Z</time>
   </trkpt>
   <trkpt lat="48.4338950" lon="7.4021920">
    <ele>763.4</ele>
    <time>2024-10-24T10:18:17Z</time>
   </trkpt>
   <trkpt lat="48.4338950" lon="7.4021940">
    <ele>763.4</ele>
    <time>2024-10-24T10:18:18Z</time>
   </trkpt>
   <trkpt lat="48.4338870" lon="7.4022010">
    <ele>763.4</ele>
    <time>2024-10-24T10:18:19Z</time>
   </trkpt>
   <trkpt lat="48.4338810" lon="7.4022060">
    <ele>763.4</ele>
    <time>2024-10-24T10:18:20Z</time>
   </trkpt>
   <trkpt lat="48.4338770" lon="7.4022100">
    <ele>763.4</ele>
    <time>2024-10-24T10:18:21Z</time>
   </trkpt>
   <trkpt lat="48.4338750" lon="7.4022140">
    <ele>763.4</ele>
    <time>2024-10-24T10:18:22Z</time>
   </trkpt>
   <trkpt lat="48.4338730" lon="7.4022170">
    <ele>763.4</ele>
    <time>2024-10-24T10:18:23Z</time>
   </trkpt>
   <trkpt lat="48.4338720" lon="7.4022190">
    <ele>763.4</ele>
    <time>2024-10-24T10:18:24Z</time>
   </trkpt>
   <trkpt lat="48.4338720" lon="7.4022200">
    <ele>763.4</ele>
    <time>2024-10-24T10:18:25Z</time>
   </trkpt>
   <trkpt lat="48.4338710" lon="7.4022230">
    <ele>763.4</ele>
    <time>2024-10-24T10:18:26Z</time>
   </trkpt>
   <trkpt lat="48.4338710" lon="7.4022240">
    <ele>763.5</ele>
    <time>2024-10-24T10:18:27Z</time>
   </trkpt>
   <trkpt lat="48.4338700" lon="7.4022260">
    <ele>763.5</ele>
    <time>2024-10-24T10:18:28Z</time>
   </trkpt>
   <trkpt lat="48.4338700" lon="7.4022270">
    <ele>763.5</ele>
    <time>2024-10-24T10:18:29Z</time>
   </trkpt>
   <trkpt lat="48.4338710" lon="7.4022280">
    <ele>763.5</ele>
    <time>2024-10-24T10:18:30Z</time>
   </trkpt>
   <trkpt lat="48.4338730" lon="7.4022280">
    <ele>763.5</ele>
    <time>2024-10-24T10:18:31Z</time>
   </trkpt>
   <trkpt lat="48.4338740" lon="7.4022270">
    <ele>763.5</ele>
    <time>2024-10-24T10:18:32Z</time>
   </trkpt>
   <trkpt lat="48.4338750" lon="7.4022270">
    <ele>763.5</ele>
    <time>2024-10-24T10:18:33Z</time>
   </trkpt>
   <trkpt lat="48.4338750" lon="7.4022260">
    <ele>763.5</ele>
    <time>2024-10-24T10:18:34Z</time>
   </trkpt>
   <trkpt lat="48.4338750" lon="7.4022260">
    <ele>763.5</ele>
    <time>2024-10-24T10:18:35Z</time>
   </trkpt>
   <trkpt lat="48.4338760" lon="7.4022270">
    <ele>763.5</ele>
    <time>2024-10-24T10:18:36Z</time>
   </trkpt>
   <trkpt lat="48.4338760" lon="7.4022290">
    <ele>763.5</ele>
    <time>2024-10-24T10:18:37Z</time>
   </trkpt>
   <trkpt lat="48.4338780" lon="7.4022320">
    <ele>763.5</ele>
    <time>2024-10-24T10:18:38Z</time>
   </trkpt>
   <trkpt lat="48.4338830" lon="7.4022360">
    <ele>763.5</ele>
    <time>2024-10-24T10:18:39Z</time>
   </trkpt>
   <trkpt lat="48.4338860" lon="7.4022400">
    <ele>763.5</ele>
    <time>2024-10-24T10:18:40Z</time>
   </trkpt>
   <trkpt lat="48.4338880" lon="7.4022440">
    <ele>763.5</ele>
    <time>2024-10-24T10:18:41Z</time>
   </trkpt>
   <trkpt lat="48.4338890" lon="7.4022460">
    <ele>763.5</ele>
    <time>2024-10-24T10:18:42Z</time>
   </trkpt>
   <trkpt lat="48.4338890" lon="7.4022440">
    <ele>763.5</ele>
    <time>2024-10-24T10:18:43Z</time>
   </trkpt>
   <trkpt lat="48.4338920" lon="7.4022400">
    <ele>763.5</ele>
    <time>2024-10-24T10:18:44Z</time>
   </trkpt>
   <trkpt lat="48.4338960" lon="7.4022300">
    <ele>763.5</ele>
    <time>2024-10-24T10:18:45Z</time>
   </trkpt>
   <trkpt lat="48.4338970" lon="7.4022070">
    <ele>763.5</ele>
    <time>2024-10-24T10:18:46Z</time>
   </trkpt>
   <trkpt lat="48.4338800" lon="7.4021660">
    <ele>763.5</ele>
    <time>2024-10-24T10:18:47Z</time>
   </trkpt>
   <trkpt lat="48.4338700" lon="7.4021540">
    <ele>763.6</ele>
    <time>2024-10-24T10:18:48Z</time>
   </trkpt>
   <trkpt lat="48.4338560" lon="7.4021470">
    <ele>763.6</ele>
    <time>2024-10-24T10:18:49Z</time>
   </trkpt>
   <trkpt lat="48.4338420" lon="7.4021400">
    <ele>763.6</ele>
    <time>2024-10-24T10:18:50Z</time>
   </trkpt>
   <trkpt lat="48.4338300" lon="7.4021280">
    <ele>763.6</ele>
    <time>2024-10-24T10:18:51Z</time>
   </trkpt>
   <trkpt lat="48.4338200" lon="7.4021140">
    <ele>763.5</ele>
    <time>2024-10-24T10:18:52Z</time>
   </trkpt>
   <trkpt lat="48.4338050" lon="7.4020920">
    <ele>763.5</ele>
    <time>2024-10-24T10:18:53Z</time>
   </trkpt>
   <trkpt lat="48.4337980" lon="7.4020840">
    <ele>763.5</ele>
    <time>2024-10-24T10:18:54Z</time>
   </trkpt>
   <trkpt lat="48.4337920" lon="7.4020770">
    <ele>763.5</ele>
    <time>2024-10-24T10:18:55Z</time>
   </trkpt>
   <trkpt lat="48.4337730" lon="7.4020620">
    <ele>763.5</ele>
    <time>2024-10-24T10:18:56Z</time>
   </trkpt>
   <trkpt lat="48.4337650" lon="7.4020600">
    <ele>763.5</ele>
    <time>2024-10-24T10:18:57Z</time>
   </trkpt>
   <trkpt lat="48.4337560" lon="7.4020570">
    <ele>763.5</ele>
    <time>2024-10-24T10:18:58Z</time>
   </trkpt>
   <trkpt lat="48.4337440" lon="7.4020460">
    <ele>763.5</ele>
    <time>2024-10-24T10:18:59Z</time>
   </trkpt>
   <trkpt lat="48.4337330" lon="7.4020320">
    <ele>763.5</ele>
    <time>2024-10-24T10:19:00Z</time>
   </trkpt>
   <trkpt lat="48.4337210" lon="7.4020190">
    <ele>763.5</ele>
    <time>2024-10-24T10:19:01Z</time>
   </trkpt>
   <trkpt lat="48.4337080" lon="7.4020060">
    <ele>763.4</ele>
    <time>2024-10-24T10:19:02Z</time>
   </trkpt>
   <trkpt lat="48.4336950" lon="7.4019930">
    <ele>763.4</ele>
    <time>2024-10-24T10:19:03Z</time>
   </trkpt>
   <trkpt lat="48.4336810" lon="7.4019830">
    <ele>763.4</ele>
    <time>2024-10-24T10:19:04Z</time>
   </trkpt>
   <trkpt lat="48.4336680" lon="7.4019740">
    <ele>763.4</ele>
    <time>2024-10-24T10:19:05Z</time>
   </trkpt>
   <trkpt lat="48.4336570" lon="7.4019590">
    <ele>763.3</ele>
    <time>2024-10-24T10:19:06Z</time>
   </trkpt>
   <trkpt lat="48.4336480" lon="7.4019450">
    <ele>763.3</ele>
    <time>2024-10-24T10:19:07Z</time>
   </trkpt>
   <trkpt lat="48.4336390" lon="7.4019300">
    <ele>763.3</ele>
    <time>2024-10-24T10:19:08Z</time>
   </trkpt>
   <trkpt lat="48.4336320" lon="7.4019210">
    <ele>763.3</ele>
    <time>2024-10-24T10:19:09Z</time>
   </trkpt>
   <trkpt lat="48.4336230" lon="7.4019160">
    <ele>763.2</ele>
    <time>2024-10-24T10:19:10Z</time>
   </trkpt>
   <trkpt lat="48.4336130" lon="7.4019150">
    <ele>763.2</ele>
    <time>2024-10-24T10:19:11Z</time>
   </trkpt>
   <trkpt lat="48.4336050" lon="7.4019120">
    <ele>763.2</ele>
    <time>2024-10-24T10:19:12Z</time>
   </trkpt>
   <trkpt lat="48.4335980" lon="7.4019140">
    <ele>763.2</ele>
    <time>2024-10-24T10:19:13Z</time>
   </trkpt>
   <trkpt lat="48.4335930" lon="7.4019200">
    <ele>763.2</ele>
    <time>2024-10-24T10:19:14Z</time>
   </trkpt>
   <trkpt lat="48.4335850" lon="7.4019250">
    <ele>763.1</ele>
    <time>2024-10-24T10:19:15Z</time>
   </trkpt>
   <trkpt lat="48.4335750" lon="7.4019270">
    <ele>763.1</ele>
    <time>2024-10-24T10:19:16Z</time>
   </trkpt>
   <trkpt lat="48.4335620" lon="7.4019320">
    <ele>763.1</ele>
    <time>2024-10-24T10:19:17Z</time>
   </trkpt>
   <trkpt lat="48.4335480" lon="7.4019360">
    <ele>763.1</ele>
    <time>2024-10-24T10:19:18Z</time>
   </trkpt>
   <trkpt lat="48.4335390" lon="7.4019380">
    <ele>763.0</ele>
    <time>2024-10-24T10:19:19Z</time>
   </trkpt>
   <trkpt lat="48.4335280" lon="7.4019450">
    <ele>763.0</ele>
    <time>2024-10-24T10:19:20Z</time>
   </trkpt>
   <trkpt lat="48.4335190" lon="7.4019520">
    <ele>763.0</ele>
    <time>2024-10-24T10:19:21Z</time>
   </trkpt>
   <trkpt lat="48.4335080" lon="7.4019520">
    <ele>763.0</ele>
    <time>2024-10-24T10:19:22Z</time>
   </trkpt>
   <trkpt lat="48.4334950" lon="7.4019450">
    <ele>762.9</ele>
    <time>2024-10-24T10:19:23Z</time>
   </trkpt>
   <trkpt lat="48.4334840" lon="7.4019420">
    <ele>762.9</ele>
    <time>2024-10-24T10:19:24Z</time>
   </trkpt>
   <trkpt lat="48.4334750" lon="7.4019420">
    <ele>762.9</ele>
    <time>2024-10-24T10:19:25Z</time>
   </trkpt>
   <trkpt lat="48.4334650" lon="7.4019460">
    <ele>762.9</ele>
    <time>2024-10-24T10:19:26Z</time>
   </trkpt>
   <trkpt lat="48.4334560" lon="7.4019530">
    <ele>762.8</ele>
    <time>2024-10-24T10:19:27Z</time>
   </trkpt>
   <trkpt lat="48.4334450" lon="7.4019540">
    <ele>762.8</ele>
    <time>2024-10-24T10:19:28Z</time>
   </trkpt>
   <trkpt lat="48.4334380" lon="7.4019400">
    <ele>762.8</ele>
    <time>2024-10-24T10:19:29Z</time>
   </trkpt>
   <trkpt lat="48.4334340" lon="7.4019250">
    <ele>762.8</ele>
    <time>2024-10-24T10:19:30Z</time>
   </trkpt>
   <trkpt lat="48.4334250" lon="7.4019230">
    <ele>762.8</ele>
    <time>2024-10-24T10:19:31Z</time>
   </trkpt>
   <trkpt lat="48.4334140" lon="7.4019330">
    <ele>762.7</ele>
    <time>2024-10-24T10:19:32Z</time>
   </trkpt>
   <trkpt lat="48.4334020" lon="7.4019450">
    <ele>762.7</ele>
    <time>2024-10-24T10:19:33Z</time>
   </trkpt>
   <trkpt lat="48.4333880" lon="7.4019660">
    <ele>762.7</ele>
    <time>2024-10-24T10:19:34Z</time>
   </trkpt>
   <trkpt lat="48.4333820" lon="7.4019760">
    <ele>762.7</ele>
    <time>2024-10-24T10:19:35Z</time>
   </trkpt>
   <trkpt lat="48.4333760" lon="7.4019860">
    <ele>762.6</ele>
    <time>2024-10-24T10:19:36Z</time>
   </trkpt>
   <trkpt lat="48.4333670" lon="7.4019960">
    <ele>762.6</ele>
    <time>2024-10-24T10:19:37Z</time>
   </trkpt>
   <trkpt lat="48.4333530" lon="7.4020050">
    <ele>762.6</ele>
    <time>2024-10-24T10:19:38Z</time>
   </trkpt>
   <trkpt lat="48.4333480" lon="7.4020060">
    <ele>762.6</ele>
    <time>2024-10-24T10:19:39Z</time>
   </trkpt>
   <trkpt lat="48.4333390" lon="7.4020090">
    <ele>762.6</ele>
    <time>2024-10-24T10:19:40Z</time>
   </trkpt>
   <trkpt lat="48.4333320" lon="7.4020190">
    <ele>762.6</ele>
    <time>2024-10-24T10:19:41Z</time>
   </trkpt>
   <trkpt lat="48.4333250" lon="7.4020320">
    <ele>762.6</ele>
    <time>2024-10-24T10:19:42Z</time>
   </trkpt>
   <trkpt lat="48.4333170" lon="7.4020230">
    <ele>762.6</ele>
    <time>2024-10-24T10:19:43Z</time>
   </trkpt>
   <trkpt lat="48.4333120" lon="7.4020160">
    <ele>762.6</ele>
    <time>2024-10-24T10:19:44Z</time>
   </trkpt>
   <trkpt lat="48.4333040" lon="7.4020220">
    <ele>762.6</ele>
    <time>2024-10-24T10:19:45Z</time>
   </trkpt>
   <trkpt lat="48.4332980" lon="7.4020320">
    <ele>762.5</ele>
    <time>2024-10-24T10:19:46Z</time>
   </trkpt>
   <trkpt lat="48.4332910" lon="7.4020380">
    <ele>762.5</ele>
    <time>2024-10-24T10:19:47Z</time>
   </trkpt>
   <trkpt lat="48.4332800" lon="7.4020400">
    <ele>762.5</ele>
    <time>2024-10-24T10:19:48Z</time>
   </trkpt>
   <trkpt lat="48.4332720" lon="7.4020440">
    <ele>762.5</ele>
    <time>2024-10-24T10:19:49Z</time>
   </trkpt>
   <trkpt lat="48.4332640" lon="7.4020700">
    <ele>762.5</ele>
    <time>2024-10-24T10:19:50Z</time>
   </trkpt>
   <trkpt lat="48.4332630" lon="7.4020840">
    <ele>762.5</ele>
    <time>2024-10-24T10:19:51Z</time>
   </trkpt>
   <trkpt lat="48.4332620" lon="7.4020990">
    <ele>762.5</ele>
    <time>2024-10-24T10:19:52Z</time>
   </trkpt>
   <trkpt lat="48.4332560" lon="7.4021320">
    <ele>762.5</ele>
    <time>2024-10-24T10:19:53Z</time>
   </trkpt>
   <trkpt lat="48.4332530" lon="7.4021420">
    <ele>762.5</ele>
    <time>2024-10-24T10:19:54Z</time>
   </trkpt>
   <trkpt lat="48.4332510" lon="7.4021530">
    <ele>762.5</ele>
    <time>2024-10-24T10:19:55Z</time>
   </trkpt>
   <trkpt lat="48.4332440" lon="7.4021650">
    <ele>762.5</ele>
    <time>2024-10-24T10:19:56Z</time>
   </trkpt>
   <trkpt lat="48.4332350" lon="7.4021710">
    <ele>762.5</ele>
    <time>2024-10-24T10:19:57Z</time>
   </trkpt>
   <trkpt lat="48.4332230" lon="7.4021750">
    <ele>762.4</ele>
    <time>2024-10-24T10:19:58Z</time>
   </trkpt>
   <trkpt lat="48.4332190" lon="7.4021850">
    <ele>762.4</ele>
    <time>2024-10-24T10:19:59Z</time>
   </trkpt>
   <trkpt lat="48.4332250" lon="7.4021950">
    <ele>762.4</ele>
    <time>2024-10-24T10:20:00Z</time>
   </trkpt>
   <trkpt lat="48.4332310" lon="7.4021990">
    <ele>762.4</ele>
    <time>2024-10-24T10:20:01Z</time>
   </trkpt>
   <trkpt lat="48.4332330" lon="7.4022000">
    <ele>762.4</ele>
    <time>2024-10-24T10:20:02Z</time>
   </trkpt>
   <trkpt lat="48.4332370" lon="7.4022000">
    <ele>762.4</ele>
    <time>2024-10-24T10:20:03Z</time>
   </trkpt>
   <trkpt lat="48.4332390" lon="7.4022000">
    <ele>762.4</ele>
    <time>2024-10-24T10:20:04Z</time>
   </trkpt>
   <trkpt lat="48.4332410" lon="7.4022000">
    <ele>762.4</ele>
    <time>2024-10-24T10:20:05Z</time>
   </trkpt>
   <trkpt lat="48.4332420" lon="7.4021990">
    <ele>762.4</ele>
    <time>2024-10-24T10:20:06Z</time>
   </trkpt>
   <trkpt lat="48.4332400" lon="7.4021960">
    <ele>762.4</ele>
    <time>2024-10-24T10:20:07Z</time>
   </trkpt>
   <trkpt lat="48.4332330" lon="7.4021950">
    <ele>762.4</ele>
    <time>2024-10-24T10:20:08Z</time>
   </trkpt>
   <trkpt lat="48.4332210" lon="7.4021930">
    <ele>762.4</ele>
    <time>2024-10-24T10:20:09Z</time>
   </trkpt>
   <trkpt lat="48.4332060" lon="7.4022040">
    <ele>762.4</ele>
    <time>2024-10-24T10:20:10Z</time>
   </trkpt>
   <trkpt lat="48.4332000" lon="7.4021950">
    <ele>762.4</ele>
    <time>2024-10-24T10:20:11Z</time>
   </trkpt>
   <trkpt lat="48.4331950" lon="7.4021850">
    <ele>762.4</ele>
    <time>2024-10-24T10:20:12Z</time>
   </trkpt>
   <trkpt lat="48.4331870" lon="7.4021780">
    <ele>762.4</ele>
    <time>2024-10-24T10:20:13Z</time>
   </trkpt>
   <trkpt lat="48.4331780" lon="7.4021720">
    <ele>762.4</ele>
    <time>2024-10-24T10:20:14Z</time>
   </trkpt>
   <trkpt lat="48.4331710" lon="7.4021640">
    <ele>762.4</ele>
    <time>2024-10-24T10:20:15Z</time>
   </trkpt>
   <trkpt lat="48.4331690" lon="7.4021570">
    <ele>762.4</ele>
    <time>2024-10-24T10:20:16Z</time>
   </trkpt>
   <trkpt lat="48.4331690" lon="7.4021540">
    <ele>762.4</ele>
    <time>2024-10-24T10:20:17Z</time>
   </trkpt>
   <trkpt lat="48.4331720" lon="7.4021520">
    <ele>762.4</ele>
    <time>2024-10-24T10:20:18Z</time>
   </trkpt>
   <trkpt lat="48.4331750" lon="7.4021520">
    <ele>762.4</ele>
    <time>2024-10-24T10:20:19Z</time>
   </trkpt>
   <trkpt lat="48.4331770" lon="7.4021520">
    <ele>762.4</ele>
    <time>2024-10-24T10:20:20Z</time>
   </trkpt>
   <trkpt lat="48.4331770" lon="7.4021520">
    <ele>762.4</ele>
    <time>2024-10-24T10:20:21Z</time>
   </trkpt>
   <trkpt lat="48.4331770" lon="7.4021530">
    <ele>762.4</ele>
    <time>2024-10-24T10:20:22Z</time>
   </trkpt>
   <trkpt lat="48.4331760" lon="7.4021510">
    <ele>762.4</ele>
    <time>2024-10-24T10:20:23Z</time>
   </trkpt>
   <trkpt lat="48.4331740" lon="7.4021450">
    <ele>762.4</ele>
    <time>2024-10-24T10:20:24Z</time>
   </trkpt>
   <trkpt lat="48.4331710" lon="7.4021350">
    <ele>762.4</ele>
    <time>2024-10-24T10:20:25Z</time>
   </trkpt>
   <trkpt lat="48.4331660" lon="7.4021280">
    <ele>762.4</ele>
    <time>2024-10-24T10:20:26Z</time>
   </trkpt>
   <trkpt lat="48.4331540" lon="7.4021220">
    <ele>762.4</ele>
    <time>2024-10-24T10:20:27Z</time>
   </trkpt>
   <trkpt lat="48.4331250" lon="7.4021110">
    <ele>762.4</ele>
    <time>2024-10-24T10:20:28Z</time>
   </trkpt>
   <trkpt lat="48.4331140" lon="7.4021070">
    <ele>762.4</ele>
    <time>2024-10-24T10:20:29Z</time>
   </trkpt>
   <trkpt lat="48.4330930" lon="7.4020960">
    <ele>762.4</ele>
    <time>2024-10-24T10:20:30Z</time>
   </trkpt>
   <trkpt lat="48.4330860" lon="7.4020930">
    <ele>762.4</ele>
    <time>2024-10-24T10:20:31Z</time>
   </trkpt>
   <trkpt lat="48.4330790" lon="7.4020890">
    <ele>762.4</ele>
    <time>2024-10-24T10:20:32Z</time>
   </trkpt>
   <trkpt lat="48.4330690" lon="7.4020750">
    <ele>762.4</ele>
    <time>2024-10-24T10:20:33Z</time>
   </trkpt>
   <trkpt lat="48.4330640" lon="7.4020630">
    <ele>762.4</ele>
    <time>2024-10-24T10:20:34Z</time>
   </trkpt>
   <trkpt lat="48.4330600" lon="7.4020490">
    <ele>762.4</ele>
    <time>2024-10-24T10:20:35Z</time>
   </trkpt>
   <trkpt lat="48.4330590" lon="7.4020400">
    <ele>762.4</ele>
    <time>2024-10-24T10:20:36Z</time>
   </trkpt>
   <trkpt lat="48.4330570" lon="7.4020320">
    <ele>762.4</ele>
    <time>2024-10-24T10:20:37Z</time>
   </trkpt>
   <trkpt lat="48.4330480" lon="7.4020210">
    <ele>762.4</ele>
    <time>2024-10-24T10:20:38Z</time>
   </trkpt>
   <trkpt lat="48.4330380" lon="7.4020120">
    <ele>762.4</ele>
    <time>2024-10-24T10:20:39Z</time>
   </trkpt>
   <trkpt lat="48.4330270" lon="7.4020040">
    <ele>762.4</ele>
    <time>2024-10-24T10:20:40Z</time>
   </trkpt>
   <trkpt lat="48.4330240" lon="7.4019890">
    <ele>762.4</ele>
    <time>2024-10-24T10:20:41Z</time>
   </trkpt>
   <trkpt lat="48.4330240" lon="7.4019770">
    <ele>762.4</ele>
    <time>2024-10-24T10:20:42Z</time>
   </trkpt>
   <trkpt lat="48.4330190" lon="7.4019750">
    <ele>762.4</ele>
    <time>2024-10-24T10:20:43Z</time>
   </trkpt>
   <trkpt lat="48.4330120" lon="7.4019880">
    <ele>762.4</ele>
    <time>2024-10-24T10:20:44Z</time>
   </trkpt>
   <trkpt lat="48.4330060" lon="7.4020000">
    <ele>762.4</ele>
    <time>2024-10-24T10:20:45Z</time>
   </trkpt>
   <trkpt lat="48.4330010" lon="7.4020150">
    <ele>762.4</ele>
    <time>2024-10-24T10:20:46Z</time>
   </trkpt>
   <trkpt lat="48.4330000" lon="7.4020330">
    <ele>762.5</ele>
    <time>2024-10-24T10:20:47Z</time>
   </trkpt>
   <trkpt lat="48.4329950" lon="7.4020480">
    <ele>762.5</ele>
    <time>2024-10-24T10:20:48Z</time>
   </trkpt>
   <trkpt lat="48.4329890" lon="7.4020620">
    <ele>762.5</ele>
    <time>2024-10-24T10:20:49Z</time>
   </trkpt>
   <trkpt lat="48.4329850" lon="7.4020800">
    <ele>762.5</ele>
    <time>2024-10-24T10:20:50Z</time>
   </trkpt>
   <trkpt lat="48.4329830" lon="7.4020940">
    <ele>762.5</ele>
    <time>2024-10-24T10:20:51Z</time>
   </trkpt>
   <trkpt lat="48.4329810" lon="7.4021100">
    <ele>762.5</ele>
    <time>2024-10-24T10:20:52Z</time>
   </trkpt>
   <trkpt lat="48.4329800" lon="7.4021230">
    <ele>762.5</ele>
    <time>2024-10-24T10:20:53Z</time>
   </trkpt>
   <trkpt lat="48.4329790" lon="7.4021380">
    <ele>762.6</ele>
    <time>2024-10-24T10:20:54Z</time>
   </trkpt>
   <trkpt lat="48.4329830" lon="7.4021440">
    <ele>762.6</ele>
    <time>2024-10-24T10:20:55Z</time>
   </trkpt>
   <trkpt lat="48.4329840" lon="7.4021410">
    <ele>762.6</ele>
    <time>2024-10-24T10:20:56Z</time>
   </trkpt>
   <trkpt lat="48.4329850" lon="7.4021360">
    <ele>762.6</ele>
    <time>2024-10-24T10:20:57Z</time>
   </trkpt>
   <trkpt lat="48.4329850" lon="7.4021330">
    <ele>762.6</ele>
    <time>2024-10-24T10:20:58Z</time>
   </trkpt>
   <trkpt lat="48.4329850" lon="7.4021330">
    <ele>762.6</ele>
    <time>2024-10-24T10:20:59Z</time>
   </trkpt>
   <trkpt lat="48.4329840" lon="7.4021350">
    <ele>762.6</ele>
    <time>2024-10-24T10:21:00Z</time>
   </trkpt>
   <trkpt lat="48.4329830" lon="7.4021370">
    <ele>762.6</ele>
    <time>2024-10-24T10:21:01Z</time>
   </trkpt>
   <trkpt lat="48.4329810" lon="7.4021410">
    <ele>762.6</ele>
    <time>2024-10-24T10:21:02Z</time>
   </trkpt>
   <trkpt lat="48.4329800" lon="7.4021430">
    <ele>762.6</ele>
    <time>2024-10-24T10:21:03Z</time>
   </trkpt>
   <trkpt lat="48.4329760" lon="7.4021480">
    <ele>762.6</ele>
    <time>2024-10-24T10:21:04Z</time>
   </trkpt>
   <trkpt lat="48.4329730" lon="7.4021520">
    <ele>762.6</ele>
    <time>2024-10-24T10:21:05Z</time>
   </trkpt>
   <trkpt lat="48.4329630" lon="7.4021520">
    <ele>762.6</ele>
    <time>2024-10-24T10:21:06Z</time>
   </trkpt>
   <trkpt lat="48.4329570" lon="7.4021490">
    <ele>762.6</ele>
    <time>2024-10-24T10:21:07Z</time>
   </trkpt>
   <trkpt lat="48.4329500" lon="7.4021460">
    <ele>762.6</ele>
    <time>2024-10-24T10:21:08Z</time>
   </trkpt>
   <trkpt lat="48.4329440" lon="7.4021430">
    <ele>762.6</ele>
    <time>2024-10-24T10:21:09Z</time>
   </trkpt>
   <trkpt lat="48.4329370" lon="7.4021400">
    <ele>762.7</ele>
    <time>2024-10-24T10:21:10Z</time>
   </trkpt>
   <trkpt lat="48.4329290" lon="7.4021370">
    <ele>762.7</ele>
    <time>2024-10-24T10:21:11Z</time>
   </trkpt>
   <trkpt lat="48.4329090" lon="7.4021460">
    <ele>762.7</ele>
    <time>2024-10-24T10:21:12Z</time>
   </trkpt>
   <trkpt lat="48.4328940" lon="7.4021530">
    <ele>762.7</ele>
    <time>2024-10-24T10:21:13Z</time>
   </trkpt>
   <trkpt lat="48.4328800" lon="7.4021590">
    <ele>762.8</ele>
    <time>2024-10-24T10:21:14Z</time>
   </trkpt>
   <trkpt lat="48.4328590" lon="7.4021710">
    <ele>762.8</ele>
    <time>2024-10-24T10:21:15Z</time>
   </trkpt>
   <trkpt lat="48.4328520" lon="7.4021750">
    <ele>762.8</ele>
    <time>2024-10-24T10:21:16Z</time>
   </trkpt>
   <trkpt lat="48.4328450" lon="7.4021790">
    <ele>762.8</ele>
    <time>2024-10-24T10:21:17Z</time>
   </trkpt>
   <trkpt lat="48.4328350" lon="7.4021850">
    <ele>762.9</ele>
    <time>2024-10-24T10:21:18Z</time>
   </trkpt>
   <trkpt lat="48.4328250" lon="7.4021910">
    <ele>762.9</ele>
    <time>2024-10-24T10:21:19Z</time>
   </trkpt>
   <trkpt lat="48.4328140" lon="7.4021970">
    <ele>762.9</ele>
    <time>2024-10-24T10:21:20Z</time>
   </trkpt>
   <trkpt lat="48.4328070" lon="7.4022010">
    <ele>762.9</ele>
    <time>2024-10-24T10:21:21Z</time>
   </trkpt>
   <trkpt lat="48.4327980" lon="7.4022040">
    <ele>762.9</ele>
    <time>2024-10-24T10:21:22Z</time>
   </trkpt>
   <trkpt lat="48.4327890" lon="7.4022060">
    <ele>762.9</ele>
    <time>2024-10-24T10:21:23Z</time>
   </trkpt>
   <trkpt lat="48.4327800" lon="7.4022080">
    <ele>763.0</ele>
    <time>2024-10-24T10:21:24Z</time>
   </trkpt>
   <trkpt lat="48.4327700" lon="7.4022110">
    <ele>763.0</ele>
    <time>2024-10-24T10:21:25Z</time>
   </trkpt>
   <trkpt lat="48.4327630" lon="7.4022130">
    <ele>763.0</ele>
    <time>2024-10-24T10:21:26Z</time>
   </trkpt>
   <trkpt lat="48.4327560" lon="7.4022120">
    <ele>763.0</ele>
    <time>2024-10-24T10:21:27Z</time>
   </trkpt>
   <trkpt lat="48.4327490" lon="7.4022100">
    <ele>763.1</ele>
    <time>2024-10-24T10:21:28Z</time>
   </trkpt>
   <trkpt lat="48.4327420" lon="7.4022080">
    <ele>763.1</ele>
    <time>2024-10-24T10:21:29Z</time>
   </trkpt>
   <trkpt lat="48.4327330" lon="7.4022080">
    <ele>763.2</ele>
    <time>2024-10-24T10:21:30Z</time>
   </trkpt>
   <trkpt lat="48.4327270" lon="7.4022090">
    <ele>763.2</ele>
    <time>2024-10-24T10:21:31Z</time>
   </trkpt>
   <trkpt lat="48.4327190" lon="7.4022130">
    <ele>763.3</ele>
    <time>2024-10-24T10:21:32Z</time>
   </trkpt>
   <trkpt lat="48.4327110" lon="7.4022150">
    <ele>763.3</ele>
    <time>2024-10-24T10:21:33Z</time>
   </trkpt>
   <trkpt lat="48.4327020" lon="7.4022160">
    <ele>763.4</ele>
    <time>2024-10-24T10:21:34Z</time>
   </trkpt>
   <trkpt lat="48.4326920" lon="7.4022160">
    <ele>763.5</ele>
    <time>2024-10-24T10:21:35Z</time>
   </trkpt>
   <trkpt lat="48.4326850" lon="7.4022180">
    <ele>763.5</ele>
    <time>2024-10-24T10:21:36Z</time>
   </trkpt>
   <trkpt lat="48.4326770" lon="7.4022230">
    <ele>763.6</ele>
    <time>2024-10-24T10:21:37Z</time>
   </trkpt>
   <trkpt lat="48.4326690" lon="7.4022270">
    <ele>763.6</ele>
    <time>2024-10-24T10:21:38Z</time>
   </trkpt>
   <trkpt lat="48.4326610" lon="7.4022320">
    <ele>763.7</ele>
    <time>2024-10-24T10:21:39Z</time>
   </trkpt>
   <trkpt lat="48.4326530" lon="7.4022380">
    <ele>763.7</ele>
    <time>2024-10-24T10:21:40Z</time>
   </trkpt>
   <trkpt lat="48.4326480" lon="7.4022440">
    <ele>763.8</ele>
    <time>2024-10-24T10:21:41Z</time>
   </trkpt>
   <trkpt lat="48.4326420" lon="7.4022500">
    <ele>763.8</ele>
    <time>2024-10-24T10:21:42Z</time>
   </trkpt>
   <trkpt lat="48.4326350" lon="7.4022560">
    <ele>763.9</ele>
    <time>2024-10-24T10:21:43Z</time>
   </trkpt>
   <trkpt lat="48.4326280" lon="7.4022610">
    <ele>763.9</ele>
    <time>2024-10-24T10:21:44Z</time>
   </trkpt>
   <trkpt lat="48.4326190" lon="7.4022660">
    <ele>764.0</ele>
    <time>2024-10-24T10:21:45Z</time>
   </trkpt>
   <trkpt lat="48.4326120" lon="7.4022610">
    <ele>764.0</ele>
    <time>2024-10-24T10:21:46Z</time>
   </trkpt>
   <trkpt lat="48.4326040" lon="7.4022560">
    <ele>764.1</ele>
    <time>2024-10-24T10:21:47Z</time>
   </trkpt>
   <trkpt lat="48.4325950" lon="7.4022520">
    <ele>764.2</ele>
    <time>2024-10-24T10:21:48Z</time>
   </trkpt>
   <trkpt lat="48.4325860" lon="7.4022460">
    <ele>764.2</ele>
    <time>2024-10-24T10:21:49Z</time>
   </trkpt>
   <trkpt lat="48.4325760" lon="7.4022380">
    <ele>764.3</ele>
    <time>2024-10-24T10:21:50Z</time>
   </trkpt>
   <trkpt lat="48.4325690" lon="7.4022300">
    <ele>764.4</ele>
    <time>2024-10-24T10:21:51Z</time>
   </trkpt>
   <trkpt lat="48.4325610" lon="7.4022200">
    <ele>764.5</ele>
    <time>2024-10-24T10:21:52Z</time>
   </trkpt>
   <trkpt lat="48.4325530" lon="7.4022100">
    <ele>764.5</ele>
    <time>2024-10-24T10:21:53Z</time>
   </trkpt>
   <trkpt lat="48.4325510" lon="7.4022010">
    <ele>764.6</ele>
    <time>2024-10-24T10:21:54Z</time>
   </trkpt>
   <trkpt lat="48.4325480" lon="7.4021960">
    <ele>764.6</ele>
    <time>2024-10-24T10:21:55Z</time>
   </trkpt>
   <trkpt lat="48.4325450" lon="7.4021940">
    <ele>764.6</ele>
    <time>2024-10-24T10:21:56Z</time>
   </trkpt>
   <trkpt lat="48.4325410" lon="7.4021860">
    <ele>764.7</ele>
    <time>2024-10-24T10:21:57Z</time>
   </trkpt>
   <trkpt lat="48.4325360" lon="7.4021760">
    <ele>764.8</ele>
    <time>2024-10-24T10:21:58Z</time>
   </trkpt>
   <trkpt lat="48.4325300" lon="7.4021710">
    <ele>764.8</ele>
    <time>2024-10-24T10:21:59Z</time>
   </trkpt>
   <trkpt lat="48.4325190" lon="7.4021680">
    <ele>764.9</ele>
    <time>2024-10-24T10:22:00Z</time>
   </trkpt>
   <trkpt lat="48.4325100" lon="7.4021740">
    <ele>765.0</ele>
    <time>2024-10-24T10:22:01Z</time>
   </trkpt>
   <trkpt lat="48.4325010" lon="7.4021830">
    <ele>765.0</ele>
    <time>2024-10-24T10:22:02Z</time>
   </trkpt>
   <trkpt lat="48.4324820" lon="7.4021940">
    <ele>765.2</ele>
    <time>2024-10-24T10:22:03Z</time>
   </trkpt>
   <trkpt lat="48.4324750" lon="7.4021980">
    <ele>765.3</ele>
    <time>2024-10-24T10:22:04Z</time>
   </trkpt>
   <trkpt lat="48.4324670" lon="7.4022020">
    <ele>765.3</ele>
    <time>2024-10-24T10:22:05Z</time>
   </trkpt>
   <trkpt lat="48.4324580" lon="7.4022050">
    <ele>765.4</ele>
    <time>2024-10-24T10:22:06Z</time>
   </trkpt>
   <trkpt lat="48.4324490" lon="7.4022090">
    <ele>765.5</ele>
    <time>2024-10-24T10:22:07Z</time>
   </trkpt>
   <trkpt lat="48.4324400" lon="7.4022140">
    <ele>765.6</ele>
    <time>2024-10-24T10:22:08Z</time>
   </trkpt>
   <trkpt lat="48.4324320" lon="7.4022160">
    <ele>765.6</ele>
    <time>2024-10-24T10:22:09Z</time>
   </trkpt>
   <trkpt lat="48.4324210" lon="7.4022120">
    <ele>765.7</ele>
    <time>2024-10-24T10:22:10Z</time>
   </trkpt>
   <trkpt lat="48.4324160" lon="7.4022090">
    <ele>765.8</ele>
    <time>2024-10-24T10:22:11Z</time>
   </trkpt>
   <trkpt lat="48.4324090" lon="7.4022050">
    <ele>765.8</ele>
    <time>2024-10-24T10:22:12Z</time>
   </trkpt>
   <trkpt lat="48.4324040" lon="7.4022000">
    <ele>765.9</ele>
    <time>2024-10-24T10:22:13Z</time>
   </trkpt>
   <trkpt lat="48.4323990" lon="7.4021980">
    <ele>765.9</ele>
    <time>2024-10-24T10:22:14Z</time>
   </trkpt>
   <trkpt lat="48.4323910" lon="7.4022000">
    <ele>766.0</ele>
    <time>2024-10-24T10:22:15Z</time>
   </trkpt>
   <trkpt lat="48.4323860" lon="7.4022000">
    <ele>766.0</ele>
    <time>2024-10-24T10:22:16Z</time>
   </trkpt>
   <trkpt lat="48.4323800" lon="7.4021980">
    <ele>766.1</ele>
    <time>2024-10-24T10:22:17Z</time>
   </trkpt>
   <trkpt lat="48.4323750" lon="7.4021950">
    <ele>766.1</ele>
    <time>2024-10-24T10:22:18Z</time>
   </trkpt>
   <trkpt lat="48.4323730" lon="7.4021930">
    <ele>766.2</ele>
    <time>2024-10-24T10:22:19Z</time>
   </trkpt>
   <trkpt lat="48.4323720" lon="7.4021920">
    <ele>766.2</ele>
    <time>2024-10-24T10:22:20Z</time>
   </trkpt>
   <trkpt lat="48.4323720" lon="7.4021900">
    <ele>766.2</ele>
    <time>2024-10-24T10:22:21Z</time>
   </trkpt>
   <trkpt lat="48.4323730" lon="7.4021890">
    <ele>766.2</ele>
    <time>2024-10-24T10:22:22Z</time>
   </trkpt>
   <trkpt lat="48.4323740" lon="7.4021890">
    <ele>766.2</ele>
    <time>2024-10-24T10:22:23Z</time>
   </trkpt>
   <trkpt lat="48.4323730" lon="7.4021880">
    <ele>766.2</ele>
    <time>2024-10-24T10:22:24Z</time>
   </trkpt>
   <trkpt lat="48.4323700" lon="7.4021860">
    <ele>766.2</ele>
    <time>2024-10-24T10:22:25Z</time>
   </trkpt>
   <trkpt lat="48.4323660" lon="7.4021850">
    <ele>766.3</ele>
    <time>2024-10-24T10:22:26Z</time>
   </trkpt>
   <trkpt lat="48.4323580" lon="7.4021860">
    <ele>766.4</ele>
    <time>2024-10-24T10:22:27Z</time>
   </trkpt>
   <trkpt lat="48.4323450" lon="7.4021890">
    <ele>766.5</ele>
    <time>2024-10-24T10:22:28Z</time>
   </trkpt>
   <trkpt lat="48.4323320" lon="7.4021920">
    <ele>766.6</ele>
    <time>2024-10-24T10:22:29Z</time>
   </trkpt>
   <trkpt lat="48.4323210" lon="7.4021950">
    <ele>766.7</ele>
    <time>2024-10-24T10:22:30Z</time>
   </trkpt>
   <trkpt lat="48.4323100" lon="7.4021980">
    <ele>766.8</ele>
    <time>2024-10-24T10:22:31Z</time>
   </trkpt>
   <trkpt lat="48.4323000" lon="7.4022010">
    <ele>766.9</ele>
    <time>2024-10-24T10:22:32Z</time>
   </trkpt>
   <trkpt lat="48.4322900" lon="7.4022060">
    <ele>767.0</ele>
    <time>2024-10-24T10:22:33Z</time>
   </trkpt>
   <trkpt lat="48.4322810" lon="7.4022070">
    <ele>767.1</ele>
    <time>2024-10-24T10:22:34Z</time>
   </trkpt>
   <trkpt lat="48.4322690" lon="7.4022060">
    <ele>767.2</ele>
    <time>2024-10-24T10:22:35Z</time>
   </trkpt>
   <trkpt lat="48.4322620" lon="7.4022010">
    <ele>767.3</ele>
    <time>2024-10-24T10:22:36Z</time>
   </trkpt>
   <trkpt lat="48.4322530" lon="7.4021960">
    <ele>767.4</ele>
    <time>2024-10-24T10:22:37Z</time>
   </trkpt>
   <trkpt lat="48.4322440" lon="7.4021910">
    <ele>767.5</ele>
    <time>2024-10-24T10:22:38Z</time>
   </trkpt>
   <trkpt lat="48.4322360" lon="7.4021870">
    <ele>767.6</ele>
    <time>2024-10-24T10:22:39Z</time>
   </trkpt>
   <trkpt lat="48.4322260" lon="7.4021830">
    <ele>767.7</ele>
    <time>2024-10-24T10:22:40Z</time>
   </trkpt>
   <trkpt lat="48.4322210" lon="7.4021820">
    <ele>767.8</ele>
    <time>2024-10-24T10:22:41Z</time>
   </trkpt>
   <trkpt lat="48.4322150" lon="7.4021830">
    <ele>767.8</ele>
    <time>2024-10-24T10:22:42Z</time>
   </trkpt>
   <trkpt lat="48.4322100" lon="7.4021810">
    <ele>767.9</ele>
    <time>2024-10-24T10:22:43Z</time>
   </trkpt>
   <trkpt lat="48.4322060" lon="7.4021790">
    <ele>767.9</ele>
    <time>2024-10-24T10:22:44Z</time>
   </trkpt>
   <trkpt lat="48.4321990" lon="7.4021760">
    <ele>768.0</ele>
    <time>2024-10-24T10:22:45Z</time>
   </trkpt>
   <trkpt lat="48.4321950" lon="7.4021780">
    <ele>768.1</ele>
    <time>2024-10-24T10:22:46Z</time>
   </trkpt>
   <trkpt lat="48.4321890" lon="7.4021810">
    <ele>768.1</ele>
    <time>2024-10-24T10:22:47Z</time>
   </trkpt>
   <trkpt lat="48.4321840" lon="7.4021890">
    <ele>768.2</ele>
    <time>2024-10-24T10:22:48Z</time>
   </trkpt>
   <trkpt lat="48.4321800" lon="7.4021990">
    <ele>768.3</ele>
    <time>2024-10-24T10:22:49Z</time>
   </trkpt>
   <trkpt lat="48.4321750" lon="7.4022100">
    <ele>768.4</ele>
    <time>2024-10-24T10:22:50Z</time>
   </trkpt>
   <trkpt lat="48.4321710" lon="7.4022140">
    <ele>768.5</ele>
    <time>2024-10-24T10:22:51Z</time>
   </trkpt>
   <trkpt lat="48.4321660" lon="7.4022210">
    <ele>768.6</ele>
    <time>2024-10-24T10:22:52Z</time>
   </trkpt>
   <trkpt lat="48.4321600" lon="7.4022260">
    <ele>768.7</ele>
    <time>2024-10-24T10:22:53Z</time>
   </trkpt>
   <trkpt lat="48.4321540" lon="7.4022300">
    <ele>768.8</ele>
    <time>2024-10-24T10:22:54Z</time>
   </trkpt>
   <trkpt lat="48.4321460" lon="7.4022340">
    <ele>768.9</ele>
    <time>2024-10-24T10:22:55Z</time>
   </trkpt>
   <trkpt lat="48.4321370" lon="7.4022460">
    <ele>769.0</ele>
    <time>2024-10-24T10:22:56Z</time>
   </trkpt>
   <trkpt lat="48.4321320" lon="7.4022530">
    <ele>769.1</ele>
    <time>2024-10-24T10:22:57Z</time>
   </trkpt>
   <trkpt lat="48.4321280" lon="7.4022600">
    <ele>769.2</ele>
    <time>2024-10-24T10:22:58Z</time>
   </trkpt>
   <trkpt lat="48.4321240" lon="7.4022670">
    <ele>769.3</ele>
    <time>2024-10-24T10:22:59Z</time>
   </trkpt>
   <trkpt lat="48.4321200" lon="7.4022740">
    <ele>769.4</ele>
    <time>2024-10-24T10:23:00Z</time>
   </trkpt>
   <trkpt lat="48.4321140" lon="7.4022760">
    <ele>769.5</ele>
    <time>2024-10-24T10:23:01Z</time>
   </trkpt>
   <trkpt lat="48.4321070" lon="7.4022760">
    <ele>769.6</ele>
    <time>2024-10-24T10:23:02Z</time>
   </trkpt>
   <trkpt lat="48.4321000" lon="7.4022710">
    <ele>769.7</ele>
    <time>2024-10-24T10:23:03Z</time>
   </trkpt>
   <trkpt lat="48.4320960" lon="7.4022640">
    <ele>769.8</ele>
    <time>2024-10-24T10:23:04Z</time>
   </trkpt>
   <trkpt lat="48.4320890" lon="7.4022540">
    <ele>769.9</ele>
    <time>2024-10-24T10:23:05Z</time>
   </trkpt>
   <trkpt lat="48.4320890" lon="7.4022460">
    <ele>770.0</ele>
    <time>2024-10-24T10:23:06Z</time>
   </trkpt>
   <trkpt lat="48.4320860" lon="7.4022380">
    <ele>770.1</ele>
    <time>2024-10-24T10:23:07Z</time>
   </trkpt>
   <trkpt lat="48.4320810" lon="7.4022310">
    <ele>770.2</ele>
    <time>2024-10-24T10:23:08Z</time>
   </trkpt>
   <trkpt lat="48.4320760" lon="7.4022230">
    <ele>770.3</ele>
    <time>2024-10-24T10:23:09Z</time>
   </trkpt>
   <trkpt lat="48.4320710" lon="7.4022090">
    <ele>770.5</ele>
    <time>2024-10-24T10:23:10Z</time>
   </trkpt>
   <trkpt lat="48.4320690" lon="7.4022030">
    <ele>770.6</ele>
    <time>2024-10-24T10:23:11Z</time>
   </trkpt>
   <trkpt lat="48.4320620" lon="7.4021980">
    <ele>770.7</ele>
    <time>2024-10-24T10:23:12Z</time>
   </trkpt>
   <trkpt lat="48.4320550" lon="7.4021970">
    <ele>770.8</ele>
    <time>2024-10-24T10:23:13Z</time>
   </trkpt>
   <trkpt lat="48.4320490" lon="7.4021950">
    <ele>770.9</ele>
    <time>2024-10-24T10:23:14Z</time>
   </trkpt>
   <trkpt lat="48.4320380" lon="7.4021900">
    <ele>771.1</ele>
    <time>2024-10-24T10:23:15Z</time>
   </trkpt>
   <trkpt lat="48.4320330" lon="7.4021870">
    <ele>771.1</ele>
    <time>2024-10-24T10:23:16Z</time>
   </trkpt>
   <trkpt lat="48.4320260" lon="7.4021820">
    <ele>771.3</ele>
    <time>2024-10-24T10:23:17Z</time>
   </trkpt>
   <trkpt lat="48.4320190" lon="7.4021760">
    <ele>771.4</ele>
    <time>2024-10-24T10:23:18Z</time>
   </trkpt>
   <trkpt lat="48.4320120" lon="7.4021680">
    <ele>771.5</ele>
    <time>2024-10-24T10:23:19Z</time>
   </trkpt>
   <trkpt lat="48.4320020" lon="7.4021560">
    <ele>771.7</ele>
    <time>2024-10-24T10:23:20Z</time>
   </trkpt>
   <trkpt lat="48.4319990" lon="7.4021500">
    <ele>771.8</ele>
    <time>2024-10-24T10:23:21Z</time>
   </trkpt>
   <trkpt lat="48.4319950" lon="7.4021420">
    <ele>771.9</ele>
    <time>2024-10-24T10:23:22Z</time>
   </trkpt>
   <trkpt lat="48.4319880" lon="7.4021330">
    <ele>772.0</ele>
    <time>2024-10-24T10:23:23Z</time>
   </trkpt>
   <trkpt lat="48.4319810" lon="7.4021260">
    <ele>772.1</ele>
    <time>2024-10-24T10:23:24Z</time>
   </trkpt>
   <trkpt lat="48.4319720" lon="7.4021180">
    <ele>772.3</ele>
    <time>2024-10-24T10:23:25Z</time>
   </trkpt>
   <trkpt lat="48.4319680" lon="7.4021140">
    <ele>772.4</ele>
    <time>2024-10-24T10:23:26Z</time>
   </trkpt>
   <trkpt lat="48.4319610" lon="7.4021090">
    <ele>772.5</ele>
    <time>2024-10-24T10:23:27Z</time>
   </trkpt>
   <trkpt lat="48.4319540" lon="7.4021060">
    <ele>772.6</ele>
    <time>2024-10-24T10:23:28Z</time>
   </trkpt>
   <trkpt lat="48.4319490" lon="7.4021030">
    <ele>772.6</ele>
    <time>2024-10-24T10:23:29Z</time>
   </trkpt>
   <trkpt lat="48.4319430" lon="7.4020990">
    <ele>772.7</ele>
    <time>2024-10-24T10:23:30Z</time>
   </trkpt>
   <trkpt lat="48.4319350" lon="7.4021060">
    <ele>772.8</ele>
    <time>2024-10-24T10:23:31Z</time>
   </trkpt>
   <trkpt lat="48.4319260" lon="7.4021170">
    <ele>773.0</ele>
    <time>2024-10-24T10:23:32Z</time>
   </trkpt>
   <trkpt lat="48.4319160" lon="7.4021220">
    <ele>773.1</ele>
    <time>2024-10-24T10:23:33Z</time>
   </trkpt>
   <trkpt lat="48.4319100" lon="7.4021260">
    <ele>773.2</ele>
    <time>2024-10-24T10:23:34Z</time>
   </trkpt>
   <trkpt lat="48.4319040" lon="7.4021290">
    <ele>773.3</ele>
    <time>2024-10-24T10:23:35Z</time>
   </trkpt>
   <trkpt lat="48.4318980" lon="7.4021330">
    <ele>773.3</ele>
    <time>2024-10-24T10:23:36Z</time>
   </trkpt>
   <trkpt lat="48.4318920" lon="7.4021370">
    <ele>773.4</ele>
    <time>2024-10-24T10:23:37Z</time>
   </trkpt>
   <trkpt lat="48.4318880" lon="7.4021400">
    <ele>773.5</ele>
    <time>2024-10-24T10:23:38Z</time>
   </trkpt>
   <trkpt lat="48.4318820" lon="7.4021430">
    <ele>773.5</ele>
    <time>2024-10-24T10:23:39Z</time>
   </trkpt>
   <trkpt lat="48.4318760" lon="7.4021470">
    <ele>773.6</ele>
    <time>2024-10-24T10:23:40Z</time>
   </trkpt>
   <trkpt lat="48.4318700" lon="7.4021520">
    <ele>773.7</ele>
    <time>2024-10-24T10:23:41Z</time>
   </trkpt>
   <trkpt lat="48.4318630" lon="7.4021580">
    <ele>773.8</ele>
    <time>2024-10-24T10:23:42Z</time>
   </trkpt>
   <trkpt lat="48.4318560" lon="7.4021630">
    <ele>773.8</ele>
    <time>2024-10-24T10:23:43Z</time>
   </trkpt>
   <trkpt lat="48.4318490" lon="7.4021670">
    <ele>773.9</ele>
    <time>2024-10-24T10:23:44Z</time>
   </trkpt>
   <trkpt lat="48.4318420" lon="7.4021730">
    <ele>774.0</ele>
    <time>2024-10-24T10:23:45Z</time>
   </trkpt>
   <trkpt lat="48.4318360" lon="7.4021760">
    <ele>774.1</ele>
    <time>2024-10-24T10:23:46Z</time>
   </trkpt>
   <trkpt lat="48.4318250" lon="7.4021740">
    <ele>774.2</ele>
    <time>2024-10-24T10:23:47Z</time>
   </trkpt>
   <trkpt lat="48.4318200" lon="7.4021720">
    <ele>774.2</ele>
    <time>2024-10-24T10:23:48Z</time>
   </trkpt>
   <trkpt lat="48.4318140" lon="7.4021670">
    <ele>774.3</ele>
    <time>2024-10-24T10:23:49Z</time>
   </trkpt>
   <trkpt lat="48.4318080" lon="7.4021660">
    <ele>774.3</ele>
    <time>2024-10-24T10:23:50Z</time>
   </trkpt>
   <trkpt lat="48.4318020" lon="7.4021700">
    <ele>774.4</ele>
    <time>2024-10-24T10:23:51Z</time>
   </trkpt>
   <trkpt lat="48.4317970" lon="7.4021750">
    <ele>774.4</ele>
    <time>2024-10-24T10:23:52Z</time>
   </trkpt>
   <trkpt lat="48.4317860" lon="7.4021810">
    <ele>774.5</ele>
    <time>2024-10-24T10:23:53Z</time>
   </trkpt>
   <trkpt lat="48.4317780" lon="7.4021860">
    <ele>774.6</ele>
    <time>2024-10-24T10:23:54Z</time>
   </trkpt>
   <trkpt lat="48.4317700" lon="7.4021870">
    <ele>774.6</ele>
    <time>2024-10-24T10:23:55Z</time>
   </trkpt>
   <trkpt lat="48.4317610" lon="7.4021890">
    <ele>774.7</ele>
    <time>2024-10-24T10:23:56Z</time>
   </trkpt>
   <trkpt lat="48.4317530" lon="7.4021910">
    <ele>774.7</ele>
    <time>2024-10-24T10:23:57Z</time>
   </trkpt>
   <trkpt lat="48.4317460" lon="7.4021950">
    <ele>774.8</ele>
    <time>2024-10-24T10:23:58Z</time>
   </trkpt>
   <trkpt lat="48.4317390" lon="7.4021970">
    <ele>774.8</ele>
    <time>2024-10-24T10:23:59Z</time>
   </trkpt>
   <trkpt lat="48.4317330" lon="7.4021990">
    <ele>774.9</ele>
    <time>2024-10-24T10:24:00Z</time>
   </trkpt>
   <trkpt lat="48.4317270" lon="7.4022030">
    <ele>774.9</ele>
    <time>2024-10-24T10:24:01Z</time>
   </trkpt>
   <trkpt lat="48.4317210" lon="7.4022080">
    <ele>775.0</ele>
    <time>2024-10-24T10:24:02Z</time>
   </trkpt>
   <trkpt lat="48.4317150" lon="7.4022140">
    <ele>775.0</ele>
    <time>2024-10-24T10:24:03Z</time>
   </trkpt>
   <trkpt lat="48.4317110" lon="7.4022220">
    <ele>775.0</ele>
    <time>2024-10-24T10:24:04Z</time>
   </trkpt>
   <trkpt lat="48.4317090" lon="7.4022310">
    <ele>775.1</ele>
    <time>2024-10-24T10:24:05Z</time>
   </trkpt>
   <trkpt lat="48.4317060" lon="7.4022410">
    <ele>775.1</ele>
    <time>2024-10-24T10:24:06Z</time>
   </trkpt>
   <trkpt lat="48.4317020" lon="7.4022500">
    <ele>775.2</ele>
    <time>2024-10-24T10:24:07Z</time>
   </trkpt>
   <trkpt lat="48.4316950" lon="7.4022570">
    <ele>775.2</ele>
    <time>2024-10-24T10:24:08Z</time>
   </trkpt>
   <trkpt lat="48.4316870" lon="7.4022600">
    <ele>775.2</ele>
    <time>2024-10-24T10:24:09Z</time>
   </trkpt>
   <trkpt lat="48.4316770" lon="7.4022610">
    <ele>775.3</ele>
    <time>2024-10-24T10:24:10Z</time>
   </trkpt>
   <trkpt lat="48.4316680" lon="7.4022620">
    <ele>775.3</ele>
    <time>2024-10-24T10:24:11Z</time>
   </trkpt>
   <trkpt lat="48.4316590" lon="7.4022660">
    <ele>775.4</ele>
    <time>2024-10-24T10:24:12Z</time>
   </trkpt>
   <trkpt lat="48.4316490" lon="7.4022710">
    <ele>775.4</ele>
    <time>2024-10-24T10:24:13Z</time>
   </trkpt>
   <trkpt lat="48.4316430" lon="7.4022760">
    <ele>775.5</ele>
    <time>2024-10-24T10:24:14Z</time>
   </trkpt>
   <trkpt lat="48.4316350" lon="7.4022820">
    <ele>775.5</ele>
    <time>2024-10-24T10:24:15Z</time>
   </trkpt>
   <trkpt lat="48.4316260" lon="7.4022860">
    <ele>775.6</ele>
    <time>2024-10-24T10:24:16Z</time>
   </trkpt>
   <trkpt lat="48.4316160" lon="7.4022880">
    <ele>775.6</ele>
    <time>2024-10-24T10:24:17Z</time>
   </trkpt>
   <trkpt lat="48.4316060" lon="7.4022880">
    <ele>775.7</ele>
    <time>2024-10-24T10:24:18Z</time>
   </trkpt>
   <trkpt lat="48.4315980" lon="7.4022890">
    <ele>775.7</ele>
    <time>2024-10-24T10:24:19Z</time>
   </trkpt>
   <trkpt lat="48.4315880" lon="7.4022920">
    <ele>775.8</ele>
    <time>2024-10-24T10:24:20Z</time>
   </trkpt>
   <trkpt lat="48.4315800" lon="7.4022970">
    <ele>775.8</ele>
    <time>2024-10-24T10:24:21Z</time>
   </trkpt>
   <trkpt lat="48.4315710" lon="7.4023030">
    <ele>775.9</ele>
    <time>2024-10-24T10:24:22Z</time>
   </trkpt>
   <trkpt lat="48.4315620" lon="7.4023080">
    <ele>775.9</ele>
    <time>2024-10-24T10:24:23Z</time>
   </trkpt>
   <trkpt lat="48.4315520" lon="7.4023160">
    <ele>776.0</ele>
    <time>2024-10-24T10:24:24Z</time>
   </trkpt>
   <trkpt lat="48.4315420" lon="7.4023220">
    <ele>776.0</ele>
    <time>2024-10-24T10:24:25Z</time>
   </trkpt>
   <trkpt lat="48.4315330" lon="7.4023290">
    <ele>776.1</ele>
    <time>2024-10-24T10:24:26Z</time>
   </trkpt>
   <trkpt lat="48.4315250" lon="7.4023400">
    <ele>776.1</ele>
    <time>2024-10-24T10:24:27Z</time>
   </trkpt>
   <trkpt lat="48.4315160" lon="7.4023520">
    <ele>776.2</ele>
    <time>2024-10-24T10:24:28Z</time>
   </trkpt>
   <trkpt lat="48.4315090" lon="7.4023600">
    <ele>776.2</ele>
    <time>2024-10-24T10:24:29Z</time>
   </trkpt>
   <trkpt lat="48.4315020" lon="7.4023680">
    <ele>776.3</ele>
    <time>2024-10-24T10:24:30Z</time>
   </trkpt>
   <trkpt lat="48.4314940" lon="7.4023740">
    <ele>776.3</ele>
    <time>2024-10-24T10:24:31Z</time>
   </trkpt>
   <trkpt lat="48.4314880" lon="7.4023820">
    <ele>776.4</ele>
    <time>2024-10-24T10:24:32Z</time>
   </trkpt>
   <trkpt lat="48.4314780" lon="7.4023840">
    <ele>776.4</ele>
    <time>2024-10-24T10:24:33Z</time>
   </trkpt>
   <trkpt lat="48.4314700" lon="7.4023860">
    <ele>776.5</ele>
    <time>2024-10-24T10:24:34Z</time>
   </trkpt>
   <trkpt lat="48.4314600" lon="7.4023850">
    <ele>776.5</ele>
    <time>2024-10-24T10:24:35Z</time>
   </trkpt>
   <trkpt lat="48.4314520" lon="7.4023830">
    <ele>776.6</ele>
    <time>2024-10-24T10:24:36Z</time>
   </trkpt>
   <trkpt lat="48.4314420" lon="7.4023810">
    <ele>776.6</ele>
    <time>2024-10-24T10:24:37Z</time>
   </trkpt>
   <trkpt lat="48.4314300" lon="7.4023800">
    <ele>776.7</ele>
    <time>2024-10-24T10:24:38Z</time>
   </trkpt>
   <trkpt lat="48.4314210" lon="7.4023800">
    <ele>776.8</ele>
    <time>2024-10-24T10:24:39Z</time>
   </trkpt>
   <trkpt lat="48.4314110" lon="7.4023830">
    <ele>776.9</ele>
    <time>2024-10-24T10:24:40Z</time>
   </trkpt>
   <trkpt lat="48.4314030" lon="7.4023870">
    <ele>776.9</ele>
    <time>2024-10-24T10:24:41Z</time>
   </trkpt>
   <trkpt lat="48.4313930" lon="7.4023960">
    <ele>777.0</ele>
    <time>2024-10-24T10:24:42Z</time>
   </trkpt>
   <trkpt lat="48.4313830" lon="7.4024060">
    <ele>777.1</ele>
    <time>2024-10-24T10:24:43Z</time>
   </trkpt>
   <trkpt lat="48.4313750" lon="7.4024130">
    <ele>777.1</ele>
    <time>2024-10-24T10:24:44Z</time>
   </trkpt>
   <trkpt lat="48.4313680" lon="7.4024220">
    <ele>777.2</ele>
    <time>2024-10-24T10:24:45Z</time>
   </trkpt>
   <trkpt lat="48.4313600" lon="7.4024320">
    <ele>777.3</ele>
    <time>2024-10-24T10:24:46Z</time>
   </trkpt>
   <trkpt lat="48.4313530" lon="7.4024490">
    <ele>777.4</ele>
    <time>2024-10-24T10:24:47Z</time>
   </trkpt>
   <trkpt lat="48.4313450" lon="7.4024670">
    <ele>777.5</ele>
    <time>2024-10-24T10:24:48Z</time>
   </trkpt>
   <trkpt lat="48.4313400" lon="7.4024800">
    <ele>777.6</ele>
    <time>2024-10-24T10:24:49Z</time>
   </trkpt>
   <trkpt lat="48.4313310" lon="7.4024920">
    <ele>777.7</ele>
    <time>2024-10-24T10:24:50Z</time>
   </trkpt>
   <trkpt lat="48.4313200" lon="7.4024960">
    <ele>777.8</ele>
    <time>2024-10-24T10:24:51Z</time>
   </trkpt>
   <trkpt lat="48.4313090" lon="7.4025000">
    <ele>777.9</ele>
    <time>2024-10-24T10:24:52Z</time>
   </trkpt>
   <trkpt lat="48.4312980" lon="7.4025060">
    <ele>778.0</ele>
    <time>2024-10-24T10:24:53Z</time>
   </trkpt>
   <trkpt lat="48.4312900" lon="7.4025130">
    <ele>778.1</ele>
    <time>2024-10-24T10:24:54Z</time>
   </trkpt>
   <trkpt lat="48.4312840" lon="7.4025270">
    <ele>778.1</ele>
    <time>2024-10-24T10:24:55Z</time>
   </trkpt>
   <trkpt lat="48.4312760" lon="7.4025380">
    <ele>778.2</ele>
    <time>2024-10-24T10:24:56Z</time>
   </trkpt>
   <trkpt lat="48.4312680" lon="7.4025480">
    <ele>778.3</ele>
    <time>2024-10-24T10:24:57Z</time>
   </trkpt>
   <trkpt lat="48.4312580" lon="7.4025590">
    <ele>778.4</ele>
    <time>2024-10-24T10:24:58Z</time>
   </trkpt>
   <trkpt lat="48.4312520" lon="7.4025650">
    <ele>778.5</ele>
    <time>2024-10-24T10:24:59Z</time>
   </trkpt>
   <trkpt lat="48.4312430" lon="7.4025720">
    <ele>778.6</ele>
    <time>2024-10-24T10:25:00Z</time>
   </trkpt>
   <trkpt lat="48.4312280" lon="7.4025790">
    <ele>778.8</ele>
    <time>2024-10-24T10:25:01Z</time>
   </trkpt>
   <trkpt lat="48.4312220" lon="7.4025820">
    <ele>778.8</ele>
    <time>2024-10-24T10:25:02Z</time>
   </trkpt>
   <trkpt lat="48.4312150" lon="7.4025850">
    <ele>778.9</ele>
    <time>2024-10-24T10:25:03Z</time>
   </trkpt>
   <trkpt lat="48.4312090" lon="7.4025870">
    <ele>778.9</ele>
    <time>2024-10-24T10:25:04Z</time>
   </trkpt>
   <trkpt lat="48.4311990" lon="7.4025920">
    <ele>779.0</ele>
    <time>2024-10-24T10:25:05Z</time>
   </trkpt>
   <trkpt lat="48.4311890" lon="7.4025950">
    <ele>779.1</ele>
    <time>2024-10-24T10:25:06Z</time>
   </trkpt>
   <trkpt lat="48.4311780" lon="7.4025970">
    <ele>779.2</ele>
    <time>2024-10-24T10:25:07Z</time>
   </trkpt>
   <trkpt lat="48.4311660" lon="7.4026030">
    <ele>779.3</ele>
    <time>2024-10-24T10:25:08Z</time>
   </trkpt>
   <trkpt lat="48.4311580" lon="7.4026110">
    <ele>779.4</ele>
    <time>2024-10-24T10:25:09Z</time>
   </trkpt>
   <trkpt lat="48.4311480" lon="7.4026210">
    <ele>779.5</ele>
    <time>2024-10-24T10:25:10Z</time>
   </trkpt>
   <trkpt lat="48.4311320" lon="7.4026400">
    <ele>779.7</ele>
    <time>2024-10-24T10:25:11Z</time>
   </trkpt>
   <trkpt lat="48.4311250" lon="7.4026480">
    <ele>779.8</ele>
    <time>2024-10-24T10:25:12Z</time>
   </trkpt>
   <trkpt lat="48.4311180" lon="7.4026560">
    <ele>779.9</ele>
    <time>2024-10-24T10:25:13Z</time>
   </trkpt>
   <trkpt lat="48.4311100" lon="7.4026640">
    <ele>780.0</ele>
    <time>2024-10-24T10:25:14Z</time>
   </trkpt>
   <trkpt lat="48.4311000" lon="7.4026730">
    <ele>780.1</ele>
    <time>2024-10-24T10:25:15Z</time>
   </trkpt>
   <trkpt lat="48.4310920" lon="7.4026840">
    <ele>780.2</ele>
    <time>2024-10-24T10:25:16Z</time>
   </trkpt>
   <trkpt lat="48.4310840" lon="7.4026960">
    <ele>780.3</ele>
    <time>2024-10-24T10:25:17Z</time>
   </trkpt>
   <trkpt lat="48.4310740" lon="7.4027040">
    <ele>780.4</ele>
    <time>2024-10-24T10:25:18Z</time>
   </trkpt>
   <trkpt lat="48.4310660" lon="7.4027060">
    <ele>780.4</ele>
    <time>2024-10-24T10:25:19Z</time>
   </trkpt>
   <trkpt lat="48.4310500" lon="7.4027050">
    <ele>780.6</ele>
    <time>2024-10-24T10:25:20Z</time>
   </trkpt>
   <trkpt lat="48.4310430" lon="7.4027050">
    <ele>780.6</ele>
    <time>2024-10-24T10:25:21Z</time>
   </trkpt>
   <trkpt lat="48.4310360" lon="7.4027040">
    <ele>780.7</ele>
    <time>2024-10-24T10:25:22Z</time>
   </trkpt>
   <trkpt lat="48.4310290" lon="7.4027030">
    <ele>780.7</ele>
    <time>2024-10-24T10:25:23Z</time>
   </trkpt>
   <trkpt lat="48.4310220" lon="7.4027010">
    <ele>780.8</ele>
    <time>2024-10-24T10:25:24Z</time>
   </trkpt>
   <trkpt lat="48.4310120" lon="7.4026970">
    <ele>780.9</ele>
    <time>2024-10-24T10:25:25Z</time>
   </trkpt>
   <trkpt lat="48.4310010" lon="7.4026940">
    <ele>780.9</ele>
    <time>2024-10-24T10:25:26Z</time>
   </trkpt>
   <trkpt lat="48.4309900" lon="7.4026910">
    <ele>781.0</ele>
    <time>2024-10-24T10:25:27Z</time>
   </trkpt>
   <trkpt lat="48.4309790" lon="7.4026900">
    <ele>781.1</ele>
    <time>2024-10-24T10:25:28Z</time>
   </trkpt>
   <trkpt lat="48.4309680" lon="7.4026960">
    <ele>781.2</ele>
    <time>2024-10-24T10:25:29Z</time>
   </trkpt>
   <trkpt lat="48.4309580" lon="7.4027040">
    <ele>781.3</ele>
    <time>2024-10-24T10:25:30Z</time>
   </trkpt>
   <trkpt lat="48.4309480" lon="7.4027160">
    <ele>781.4</ele>
    <time>2024-10-24T10:25:31Z</time>
   </trkpt>
   <trkpt lat="48.4309400" lon="7.4027290">
    <ele>781.5</ele>
    <time>2024-10-24T10:25:32Z</time>
   </trkpt>
   <trkpt lat="48.4309310" lon="7.4027480">
    <ele>781.6</ele>
    <time>2024-10-24T10:25:33Z</time>
   </trkpt>
   <trkpt lat="48.4309270" lon="7.4027590">
    <ele>781.6</ele>
    <time>2024-10-24T10:25:34Z</time>
   </trkpt>
   <trkpt lat="48.4309210" lon="7.4027720">
    <ele>781.7</ele>
    <time>2024-10-24T10:25:35Z</time>
   </trkpt>
   <trkpt lat="48.4309080" lon="7.4027940">
    <ele>781.9</ele>
    <time>2024-10-24T10:25:36Z</time>
   </trkpt>
   <trkpt lat="48.4309020" lon="7.4028020">
    <ele>781.9</ele>
    <time>2024-10-24T10:25:37Z</time>
   </trkpt>
   <trkpt lat="48.4308960" lon="7.4028110">
    <ele>782.0</ele>
    <time>2024-10-24T10:25:38Z</time>
   </trkpt>
   <trkpt lat="48.4308920" lon="7.4028230">
    <ele>782.0</ele>
    <time>2024-10-24T10:25:39Z</time>
   </trkpt>
   <trkpt lat="48.4308910" lon="7.4028390">
    <ele>782.1</ele>
    <time>2024-10-24T10:25:40Z</time>
   </trkpt>
   <trkpt lat="48.4308870" lon="7.4028550">
    <ele>782.2</ele>
    <time>2024-10-24T10:25:41Z</time>
   </trkpt>
   <trkpt lat="48.4308770" lon="7.4028650">
    <ele>782.3</ele>
    <time>2024-10-24T10:25:42Z</time>
   </trkpt>
   <trkpt lat="48.4308650" lon="7.4028750">
    <ele>782.4</ele>
    <time>2024-10-24T10:25:43Z</time>
   </trkpt>
   <trkpt lat="48.4308600" lon="7.4028860">
    <ele>782.5</ele>
    <time>2024-10-24T10:25:44Z</time>
   </trkpt>
   <trkpt lat="48.4308520" lon="7.4028990">
    <ele>782.6</ele>
    <time>2024-10-24T10:25:45Z</time>
   </trkpt>
   <trkpt lat="48.4308430" lon="7.4029070">
    <ele>782.7</ele>
    <time>2024-10-24T10:25:46Z</time>
   </trkpt>
   <trkpt lat="48.4308340" lon="7.4029120">
    <ele>782.7</ele>
    <time>2024-10-24T10:25:47Z</time>
   </trkpt>
   <trkpt lat="48.4308240" lon="7.4029170">
    <ele>782.8</ele>
    <time>2024-10-24T10:25:48Z</time>
   </trkpt>
   <trkpt lat="48.4308160" lon="7.4029230">
    <ele>782.9</ele>
    <time>2024-10-24T10:25:49Z</time>
   </trkpt>
   <trkpt lat="48.4308080" lon="7.4029350">
    <ele>783.0</ele>
    <time>2024-10-24T10:25:50Z</time>
   </trkpt>
   <trkpt lat="48.4308060" lon="7.4029500">
    <ele>783.1</ele>
    <time>2024-10-24T10:25:51Z</time>
   </trkpt>
   <trkpt lat="48.4308050" lon="7.4029660">
    <ele>783.2</ele>
    <time>2024-10-24T10:25:52Z</time>
   </trkpt>
   <trkpt lat="48.4308040" lon="7.4029810">
    <ele>783.3</ele>
    <time>2024-10-24T10:25:53Z</time>
   </trkpt>
   <trkpt lat="48.4308010" lon="7.4029940">
    <ele>783.3</ele>
    <time>2024-10-24T10:25:54Z</time>
   </trkpt>
   <trkpt lat="48.4307960" lon="7.4030020">
    <ele>783.4</ele>
    <time>2024-10-24T10:25:55Z</time>
   </trkpt>
   <trkpt lat="48.4307910" lon="7.4030060">
    <ele>783.4</ele>
    <time>2024-10-24T10:25:56Z</time>
   </trkpt>
   <trkpt lat="48.4307860" lon="7.4030110">
    <ele>783.5</ele>
    <time>2024-10-24T10:25:57Z</time>
   </trkpt>
   <trkpt lat="48.4307830" lon="7.4030130">
    <ele>783.5</ele>
    <time>2024-10-24T10:25:58Z</time>
   </trkpt>
   <trkpt lat="48.4307760" lon="7.4030140">
    <ele>783.6</ele>
    <time>2024-10-24T10:25:59Z</time>
   </trkpt>
   <trkpt lat="48.4307700" lon="7.4030150">
    <ele>783.6</ele>
    <time>2024-10-24T10:26:00Z</time>
   </trkpt>
   <trkpt lat="48.4307640" lon="7.4030160">
    <ele>783.7</ele>
    <time>2024-10-24T10:26:01Z</time>
   </trkpt>
   <trkpt lat="48.4307580" lon="7.4030170">
    <ele>783.7</ele>
    <time>2024-10-24T10:26:02Z</time>
   </trkpt>
   <trkpt lat="48.4307530" lon="7.4030180">
    <ele>783.8</ele>
    <time>2024-10-24T10:26:03Z</time>
   </trkpt>
   <trkpt lat="48.4307470" lon="7.4030190">
    <ele>783.8</ele>
    <time>2024-10-24T10:26:04Z</time>
   </trkpt>
   <trkpt lat="48.4307370" lon="7.4030250">
    <ele>783.9</ele>
    <time>2024-10-24T10:26:05Z</time>
   </trkpt>
   <trkpt lat="48.4307300" lon="7.4030320">
    <ele>784.0</ele>
    <time>2024-10-24T10:26:06Z</time>
   </trkpt>
   <trkpt lat="48.4307250" lon="7.4030380">
    <ele>784.0</ele>
    <time>2024-10-24T10:26:07Z</time>
   </trkpt>
   <trkpt lat="48.4307190" lon="7.4030400">
    <ele>784.1</ele>
    <time>2024-10-24T10:26:08Z</time>
   </trkpt>
   <trkpt lat="48.4307110" lon="7.4030450">
    <ele>784.1</ele>
    <time>2024-10-24T10:26:09Z</time>
   </trkpt>
   <trkpt lat="48.4307040" lon="7.4030500">
    <ele>784.2</ele>
    <time>2024-10-24T10:26:10Z</time>
   </trkpt>
   <trkpt lat="48.4306980" lon="7.4030550">
    <ele>784.2</ele>
    <time>2024-10-24T10:26:11Z</time>
   </trkpt>
   <trkpt lat="48.4306920" lon="7.4030590">
    <ele>784.3</ele>
    <time>2024-10-24T10:26:12Z</time>
   </trkpt>
   <trkpt lat="48.4306860" lon="7.4030640">
    <ele>784.3</ele>
    <time>2024-10-24T10:26:13Z</time>
   </trkpt>
   <trkpt lat="48.4306780" lon="7.4030660">
    <ele>784.4</ele>
    <time>2024-10-24T10:26:14Z</time>
   </trkpt>
   <trkpt lat="48.4306700" lon="7.4030690">
    <ele>784.4</ele>
    <time>2024-10-24T10:26:15Z</time>
   </trkpt>
   <trkpt lat="48.4306630" lon="7.4030730">
    <ele>784.5</ele>
    <time>2024-10-24T10:26:16Z</time>
   </trkpt>
   <trkpt lat="48.4306570" lon="7.4030740">
    <ele>784.5</ele>
    <time>2024-10-24T10:26:17Z</time>
   </trkpt>
   <trkpt lat="48.4306510" lon="7.4030740">
    <ele>784.6</ele>
    <time>2024-10-24T10:26:18Z</time>
   </trkpt>
   <trkpt lat="48.4306470" lon="7.4030750">
    <ele>784.6</ele>
    <time>2024-10-24T10:26:19Z</time>
   </trkpt>
   <trkpt lat="48.4306410" lon="7.4030760">
    <ele>784.7</ele>
    <time>2024-10-24T10:26:20Z</time>
   </trkpt>
   <trkpt lat="48.4306330" lon="7.4030810">
    <ele>784.7</ele>
    <time>2024-10-24T10:26:21Z</time>
   </trkpt>
   <trkpt lat="48.4306240" lon="7.4030850">
    <ele>784.8</ele>
    <time>2024-10-24T10:26:22Z</time>
   </trkpt>
   <trkpt lat="48.4306150" lon="7.4030910">
    <ele>784.9</ele>
    <time>2024-10-24T10:26:23Z</time>
   </trkpt>
   <trkpt lat="48.4306090" lon="7.4030960">
    <ele>784.9</ele>
    <time>2024-10-24T10:26:24Z</time>
   </trkpt>
   <trkpt lat="48.4306040" lon="7.4031030">
    <ele>784.9</ele>
    <time>2024-10-24T10:26:25Z</time>
   </trkpt>
   <trkpt lat="48.4306020" lon="7.4031150">
    <ele>785.5</ele>
    <time>2024-10-24T10:26:26Z</time>
   </trkpt>
   <trkpt lat="48.4306000" lon="7.4031280">
    <ele>785.9</ele>
    <time>2024-10-24T10:26:27Z</time>
   </trkpt>
   <trkpt lat="48.4306100" lon="7.4031400">
    <ele>785.7</ele>
    <time>2024-10-24T10:26:28Z</time>
   </trkpt>
   <trkpt lat="48.4306120" lon="7.4031480">
    <ele>785.6</ele>
    <time>2024-10-24T10:26:29Z</time>
   </trkpt>
   <trkpt lat="48.4306130" lon="7.4031600">
    <ele>785.4</ele>
    <time>2024-10-24T10:26:30Z</time>
   </trkpt>
   <trkpt lat="48.4306140" lon="7.4031720">
    <ele>785.2</ele>
    <time>2024-10-24T10:26:31Z</time>
   </trkpt>
   <trkpt lat="48.4306160" lon="7.4031790">
    <ele>785.0</ele>
    <time>2024-10-24T10:26:32Z</time>
   </trkpt>
   <trkpt lat="48.4306200" lon="7.4031830">
    <ele>784.8</ele>
    <time>2024-10-24T10:26:33Z</time>
   </trkpt>
   <trkpt lat="48.4306190" lon="7.4031830">
    <ele>784.7</ele>
    <time>2024-10-24T10:26:34Z</time>
   </trkpt>
   <trkpt lat="48.4306190" lon="7.4031820">
    <ele>784.7</ele>
    <time>2024-10-24T10:26:35Z</time>
   </trkpt>
   <trkpt lat="48.4306200" lon="7.4031830">
    <ele>784.7</ele>
    <time>2024-10-24T10:26:36Z</time>
   </trkpt>
   <trkpt lat="48.4306200" lon="7.4031840">
    <ele>784.6</ele>
    <time>2024-10-24T10:26:37Z</time>
   </trkpt>
   <trkpt lat="48.4306210" lon="7.4031850">
    <ele>784.6</ele>
    <time>2024-10-24T10:26:38Z</time>
   </trkpt>
   <trkpt lat="48.4306210" lon="7.4031860">
    <ele>784.5</ele>
    <time>2024-10-24T10:26:39Z</time>
   </trkpt>
   <trkpt lat="48.4304510" lon="7.4030690">
    <ele>784.6</ele>
    <time>2024-10-24T10:48:52Z</time>
   </trkpt>
   <trkpt lat="48.4304440" lon="7.4030690">
    <ele>784.6</ele>
    <time>2024-10-24T10:48:53Z</time>
   </trkpt>
   <trkpt lat="48.4304480" lon="7.4030520">
    <ele>784.6</ele>
    <time>2024-10-24T10:48:54Z</time>
   </trkpt>
   <trkpt lat="48.4304490" lon="7.4030590">
    <ele>784.6</ele>
    <time>2024-10-24T10:48:55Z</time>
   </trkpt>
   <trkpt lat="48.4304430" lon="7.4030720">
    <ele>784.6</ele>
    <time>2024-10-24T10:48:56Z</time>
   </trkpt>
   <trkpt lat="48.4304380" lon="7.4030800">
    <ele>784.7</ele>
    <time>2024-10-24T10:48:57Z</time>
   </trkpt>
   <trkpt lat="48.4304340" lon="7.4030830">
    <ele>784.7</ele>
    <time>2024-10-24T10:48:58Z</time>
   </trkpt>
   <trkpt lat="48.4304340" lon="7.4030850">
    <ele>784.7</ele>
    <time>2024-10-24T10:48:59Z</time>
   </trkpt>
   <trkpt lat="48.4304350" lon="7.4030880">
    <ele>784.7</ele>
    <time>2024-10-24T10:49:00Z</time>
   </trkpt>
   <trkpt lat="48.4304360" lon="7.4030940">
    <ele>784.7</ele>
    <time>2024-10-24T10:49:01Z</time>
   </trkpt>
   <trkpt lat="48.4304370" lon="7.4031030">
    <ele>784.7</ele>
    <time>2024-10-24T10:49:02Z</time>
   </trkpt>
   <trkpt lat="48.4304390" lon="7.4031130">
    <ele>784.7</ele>
    <time>2024-10-24T10:49:03Z</time>
   </trkpt>
   <trkpt lat="48.4304360" lon="7.4031190">
    <ele>784.7</ele>
    <time>2024-10-24T10:49:04Z</time>
   </trkpt>
   <trkpt lat="48.4304310" lon="7.4031210">
    <ele>784.7</ele>
    <time>2024-10-24T10:49:05Z</time>
   </trkpt>
   <trkpt lat="48.4304250" lon="7.4031290">
    <ele>784.8</ele>
    <time>2024-10-24T10:49:06Z</time>
   </trkpt>
   <trkpt lat="48.4304170" lon="7.4031370">
    <ele>784.8</ele>
    <time>2024-10-24T10:49:07Z</time>
   </trkpt>
   <trkpt lat="48.4304120" lon="7.4031420">
    <ele>784.8</ele>
    <time>2024-10-24T10:49:08Z</time>
   </trkpt>
   <trkpt lat="48.4304060" lon="7.4031530">
    <ele>784.8</ele>
    <time>2024-10-24T10:49:09Z</time>
   </trkpt>
   <trkpt lat="48.4304000" lon="7.4031640">
    <ele>784.8</ele>
    <time>2024-10-24T10:49:10Z</time>
   </trkpt>
   <trkpt lat="48.4303940" lon="7.4031730">
    <ele>784.9</ele>
    <time>2024-10-24T10:49:11Z</time>
   </trkpt>
   <trkpt lat="48.4303880" lon="7.4031840">
    <ele>784.9</ele>
    <time>2024-10-24T10:49:12Z</time>
   </trkpt>
   <trkpt lat="48.4303820" lon="7.4031940">
    <ele>784.9</ele>
    <time>2024-10-24T10:49:13Z</time>
   </trkpt>
   <trkpt lat="48.4303780" lon="7.4032080">
    <ele>784.9</ele>
    <time>2024-10-24T10:49:14Z</time>
   </trkpt>
   <trkpt lat="48.4303760" lon="7.4032220">
    <ele>785.0</ele>
    <time>2024-10-24T10:49:15Z</time>
   </trkpt>
   <trkpt lat="48.4303720" lon="7.4032350">
    <ele>785.0</ele>
    <time>2024-10-24T10:49:16Z</time>
   </trkpt>
   <trkpt lat="48.4303680" lon="7.4032480">
    <ele>785.0</ele>
    <time>2024-10-24T10:49:17Z</time>
   </trkpt>
   <trkpt lat="48.4303610" lon="7.4032560">
    <ele>785.0</ele>
    <time>2024-10-24T10:49:18Z</time>
   </trkpt>
   <trkpt lat="48.4303520" lon="7.4032600">
    <ele>785.0</ele>
    <time>2024-10-24T10:49:19Z</time>
   </trkpt>
   <trkpt lat="48.4303430" lon="7.4032590">
    <ele>785.1</ele>
    <time>2024-10-24T10:49:20Z</time>
   </trkpt>
   <trkpt lat="48.4303360" lon="7.4032540">
    <ele>785.1</ele>
    <time>2024-10-24T10:49:21Z</time>
   </trkpt>
   <trkpt lat="48.4303300" lon="7.4032480">
    <ele>785.1</ele>
    <time>2024-10-24T10:49:22Z</time>
   </trkpt>
   <trkpt lat="48.4303190" lon="7.4032440">
    <ele>785.1</ele>
    <time>2024-10-24T10:49:23Z</time>
   </trkpt>
   <trkpt lat="48.4303120" lon="7.4032390">
    <ele>785.1</ele>
    <time>2024-10-24T10:49:24Z</time>
   </trkpt>
   <trkpt lat="48.4303060" lon="7.4032400">
    <ele>785.2</ele>
    <time>2024-10-24T10:49:25Z</time>
   </trkpt>
   <trkpt lat="48.4303000" lon="7.4032440">
    <ele>785.2</ele>
    <time>2024-10-24T10:49:26Z</time>
   </trkpt>
   <trkpt lat="48.4302950" lon="7.4032420">
    <ele>785.2</ele>
    <time>2024-10-24T10:49:27Z</time>
   </trkpt>
   <trkpt lat="48.4302900" lon="7.4032370">
    <ele>785.2</ele>
    <time>2024-10-24T10:49:28Z</time>
   </trkpt>
   <trkpt lat="48.4302950" lon="7.4032350">
    <ele>785.2</ele>
    <time>2024-10-24T10:49:29Z</time>
   </trkpt>
   <trkpt lat="48.4302950" lon="7.4032410">
    <ele>785.2</ele>
    <time>2024-10-24T10:49:30Z</time>
   </trkpt>
   <trkpt lat="48.4302950" lon="7.4032470">
    <ele>785.2</ele>
    <time>2024-10-24T10:49:31Z</time>
   </trkpt>
   <trkpt lat="48.4302900" lon="7.4032490">
    <ele>785.2</ele>
    <time>2024-10-24T10:49:32Z</time>
   </trkpt>
   <trkpt lat="48.4302850" lon="7.4032510">
    <ele>785.2</ele>
    <time>2024-10-24T10:49:33Z</time>
   </trkpt>
   <trkpt lat="48.4302800" lon="7.4032540">
    <ele>785.3</ele>
    <time>2024-10-24T10:49:34Z</time>
   </trkpt>
   <trkpt lat="48.4302710" lon="7.4032610">
    <ele>785.3</ele>
    <time>2024-10-24T10:49:35Z</time>
   </trkpt>
   <trkpt lat="48.4302630" lon="7.4032650">
    <ele>785.3</ele>
    <time>2024-10-24T10:49:36Z</time>
   </trkpt>
   <trkpt lat="48.4302530" lon="7.4032740">
    <ele>785.3</ele>
    <time>2024-10-24T10:49:37Z</time>
   </trkpt>
   <trkpt lat="48.4302450" lon="7.4032810">
    <ele>785.3</ele>
    <time>2024-10-24T10:49:38Z</time>
   </trkpt>
   <trkpt lat="48.4302370" lon="7.4032850">
    <ele>785.3</ele>
    <time>2024-10-24T10:49:39Z</time>
   </trkpt>
   <trkpt lat="48.4302270" lon="7.4032910">
    <ele>785.3</ele>
    <time>2024-10-24T10:49:40Z</time>
   </trkpt>
   <trkpt lat="48.4302190" lon="7.4033070">
    <ele>785.4</ele>
    <time>2024-10-24T10:49:41Z</time>
   </trkpt>
   <trkpt lat="48.4302160" lon="7.4033150">
    <ele>785.4</ele>
    <time>2024-10-24T10:49:42Z</time>
   </trkpt>
   <trkpt lat="48.4302130" lon="7.4033230">
    <ele>785.4</ele>
    <time>2024-10-24T10:49:43Z</time>
   </trkpt>
   <trkpt lat="48.4302100" lon="7.4033310">
    <ele>785.4</ele>
    <time>2024-10-24T10:49:44Z</time>
   </trkpt>
   <trkpt lat="48.4302080" lon="7.4033390">
    <ele>785.4</ele>
    <time>2024-10-24T10:49:45Z</time>
   </trkpt>
   <trkpt lat="48.4302060" lon="7.4033500">
    <ele>785.4</ele>
    <time>2024-10-24T10:49:46Z</time>
   </trkpt>
   <trkpt lat="48.4302020" lon="7.4033610">
    <ele>785.4</ele>
    <time>2024-10-24T10:49:47Z</time>
   </trkpt>
   <trkpt lat="48.4301980" lon="7.4033720">
    <ele>785.4</ele>
    <time>2024-10-24T10:49:48Z</time>
   </trkpt>
   <trkpt lat="48.4301920" lon="7.4033810">
    <ele>785.4</ele>
    <time>2024-10-24T10:49:49Z</time>
   </trkpt>
   <trkpt lat="48.4301810" lon="7.4033860">
    <ele>785.5</ele>
    <time>2024-10-24T10:49:50Z</time>
   </trkpt>
   <trkpt lat="48.4301730" lon="7.4033910">
    <ele>785.5</ele>
    <time>2024-10-24T10:49:51Z</time>
   </trkpt>
   <trkpt lat="48.4301660" lon="7.4034010">
    <ele>785.5</ele>
    <time>2024-10-24T10:49:52Z</time>
   </trkpt>
   <trkpt lat="48.4301600" lon="7.4034140">
    <ele>785.5</ele>
    <time>2024-10-24T10:49:53Z</time>
   </trkpt>
   <trkpt lat="48.4301560" lon="7.4034270">
    <ele>785.5</ele>
    <time>2024-10-24T10:49:54Z</time>
   </trkpt>
   <trkpt lat="48.4301530" lon="7.4034350">
    <ele>785.5</ele>
    <time>2024-10-24T10:49:55Z</time>
   </trkpt>
   <trkpt lat="48.4301500" lon="7.4034470">
    <ele>785.5</ele>
    <time>2024-10-24T10:49:56Z</time>
   </trkpt>
   <trkpt lat="48.4301480" lon="7.4034550">
    <ele>785.5</ele>
    <time>2024-10-24T10:49:57Z</time>
   </trkpt>
   <trkpt lat="48.4301420" lon="7.4034590">
    <ele>785.5</ele>
    <time>2024-10-24T10:49:58Z</time>
   </trkpt>
   <trkpt lat="48.4301290" lon="7.4034720">
    <ele>785.5</ele>
    <time>2024-10-24T10:49:59Z</time>
   </trkpt>
   <trkpt lat="48.4301230" lon="7.4034730">
    <ele>785.5</ele>
    <time>2024-10-24T10:50:00Z</time>
   </trkpt>
   <trkpt lat="48.4301120" lon="7.4034850">
    <ele>785.5</ele>
    <time>2024-10-24T10:50:01Z</time>
   </trkpt>
   <trkpt lat="48.4301040" lon="7.4034940">
    <ele>785.5</ele>
    <time>2024-10-24T10:50:02Z</time>
   </trkpt>
   <trkpt lat="48.4300990" lon="7.4035120">
    <ele>785.5</ele>
    <time>2024-10-24T10:50:03Z</time>
   </trkpt>
   <trkpt lat="48.4300990" lon="7.4035240">
    <ele>785.5</ele>
    <time>2024-10-24T10:50:04Z</time>
   </trkpt>
   <trkpt lat="48.4300970" lon="7.4035330">
    <ele>785.5</ele>
    <time>2024-10-24T10:50:05Z</time>
   </trkpt>
   <trkpt lat="48.4300950" lon="7.4035430">
    <ele>785.5</ele>
    <time>2024-10-24T10:50:06Z</time>
   </trkpt>
   <trkpt lat="48.4300910" lon="7.4035490">
    <ele>785.5</ele>
    <time>2024-10-24T10:50:07Z</time>
   </trkpt>
   <trkpt lat="48.4300850" lon="7.4035520">
    <ele>785.5</ele>
    <time>2024-10-24T10:50:08Z</time>
   </trkpt>
   <trkpt lat="48.4300770" lon="7.4035540">
    <ele>785.5</ele>
    <time>2024-10-24T10:50:09Z</time>
   </trkpt>
   <trkpt lat="48.4300740" lon="7.4035570">
    <ele>785.5</ele>
    <time>2024-10-24T10:50:10Z</time>
   </trkpt>
   <trkpt lat="48.4300700" lon="7.4035600">
    <ele>785.5</ele>
    <time>2024-10-24T10:50:11Z</time>
   </trkpt>
   <trkpt lat="48.4300670" lon="7.4035630">
    <ele>785.5</ele>
    <time>2024-10-24T10:50:12Z</time>
   </trkpt>
   <trkpt lat="48.4300640" lon="7.4035670">
    <ele>785.5</ele>
    <time>2024-10-24T10:50:13Z</time>
   </trkpt>
   <trkpt lat="48.4300600" lon="7.4035700">
    <ele>785.5</ele>
    <time>2024-10-24T10:50:14Z</time>
   </trkpt>
   <trkpt lat="48.4300570" lon="7.4035730">
    <ele>785.4</ele>
    <time>2024-10-24T10:50:15Z</time>
   </trkpt>
   <trkpt lat="48.4300530" lon="7.4035770">
    <ele>785.4</ele>
    <time>2024-10-24T10:50:16Z</time>
   </trkpt>
   <trkpt lat="48.4300500" lon="7.4035800">
    <ele>785.4</ele>
    <time>2024-10-24T10:50:17Z</time>
   </trkpt>
   <trkpt lat="48.4300440" lon="7.4035770">
    <ele>785.4</ele>
    <time>2024-10-24T10:50:18Z</time>
   </trkpt>
   <trkpt lat="48.4300380" lon="7.4035790">
    <ele>785.4</ele>
    <time>2024-10-24T10:50:19Z</time>
   </trkpt>
   <trkpt lat="48.4300330" lon="7.4035840">
    <ele>785.4</ele>
    <time>2024-10-24T10:50:20Z</time>
   </trkpt>
   <trkpt lat="48.4300240" lon="7.4035840">
    <ele>785.4</ele>
    <time>2024-10-24T10:50:21Z</time>
   </trkpt>
   <trkpt lat="48.4300150" lon="7.4035860">
    <ele>785.4</ele>
    <time>2024-10-24T10:50:22Z</time>
   </trkpt>
   <trkpt lat="48.4300130" lon="7.4035820">
    <ele>785.4</ele>
    <time>2024-10-24T10:50:23Z</time>
   </trkpt>
   <trkpt lat="48.4300090" lon="7.4035750">
    <ele>785.4</ele>
    <time>2024-10-24T10:50:24Z</time>
   </trkpt>
   <trkpt lat="48.4300080" lon="7.4035690">
    <ele>785.4</ele>
    <time>2024-10-24T10:50:25Z</time>
   </trkpt>
   <trkpt lat="48.4300050" lon="7.4035640">
    <ele>785.4</ele>
    <time>2024-10-24T10:50:26Z</time>
   </trkpt>
   <trkpt lat="48.4299990" lon="7.4035600">
    <ele>785.4</ele>
    <time>2024-10-24T10:50:27Z</time>
   </trkpt>
   <trkpt lat="48.4299960" lon="7.4035570">
    <ele>785.4</ele>
    <time>2024-10-24T10:50:28Z</time>
   </trkpt>
   <trkpt lat="48.4299940" lon="7.4035560">
    <ele>785.4</ele>
    <time>2024-10-24T10:50:29Z</time>
   </trkpt>
   <trkpt lat="48.4299930" lon="7.4035540">
    <ele>785.4</ele>
    <time>2024-10-24T10:50:30Z</time>
   </trkpt>
   <trkpt lat="48.4299910" lon="7.4035500">
    <ele>785.4</ele>
    <time>2024-10-24T10:50:31Z</time>
   </trkpt>
   <trkpt lat="48.4299870" lon="7.4035450">
    <ele>785.4</ele>
    <time>2024-10-24T10:50:32Z</time>
   </trkpt>
   <trkpt lat="48.4299830" lon="7.4035420">
    <ele>785.4</ele>
    <time>2024-10-24T10:50:33Z</time>
   </trkpt>
   <trkpt lat="48.4299800" lon="7.4035390">
    <ele>785.4</ele>
    <time>2024-10-24T10:50:34Z</time>
   </trkpt>
   <trkpt lat="48.4299750" lon="7.4035370">
    <ele>785.4</ele>
    <time>2024-10-24T10:50:35Z</time>
   </trkpt>
   <trkpt lat="48.4299720" lon="7.4035350">
    <ele>785.4</ele>
    <time>2024-10-24T10:50:36Z</time>
   </trkpt>
   <trkpt lat="48.4299680" lon="7.4035340">
    <ele>785.4</ele>
    <time>2024-10-24T10:50:37Z</time>
   </trkpt>
   <trkpt lat="48.4299660" lon="7.4035320">
    <ele>785.4</ele>
    <time>2024-10-24T10:50:38Z</time>
   </trkpt>
   <trkpt lat="48.4299640" lon="7.4035300">
    <ele>785.4</ele>
    <time>2024-10-24T10:50:39Z</time>
   </trkpt>
   <trkpt lat="48.4299610" lon="7.4035270">
    <ele>785.4</ele>
    <time>2024-10-24T10:50:40Z</time>
   </trkpt>
   <trkpt lat="48.4299550" lon="7.4035250">
    <ele>785.4</ele>
    <time>2024-10-24T10:50:41Z</time>
   </trkpt>
   <trkpt lat="48.4299450" lon="7.4035230">
    <ele>785.4</ele>
    <time>2024-10-24T10:50:42Z</time>
   </trkpt>
   <trkpt lat="48.4299350" lon="7.4035170">
    <ele>785.4</ele>
    <time>2024-10-24T10:50:43Z</time>
   </trkpt>
   <trkpt lat="48.4299180" lon="7.4034950">
    <ele>785.4</ele>
    <time>2024-10-24T10:50:44Z</time>
   </trkpt>
   <trkpt lat="48.4299110" lon="7.4034860">
    <ele>785.4</ele>
    <time>2024-10-24T10:50:45Z</time>
   </trkpt>
   <trkpt lat="48.4299040" lon="7.4034760">
    <ele>785.4</ele>
    <time>2024-10-24T10:50:46Z</time>
   </trkpt>
   <trkpt lat="48.4298890" lon="7.4034580">
    <ele>785.4</ele>
    <time>2024-10-24T10:50:47Z</time>
   </trkpt>
   <trkpt lat="48.4298750" lon="7.4034470">
    <ele>785.4</ele>
    <time>2024-10-24T10:50:48Z</time>
   </trkpt>
   <trkpt lat="48.4298580" lon="7.4034390">
    <ele>785.4</ele>
    <time>2024-10-24T10:50:49Z</time>
   </trkpt>
   <trkpt lat="48.4298420" lon="7.4034370">
    <ele>785.4</ele>
    <time>2024-10-24T10:50:50Z</time>
   </trkpt>
   <trkpt lat="48.4298250" lon="7.4034380">
    <ele>785.4</ele>
    <time>2024-10-24T10:50:51Z</time>
   </trkpt>
   <trkpt lat="48.4298080" lon="7.4034410">
    <ele>785.4</ele>
    <time>2024-10-24T10:50:52Z</time>
   </trkpt>
   <trkpt lat="48.4298010" lon="7.4034380">
    <ele>785.4</ele>
    <time>2024-10-24T10:50:53Z</time>
   </trkpt>
   <trkpt lat="48.4297920" lon="7.4034320">
    <ele>785.4</ele>
    <time>2024-10-24T10:50:54Z</time>
   </trkpt>
   <trkpt lat="48.4297830" lon="7.4034260">
    <ele>785.4</ele>
    <time>2024-10-24T10:50:55Z</time>
   </trkpt>
   <trkpt lat="48.4297740" lon="7.4034250">
    <ele>785.4</ele>
    <time>2024-10-24T10:50:56Z</time>
   </trkpt>
   <trkpt lat="48.4297630" lon="7.4034250">
    <ele>785.5</ele>
    <time>2024-10-24T10:50:57Z</time>
   </trkpt>
   <trkpt lat="48.4297560" lon="7.4034250">
    <ele>785.5</ele>
    <time>2024-10-24T10:50:58Z</time>
   </trkpt>
   <trkpt lat="48.4297470" lon="7.4034260">
    <ele>785.5</ele>
    <time>2024-10-24T10:50:59Z</time>
   </trkpt>
   <trkpt lat="48.4297390" lon="7.4034290">
    <ele>785.5</ele>
    <time>2024-10-24T10:51:00Z</time>
   </trkpt>
   <trkpt lat="48.4297270" lon="7.4034340">
    <ele>785.6</ele>
    <time>2024-10-24T10:51:01Z</time>
   </trkpt>
   <trkpt lat="48.4297180" lon="7.4034390">
    <ele>785.6</ele>
    <time>2024-10-24T10:51:02Z</time>
   </trkpt>
   <trkpt lat="48.4297100" lon="7.4034420">
    <ele>785.6</ele>
    <time>2024-10-24T10:51:03Z</time>
   </trkpt>
   <trkpt lat="48.4297030" lon="7.4034420">
    <ele>785.6</ele>
    <time>2024-10-24T10:51:04Z</time>
   </trkpt>
   <trkpt lat="48.4296950" lon="7.4034410">
    <ele>785.7</ele>
    <time>2024-10-24T10:51:05Z</time>
   </trkpt>
   <trkpt lat="48.4296850" lon="7.4034410">
    <ele>785.7</ele>
    <time>2024-10-24T10:51:06Z</time>
   </trkpt>
   <trkpt lat="48.4296720" lon="7.4034410">
    <ele>785.8</ele>
    <time>2024-10-24T10:51:07Z</time>
   </trkpt>
   <trkpt lat="48.4296630" lon="7.4034440">
    <ele>785.8</ele>
    <time>2024-10-24T10:51:08Z</time>
   </trkpt>
   <trkpt lat="48.4296550" lon="7.4034390">
    <ele>785.8</ele>
    <time>2024-10-24T10:51:09Z</time>
   </trkpt>
   <trkpt lat="48.4296440" lon="7.4034330">
    <ele>785.9</ele>
    <time>2024-10-24T10:51:10Z</time>
   </trkpt>
   <trkpt lat="48.4296350" lon="7.4034280">
    <ele>785.9</ele>
    <time>2024-10-24T10:51:11Z</time>
   </trkpt>
   <trkpt lat="48.4296250" lon="7.4034230">
    <ele>786.0</ele>
    <time>2024-10-24T10:51:12Z</time>
   </trkpt>
   <trkpt lat="48.4296190" lon="7.4034220">
    <ele>786.0</ele>
    <time>2024-10-24T10:51:13Z</time>
   </trkpt>
   <trkpt lat="48.4296120" lon="7.4034240">
    <ele>786.0</ele>
    <time>2024-10-24T10:51:14Z</time>
   </trkpt>
   <trkpt lat="48.4296060" lon="7.4034220">
    <ele>786.1</ele>
    <time>2024-10-24T10:51:15Z</time>
   </trkpt>
   <trkpt lat="48.4296000" lon="7.4034190">
    <ele>786.1</ele>
    <time>2024-10-24T10:51:16Z</time>
   </trkpt>
   <trkpt lat="48.4295940" lon="7.4034200">
    <ele>786.1</ele>
    <time>2024-10-24T10:51:17Z</time>
   </trkpt>
   <trkpt lat="48.4295880" lon="7.4034250">
    <ele>786.1</ele>
    <time>2024-10-24T10:51:18Z</time>
   </trkpt>
   <trkpt lat="48.4295820" lon="7.4034320">
    <ele>786.2</ele>
    <time>2024-10-24T10:51:19Z</time>
   </trkpt>
   <trkpt lat="48.4295770" lon="7.4034420">
    <ele>786.2</ele>
    <time>2024-10-24T10:51:20Z</time>
   </trkpt>
   <trkpt lat="48.4295740" lon="7.4034540">
    <ele>786.2</ele>
    <time>2024-10-24T10:51:21Z</time>
   </trkpt>
   <trkpt lat="48.4295660" lon="7.4034690">
    <ele>786.3</ele>
    <time>2024-10-24T10:51:22Z</time>
   </trkpt>
   <trkpt lat="48.4295600" lon="7.4034710">
    <ele>786.3</ele>
    <time>2024-10-24T10:51:23Z</time>
   </trkpt>
   <trkpt lat="48.4295500" lon="7.4034690">
    <ele>786.4</ele>
    <time>2024-10-24T10:51:24Z</time>
   </trkpt>
   <trkpt lat="48.4295400" lon="7.4034640">
    <ele>786.4</ele>
    <time>2024-10-24T10:51:25Z</time>
   </trkpt>
   <trkpt lat="48.4295290" lon="7.4034580">
    <ele>786.4</ele>
    <time>2024-10-24T10:51:26Z</time>
   </trkpt>
   <trkpt lat="48.4295170" lon="7.4034520">
    <ele>786.5</ele>
    <time>2024-10-24T10:51:27Z</time>
   </trkpt>
   <trkpt lat="48.4295100" lon="7.4034500">
    <ele>786.5</ele>
    <time>2024-10-24T10:51:28Z</time>
   </trkpt>
   <trkpt lat="48.4295030" lon="7.4034490">
    <ele>786.5</ele>
    <time>2024-10-24T10:51:29Z</time>
   </trkpt>
   <trkpt lat="48.4294950" lon="7.4034490">
    <ele>786.5</ele>
    <time>2024-10-24T10:51:30Z</time>
   </trkpt>
   <trkpt lat="48.4294850" lon="7.4034510">
    <ele>786.5</ele>
    <time>2024-10-24T10:51:31Z</time>
   </trkpt>
   <trkpt lat="48.4294760" lon="7.4034560">
    <ele>786.6</ele>
    <time>2024-10-24T10:51:32Z</time>
   </trkpt>
   <trkpt lat="48.4294680" lon="7.4034610">
    <ele>786.6</ele>
    <time>2024-10-24T10:51:33Z</time>
   </trkpt>
   <trkpt lat="48.4294610" lon="7.4034690">
    <ele>786.6</ele>
    <time>2024-10-24T10:51:34Z</time>
   </trkpt>
   <trkpt lat="48.4294540" lon="7.4034760">
    <ele>786.6</ele>
    <time>2024-10-24T10:51:35Z</time>
   </trkpt>
   <trkpt lat="48.4294520" lon="7.4034810">
    <ele>786.6</ele>
    <time>2024-10-24T10:51:36Z</time>
   </trkpt>
   <trkpt lat="48.4294530" lon="7.4034830">
    <ele>786.6</ele>
    <time>2024-10-24T10:51:37Z</time>
   </trkpt>
   <trkpt lat="48.4294540" lon="7.4034820">
    <ele>786.6</ele>
    <time>2024-10-24T10:51:38Z</time>
   </trkpt>
   <trkpt lat="48.4294530" lon="7.4034840">
    <ele>786.6</ele>
    <time>2024-10-24T10:51:39Z</time>
   </trkpt>
   <trkpt lat="48.4294500" lon="7.4034860">
    <ele>786.6</ele>
    <time>2024-10-24T10:51:40Z</time>
   </trkpt>
   <trkpt lat="48.4294390" lon="7.4034930">
    <ele>786.6</ele>
    <time>2024-10-24T10:51:41Z</time>
   </trkpt>
   <trkpt lat="48.4294220" lon="7.4035030">
    <ele>786.6</ele>
    <time>2024-10-24T10:51:42Z</time>
   </trkpt>
   <trkpt lat="48.4294070" lon="7.4035110">
    <ele>786.7</ele>
    <time>2024-10-24T10:51:43Z</time>
   </trkpt>
   <trkpt lat="48.4293920" lon="7.4035140">
    <ele>786.7</ele>
    <time>2024-10-24T10:51:44Z</time>
   </trkpt>
   <trkpt lat="48.4293800" lon="7.4035190">
    <ele>786.7</ele>
    <time>2024-10-24T10:51:45Z</time>
   </trkpt>
   <trkpt lat="48.4293700" lon="7.4035250">
    <ele>786.7</ele>
    <time>2024-10-24T10:51:46Z</time>
   </trkpt>
   <trkpt lat="48.4293640" lon="7.4035360">
    <ele>786.7</ele>
    <time>2024-10-24T10:51:47Z</time>
   </trkpt>
   <trkpt lat="48.4293590" lon="7.4035420">
    <ele>786.7</ele>
    <time>2024-10-24T10:51:48Z</time>
   </trkpt>
   <trkpt lat="48.4293540" lon="7.4035500">
    <ele>786.7</ele>
    <time>2024-10-24T10:51:49Z</time>
   </trkpt>
   <trkpt lat="48.4293480" lon="7.4035600">
    <ele>786.7</ele>
    <time>2024-10-24T10:51:50Z</time>
   </trkpt>
   <trkpt lat="48.4293410" lon="7.4035700">
    <ele>786.7</ele>
    <time>2024-10-24T10:51:51Z</time>
   </trkpt>
   <trkpt lat="48.4293330" lon="7.4035910">
    <ele>786.7</ele>
    <time>2024-10-24T10:51:52Z</time>
   </trkpt>
   <trkpt lat="48.4293310" lon="7.4036010">
    <ele>786.7</ele>
    <time>2024-10-24T10:51:53Z</time>
   </trkpt>
   <trkpt lat="48.4293280" lon="7.4036110">
    <ele>786.7</ele>
    <time>2024-10-24T10:51:54Z</time>
   </trkpt>
   <trkpt lat="48.4293260" lon="7.4036200">
    <ele>786.7</ele>
    <time>2024-10-24T10:51:55Z</time>
   </trkpt>
   <trkpt lat="48.4293230" lon="7.4036360">
    <ele>786.8</ele>
    <time>2024-10-24T10:51:56Z</time>
   </trkpt>
   <trkpt lat="48.4293190" lon="7.4036530">
    <ele>786.8</ele>
    <time>2024-10-24T10:51:57Z</time>
   </trkpt>
   <trkpt lat="48.4293170" lon="7.4036660">
    <ele>786.8</ele>
    <time>2024-10-24T10:51:58Z</time>
   </trkpt>
   <trkpt lat="48.4293130" lon="7.4036800">
    <ele>786.8</ele>
    <time>2024-10-24T10:51:59Z</time>
   </trkpt>
   <trkpt lat="48.4293050" lon="7.4036920">
    <ele>786.8</ele>
    <time>2024-10-24T10:52:00Z</time>
   </trkpt>
   <trkpt lat="48.4292990" lon="7.4037050">
    <ele>786.8</ele>
    <time>2024-10-24T10:52:01Z</time>
   </trkpt>
   <trkpt lat="48.4292940" lon="7.4037180">
    <ele>786.8</ele>
    <time>2024-10-24T10:52:02Z</time>
   </trkpt>
   <trkpt lat="48.4292890" lon="7.4037330">
    <ele>786.9</ele>
    <time>2024-10-24T10:52:03Z</time>
   </trkpt>
   <trkpt lat="48.4292800" lon="7.4037440">
    <ele>786.9</ele>
    <time>2024-10-24T10:52:04Z</time>
   </trkpt>
   <trkpt lat="48.4292740" lon="7.4037560">
    <ele>786.9</ele>
    <time>2024-10-24T10:52:05Z</time>
   </trkpt>
   <trkpt lat="48.4292680" lon="7.4037710">
    <ele>786.9</ele>
    <time>2024-10-24T10:52:06Z</time>
   </trkpt>
   <trkpt lat="48.4292620" lon="7.4037840">
    <ele>786.9</ele>
    <time>2024-10-24T10:52:07Z</time>
   </trkpt>
   <trkpt lat="48.4292530" lon="7.4037960">
    <ele>786.9</ele>
    <time>2024-10-24T10:52:08Z</time>
   </trkpt>
   <trkpt lat="48.4292430" lon="7.4038050">
    <ele>786.9</ele>
    <time>2024-10-24T10:52:09Z</time>
   </trkpt>
   <trkpt lat="48.4292320" lon="7.4038100">
    <ele>787.0</ele>
    <time>2024-10-24T10:52:10Z</time>
   </trkpt>
   <trkpt lat="48.4292220" lon="7.4038130">
    <ele>787.0</ele>
    <time>2024-10-24T10:52:11Z</time>
   </trkpt>
   <trkpt lat="48.4292090" lon="7.4038190">
    <ele>787.0</ele>
    <time>2024-10-24T10:52:12Z</time>
   </trkpt>
   <trkpt lat="48.4292000" lon="7.4038210">
    <ele>787.0</ele>
    <time>2024-10-24T10:52:13Z</time>
   </trkpt>
   <trkpt lat="48.4291890" lon="7.4038240">
    <ele>787.0</ele>
    <time>2024-10-24T10:52:14Z</time>
   </trkpt>
   <trkpt lat="48.4291810" lon="7.4038270">
    <ele>787.0</ele>
    <time>2024-10-24T10:52:15Z</time>
   </trkpt>
   <trkpt lat="48.4291730" lon="7.4038310">
    <ele>787.1</ele>
    <time>2024-10-24T10:52:16Z</time>
   </trkpt>
   <trkpt lat="48.4291650" lon="7.4038340">
    <ele>787.1</ele>
    <time>2024-10-24T10:52:17Z</time>
   </trkpt>
   <trkpt lat="48.4291590" lon="7.4038400">
    <ele>787.1</ele>
    <time>2024-10-24T10:52:18Z</time>
   </trkpt>
   <trkpt lat="48.4291540" lon="7.4038470">
    <ele>787.1</ele>
    <time>2024-10-24T10:52:19Z</time>
   </trkpt>
   <trkpt lat="48.4291490" lon="7.4038540">
    <ele>787.1</ele>
    <time>2024-10-24T10:52:20Z</time>
   </trkpt>
   <trkpt lat="48.4291450" lon="7.4038620">
    <ele>787.1</ele>
    <time>2024-10-24T10:52:21Z</time>
   </trkpt>
   <trkpt lat="48.4291400" lon="7.4038700">
    <ele>787.2</ele>
    <time>2024-10-24T10:52:22Z</time>
   </trkpt>
   <trkpt lat="48.4291340" lon="7.4038760">
    <ele>787.2</ele>
    <time>2024-10-24T10:52:23Z</time>
   </trkpt>
   <trkpt lat="48.4291270" lon="7.4038830">
    <ele>787.2</ele>
    <time>2024-10-24T10:52:24Z</time>
   </trkpt>
   <trkpt lat="48.4291200" lon="7.4038900">
    <ele>787.2</ele>
    <time>2024-10-24T10:52:25Z</time>
   </trkpt>
   <trkpt lat="48.4291120" lon="7.4038930">
    <ele>787.2</ele>
    <time>2024-10-24T10:52:26Z</time>
   </trkpt>
   <trkpt lat="48.4291060" lon="7.4039000">
    <ele>787.3</ele>
    <time>2024-10-24T10:52:27Z</time>
   </trkpt>
   <trkpt lat="48.4290990" lon="7.4039070">
    <ele>787.3</ele>
    <time>2024-10-24T10:52:28Z</time>
   </trkpt>
   <trkpt lat="48.4290860" lon="7.4039200">
    <ele>787.3</ele>
    <time>2024-10-24T10:52:29Z</time>
   </trkpt>
   <trkpt lat="48.4290800" lon="7.4039250">
    <ele>787.3</ele>
    <time>2024-10-24T10:52:30Z</time>
   </trkpt>
   <trkpt lat="48.4290730" lon="7.4039310">
    <ele>787.4</ele>
    <time>2024-10-24T10:52:31Z</time>
   </trkpt>
   <trkpt lat="48.4290670" lon="7.4039360">
    <ele>787.4</ele>
    <time>2024-10-24T10:52:32Z</time>
   </trkpt>
   <trkpt lat="48.4290600" lon="7.4039410">
    <ele>787.4</ele>
    <time>2024-10-24T10:52:33Z</time>
   </trkpt>
   <trkpt lat="48.4290510" lon="7.4039470">
    <ele>787.5</ele>
    <time>2024-10-24T10:52:34Z</time>
   </trkpt>
   <trkpt lat="48.4290430" lon="7.4039550">
    <ele>787.5</ele>
    <time>2024-10-24T10:52:35Z</time>
   </trkpt>
   <trkpt lat="48.4290360" lon="7.4039630">
    <ele>787.5</ele>
    <time>2024-10-24T10:52:36Z</time>
   </trkpt>
   <trkpt lat="48.4290280" lon="7.4039720">
    <ele>787.6</ele>
    <time>2024-10-24T10:52:37Z</time>
   </trkpt>
   <trkpt lat="48.4290200" lon="7.4039820">
    <ele>787.6</ele>
    <time>2024-10-24T10:52:38Z</time>
   </trkpt>
   <trkpt lat="48.4290110" lon="7.4039920">
    <ele>787.6</ele>
    <time>2024-10-24T10:52:39Z</time>
   </trkpt>
   <trkpt lat="48.4290020" lon="7.4040000">
    <ele>787.7</ele>
    <time>2024-10-24T10:52:40Z</time>
   </trkpt>
   <trkpt lat="48.4289950" lon="7.4040070">
    <ele>787.7</ele>
    <time>2024-10-24T10:52:41Z</time>
   </trkpt>
   <trkpt lat="48.4289860" lon="7.4040150">
    <ele>787.8</ele>
    <time>2024-10-24T10:52:42Z</time>
   </trkpt>
   <trkpt lat="48.4289770" lon="7.4040220">
    <ele>787.8</ele>
    <time>2024-10-24T10:52:43Z</time>
   </trkpt>
   <trkpt lat="48.4289700" lon="7.4040300">
    <ele>787.8</ele>
    <time>2024-10-24T10:52:44Z</time>
   </trkpt>
   <trkpt lat="48.4289590" lon="7.4040380">
    <ele>787.9</ele>
    <time>2024-10-24T10:52:45Z</time>
   </trkpt>
   <trkpt lat="48.4289460" lon="7.4040510">
    <ele>788.0</ele>
    <time>2024-10-24T10:52:46Z</time>
   </trkpt>
   <trkpt lat="48.4289200" lon="7.4040780">
    <ele>788.1</ele>
    <time>2024-10-24T10:52:47Z</time>
   </trkpt>
   <trkpt lat="48.4289120" lon="7.4040840">
    <ele>788.1</ele>
    <time>2024-10-24T10:52:48Z</time>
   </trkpt>
   <trkpt lat="48.4288970" lon="7.4040940">
    <ele>788.2</ele>
    <time>2024-10-24T10:52:49Z</time>
   </trkpt>
   <trkpt lat="48.4288840" lon="7.4041100">
    <ele>788.3</ele>
    <time>2024-10-24T10:52:50Z</time>
   </trkpt>
   <trkpt lat="48.4288730" lon="7.4041220">
    <ele>788.4</ele>
    <time>2024-10-24T10:52:51Z</time>
   </trkpt>
   <trkpt lat="48.4288610" lon="7.4041360">
    <ele>788.5</ele>
    <time>2024-10-24T10:52:52Z</time>
   </trkpt>
   <trkpt lat="48.4288450" lon="7.4041450">
    <ele>788.5</ele>
    <time>2024-10-24T10:52:53Z</time>
   </trkpt>
   <trkpt lat="48.4288330" lon="7.4041550">
    <ele>788.6</ele>
    <time>2024-10-24T10:52:54Z</time>
   </trkpt>
   <trkpt lat="48.4288360" lon="7.4041570">
    <ele>788.6</ele>
    <time>2024-10-24T10:52:55Z</time>
   </trkpt>
   <trkpt lat="48.4288380" lon="7.4041620">
    <ele>788.7</ele>
    <time>2024-10-24T10:52:56Z</time>
   </trkpt>
   <trkpt lat="48.4288370" lon="7.4041690">
    <ele>788.7</ele>
    <time>2024-10-24T10:52:57Z</time>
   </trkpt>
   <trkpt lat="48.4288340" lon="7.4041760">
    <ele>788.7</ele>
    <time>2024-10-24T10:52:58Z</time>
   </trkpt>
   <trkpt lat="48.4288290" lon="7.4041840">
    <ele>788.7</ele>
    <time>2024-10-24T10:52:59Z</time>
   </trkpt>
   <trkpt lat="48.4288250" lon="7.4041870">
    <ele>788.8</ele>
    <time>2024-10-24T10:53:00Z</time>
   </trkpt>
   <trkpt lat="48.4288210" lon="7.4041920">
    <ele>788.8</ele>
    <time>2024-10-24T10:53:01Z</time>
   </trkpt>
   <trkpt lat="48.4288170" lon="7.4042000">
    <ele>788.8</ele>
    <time>2024-10-24T10:53:02Z</time>
   </trkpt>
   <trkpt lat="48.4288150" lon="7.4042120">
    <ele>788.9</ele>
    <time>2024-10-24T10:53:03Z</time>
   </trkpt>
   <trkpt lat="48.4288150" lon="7.4042270">
    <ele>788.9</ele>
    <time>2024-10-24T10:53:04Z</time>
   </trkpt>
   <trkpt lat="48.4288180" lon="7.4042450">
    <ele>789.0</ele>
    <time>2024-10-24T10:53:05Z</time>
   </trkpt>
   <trkpt lat="48.4288160" lon="7.4042590">
    <ele>789.1</ele>
    <time>2024-10-24T10:53:06Z</time>
   </trkpt>
   <trkpt lat="48.4288210" lon="7.4042800">
    <ele>789.1</ele>
    <time>2024-10-24T10:53:07Z</time>
   </trkpt>
   <trkpt lat="48.4288220" lon="7.4042940">
    <ele>789.2</ele>
    <time>2024-10-24T10:53:08Z</time>
   </trkpt>
   <trkpt lat="48.4288210" lon="7.4043080">
    <ele>789.2</ele>
    <time>2024-10-24T10:53:09Z</time>
   </trkpt>
   <trkpt lat="48.4288190" lon="7.4043140">
    <ele>789.3</ele>
    <time>2024-10-24T10:53:10Z</time>
   </trkpt>
   <trkpt lat="48.4288150" lon="7.4043230">
    <ele>789.3</ele>
    <time>2024-10-24T10:53:11Z</time>
   </trkpt>
   <trkpt lat="48.4288110" lon="7.4043310">
    <ele>789.4</ele>
    <time>2024-10-24T10:53:12Z</time>
   </trkpt>
   <trkpt lat="48.4288060" lon="7.4043370">
    <ele>789.4</ele>
    <time>2024-10-24T10:53:13Z</time>
   </trkpt>
   <trkpt lat="48.4288000" lon="7.4043440">
    <ele>789.4</ele>
    <time>2024-10-24T10:53:14Z</time>
   </trkpt>
   <trkpt lat="48.4287960" lon="7.4043510">
    <ele>789.5</ele>
    <time>2024-10-24T10:53:15Z</time>
   </trkpt>
   <trkpt lat="48.4287950" lon="7.4043590">
    <ele>789.5</ele>
    <time>2024-10-24T10:53:16Z</time>
   </trkpt>
   <trkpt lat="48.4287930" lon="7.4043680">
    <ele>789.5</ele>
    <time>2024-10-24T10:53:17Z</time>
   </trkpt>
   <trkpt lat="48.4287880" lon="7.4043760">
    <ele>789.6</ele>
    <time>2024-10-24T10:53:18Z</time>
   </trkpt>
   <trkpt lat="48.4287830" lon="7.4043820">
    <ele>789.6</ele>
    <time>2024-10-24T10:53:19Z</time>
   </trkpt>
   <trkpt lat="48.4287780" lon="7.4043890">
    <ele>789.6</ele>
    <time>2024-10-24T10:53:20Z</time>
   </trkpt>
   <trkpt lat="48.4287720" lon="7.4043950">
    <ele>789.7</ele>
    <time>2024-10-24T10:53:21Z</time>
   </trkpt>
   <trkpt lat="48.4287660" lon="7.4044030">
    <ele>789.7</ele>
    <time>2024-10-24T10:53:22Z</time>
   </trkpt>
   <trkpt lat="48.4287600" lon="7.4044120">
    <ele>789.8</ele>
    <time>2024-10-24T10:53:23Z</time>
   </trkpt>
   <trkpt lat="48.4287550" lon="7.4044200">
    <ele>789.8</ele>
    <time>2024-10-24T10:53:24Z</time>
   </trkpt>
   <trkpt lat="48.4287500" lon="7.4044280">
    <ele>789.9</ele>
    <time>2024-10-24T10:53:25Z</time>
   </trkpt>
   <trkpt lat="48.4287460" lon="7.4044480">
    <ele>790.0</ele>
    <time>2024-10-24T10:53:27Z</time>
   </trkpt>
   <trkpt lat="48.4287440" lon="7.4044620">
    <ele>790.0</ele>
    <time>2024-10-24T10:53:28Z</time>
   </trkpt>
   <trkpt lat="48.4287370" lon="7.4044800">
    <ele>790.1</ele>
    <time>2024-10-24T10:53:31Z</time>
   </trkpt>
   <trkpt lat="48.4287290" lon="7.4044910">
    <ele>790.2</ele>
    <time>2024-10-24T10:53:33Z</time>
   </trkpt>
   <trkpt lat="48.4287280" lon="7.4044920">
    <ele>790.2</ele>
    <time>2024-10-24T10:53:34Z</time>
   </trkpt>
   <trkpt lat="48.4287250" lon="7.4045000">
    <ele>790.2</ele>
    <time>2024-10-24T10:53:36Z</time>
   </trkpt>
   <trkpt lat="48.4287240" lon="7.4045060">
    <ele>790.2</ele>
    <time>2024-10-24T10:53:37Z</time>
   </trkpt>
   <trkpt lat="48.4287720" lon="7.4046600">
    <ele>791.1</ele>
    <time>2024-10-24T10:53:41Z</time>
   </trkpt>
   <trkpt lat="48.4287660" lon="7.4047000">
    <ele>791.3</ele>
    <time>2024-10-24T10:53:42Z</time>
   </trkpt>
   <trkpt lat="48.4287260" lon="7.4047130">
    <ele>791.7</ele>
    <time>2024-10-24T10:53:43Z</time>
   </trkpt>
   <trkpt lat="48.4286970" lon="7.4047280">
    <ele>792.0</ele>
    <time>2024-10-24T10:53:44Z</time>
   </trkpt>
   <trkpt lat="48.4286850" lon="7.4047310">
    <ele>792.1</ele>
    <time>2024-10-24T10:53:45Z</time>
   </trkpt>
   <trkpt lat="48.4286810" lon="7.4047360">
    <ele>792.2</ele>
    <time>2024-10-24T10:53:46Z</time>
   </trkpt>
   <trkpt lat="48.4286740" lon="7.4047340">
    <ele>792.3</ele>
    <time>2024-10-24T10:53:47Z</time>
   </trkpt>
   <trkpt lat="48.4286750" lon="7.4047300">
    <ele>792.3</ele>
    <time>2024-10-24T10:53:48Z</time>
   </trkpt>
   <trkpt lat="48.4286770" lon="7.4047310">
    <ele>792.3</ele>
    <time>2024-10-24T10:53:49Z</time>
   </trkpt>
   <trkpt lat="48.4286780" lon="7.4047330">
    <ele>792.3</ele>
    <time>2024-10-24T10:53:50Z</time>
   </trkpt>
   <trkpt lat="48.4286760" lon="7.4047380">
    <ele>792.4</ele>
    <time>2024-10-24T10:53:51Z</time>
   </trkpt>
   <trkpt lat="48.4286730" lon="7.4047440">
    <ele>792.4</ele>
    <time>2024-10-24T10:53:52Z</time>
   </trkpt>
   <trkpt lat="48.4286680" lon="7.4047490">
    <ele>792.5</ele>
    <time>2024-10-24T10:53:53Z</time>
   </trkpt>
   <trkpt lat="48.4286620" lon="7.4047590">
    <ele>792.6</ele>
    <time>2024-10-24T10:53:54Z</time>
   </trkpt>
   <trkpt lat="48.4286590" lon="7.4047690">
    <ele>792.6</ele>
    <time>2024-10-24T10:53:56Z</time>
   </trkpt>
   <trkpt lat="48.4286590" lon="7.4047770">
    <ele>792.7</ele>
    <time>2024-10-24T10:53:57Z</time>
   </trkpt>
   <trkpt lat="48.4286580" lon="7.4047860">
    <ele>792.7</ele>
    <time>2024-10-24T10:53:58Z</time>
   </trkpt>
   <trkpt lat="48.4286560" lon="7.4048000">
    <ele>792.8</ele>
    <time>2024-10-24T10:53:59Z</time>
   </trkpt>
   <trkpt lat="48.4286570" lon="7.4048140">
    <ele>792.9</ele>
    <time>2024-10-24T10:54:01Z</time>
   </trkpt>
   <trkpt lat="48.4286590" lon="7.4048270">
    <ele>793.0</ele>
    <time>2024-10-24T10:54:02Z</time>
   </trkpt>
   <trkpt lat="48.4286540" lon="7.4048240">
    <ele>793.1</ele>
    <time>2024-10-24T10:54:04Z</time>
   </trkpt>
   <trkpt lat="48.4286540" lon="7.4048100">
    <ele>793.2</ele>
    <time>2024-10-24T10:54:05Z</time>
   </trkpt>
   <trkpt lat="48.4286440" lon="7.4048120">
    <ele>793.2</ele>
    <time>2024-10-24T10:54:06Z</time>
   </trkpt>
   <trkpt lat="48.4286240" lon="7.4048390">
    <ele>793.5</ele>
    <time>2024-10-24T10:54:14Z</time>
   </trkpt>
   <trkpt lat="48.4286280" lon="7.4048210">
    <ele>793.6</ele>
    <time>2024-10-24T10:54:19Z</time>
   </trkpt>
   <trkpt lat="48.4286430" lon="7.4047850">
    <ele>793.9</ele>
    <time>2024-10-24T10:54:24Z</time>
   </trkpt>
   <trkpt lat="48.4286530" lon="7.4047630">
    <ele>794.0</ele>
    <time>2024-10-24T10:54:29Z</time>
   </trkpt>
   <trkpt lat="48.4286570" lon="7.4047540">
    <ele>794.1</ele>
    <time>2024-10-24T10:54:34Z</time>
   </trkpt>
   <trkpt lat="48.4286580" lon="7.4047530">
    <ele>794.1</ele>
    <time>2024-10-24T10:54:39Z</time>
   </trkpt>
   <trkpt lat="48.4286580" lon="7.4047540">
    <ele>794.1</ele>
    <time>2024-10-24T10:54:44Z</time>
   </trkpt>
   <trkpt lat="48.4286570" lon="7.4047570">
    <ele>794.1</ele>
    <time>2024-10-24T10:54:49Z</time>
   </trkpt>
   <trkpt lat="48.4286560" lon="7.4047590">
    <ele>794.1</ele>
    <time>2024-10-24T10:54:54Z</time>
   </trkpt>
   <trkpt lat="48.4286550" lon="7.4047610">
    <ele>794.2</ele>
    <time>2024-10-24T10:54:59Z</time>
   </trkpt>
   <trkpt lat="48.4286550" lon="7.4047620">
    <ele>794.2</ele>
    <time>2024-10-24T10:55:04Z</time>
   </trkpt>
   <trkpt lat="48.4286550" lon="7.4047630">
    <ele>794.2</ele>
    <time>2024-10-24T10:55:09Z</time>
   </trkpt>
   <trkpt lat="48.4286540" lon="7.4047630">
    <ele>794.2</ele>
    <time>2024-10-24T10:55:14Z</time>
   </trkpt>
   <trkpt lat="48.4286540" lon="7.4047630">
    <ele>794.2</ele>
    <time>2024-10-24T10:55:19Z</time>
   </trkpt>
   <trkpt lat="48.4286540" lon="7.4047630">
    <ele>794.2</ele>
    <time>2024-10-24T10:55:24Z</time>
   </trkpt>
   <trkpt lat="48.4286540" lon="7.4047630">
    <ele>794.2</ele>
    <time>2024-10-24T10:55:29Z</time>
   </trkpt>
   <trkpt lat="48.4286540" lon="7.4047630">
    <ele>794.2</ele>
    <time>2024-10-24T10:55:34Z</time>
   </trkpt>
   <trkpt lat="48.4286540" lon="7.4047630">
    <ele>794.2</ele>
    <time>2024-10-24T10:55:39Z</time>
   </trkpt>
   <trkpt lat="48.4277330" lon="7.4106250">
    <ele>823.1</ele>
    <time>2024-10-24T11:03:52Z</time>
   </trkpt>
   <trkpt lat="48.4277120" lon="7.4105900">
    <ele>823.3</ele>
    <time>2024-10-24T11:03:53Z</time>
   </trkpt>
   <trkpt lat="48.4276970" lon="7.4105900">
    <ele>823.3</ele>
    <time>2024-10-24T11:03:54Z</time>
   </trkpt>
   <trkpt lat="48.4276940" lon="7.4105970">
    <ele>823.4</ele>
    <time>2024-10-24T11:03:55Z</time>
   </trkpt>
   <trkpt lat="48.4276900" lon="7.4105950">
    <ele>823.4</ele>
    <time>2024-10-24T11:03:56Z</time>
   </trkpt>
   <trkpt lat="48.4277020" lon="7.4106120">
    <ele>823.4</ele>
    <time>2024-10-24T11:03:57Z</time>
   </trkpt>
   <trkpt lat="48.4277050" lon="7.4106230">
    <ele>823.5</ele>
    <time>2024-10-24T11:03:58Z</time>
   </trkpt>
   <trkpt lat="48.4277110" lon="7.4106380">
    <ele>823.5</ele>
    <time>2024-10-24T11:04:00Z</time>
   </trkpt>
   <trkpt lat="48.4277130" lon="7.4106420">
    <ele>823.5</ele>
    <time>2024-10-24T11:04:01Z</time>
   </trkpt>
   <trkpt lat="48.4277160" lon="7.4106470">
    <ele>823.5</ele>
    <time>2024-10-24T11:04:02Z</time>
   </trkpt>
   <trkpt lat="48.4277190" lon="7.4106520">
    <ele>823.5</ele>
    <time>2024-10-24T11:04:03Z</time>
   </trkpt>
   <trkpt lat="48.4277200" lon="7.4107160">
    <ele>823.6</ele>
    <time>2024-10-24T11:04:07Z</time>
   </trkpt>
   <trkpt lat="48.4277140" lon="7.4107400">
    <ele>823.6</ele>
    <time>2024-10-24T11:04:08Z</time>
   </trkpt>
   <trkpt lat="48.4277000" lon="7.4107490">
    <ele>823.6</ele>
    <time>2024-10-24T11:04:09Z</time>
   </trkpt>
   <trkpt lat="48.4277150" lon="7.4107600">
    <ele>823.6</ele>
    <time>2024-10-24T11:04:10Z</time>
   </trkpt>
   <trkpt lat="48.4277180" lon="7.4107630">
    <ele>823.6</ele>
    <time>2024-10-24T11:04:11Z</time>
   </trkpt>
   <trkpt lat="48.4277210" lon="7.4107700">
    <ele>823.6</ele>
    <time>2024-10-24T11:04:12Z</time>
   </trkpt>
   <trkpt lat="48.4277210" lon="7.4107830">
    <ele>823.6</ele>
    <time>2024-10-24T11:04:13Z</time>
   </trkpt>
   <trkpt lat="48.4277210" lon="7.4107910">
    <ele>823.6</ele>
    <time>2024-10-24T11:04:14Z</time>
   </trkpt>
   <trkpt lat="48.4277200" lon="7.4108030">
    <ele>823.6</ele>
    <time>2024-10-24T11:04:15Z</time>
   </trkpt>
   <trkpt lat="48.4277180" lon="7.4108120">
    <ele>823.6</ele>
    <time>2024-10-24T11:04:16Z</time>
   </trkpt>
   <trkpt lat="48.4277150" lon="7.4108180">
    <ele>823.6</ele>
    <time>2024-10-24T11:04:17Z</time>
   </trkpt>
   <trkpt lat="48.4277120" lon="7.4108250">
    <ele>823.6</ele>
    <time>2024-10-24T11:04:18Z</time>
   </trkpt>
   <trkpt lat="48.4277090" lon="7.4108300">
    <ele>823.6</ele>
    <time>2024-10-24T11:04:19Z</time>
   </trkpt>
   <trkpt lat="48.4277060" lon="7.4108360">
    <ele>823.6</ele>
    <time>2024-10-24T11:04:20Z</time>
   </trkpt>
   <trkpt lat="48.4277040" lon="7.4108440">
    <ele>823.6</ele>
    <time>2024-10-24T11:04:21Z</time>
   </trkpt>
   <trkpt lat="48.4277010" lon="7.4108510">
    <ele>823.6</ele>
    <time>2024-10-24T11:04:22Z</time>
   </trkpt>
   <trkpt lat="48.4276990" lon="7.4108700">
    <ele>823.6</ele>
    <time>2024-10-24T11:04:23Z</time>
   </trkpt>
   <trkpt lat="48.4276980" lon="7.4108880">
    <ele>823.5</ele>
    <time>2024-10-24T11:04:24Z</time>
   </trkpt>
   <trkpt lat="48.4276980" lon="7.4109020">
    <ele>823.5</ele>
    <time>2024-10-24T11:04:25Z</time>
   </trkpt>
   <trkpt lat="48.4277010" lon="7.4109170">
    <ele>823.5</ele>
    <time>2024-10-24T11:04:26Z</time>
   </trkpt>
   <trkpt lat="48.4277040" lon="7.4109300">
    <ele>823.4</ele>
    <time>2024-10-24T11:04:27Z</time>
   </trkpt>
   <trkpt lat="48.4277070" lon="7.4109420">
    <ele>823.4</ele>
    <time>2024-10-24T11:04:28Z</time>
   </trkpt>
   <trkpt lat="48.4277110" lon="7.4109530">
    <ele>823.4</ele>
    <time>2024-10-24T11:04:29Z</time>
   </trkpt>
   <trkpt lat="48.4277130" lon="7.4109630">
    <ele>823.3</ele>
    <time>2024-10-24T11:04:30Z</time>
   </trkpt>
   <trkpt lat="48.4277130" lon="7.4109720">
    <ele>823.3</ele>
    <time>2024-10-24T11:04:31Z</time>
   </trkpt>
   <trkpt lat="48.4277120" lon="7.4109810">
    <ele>823.3</ele>
    <time>2024-10-24T11:04:32Z</time>
   </trkpt>
   <trkpt lat="48.4277100" lon="7.4109920">
    <ele>823.2</ele>
    <time>2024-10-24T11:04:33Z</time>
   </trkpt>
   <trkpt lat="48.4277080" lon="7.4110020">
    <ele>823.2</ele>
    <time>2024-10-24T11:04:34Z</time>
   </trkpt>
   <trkpt lat="48.4277050" lon="7.4110130">
    <ele>823.2</ele>
    <time>2024-10-24T11:04:35Z</time>
   </trkpt>
   <trkpt lat="48.4277030" lon="7.4110350">
    <ele>823.1</ele>
    <time>2024-10-24T11:04:36Z</time>
   </trkpt>
   <trkpt lat="48.4277010" lon="7.4110450">
    <ele>823.0</ele>
    <time>2024-10-24T11:04:37Z</time>
   </trkpt>
   <trkpt lat="48.4276980" lon="7.4110560">
    <ele>823.0</ele>
    <time>2024-10-24T11:04:38Z</time>
   </trkpt>
   <trkpt lat="48.4276960" lon="7.4110660">
    <ele>823.0</ele>
    <time>2024-10-24T11:04:39Z</time>
   </trkpt>
   <trkpt lat="48.4276900" lon="7.4110830">
    <ele>822.9</ele>
    <time>2024-10-24T11:04:40Z</time>
   </trkpt>
   <trkpt lat="48.4276830" lon="7.4110930">
    <ele>822.8</ele>
    <time>2024-10-24T11:04:41Z</time>
   </trkpt>
   <trkpt lat="48.4276750" lon="7.4110830">
    <ele>822.7</ele>
    <time>2024-10-24T11:04:42Z</time>
   </trkpt>
   <trkpt lat="48.4276780" lon="7.4110970">
    <ele>822.6</ele>
    <time>2024-10-24T11:04:43Z</time>
   </trkpt>
   <trkpt lat="48.4276820" lon="7.4111150">
    <ele>822.5</ele>
    <time>2024-10-24T11:04:44Z</time>
   </trkpt>
   <trkpt lat="48.4276820" lon="7.4111260">
    <ele>822.5</ele>
    <time>2024-10-24T11:04:45Z</time>
   </trkpt>
   <trkpt lat="48.4276830" lon="7.4111370">
    <ele>822.4</ele>
    <time>2024-10-24T11:04:46Z</time>
   </trkpt>
   <trkpt lat="48.4276800" lon="7.4111530">
    <ele>822.3</ele>
    <time>2024-10-24T11:04:47Z</time>
   </trkpt>
   <trkpt lat="48.4276740" lon="7.4111670">
    <ele>822.2</ele>
    <time>2024-10-24T11:04:48Z</time>
   </trkpt>
   <trkpt lat="48.4276670" lon="7.4111780">
    <ele>822.1</ele>
    <time>2024-10-24T11:04:49Z</time>
   </trkpt>
   <trkpt lat="48.4276620" lon="7.4111910">
    <ele>822.0</ele>
    <time>2024-10-24T11:04:50Z</time>
   </trkpt>
   <trkpt lat="48.4276640" lon="7.4112000">
    <ele>822.0</ele>
    <time>2024-10-24T11:04:51Z</time>
   </trkpt>
   <trkpt lat="48.4276640" lon="7.4112110">
    <ele>821.9</ele>
    <time>2024-10-24T11:04:52Z</time>
   </trkpt>
   <trkpt lat="48.4276650" lon="7.4112230">
    <ele>821.8</ele>
    <time>2024-10-24T11:04:53Z</time>
   </trkpt>
   <trkpt lat="48.4276690" lon="7.4112380">
    <ele>821.7</ele>
    <time>2024-10-24T11:04:54Z</time>
   </trkpt>
   <trkpt lat="48.4276750" lon="7.4112550">
    <ele>821.6</ele>
    <time>2024-10-24T11:04:55Z</time>
   </trkpt>
   <trkpt lat="48.4276820" lon="7.4112710">
    <ele>821.4</ele>
    <time>2024-10-24T11:04:56Z</time>
   </trkpt>
   <trkpt lat="48.4276890" lon="7.4112850">
    <ele>821.3</ele>
    <time>2024-10-24T11:04:57Z</time>
   </trkpt>
   <trkpt lat="48.4276930" lon="7.4112980">
    <ele>821.2</ele>
    <time>2024-10-24T11:04:58Z</time>
   </trkpt>
   <trkpt lat="48.4276940" lon="7.4113110">
    <ele>821.1</ele>
    <time>2024-10-24T11:04:59Z</time>
   </trkpt>
   <trkpt lat="48.4276970" lon="7.4113190">
    <ele>821.0</ele>
    <time>2024-10-24T11:05:00Z</time>
   </trkpt>
   <trkpt lat="48.4276980" lon="7.4113300">
    <ele>820.9</ele>
    <time>2024-10-24T11:05:01Z</time>
   </trkpt>
   <trkpt lat="48.4276990" lon="7.4113430">
    <ele>820.8</ele>
    <time>2024-10-24T11:05:02Z</time>
   </trkpt>
   <trkpt lat="48.4277010" lon="7.4113540">
    <ele>820.7</ele>
    <time>2024-10-24T11:05:03Z</time>
   </trkpt>
   <trkpt lat="48.4277040" lon="7.4113700">
    <ele>820.6</ele>
    <time>2024-10-24T11:05:04Z</time>
   </trkpt>
   <trkpt lat="48.4277050" lon="7.4113860">
    <ele>820.4</ele>
    <time>2024-10-24T11:05:05Z</time>
   </trkpt>
   <trkpt lat="48.4276950" lon="7.4113950">
    <ele>820.3</ele>
    <time>2024-10-24T11:05:06Z</time>
   </trkpt>
   <trkpt lat="48.4276820" lon="7.4113880">
    <ele>820.1</ele>
    <time>2024-10-24T11:05:07Z</time>
   </trkpt>
   <trkpt lat="48.4276730" lon="7.4113810">
    <ele>820.0</ele>
    <time>2024-10-24T11:05:08Z</time>
   </trkpt>
   <trkpt lat="48.4276680" lon="7.4113800">
    <ele>819.9</ele>
    <time>2024-10-24T11:05:09Z</time>
   </trkpt>
   <trkpt lat="48.4276630" lon="7.4113830">
    <ele>819.8</ele>
    <time>2024-10-24T11:05:10Z</time>
   </trkpt>
   <trkpt lat="48.4276570" lon="7.4113870">
    <ele>819.8</ele>
    <time>2024-10-24T11:05:11Z</time>
   </trkpt>
   <trkpt lat="48.4276460" lon="7.4113940">
    <ele>819.6</ele>
    <time>2024-10-24T11:05:12Z</time>
   </trkpt>
   <trkpt lat="48.4276370" lon="7.4114040">
    <ele>819.5</ele>
    <time>2024-10-24T11:05:13Z</time>
   </trkpt>
   <trkpt lat="48.4276290" lon="7.4114140">
    <ele>819.3</ele>
    <time>2024-10-24T11:05:14Z</time>
   </trkpt>
   <trkpt lat="48.4276220" lon="7.4114240">
    <ele>819.2</ele>
    <time>2024-10-24T11:05:15Z</time>
   </trkpt>
   <trkpt lat="48.4276170" lon="7.4114340">
    <ele>819.1</ele>
    <time>2024-10-24T11:05:16Z</time>
   </trkpt>
   <trkpt lat="48.4276180" lon="7.4114460">
    <ele>819.0</ele>
    <time>2024-10-24T11:05:17Z</time>
   </trkpt>
   <trkpt lat="48.4276160" lon="7.4114600">
    <ele>818.8</ele>
    <time>2024-10-24T11:05:18Z</time>
   </trkpt>
   <trkpt lat="48.4276180" lon="7.4114630">
    <ele>818.8</ele>
    <time>2024-10-24T11:05:19Z</time>
   </trkpt>
   <trkpt lat="48.4276190" lon="7.4114620">
    <ele>818.8</ele>
    <time>2024-10-24T11:05:20Z</time>
   </trkpt>
   <trkpt lat="48.4276200" lon="7.4114590">
    <ele>818.7</ele>
    <time>2024-10-24T11:05:21Z</time>
   </trkpt>
   <trkpt lat="48.4276220" lon="7.4114580">
    <ele>818.7</ele>
    <time>2024-10-24T11:05:22Z</time>
   </trkpt>
   <trkpt lat="48.4276230" lon="7.4114570">
    <ele>818.7</ele>
    <time>2024-10-24T11:05:23Z</time>
   </trkpt>
   <trkpt lat="48.4276250" lon="7.4114550">
    <ele>818.7</ele>
    <time>2024-10-24T11:05:24Z</time>
   </trkpt>
   <trkpt lat="48.4276270" lon="7.4114550">
    <ele>818.6</ele>
    <time>2024-10-24T11:05:25Z</time>
   </trkpt>
   <trkpt lat="48.4276280" lon="7.4114550">
    <ele>818.6</ele>
    <time>2024-10-24T11:05:26Z</time>
   </trkpt>
   <trkpt lat="48.4276290" lon="7.4114550">
    <ele>818.6</ele>
    <time>2024-10-24T11:05:27Z</time>
   </trkpt>
   <trkpt lat="48.4276300" lon="7.4114550">
    <ele>818.6</ele>
    <time>2024-10-24T11:05:28Z</time>
   </trkpt>
   <trkpt lat="48.4276310" lon="7.4114560">
    <ele>818.6</ele>
    <time>2024-10-24T11:05:29Z</time>
   </trkpt>
   <trkpt lat="48.4276310" lon="7.4114580">
    <ele>818.6</ele>
    <time>2024-10-24T11:05:30Z</time>
   </trkpt>
   <trkpt lat="48.4276300" lon="7.4114610">
    <ele>818.5</ele>
    <time>2024-10-24T11:05:31Z</time>
   </trkpt>
   <trkpt lat="48.4276290" lon="7.4114640">
    <ele>818.5</ele>
    <time>2024-10-24T11:05:32Z</time>
   </trkpt>
   <trkpt lat="48.4276280" lon="7.4114660">
    <ele>818.5</ele>
    <time>2024-10-24T11:05:33Z</time>
   </trkpt>
   <trkpt lat="48.4276270" lon="7.4114700">
    <ele>818.4</ele>
    <time>2024-10-24T11:05:34Z</time>
   </trkpt>
   <trkpt lat="48.4276280" lon="7.4114720">
    <ele>818.4</ele>
    <time>2024-10-24T11:05:35Z</time>
   </trkpt>
   <trkpt lat="48.4276280" lon="7.4114870">
    <ele>818.3</ele>
    <time>2024-10-24T11:05:36Z</time>
   </trkpt>
   <trkpt lat="48.4276270" lon="7.4114980">
    <ele>818.2</ele>
    <time>2024-10-24T11:05:37Z</time>
   </trkpt>
   <trkpt lat="48.4276260" lon="7.4115090">
    <ele>818.1</ele>
    <time>2024-10-24T11:05:38Z</time>
   </trkpt>
   <trkpt lat="48.4276250" lon="7.4115210">
    <ele>817.9</ele>
    <time>2024-10-24T11:05:39Z</time>
   </trkpt>
   <trkpt lat="48.4276240" lon="7.4115320">
    <ele>817.8</ele>
    <time>2024-10-24T11:05:40Z</time>
   </trkpt>
   <trkpt lat="48.4276230" lon="7.4115430">
    <ele>817.7</ele>
    <time>2024-10-24T11:05:41Z</time>
   </trkpt>
   <trkpt lat="48.4276210" lon="7.4115970">
    <ele>817.2</ele>
    <time>2024-10-24T11:05:42Z</time>
   </trkpt>
   <trkpt lat="48.4276210" lon="7.4116110">
    <ele>817.1</ele>
    <time>2024-10-24T11:05:43Z</time>
   </trkpt>
   <trkpt lat="48.4276240" lon="7.4116340">
    <ele>816.9</ele>
    <time>2024-10-24T11:05:44Z</time>
   </trkpt>
   <trkpt lat="48.4276260" lon="7.4116580">
    <ele>816.7</ele>
    <time>2024-10-24T11:05:45Z</time>
   </trkpt>
   <trkpt lat="48.4276260" lon="7.4116800">
    <ele>816.5</ele>
    <time>2024-10-24T11:05:46Z</time>
   </trkpt>
   <trkpt lat="48.4276220" lon="7.4117050">
    <ele>816.2</ele>
    <time>2024-10-24T11:05:47Z</time>
   </trkpt>
   <trkpt lat="48.4276240" lon="7.4117340">
    <ele>816.0</ele>
    <time>2024-10-24T11:05:48Z</time>
   </trkpt>
   <trkpt lat="48.4276290" lon="7.4117410">
    <ele>815.9</ele>
    <time>2024-10-24T11:05:49Z</time>
   </trkpt>
   <trkpt lat="48.4276340" lon="7.4117490">
    <ele>815.8</ele>
    <time>2024-10-24T11:05:50Z</time>
   </trkpt>
   <trkpt lat="48.4276390" lon="7.4117560">
    <ele>815.7</ele>
    <time>2024-10-24T11:05:51Z</time>
   </trkpt>
   <trkpt lat="48.4276500" lon="7.4117710">
    <ele>815.5</ele>
    <time>2024-10-24T11:05:52Z</time>
   </trkpt>
   <trkpt lat="48.4276620" lon="7.4117870">
    <ele>815.3</ele>
    <time>2024-10-24T11:05:53Z</time>
   </trkpt>
   <trkpt lat="48.4276720" lon="7.4118100">
    <ele>815.0</ele>
    <time>2024-10-24T11:05:54Z</time>
   </trkpt>
   <trkpt lat="48.4276800" lon="7.4118340">
    <ele>814.8</ele>
    <time>2024-10-24T11:05:55Z</time>
   </trkpt>
   <trkpt lat="48.4276850" lon="7.4118580">
    <ele>814.5</ele>
    <time>2024-10-24T11:05:56Z</time>
   </trkpt>
   <trkpt lat="48.4276920" lon="7.4118780">
    <ele>814.3</ele>
    <time>2024-10-24T11:05:57Z</time>
   </trkpt>
   <trkpt lat="48.4277020" lon="7.4118930">
    <ele>814.1</ele>
    <time>2024-10-24T11:05:58Z</time>
   </trkpt>
   <trkpt lat="48.4277090" lon="7.4119050">
    <ele>814.0</ele>
    <time>2024-10-24T11:05:59Z</time>
   </trkpt>
   <trkpt lat="48.4277170" lon="7.4119150">
    <ele>813.8</ele>
    <time>2024-10-24T11:06:00Z</time>
   </trkpt>
   <trkpt lat="48.4277220" lon="7.4119230">
    <ele>813.7</ele>
    <time>2024-10-24T11:06:01Z</time>
   </trkpt>
   <trkpt lat="48.4277210" lon="7.4119300">
    <ele>813.7</ele>
    <time>2024-10-24T11:06:02Z</time>
   </trkpt>
   <trkpt lat="48.4277180" lon="7.4119350">
    <ele>813.6</ele>
    <time>2024-10-24T11:06:03Z</time>
   </trkpt>
   <trkpt lat="48.4277160" lon="7.4119400">
    <ele>813.6</ele>
    <time>2024-10-24T11:06:04Z</time>
   </trkpt>
   <trkpt lat="48.4277140" lon="7.4119430">
    <ele>813.5</ele>
    <time>2024-10-24T11:06:05Z</time>
   </trkpt>
   <trkpt lat="48.4277130" lon="7.4119500">
    <ele>813.5</ele>
    <time>2024-10-24T11:06:06Z</time>
   </trkpt>
   <trkpt lat="48.4277120" lon="7.4119530">
    <ele>813.4</ele>
    <time>2024-10-24T11:06:07Z</time>
   </trkpt>
   <trkpt lat="48.4277100" lon="7.4119530">
    <ele>813.4</ele>
    <time>2024-10-24T11:06:08Z</time>
   </trkpt>
   <trkpt lat="48.4277090" lon="7.4119520">
    <ele>813.4</ele>
    <time>2024-10-24T11:06:09Z</time>
   </trkpt>
   <trkpt lat="48.4277090" lon="7.4119520">
    <ele>813.4</ele>
    <time>2024-10-24T11:06:10Z</time>
   </trkpt>
   <trkpt lat="48.4277080" lon="7.4119520">
    <ele>813.4</ele>
    <time>2024-10-24T11:06:11Z</time>
   </trkpt>
   <trkpt lat="48.4277080" lon="7.4119520">
    <ele>813.4</ele>
    <time>2024-10-24T11:06:12Z</time>
   </trkpt>
   <trkpt lat="48.4277070" lon="7.4119520">
    <ele>813.4</ele>
    <time>2024-10-24T11:06:13Z</time>
   </trkpt>
   <trkpt lat="48.4277070" lon="7.4119520">
    <ele>813.4</ele>
    <time>2024-10-24T11:06:14Z</time>
   </trkpt>
   <trkpt lat="48.4277080" lon="7.4119510">
    <ele>813.3</ele>
    <time>2024-10-24T11:06:15Z</time>
   </trkpt>
   <trkpt lat="48.4277080" lon="7.4119510">
    <ele>813.3</ele>
    <time>2024-10-24T11:06:16Z</time>
   </trkpt>
   <trkpt lat="48.4277080" lon="7.4119530">
    <ele>813.3</ele>
    <time>2024-10-24T11:06:17Z</time>
   </trkpt>
   <trkpt lat="48.4277080" lon="7.4119540">
    <ele>813.3</ele>
    <time>2024-10-24T11:06:18Z</time>
   </trkpt>
   <trkpt lat="48.4277080" lon="7.4119610">
    <ele>813.3</ele>
    <time>2024-10-24T11:06:19Z</time>
   </trkpt>
   <trkpt lat="48.4277070" lon="7.4119660">
    <ele>813.2</ele>
    <time>2024-10-24T11:06:20Z</time>
   </trkpt>
   <trkpt lat="48.4277070" lon="7.4119750">
    <ele>813.1</ele>
    <time>2024-10-24T11:06:21Z</time>
   </trkpt>
   <trkpt lat="48.4277070" lon="7.4119870">
    <ele>813.0</ele>
    <time>2024-10-24T11:06:22Z</time>
   </trkpt>
   <trkpt lat="48.4277060" lon="7.4120020">
    <ele>812.9</ele>
    <time>2024-10-24T11:06:23Z</time>
   </trkpt>
   <trkpt lat="48.4277040" lon="7.4120130">
    <ele>812.8</ele>
    <time>2024-10-24T11:06:24Z</time>
   </trkpt>
   <trkpt lat="48.4277010" lon="7.4120260">
    <ele>812.6</ele>
    <time>2024-10-24T11:06:25Z</time>
   </trkpt>
   <trkpt lat="48.4276980" lon="7.4120360">
    <ele>812.5</ele>
    <time>2024-10-24T11:06:26Z</time>
   </trkpt>
   <trkpt lat="48.4276970" lon="7.4120350">
    <ele>812.5</ele>
    <time>2024-10-24T11:06:27Z</time>
   </trkpt>
   <trkpt lat="48.4276980" lon="7.4120320">
    <ele>812.5</ele>
    <time>2024-10-24T11:06:28Z</time>
   </trkpt>
   <trkpt lat="48.4276970" lon="7.4120330">
    <ele>812.5</ele>
    <time>2024-10-24T11:06:29Z</time>
   </trkpt>
   <trkpt lat="48.4276970" lon="7.4120350">
    <ele>812.5</ele>
    <time>2024-10-24T11:06:30Z</time>
   </trkpt>
   <trkpt lat="48.4276960" lon="7.4120400">
    <ele>812.4</ele>
    <time>2024-10-24T11:06:31Z</time>
   </trkpt>
   <trkpt lat="48.4276960" lon="7.4120470">
    <ele>812.4</ele>
    <time>2024-10-24T11:06:32Z</time>
   </trkpt>
   <trkpt lat="48.4276950" lon="7.4120560">
    <ele>812.3</ele>
    <time>2024-10-24T11:06:33Z</time>
   </trkpt>
   <trkpt lat="48.4276930" lon="7.4120640">
    <ele>812.2</ele>
    <time>2024-10-24T11:06:34Z</time>
   </trkpt>
   <trkpt lat="48.4276910" lon="7.4120640">
    <ele>812.2</ele>
    <time>2024-10-24T11:06:35Z</time>
   </trkpt>
   <trkpt lat="48.4276810" lon="7.4120820">
    <ele>812.0</ele>
    <time>2024-10-24T11:06:36Z</time>
   </trkpt>
   <trkpt lat="48.4276760" lon="7.4121340">
    <ele>811.5</ele>
    <time>2024-10-24T11:06:37Z</time>
   </trkpt>
   <trkpt lat="48.4276760" lon="7.4121480">
    <ele>811.3</ele>
    <time>2024-10-24T11:06:38Z</time>
   </trkpt>
   <trkpt lat="48.4276780" lon="7.4121710">
    <ele>811.1</ele>
    <time>2024-10-24T11:06:39Z</time>
   </trkpt>
   <trkpt lat="48.4276790" lon="7.4121920">
    <ele>810.9</ele>
    <time>2024-10-24T11:06:40Z</time>
   </trkpt>
   <trkpt lat="48.4276830" lon="7.4122090">
    <ele>810.8</ele>
    <time>2024-10-24T11:06:41Z</time>
   </trkpt>
   <trkpt lat="48.4276850" lon="7.4122220">
    <ele>810.6</ele>
    <time>2024-10-24T11:06:42Z</time>
   </trkpt>
   <trkpt lat="48.4276830" lon="7.4122260">
    <ele>810.6</ele>
    <time>2024-10-24T11:06:43Z</time>
   </trkpt>
   <trkpt lat="48.4276800" lon="7.4122240">
    <ele>810.5</ele>
    <time>2024-10-24T11:06:44Z</time>
   </trkpt>
   <trkpt lat="48.4276800" lon="7.4122220">
    <ele>810.5</ele>
    <time>2024-10-24T11:06:45Z</time>
   </trkpt>
   <trkpt lat="48.4276790" lon="7.4122200">
    <ele>810.5</ele>
    <time>2024-10-24T11:06:46Z</time>
   </trkpt>
   <trkpt lat="48.4276790" lon="7.4122190">
    <ele>810.5</ele>
    <time>2024-10-24T11:06:47Z</time>
   </trkpt>
   <trkpt lat="48.4276790" lon="7.4122190">
    <ele>810.5</ele>
    <time>2024-10-24T11:06:48Z</time>
   </trkpt>
   <trkpt lat="48.4276790" lon="7.4122190">
    <ele>810.5</ele>
    <time>2024-10-24T11:06:49Z</time>
   </trkpt>
   <trkpt lat="48.4276800" lon="7.4122210">
    <ele>810.5</ele>
    <time>2024-10-24T11:06:50Z</time>
   </trkpt>
   <trkpt lat="48.4276830" lon="7.4122230">
    <ele>810.4</ele>
    <time>2024-10-24T11:06:51Z</time>
   </trkpt>
   <trkpt lat="48.4276860" lon="7.4122260">
    <ele>810.4</ele>
    <time>2024-10-24T11:06:52Z</time>
   </trkpt>
   <trkpt lat="48.4276880" lon="7.4122270">
    <ele>810.3</ele>
    <time>2024-10-24T11:06:53Z</time>
   </trkpt>
   <trkpt lat="48.4276930" lon="7.4122350">
    <ele>810.2</ele>
    <time>2024-10-24T11:06:54Z</time>
   </trkpt>
   <trkpt lat="48.4276980" lon="7.4122430">
    <ele>810.1</ele>
    <time>2024-10-24T11:06:55Z</time>
   </trkpt>
   <trkpt lat="48.4277030" lon="7.4122490">
    <ele>810.0</ele>
    <time>2024-10-24T11:06:56Z</time>
   </trkpt>
   <trkpt lat="48.4277080" lon="7.4122550">
    <ele>809.9</ele>
    <time>2024-10-24T11:06:57Z</time>
   </trkpt>
   <trkpt lat="48.4277120" lon="7.4122600">
    <ele>809.8</ele>
    <time>2024-10-24T11:06:58Z</time>
   </trkpt>
   <trkpt lat="48.4277160" lon="7.4122640">
    <ele>809.8</ele>
    <time>2024-10-24T11:06:59Z</time>
   </trkpt>
   <trkpt lat="48.4277210" lon="7.4122670">
    <ele>809.7</ele>
    <time>2024-10-24T11:07:00Z</time>
   </trkpt>
   <trkpt lat="48.4277230" lon="7.4122690">
    <ele>809.7</ele>
    <time>2024-10-24T11:07:01Z</time>
   </trkpt>
   <trkpt lat="48.4277270" lon="7.4122700">
    <ele>809.6</ele>
    <time>2024-10-24T11:07:02Z</time>
   </trkpt>
   <trkpt lat="48.4277300" lon="7.4122740">
    <ele>809.5</ele>
    <time>2024-10-24T11:07:03Z</time>
   </trkpt>
   <trkpt lat="48.4277310" lon="7.4122820">
    <ele>809.5</ele>
    <time>2024-10-24T11:07:04Z</time>
   </trkpt>
   <trkpt lat="48.4277310" lon="7.4122930">
    <ele>809.4</ele>
    <time>2024-10-24T11:07:05Z</time>
   </trkpt>
   <trkpt lat="48.4277320" lon="7.4123070">
    <ele>809.2</ele>
    <time>2024-10-24T11:07:06Z</time>
   </trkpt>
   <trkpt lat="48.4277340" lon="7.4123180">
    <ele>809.1</ele>
    <time>2024-10-24T11:07:07Z</time>
   </trkpt>
   <trkpt lat="48.4277350" lon="7.4123300">
    <ele>809.0</ele>
    <time>2024-10-24T11:07:08Z</time>
   </trkpt>
   <trkpt lat="48.4277320" lon="7.4123410">
    <ele>808.8</ele>
    <time>2024-10-24T11:07:09Z</time>
   </trkpt>
   <trkpt lat="48.4277330" lon="7.4123510">
    <ele>808.7</ele>
    <time>2024-10-24T11:07:10Z</time>
   </trkpt>
   <trkpt lat="48.4277300" lon="7.4123580">
    <ele>808.7</ele>
    <time>2024-10-24T11:07:11Z</time>
   </trkpt>
   <trkpt lat="48.4277240" lon="7.4123550">
    <ele>808.6</ele>
    <time>2024-10-24T11:07:12Z</time>
   </trkpt>
   <trkpt lat="48.4277220" lon="7.4123520">
    <ele>808.5</ele>
    <time>2024-10-24T11:07:13Z</time>
   </trkpt>
   <trkpt lat="48.4277210" lon="7.4123540">
    <ele>808.5</ele>
    <time>2024-10-24T11:07:14Z</time>
   </trkpt>
   <trkpt lat="48.4277220" lon="7.4123550">
    <ele>808.5</ele>
    <time>2024-10-24T11:07:15Z</time>
   </trkpt>
   <trkpt lat="48.4277230" lon="7.4123610">
    <ele>808.4</ele>
    <time>2024-10-24T11:07:16Z</time>
   </trkpt>
   <trkpt lat="48.4277260" lon="7.4123710">
    <ele>808.3</ele>
    <time>2024-10-24T11:07:17Z</time>
   </trkpt>
   <trkpt lat="48.4277290" lon="7.4123820">
    <ele>808.2</ele>
    <time>2024-10-24T11:07:18Z</time>
   </trkpt>
   <trkpt lat="48.4277320" lon="7.4123970">
    <ele>808.0</ele>
    <time>2024-10-24T11:07:19Z</time>
   </trkpt>
   <trkpt lat="48.4277310" lon="7.4124130">
    <ele>807.8</ele>
    <time>2024-10-24T11:07:20Z</time>
   </trkpt>
   <trkpt lat="48.4277260" lon="7.4124240">
    <ele>807.7</ele>
    <time>2024-10-24T11:07:21Z</time>
   </trkpt>
   <trkpt lat="48.4277210" lon="7.4124360">
    <ele>807.5</ele>
    <time>2024-10-24T11:07:22Z</time>
   </trkpt>
   <trkpt lat="48.4277160" lon="7.4124450">
    <ele>807.4</ele>
    <time>2024-10-24T11:07:23Z</time>
   </trkpt>
   <trkpt lat="48.4277130" lon="7.4124530">
    <ele>807.3</ele>
    <time>2024-10-24T11:07:24Z</time>
   </trkpt>
   <trkpt lat="48.4277090" lon="7.4124590">
    <ele>807.2</ele>
    <time>2024-10-24T11:07:25Z</time>
   </trkpt>
   <trkpt lat="48.4277040" lon="7.4124620">
    <ele>807.1</ele>
    <time>2024-10-24T11:07:26Z</time>
   </trkpt>
   <trkpt lat="48.4277020" lon="7.4124640">
    <ele>807.1</ele>
    <time>2024-10-24T11:07:27Z</time>
   </trkpt>
   <trkpt lat="48.4277020" lon="7.4124620">
    <ele>807.1</ele>
    <time>2024-10-24T11:07:28Z</time>
   </trkpt>
   <trkpt lat="48.4277020" lon="7.4124610">
    <ele>807.1</ele>
    <time>2024-10-24T11:07:29Z</time>
   </trkpt>
   <trkpt lat="48.4277000" lon="7.4124590">
    <ele>807.0</ele>
    <time>2024-10-24T11:07:30Z</time>
   </trkpt>
   <trkpt lat="48.4276970" lon="7.4124620">
    <ele>807.0</ele>
    <time>2024-10-24T11:07:31Z</time>
   </trkpt>
   <trkpt lat="48.4276950" lon="7.4124640">
    <ele>806.9</ele>
    <time>2024-10-24T11:07:32Z</time>
   </trkpt>
   <trkpt lat="48.4276900" lon="7.4124700">
    <ele>806.8</ele>
    <time>2024-10-24T11:07:33Z</time>
   </trkpt>
   <trkpt lat="48.4276890" lon="7.4124710">
    <ele>806.8</ele>
    <time>2024-10-24T11:07:34Z</time>
   </trkpt>
   <trkpt lat="48.4276900" lon="7.4124730">
    <ele>806.8</ele>
    <time>2024-10-24T11:07:35Z</time>
   </trkpt>
   <trkpt lat="48.4276900" lon="7.4124760">
    <ele>806.8</ele>
    <time>2024-10-24T11:07:36Z</time>
   </trkpt>
   <trkpt lat="48.4276900" lon="7.4124780">
    <ele>806.7</ele>
    <time>2024-10-24T11:07:37Z</time>
   </trkpt>
   <trkpt lat="48.4276900" lon="7.4124790">
    <ele>806.7</ele>
    <time>2024-10-24T11:07:38Z</time>
   </trkpt>
   <trkpt lat="48.4276890" lon="7.4124810">
    <ele>806.7</ele>
    <time>2024-10-24T11:07:39Z</time>
   </trkpt>
   <trkpt lat="48.4276880" lon="7.4124830">
    <ele>806.7</ele>
    <time>2024-10-24T11:07:40Z</time>
   </trkpt>
   <trkpt lat="48.4276860" lon="7.4124840">
    <ele>806.6</ele>
    <time>2024-10-24T11:07:41Z</time>
   </trkpt>
   <trkpt lat="48.4276850" lon="7.4124840">
    <ele>806.6</ele>
    <time>2024-10-24T11:07:42Z</time>
   </trkpt>
   <trkpt lat="48.4276830" lon="7.4124850">
    <ele>806.6</ele>
    <time>2024-10-24T11:07:43Z</time>
   </trkpt>
   <trkpt lat="48.4276830" lon="7.4124850">
    <ele>806.6</ele>
    <time>2024-10-24T11:07:44Z</time>
   </trkpt>
   <trkpt lat="48.4276830" lon="7.4124860">
    <ele>806.6</ele>
    <time>2024-10-24T11:07:45Z</time>
   </trkpt>
   <trkpt lat="48.4276820" lon="7.4124860">
    <ele>806.6</ele>
    <time>2024-10-24T11:07:46Z</time>
   </trkpt>
   <trkpt lat="48.4276830" lon="7.4124860">
    <ele>806.6</ele>
    <time>2024-10-24T11:07:47Z</time>
   </trkpt>
   <trkpt lat="48.4276830" lon="7.4124870">
    <ele>806.5</ele>
    <time>2024-10-24T11:07:48Z</time>
   </trkpt>
   <trkpt lat="48.4276830" lon="7.4124870">
    <ele>806.5</ele>
    <time>2024-10-24T11:07:49Z</time>
   </trkpt>
   <trkpt lat="48.4276830" lon="7.4124870">
    <ele>806.5</ele>
    <time>2024-10-24T11:07:50Z</time>
   </trkpt>
   <trkpt lat="48.4276830" lon="7.4124870">
    <ele>806.5</ele>
    <time>2024-10-24T11:07:51Z</time>
   </trkpt>
   <trkpt lat="48.4276820" lon="7.4124870">
    <ele>806.5</ele>
    <time>2024-10-24T11:07:52Z</time>
   </trkpt>
   <trkpt lat="48.4276820" lon="7.4124860">
    <ele>806.5</ele>
    <time>2024-10-24T11:07:53Z</time>
   </trkpt>
   <trkpt lat="48.4276820" lon="7.4124870">
    <ele>806.5</ele>
    <time>2024-10-24T11:07:54Z</time>
   </trkpt>
   <trkpt lat="48.4276820" lon="7.4124870">
    <ele>806.5</ele>
    <time>2024-10-24T11:07:55Z</time>
   </trkpt>
   <trkpt lat="48.4276820" lon="7.4124870">
    <ele>806.5</ele>
    <time>2024-10-24T11:07:56Z</time>
   </trkpt>
   <trkpt lat="48.4276820" lon="7.4124870">
    <ele>806.5</ele>
    <time>2024-10-24T11:07:57Z</time>
   </trkpt>
   <trkpt lat="48.4276820" lon="7.4124870">
    <ele>806.5</ele>
    <time>2024-10-24T11:07:58Z</time>
   </trkpt>
   <trkpt lat="48.4276820" lon="7.4124870">
    <ele>806.5</ele>
    <time>2024-10-24T11:07:59Z</time>
   </trkpt>
   <trkpt lat="48.4276820" lon="7.4124890">
    <ele>806.5</ele>
    <time>2024-10-24T11:08:00Z</time>
   </trkpt>
   <trkpt lat="48.4276790" lon="7.4124930">
    <ele>806.4</ele>
    <time>2024-10-24T11:08:01Z</time>
   </trkpt>
   <trkpt lat="48.4276710" lon="7.4124970">
    <ele>806.3</ele>
    <time>2024-10-24T11:08:02Z</time>
   </trkpt>
   <trkpt lat="48.4276730" lon="7.4124950">
    <ele>806.2</ele>
    <time>2024-10-24T11:08:03Z</time>
   </trkpt>
   <trkpt lat="48.4276650" lon="7.4125020">
    <ele>806.1</ele>
    <time>2024-10-24T11:08:04Z</time>
   </trkpt>
   <trkpt lat="48.4276500" lon="7.4125210">
    <ele>805.8</ele>
    <time>2024-10-24T11:08:05Z</time>
   </trkpt>
   <trkpt lat="48.4276360" lon="7.4125420">
    <ele>805.5</ele>
    <time>2024-10-24T11:08:06Z</time>
   </trkpt>
   <trkpt lat="48.4276280" lon="7.4125570">
    <ele>805.3</ele>
    <time>2024-10-24T11:08:07Z</time>
   </trkpt>
   <trkpt lat="48.4276210" lon="7.4125700">
    <ele>805.2</ele>
    <time>2024-10-24T11:08:08Z</time>
   </trkpt>
   <trkpt lat="48.4276150" lon="7.4125900">
    <ele>805.0</ele>
    <time>2024-10-24T11:08:09Z</time>
   </trkpt>
   <trkpt lat="48.4276090" lon="7.4126030">
    <ele>804.8</ele>
    <time>2024-10-24T11:08:10Z</time>
   </trkpt>
   <trkpt lat="48.4276020" lon="7.4126130">
    <ele>804.7</ele>
    <time>2024-10-24T11:08:11Z</time>
   </trkpt>
   <trkpt lat="48.4275930" lon="7.4126200">
    <ele>804.6</ele>
    <time>2024-10-24T11:08:12Z</time>
   </trkpt>
   <trkpt lat="48.4275830" lon="7.4126210">
    <ele>804.4</ele>
    <time>2024-10-24T11:08:13Z</time>
   </trkpt>
   <trkpt lat="48.4275710" lon="7.4126180">
    <ele>804.3</ele>
    <time>2024-10-24T11:08:14Z</time>
   </trkpt>
   <trkpt lat="48.4275630" lon="7.4126070">
    <ele>804.2</ele>
    <time>2024-10-24T11:08:15Z</time>
   </trkpt>
   <trkpt lat="48.4275560" lon="7.4125910">
    <ele>804.0</ele>
    <time>2024-10-24T11:08:16Z</time>
   </trkpt>
   <trkpt lat="48.4275580" lon="7.4125740">
    <ele>803.9</ele>
    <time>2024-10-24T11:08:17Z</time>
   </trkpt>
   <trkpt lat="48.4275640" lon="7.4125700">
    <ele>803.8</ele>
    <time>2024-10-24T11:08:18Z</time>
   </trkpt>
   <trkpt lat="48.4275680" lon="7.4125650">
    <ele>803.7</ele>
    <time>2024-10-24T11:08:19Z</time>
   </trkpt>
   <trkpt lat="48.4275710" lon="7.4125580">
    <ele>803.7</ele>
    <time>2024-10-24T11:08:20Z</time>
   </trkpt>
   <trkpt lat="48.4275770" lon="7.4125520">
    <ele>803.6</ele>
    <time>2024-10-24T11:08:21Z</time>
   </trkpt>
   <trkpt lat="48.4275800" lon="7.4125530">
    <ele>803.6</ele>
    <time>2024-10-24T11:08:22Z</time>
   </trkpt>
   <trkpt lat="48.4275830" lon="7.4125540">
    <ele>803.5</ele>
    <time>2024-10-24T11:08:23Z</time>
   </trkpt>
   <trkpt lat="48.4275860" lon="7.4125560">
    <ele>803.5</ele>
    <time>2024-10-24T11:08:24Z</time>
   </trkpt>
   <trkpt lat="48.4275880" lon="7.4125570">
    <ele>803.5</ele>
    <time>2024-10-24T11:08:25Z</time>
   </trkpt>
   <trkpt lat="48.4275910" lon="7.4125590">
    <ele>803.4</ele>
    <time>2024-10-24T11:08:26Z</time>
   </trkpt>
   <trkpt lat="48.4275940" lon="7.4125600">
    <ele>803.4</ele>
    <time>2024-10-24T11:08:27Z</time>
   </trkpt>
   <trkpt lat="48.4275960" lon="7.4125620">
    <ele>803.4</ele>
    <time>2024-10-24T11:08:28Z</time>
   </trkpt>
   <trkpt lat="48.4275990" lon="7.4125630">
    <ele>803.4</ele>
    <time>2024-10-24T11:08:29Z</time>
   </trkpt>
   <trkpt lat="48.4276020" lon="7.4125650">
    <ele>803.3</ele>
    <time>2024-10-24T11:08:30Z</time>
   </trkpt>
   <trkpt lat="48.4276050" lon="7.4125660">
    <ele>803.3</ele>
    <time>2024-10-24T11:08:31Z</time>
   </trkpt>
   <trkpt lat="48.4276070" lon="7.4125670">
    <ele>803.3</ele>
    <time>2024-10-24T11:08:32Z</time>
   </trkpt>
   <trkpt lat="48.4276110" lon="7.4125770">
    <ele>803.2</ele>
    <time>2024-10-24T11:08:33Z</time>
   </trkpt>
   <trkpt lat="48.4276120" lon="7.4125820">
    <ele>803.2</ele>
    <time>2024-10-24T11:08:34Z</time>
   </trkpt>
   <trkpt lat="48.4276090" lon="7.4125800">
    <ele>803.1</ele>
    <time>2024-10-24T11:08:35Z</time>
   </trkpt>
   <trkpt lat="48.4276040" lon="7.4125750">
    <ele>803.1</ele>
    <time>2024-10-24T11:08:36Z</time>
   </trkpt>
   <trkpt lat="48.4276000" lon="7.4125730">
    <ele>803.0</ele>
    <time>2024-10-24T11:08:37Z</time>
   </trkpt>
   <trkpt lat="48.4275990" lon="7.4125740">
    <ele>803.0</ele>
    <time>2024-10-24T11:08:38Z</time>
   </trkpt>
   <trkpt lat="48.4275970" lon="7.4125760">
    <ele>803.0</ele>
    <time>2024-10-24T11:08:39Z</time>
   </trkpt>
   <trkpt lat="48.4275950" lon="7.4125790">
    <ele>803.0</ele>
    <time>2024-10-24T11:08:40Z</time>
   </trkpt>
   <trkpt lat="48.4275930" lon="7.4125840">
    <ele>802.9</ele>
    <time>2024-10-24T11:08:41Z</time>
   </trkpt>
   <trkpt lat="48.4275940" lon="7.4125890">
    <ele>802.9</ele>
    <time>2024-10-24T11:08:42Z</time>
   </trkpt>
   <trkpt lat="48.4275940" lon="7.4125960">
    <ele>802.9</ele>
    <time>2024-10-24T11:08:43Z</time>
   </trkpt>
   <trkpt lat="48.4275960" lon="7.4126060">
    <ele>802.8</ele>
    <time>2024-10-24T11:08:44Z</time>
   </trkpt>
   <trkpt lat="48.4275970" lon="7.4126140">
    <ele>802.8</ele>
    <time>2024-10-24T11:08:45Z</time>
   </trkpt>
   <trkpt lat="48.4275980" lon="7.4126210">
    <ele>802.7</ele>
    <time>2024-10-24T11:08:46Z</time>
   </trkpt>
   <trkpt lat="48.4275990" lon="7.4126260">
    <ele>802.7</ele>
    <time>2024-10-24T11:08:47Z</time>
   </trkpt>
   <trkpt lat="48.4275990" lon="7.4126290">
    <ele>802.7</ele>
    <time>2024-10-24T11:08:48Z</time>
   </trkpt>
   <trkpt lat="48.4276000" lon="7.4126310">
    <ele>802.7</ele>
    <time>2024-10-24T11:08:49Z</time>
   </trkpt>
   <trkpt lat="48.4276000" lon="7.4126310">
    <ele>802.7</ele>
    <time>2024-10-24T11:08:50Z</time>
   </trkpt>
   <trkpt lat="48.4276000" lon="7.4126270">
    <ele>802.6</ele>
    <time>2024-10-24T11:08:51Z</time>
   </trkpt>
   <trkpt lat="48.4276010" lon="7.4126180">
    <ele>802.6</ele>
    <time>2024-10-24T11:08:52Z</time>
   </trkpt>
   <trkpt lat="48.4276000" lon="7.4126110">
    <ele>802.5</ele>
    <time>2024-10-24T11:08:53Z</time>
   </trkpt>
   <trkpt lat="48.4275970" lon="7.4126090">
    <ele>802.5</ele>
    <time>2024-10-24T11:08:54Z</time>
   </trkpt>
   <trkpt lat="48.4275830" lon="7.4126260">
    <ele>802.4</ele>
    <time>2024-10-24T11:08:55Z</time>
   </trkpt>
   <trkpt lat="48.4275850" lon="7.4126480">
    <ele>802.3</ele>
    <time>2024-10-24T11:08:56Z</time>
   </trkpt>
   <trkpt lat="48.4276180" lon="7.4126590">
    <ele>802.0</ele>
    <time>2024-10-24T11:08:57Z</time>
   </trkpt>
   <trkpt lat="48.4276220" lon="7.4126550">
    <ele>802.0</ele>
    <time>2024-10-24T11:08:58Z</time>
   </trkpt>
   <trkpt lat="48.4276290" lon="7.4126590">
    <ele>802.0</ele>
    <time>2024-10-24T11:08:59Z</time>
   </trkpt>
   <trkpt lat="48.4276330" lon="7.4126530">
    <ele>801.9</ele>
    <time>2024-10-24T11:09:00Z</time>
   </trkpt>
   <trkpt lat="48.4276370" lon="7.4126490">
    <ele>801.9</ele>
    <time>2024-10-24T11:09:01Z</time>
   </trkpt>
   <trkpt lat="48.4276410" lon="7.4126460">
    <ele>801.9</ele>
    <time>2024-10-24T11:09:02Z</time>
   </trkpt>
   <trkpt lat="48.4276420" lon="7.4126430">
    <ele>801.9</ele>
    <time>2024-10-24T11:09:03Z</time>
   </trkpt>
   <trkpt lat="48.4276430" lon="7.4126410">
    <ele>801.8</ele>
    <time>2024-10-24T11:09:04Z</time>
   </trkpt>
   <trkpt lat="48.4276440" lon="7.4126380">
    <ele>801.8</ele>
    <time>2024-10-24T11:09:05Z</time>
   </trkpt>
   <trkpt lat="48.4276440" lon="7.4126370">
    <ele>801.8</ele>
    <time>2024-10-24T11:09:06Z</time>
   </trkpt>
   <trkpt lat="48.4276460" lon="7.4126350">
    <ele>801.8</ele>
    <time>2024-10-24T11:09:07Z</time>
   </trkpt>
   <trkpt lat="48.4276460" lon="7.4126340">
    <ele>801.8</ele>
    <time>2024-10-24T11:09:08Z</time>
   </trkpt>
   <trkpt lat="48.4276460" lon="7.4126330">
    <ele>801.8</ele>
    <time>2024-10-24T11:09:09Z</time>
   </trkpt>
   <trkpt lat="48.4276450" lon="7.4126330">
    <ele>801.8</ele>
    <time>2024-10-24T11:09:10Z</time>
   </trkpt>
   <trkpt lat="48.4276440" lon="7.4126310">
    <ele>801.8</ele>
    <time>2024-10-24T11:09:11Z</time>
   </trkpt>
   <trkpt lat="48.4276430" lon="7.4126290">
    <ele>801.8</ele>
    <time>2024-10-24T11:09:12Z</time>
   </trkpt>
   <trkpt lat="48.4276430" lon="7.4126290">
    <ele>801.8</ele>
    <time>2024-10-24T11:09:13Z</time>
   </trkpt>
   <trkpt lat="48.4276420" lon="7.4126280">
    <ele>801.8</ele>
    <time>2024-10-24T11:09:14Z</time>
   </trkpt>
   <trkpt lat="48.4276420" lon="7.4126290">
    <ele>801.8</ele>
    <time>2024-10-24T11:09:15Z</time>
   </trkpt>
   <trkpt lat="48.4276410" lon="7.4126290">
    <ele>801.8</ele>
    <time>2024-10-24T11:09:16Z</time>
   </trkpt>
   <trkpt lat="48.4276410" lon="7.4126280">
    <ele>801.8</ele>
    <time>2024-10-24T11:09:17Z</time>
   </trkpt>
   <trkpt lat="48.4276410" lon="7.4126290">
    <ele>801.8</ele>
    <time>2024-10-24T11:09:18Z</time>
   </trkpt>
   <trkpt lat="48.4276410" lon="7.4126280">
    <ele>801.7</ele>
    <time>2024-10-24T11:09:19Z</time>
   </trkpt>
   <trkpt lat="48.4276410" lon="7.4126260">
    <ele>801.7</ele>
    <time>2024-10-24T11:09:20Z</time>
   </trkpt>
   <trkpt lat="48.4276410" lon="7.4126250">
    <ele>801.7</ele>
    <time>2024-10-24T11:09:21Z</time>
   </trkpt>
   <trkpt lat="48.4276410" lon="7.4126250">
    <ele>801.7</ele>
    <time>2024-10-24T11:09:22Z</time>
   </trkpt>
   <trkpt lat="48.4276410" lon="7.4126250">
    <ele>801.7</ele>
    <time>2024-10-24T11:09:23Z</time>
   </trkpt>
   <trkpt lat="48.4276410" lon="7.4126260">
    <ele>801.7</ele>
    <time>2024-10-24T11:09:24Z</time>
   </trkpt>
   <trkpt lat="48.4276420" lon="7.4126270">
    <ele>801.7</ele>
    <time>2024-10-24T11:09:25Z</time>
   </trkpt>
   <trkpt lat="48.4276420" lon="7.4126270">
    <ele>801.7</ele>
    <time>2024-10-24T11:09:26Z</time>
   </trkpt>
   <trkpt lat="48.4276420" lon="7.4126280">
    <ele>801.7</ele>
    <time>2024-10-24T11:09:27Z</time>
   </trkpt>
   <trkpt lat="48.4276410" lon="7.4126280">
    <ele>801.7</ele>
    <time>2024-10-24T11:09:28Z</time>
   </trkpt>
   <trkpt lat="48.4276370" lon="7.4126340">
    <ele>801.7</ele>
    <time>2024-10-24T11:09:29Z</time>
   </trkpt>
   <trkpt lat="48.4276350" lon="7.4126360">
    <ele>801.7</ele>
    <time>2024-10-24T11:09:30Z</time>
   </trkpt>
   <trkpt lat="48.4276340" lon="7.4126380">
    <ele>801.7</ele>
    <time>2024-10-24T11:09:31Z</time>
   </trkpt>
   <trkpt lat="48.4276290" lon="7.4126400">
    <ele>801.6</ele>
    <time>2024-10-24T11:09:32Z</time>
   </trkpt>
   <trkpt lat="48.4276200" lon="7.4126450">
    <ele>801.6</ele>
    <time>2024-10-24T11:09:33Z</time>
   </trkpt>
   <trkpt lat="48.4276320" lon="7.4126340">
    <ele>801.5</ele>
    <time>2024-10-24T11:09:34Z</time>
   </trkpt>
   <trkpt lat="48.4276300" lon="7.4126320">
    <ele>801.5</ele>
    <time>2024-10-24T11:09:35Z</time>
   </trkpt>
   <trkpt lat="48.4276270" lon="7.4126310">
    <ele>801.5</ele>
    <time>2024-10-24T11:09:36Z</time>
   </trkpt>
   <trkpt lat="48.4276180" lon="7.4126290">
    <ele>801.4</ele>
    <time>2024-10-24T11:09:37Z</time>
   </trkpt>
   <trkpt lat="48.4276120" lon="7.4126290">
    <ele>801.4</ele>
    <time>2024-10-24T11:09:38Z</time>
   </trkpt>
   <trkpt lat="48.4276090" lon="7.4126300">
    <ele>801.4</ele>
    <time>2024-10-24T11:09:39Z</time>
   </trkpt>
   <trkpt lat="48.4276050" lon="7.4126260">
    <ele>801.3</ele>
    <time>2024-10-24T11:09:40Z</time>
   </trkpt>
   <trkpt lat="48.4276010" lon="7.4126220">
    <ele>801.3</ele>
    <time>2024-10-24T11:09:41Z</time>
   </trkpt>
   <trkpt lat="48.4275980" lon="7.4126190">
    <ele>801.3</ele>
    <time>2024-10-24T11:09:42Z</time>
   </trkpt>
   <trkpt lat="48.4275940" lon="7.4126150">
    <ele>801.2</ele>
    <time>2024-10-24T11:09:43Z</time>
   </trkpt>
   <trkpt lat="48.4275900" lon="7.4126120">
    <ele>801.2</ele>
    <time>2024-10-24T11:09:44Z</time>
   </trkpt>
   <trkpt lat="48.4275860" lon="7.4126080">
    <ele>801.2</ele>
    <time>2024-10-24T11:09:45Z</time>
   </trkpt>
   <trkpt lat="48.4275830" lon="7.4126050">
    <ele>801.2</ele>
    <time>2024-10-24T11:09:46Z</time>
   </trkpt>
   <trkpt lat="48.4275790" lon="7.4126010">
    <ele>801.2</ele>
    <time>2024-10-24T11:09:47Z</time>
   </trkpt>
   <trkpt lat="48.4275750" lon="7.4125980">
    <ele>801.2</ele>
    <time>2024-10-24T11:09:48Z</time>
   </trkpt>
   <trkpt lat="48.4275640" lon="7.4125840">
    <ele>801.3</ele>
    <time>2024-10-24T11:09:49Z</time>
   </trkpt>
   <trkpt lat="48.4275510" lon="7.4125730">
    <ele>801.3</ele>
    <time>2024-10-24T11:09:50Z</time>
   </trkpt>
   <trkpt lat="48.4275320" lon="7.4125620">
    <ele>801.4</ele>
    <time>2024-10-24T11:09:51Z</time>
   </trkpt>
   <trkpt lat="48.4275230" lon="7.4125590">
    <ele>801.5</ele>
    <time>2024-10-24T11:09:52Z</time>
   </trkpt>
   <trkpt lat="48.4275140" lon="7.4125560">
    <ele>801.5</ele>
    <time>2024-10-24T11:09:53Z</time>
   </trkpt>
   <trkpt lat="48.4275040" lon="7.4125560">
    <ele>801.5</ele>
    <time>2024-10-24T11:09:54Z</time>
   </trkpt>
   <trkpt lat="48.4274910" lon="7.4125580">
    <ele>801.6</ele>
    <time>2024-10-24T11:09:55Z</time>
   </trkpt>
   <trkpt lat="48.4274820" lon="7.4125510">
    <ele>801.6</ele>
    <time>2024-10-24T11:09:56Z</time>
   </trkpt>
   <trkpt lat="48.4274770" lon="7.4125440">
    <ele>801.7</ele>
    <time>2024-10-24T11:09:57Z</time>
   </trkpt>
   <trkpt lat="48.4274660" lon="7.4125370">
    <ele>801.7</ele>
    <time>2024-10-24T11:09:58Z</time>
   </trkpt>
   <trkpt lat="48.4274550" lon="7.4125410">
    <ele>801.8</ele>
    <time>2024-10-24T11:09:59Z</time>
   </trkpt>
   <trkpt lat="48.4274430" lon="7.4125460">
    <ele>801.9</ele>
    <time>2024-10-24T11:10:00Z</time>
   </trkpt>
   <trkpt lat="48.4274320" lon="7.4125500">
    <ele>801.9</ele>
    <time>2024-10-24T11:10:01Z</time>
   </trkpt>
   <trkpt lat="48.4274240" lon="7.4125490">
    <ele>801.9</ele>
    <time>2024-10-24T11:10:02Z</time>
   </trkpt>
   <trkpt lat="48.4274140" lon="7.4125490">
    <ele>802.0</ele>
    <time>2024-10-24T11:10:03Z</time>
   </trkpt>
   <trkpt lat="48.4274050" lon="7.4125510">
    <ele>802.0</ele>
    <time>2024-10-24T11:10:04Z</time>
   </trkpt>
   <trkpt lat="48.4273960" lon="7.4125560">
    <ele>802.1</ele>
    <time>2024-10-24T11:10:05Z</time>
   </trkpt>
   <trkpt lat="48.4273880" lon="7.4125620">
    <ele>802.1</ele>
    <time>2024-10-24T11:10:06Z</time>
   </trkpt>
   <trkpt lat="48.4273790" lon="7.4125690">
    <ele>802.2</ele>
    <time>2024-10-24T11:10:07Z</time>
   </trkpt>
   <trkpt lat="48.4273680" lon="7.4125760">
    <ele>802.3</ele>
    <time>2024-10-24T11:10:08Z</time>
   </trkpt>
   <trkpt lat="48.4273600" lon="7.4125870">
    <ele>802.3</ele>
    <time>2024-10-24T11:10:09Z</time>
   </trkpt>
   <trkpt lat="48.4273510" lon="7.4125960">
    <ele>802.4</ele>
    <time>2024-10-24T11:10:10Z</time>
   </trkpt>
   <trkpt lat="48.4273420" lon="7.4126060">
    <ele>802.5</ele>
    <time>2024-10-24T11:10:11Z</time>
   </trkpt>
   <trkpt lat="48.4273330" lon="7.4126150">
    <ele>802.5</ele>
    <time>2024-10-24T11:10:12Z</time>
   </trkpt>
   <trkpt lat="48.4273240" lon="7.4126190">
    <ele>802.6</ele>
    <time>2024-10-24T11:10:13Z</time>
   </trkpt>
   <trkpt lat="48.4273150" lon="7.4126180">
    <ele>802.6</ele>
    <time>2024-10-24T11:10:14Z</time>
   </trkpt>
   <trkpt lat="48.4273060" lon="7.4126150">
    <ele>802.7</ele>
    <time>2024-10-24T11:10:15Z</time>
   </trkpt>
   <trkpt lat="48.4273000" lon="7.4126110">
    <ele>802.7</ele>
    <time>2024-10-24T11:10:16Z</time>
   </trkpt>
   <trkpt lat="48.4272920" lon="7.4126070">
    <ele>802.8</ele>
    <time>2024-10-24T11:10:17Z</time>
   </trkpt>
   <trkpt lat="48.4272830" lon="7.4126040">
    <ele>802.8</ele>
    <time>2024-10-24T11:10:18Z</time>
   </trkpt>
   <trkpt lat="48.4272760" lon="7.4125980">
    <ele>802.9</ele>
    <time>2024-10-24T11:10:19Z</time>
   </trkpt>
   <trkpt lat="48.4272660" lon="7.4125950">
    <ele>803.0</ele>
    <time>2024-10-24T11:10:20Z</time>
   </trkpt>
   <trkpt lat="48.4272580" lon="7.4125900">
    <ele>803.0</ele>
    <time>2024-10-24T11:10:21Z</time>
   </trkpt>
   <trkpt lat="48.4272520" lon="7.4125860">
    <ele>803.1</ele>
    <time>2024-10-24T11:10:22Z</time>
   </trkpt>
   <trkpt lat="48.4272450" lon="7.4125790">
    <ele>803.1</ele>
    <time>2024-10-24T11:10:23Z</time>
   </trkpt>
   <trkpt lat="48.4272420" lon="7.4125760">
    <ele>803.1</ele>
    <time>2024-10-24T11:10:24Z</time>
   </trkpt>
   <trkpt lat="48.4272380" lon="7.4125730">
    <ele>803.2</ele>
    <time>2024-10-24T11:10:25Z</time>
   </trkpt>
   <trkpt lat="48.4272350" lon="7.4125710">
    <ele>803.2</ele>
    <time>2024-10-24T11:10:26Z</time>
   </trkpt>
   <trkpt lat="48.4272320" lon="7.4125680">
    <ele>803.2</ele>
    <time>2024-10-24T11:10:27Z</time>
   </trkpt>
   <trkpt lat="48.4272280" lon="7.4125660">
    <ele>803.2</ele>
    <time>2024-10-24T11:10:28Z</time>
   </trkpt>
   <trkpt lat="48.4272250" lon="7.4125630">
    <ele>803.2</ele>
    <time>2024-10-24T11:10:29Z</time>
   </trkpt>
   <trkpt lat="48.4272220" lon="7.4125600">
    <ele>803.3</ele>
    <time>2024-10-24T11:10:30Z</time>
   </trkpt>
   <trkpt lat="48.4272180" lon="7.4125580">
    <ele>803.3</ele>
    <time>2024-10-24T11:10:31Z</time>
   </trkpt>
   <trkpt lat="48.4272070" lon="7.4125540">
    <ele>803.4</ele>
    <time>2024-10-24T11:10:32Z</time>
   </trkpt>
   <trkpt lat="48.4271970" lon="7.4125480">
    <ele>803.4</ele>
    <time>2024-10-24T11:10:33Z</time>
   </trkpt>
   <trkpt lat="48.4271890" lon="7.4125380">
    <ele>803.5</ele>
    <time>2024-10-24T11:10:34Z</time>
   </trkpt>
   <trkpt lat="48.4271800" lon="7.4125280">
    <ele>803.5</ele>
    <time>2024-10-24T11:10:35Z</time>
   </trkpt>
   <trkpt lat="48.4271730" lon="7.4125210">
    <ele>803.6</ele>
    <time>2024-10-24T11:10:36Z</time>
   </trkpt>
   <trkpt lat="48.4271650" lon="7.4125160">
    <ele>803.6</ele>
    <time>2024-10-24T11:10:37Z</time>
   </trkpt>
   <trkpt lat="48.4271570" lon="7.4125140">
    <ele>803.7</ele>
    <time>2024-10-24T11:10:38Z</time>
   </trkpt>
   <trkpt lat="48.4271490" lon="7.4125090">
    <ele>803.7</ele>
    <time>2024-10-24T11:10:39Z</time>
   </trkpt>
   <trkpt lat="48.4271410" lon="7.4125060">
    <ele>803.7</ele>
    <time>2024-10-24T11:10:40Z</time>
   </trkpt>
   <trkpt lat="48.4271330" lon="7.4125070">
    <ele>803.8</ele>
    <time>2024-10-24T11:10:41Z</time>
   </trkpt>
   <trkpt lat="48.4271250" lon="7.4125070">
    <ele>803.8</ele>
    <time>2024-10-24T11:10:42Z</time>
   </trkpt>
   <trkpt lat="48.4271140" lon="7.4125070">
    <ele>803.9</ele>
    <time>2024-10-24T11:10:43Z</time>
   </trkpt>
   <trkpt lat="48.4271040" lon="7.4125060">
    <ele>803.9</ele>
    <time>2024-10-24T11:10:44Z</time>
   </trkpt>
   <trkpt lat="48.4270940" lon="7.4125060">
    <ele>804.0</ele>
    <time>2024-10-24T11:10:45Z</time>
   </trkpt>
   <trkpt lat="48.4270850" lon="7.4125100">
    <ele>804.0</ele>
    <time>2024-10-24T11:10:46Z</time>
   </trkpt>
   <trkpt lat="48.4270780" lon="7.4125150">
    <ele>804.0</ele>
    <time>2024-10-24T11:10:47Z</time>
   </trkpt>
   <trkpt lat="48.4270700" lon="7.4125170">
    <ele>804.1</ele>
    <time>2024-10-24T11:10:48Z</time>
   </trkpt>
   <trkpt lat="48.4270600" lon="7.4125130">
    <ele>804.1</ele>
    <time>2024-10-24T11:10:49Z</time>
   </trkpt>
   <trkpt lat="48.4270510" lon="7.4125100">
    <ele>804.2</ele>
    <time>2024-10-24T11:10:50Z</time>
   </trkpt>
   <trkpt lat="48.4270440" lon="7.4125070">
    <ele>804.2</ele>
    <time>2024-10-24T11:10:51Z</time>
   </trkpt>
   <trkpt lat="48.4270370" lon="7.4125020">
    <ele>804.3</ele>
    <time>2024-10-24T11:10:52Z</time>
   </trkpt>
   <trkpt lat="48.4270320" lon="7.4124990">
    <ele>804.3</ele>
    <time>2024-10-24T11:10:53Z</time>
   </trkpt>
   <trkpt lat="48.4270260" lon="7.4124960">
    <ele>804.3</ele>
    <time>2024-10-24T11:10:54Z</time>
   </trkpt>
   <trkpt lat="48.4270210" lon="7.4124950">
    <ele>804.4</ele>
    <time>2024-10-24T11:10:55Z</time>
   </trkpt>
   <trkpt lat="48.4270170" lon="7.4124910">
    <ele>804.4</ele>
    <time>2024-10-24T11:10:56Z</time>
   </trkpt>
   <trkpt lat="48.4270110" lon="7.4124870">
    <ele>804.4</ele>
    <time>2024-10-24T11:10:57Z</time>
   </trkpt>
   <trkpt lat="48.4270030" lon="7.4124850">
    <ele>804.5</ele>
    <time>2024-10-24T11:10:58Z</time>
   </trkpt>
   <trkpt lat="48.4269940" lon="7.4124850">
    <ele>804.5</ele>
    <time>2024-10-24T11:10:59Z</time>
   </trkpt>
   <trkpt lat="48.4269830" lon="7.4124850">
    <ele>804.6</ele>
    <time>2024-10-24T11:11:00Z</time>
   </trkpt>
   <trkpt lat="48.4269730" lon="7.4124820">
    <ele>804.7</ele>
    <time>2024-10-24T11:11:01Z</time>
   </trkpt>
   <trkpt lat="48.4269610" lon="7.4124800">
    <ele>804.8</ele>
    <time>2024-10-24T11:11:02Z</time>
   </trkpt>
   <trkpt lat="48.4269590" lon="7.4124790">
    <ele>804.8</ele>
    <time>2024-10-24T11:11:03Z</time>
   </trkpt>
   <trkpt lat="48.4269540" lon="7.4124750">
    <ele>804.9</ele>
    <time>2024-10-24T11:11:04Z</time>
   </trkpt>
   <trkpt lat="48.4269480" lon="7.4124690">
    <ele>804.9</ele>
    <time>2024-10-24T11:11:05Z</time>
   </trkpt>
   <trkpt lat="48.4269420" lon="7.4124650">
    <ele>805.0</ele>
    <time>2024-10-24T11:11:06Z</time>
   </trkpt>
   <trkpt lat="48.4269370" lon="7.4124610">
    <ele>805.0</ele>
    <time>2024-10-24T11:11:07Z</time>
   </trkpt>
   <trkpt lat="48.4269310" lon="7.4124560">
    <ele>805.1</ele>
    <time>2024-10-24T11:11:08Z</time>
   </trkpt>
   <trkpt lat="48.4269280" lon="7.4124500">
    <ele>805.1</ele>
    <time>2024-10-24T11:11:09Z</time>
   </trkpt>
   <trkpt lat="48.4269230" lon="7.4124430">
    <ele>805.2</ele>
    <time>2024-10-24T11:11:10Z</time>
   </trkpt>
   <trkpt lat="48.4269190" lon="7.4124340">
    <ele>805.2</ele>
    <time>2024-10-24T11:11:11Z</time>
   </trkpt>
   <trkpt lat="48.4269150" lon="7.4124270">
    <ele>805.3</ele>
    <time>2024-10-24T11:11:12Z</time>
   </trkpt>
   <trkpt lat="48.4269070" lon="7.4124190">
    <ele>805.4</ele>
    <time>2024-10-24T11:11:13Z</time>
   </trkpt>
   <trkpt lat="48.4269010" lon="7.4124160">
    <ele>805.5</ele>
    <time>2024-10-24T11:11:14Z</time>
   </trkpt>
   <trkpt lat="48.4268960" lon="7.4124150">
    <ele>805.5</ele>
    <time>2024-10-24T11:11:15Z</time>
   </trkpt>
   <trkpt lat="48.4268920" lon="7.4124140">
    <ele>805.5</ele>
    <time>2024-10-24T11:11:16Z</time>
   </trkpt>
   <trkpt lat="48.4268880" lon="7.4124140">
    <ele>805.6</ele>
    <time>2024-10-24T11:11:17Z</time>
   </trkpt>
   <trkpt lat="48.4268850" lon="7.4124100">
    <ele>805.6</ele>
    <time>2024-10-24T11:11:18Z</time>
   </trkpt>
   <trkpt lat="48.4268770" lon="7.4124020">
    <ele>805.7</ele>
    <time>2024-10-24T11:11:19Z</time>
   </trkpt>
   <trkpt lat="48.4268730" lon="7.4123970">
    <ele>805.8</ele>
    <time>2024-10-24T11:11:20Z</time>
   </trkpt>
   <trkpt lat="48.4268680" lon="7.4123930">
    <ele>805.8</ele>
    <time>2024-10-24T11:11:21Z</time>
   </trkpt>
   <trkpt lat="48.4268610" lon="7.4123900">
    <ele>805.9</ele>
    <time>2024-10-24T11:11:22Z</time>
   </trkpt>
   <trkpt lat="48.4268520" lon="7.4123860">
    <ele>806.0</ele>
    <time>2024-10-24T11:11:23Z</time>
   </trkpt>
   <trkpt lat="48.4268410" lon="7.4123820">
    <ele>806.1</ele>
    <time>2024-10-24T11:11:24Z</time>
   </trkpt>
   <trkpt lat="48.4268300" lon="7.4123800">
    <ele>806.3</ele>
    <time>2024-10-24T11:11:25Z</time>
   </trkpt>
   <trkpt lat="48.4268200" lon="7.4123790">
    <ele>806.4</ele>
    <time>2024-10-24T11:11:26Z</time>
   </trkpt>
   <trkpt lat="48.4268090" lon="7.4123790">
    <ele>806.5</ele>
    <time>2024-10-24T11:11:27Z</time>
   </trkpt>
   <trkpt lat="48.4268000" lon="7.4123780">
    <ele>806.6</ele>
    <time>2024-10-24T11:11:28Z</time>
   </trkpt>
   <trkpt lat="48.4267910" lon="7.4123770">
    <ele>806.6</ele>
    <time>2024-10-24T11:11:29Z</time>
   </trkpt>
   <trkpt lat="48.4267820" lon="7.4123730">
    <ele>806.7</ele>
    <time>2024-10-24T11:11:30Z</time>
   </trkpt>
   <trkpt lat="48.4267730" lon="7.4123670">
    <ele>806.8</ele>
    <time>2024-10-24T11:11:31Z</time>
   </trkpt>
   <trkpt lat="48.4267650" lon="7.4123630">
    <ele>806.9</ele>
    <time>2024-10-24T11:11:32Z</time>
   </trkpt>
   <trkpt lat="48.4267590" lon="7.4123620">
    <ele>807.0</ele>
    <time>2024-10-24T11:11:33Z</time>
   </trkpt>
   <trkpt lat="48.4267500" lon="7.4123610">
    <ele>807.1</ele>
    <time>2024-10-24T11:11:34Z</time>
   </trkpt>
   <trkpt lat="48.4267410" lon="7.4123590">
    <ele>807.1</ele>
    <time>2024-10-24T11:11:35Z</time>
   </trkpt>
   <trkpt lat="48.4267330" lon="7.4123610">
    <ele>807.2</ele>
    <time>2024-10-24T11:11:36Z</time>
   </trkpt>
   <trkpt lat="48.4267240" lon="7.4123650">
    <ele>807.3</ele>
    <time>2024-10-24T11:11:37Z</time>
   </trkpt>
   <trkpt lat="48.4267150" lon="7.4123670">
    <ele>807.3</ele>
    <time>2024-10-24T11:11:38Z</time>
   </trkpt>
   <trkpt lat="48.4267050" lon="7.4123700">
    <ele>807.4</ele>
    <time>2024-10-24T11:11:39Z</time>
   </trkpt>
   <trkpt lat="48.4266960" lon="7.4123720">
    <ele>807.5</ele>
    <time>2024-10-24T11:11:40Z</time>
   </trkpt>
   <trkpt lat="48.4266920" lon="7.4123650">
    <ele>807.5</ele>
    <time>2024-10-24T11:11:41Z</time>
   </trkpt>
   <trkpt lat="48.4266860" lon="7.4123670">
    <ele>807.6</ele>
    <time>2024-10-24T11:11:42Z</time>
   </trkpt>
   <trkpt lat="48.4266780" lon="7.4123740">
    <ele>807.6</ele>
    <time>2024-10-24T11:11:43Z</time>
   </trkpt>
   <trkpt lat="48.4266700" lon="7.4123810">
    <ele>807.7</ele>
    <time>2024-10-24T11:11:44Z</time>
   </trkpt>
   <trkpt lat="48.4266620" lon="7.4123870">
    <ele>807.7</ele>
    <time>2024-10-24T11:11:45Z</time>
   </trkpt>
   <trkpt lat="48.4266540" lon="7.4123910">
    <ele>807.8</ele>
    <time>2024-10-24T11:11:46Z</time>
   </trkpt>
   <trkpt lat="48.4266470" lon="7.4123950">
    <ele>807.8</ele>
    <time>2024-10-24T11:11:47Z</time>
   </trkpt>
   <trkpt lat="48.4266410" lon="7.4123980">
    <ele>807.9</ele>
    <time>2024-10-24T11:11:48Z</time>
   </trkpt>
   <trkpt lat="48.4266340" lon="7.4124020">
    <ele>807.9</ele>
    <time>2024-10-24T11:11:49Z</time>
   </trkpt>
   <trkpt lat="48.4266280" lon="7.4124050">
    <ele>807.9</ele>
    <time>2024-10-24T11:11:50Z</time>
   </trkpt>
   <trkpt lat="48.4266200" lon="7.4124090">
    <ele>808.0</ele>
    <time>2024-10-24T11:11:51Z</time>
   </trkpt>
   <trkpt lat="48.4266110" lon="7.4124140">
    <ele>808.0</ele>
    <time>2024-10-24T11:11:52Z</time>
   </trkpt>
   <trkpt lat="48.4266010" lon="7.4124190">
    <ele>808.1</ele>
    <time>2024-10-24T11:11:53Z</time>
   </trkpt>
   <trkpt lat="48.4265900" lon="7.4124220">
    <ele>808.1</ele>
    <time>2024-10-24T11:11:54Z</time>
   </trkpt>
   <trkpt lat="48.4265820" lon="7.4124270">
    <ele>808.2</ele>
    <time>2024-10-24T11:11:55Z</time>
   </trkpt>
   <trkpt lat="48.4265760" lon="7.4124290">
    <ele>808.2</ele>
    <time>2024-10-24T11:11:56Z</time>
   </trkpt>
   <trkpt lat="48.4265740" lon="7.4124300">
    <ele>808.2</ele>
    <time>2024-10-24T11:11:57Z</time>
   </trkpt>
   <trkpt lat="48.4265680" lon="7.4124290">
    <ele>808.2</ele>
    <time>2024-10-24T11:11:58Z</time>
   </trkpt>
   <trkpt lat="48.4265660" lon="7.4124280">
    <ele>808.2</ele>
    <time>2024-10-24T11:11:59Z</time>
   </trkpt>
   <trkpt lat="48.4265660" lon="7.4124280">
    <ele>808.2</ele>
    <time>2024-10-24T11:12:00Z</time>
   </trkpt>
   <trkpt lat="48.4265660" lon="7.4124280">
    <ele>808.2</ele>
    <time>2024-10-24T11:12:01Z</time>
   </trkpt>
   <trkpt lat="48.4265660" lon="7.4124280">
    <ele>808.2</ele>
    <time>2024-10-24T11:12:02Z</time>
   </trkpt>
   <trkpt lat="48.4265660" lon="7.4124280">
    <ele>808.2</ele>
    <time>2024-10-24T11:12:03Z</time>
   </trkpt>
   <trkpt lat="48.4265660" lon="7.4124280">
    <ele>808.2</ele>
    <time>2024-10-24T11:12:04Z</time>
   </trkpt>
   <trkpt lat="48.4265610" lon="7.4124260">
    <ele>808.3</ele>
    <time>2024-10-24T11:12:05Z</time>
   </trkpt>
   <trkpt lat="48.4265530" lon="7.4124220">
    <ele>808.3</ele>
    <time>2024-10-24T11:12:06Z</time>
   </trkpt>
   <trkpt lat="48.4265450" lon="7.4124210">
    <ele>808.3</ele>
    <time>2024-10-24T11:12:07Z</time>
   </trkpt>
   <trkpt lat="48.4265350" lon="7.4124230">
    <ele>808.4</ele>
    <time>2024-10-24T11:12:08Z</time>
   </trkpt>
   <trkpt lat="48.4265260" lon="7.4124230">
    <ele>808.4</ele>
    <time>2024-10-24T11:12:09Z</time>
   </trkpt>
   <trkpt lat="48.4265180" lon="7.4124220">
    <ele>808.5</ele>
    <time>2024-10-24T11:12:10Z</time>
   </trkpt>
   <trkpt lat="48.4265140" lon="7.4124230">
    <ele>808.5</ele>
    <time>2024-10-24T11:12:11Z</time>
   </trkpt>
   <trkpt lat="48.4264820" lon="7.4124230">
    <ele>808.7</ele>
    <time>2024-10-24T11:12:13Z</time>
   </trkpt>
   <trkpt lat="48.4264720" lon="7.4124260">
    <ele>808.7</ele>
    <time>2024-10-24T11:12:14Z</time>
   </trkpt>
   <trkpt lat="48.4264640" lon="7.4124250">
    <ele>808.8</ele>
    <time>2024-10-24T11:12:15Z</time>
   </trkpt>
   <trkpt lat="48.4264560" lon="7.4124240">
    <ele>808.8</ele>
    <time>2024-10-24T11:12:16Z</time>
   </trkpt>
   <trkpt lat="48.4264490" lon="7.4124190">
    <ele>808.9</ele>
    <time>2024-10-24T11:12:17Z</time>
   </trkpt>
   <trkpt lat="48.4264420" lon="7.4124150">
    <ele>808.9</ele>
    <time>2024-10-24T11:12:18Z</time>
   </trkpt>
   <trkpt lat="48.4264340" lon="7.4124160">
    <ele>809.0</ele>
    <time>2024-10-24T11:12:19Z</time>
   </trkpt>
   <trkpt lat="48.4264260" lon="7.4124130">
    <ele>809.0</ele>
    <time>2024-10-24T11:12:20Z</time>
   </trkpt>
   <trkpt lat="48.4264220" lon="7.4124010">
    <ele>809.1</ele>
    <time>2024-10-24T11:12:21Z</time>
   </trkpt>
   <trkpt lat="48.4264170" lon="7.4123940">
    <ele>809.2</ele>
    <time>2024-10-24T11:12:22Z</time>
   </trkpt>
   <trkpt lat="48.4264070" lon="7.4123900">
    <ele>809.2</ele>
    <time>2024-10-24T11:12:23Z</time>
   </trkpt>
   <trkpt lat="48.4263980" lon="7.4123860">
    <ele>809.3</ele>
    <time>2024-10-24T11:12:24Z</time>
   </trkpt>
   <trkpt lat="48.4263900" lon="7.4123820">
    <ele>809.4</ele>
    <time>2024-10-24T11:12:25Z</time>
   </trkpt>
   <trkpt lat="48.4263790" lon="7.4123840">
    <ele>809.5</ele>
    <time>2024-10-24T11:12:26Z</time>
   </trkpt>
   <trkpt lat="48.4263670" lon="7.4123860">
    <ele>809.6</ele>
    <time>2024-10-24T11:12:27Z</time>
   </trkpt>
   <trkpt lat="48.4263560" lon="7.4123890">
    <ele>809.7</ele>
    <time>2024-10-24T11:12:28Z</time>
   </trkpt>
   <trkpt lat="48.4263470" lon="7.4123910">
    <ele>809.8</ele>
    <time>2024-10-24T11:12:29Z</time>
   </trkpt>
   <trkpt lat="48.4263390" lon="7.4123890">
    <ele>809.9</ele>
    <time>2024-10-24T11:12:30Z</time>
   </trkpt>
   <trkpt lat="48.4263310" lon="7.4123860">
    <ele>809.9</ele>
    <time>2024-10-24T11:12:31Z</time>
   </trkpt>
   <trkpt lat="48.4263240" lon="7.4123830">
    <ele>810.0</ele>
    <time>2024-10-24T11:12:32Z</time>
   </trkpt>
   <trkpt lat="48.4263170" lon="7.4123810">
    <ele>810.1</ele>
    <time>2024-10-24T11:12:33Z</time>
   </trkpt>
   <trkpt lat="48.4263090" lon="7.4123780">
    <ele>810.2</ele>
    <time>2024-10-24T11:12:34Z</time>
   </trkpt>
   <trkpt lat="48.4263000" lon="7.4123750">
    <ele>810.3</ele>
    <time>2024-10-24T11:12:35Z</time>
   </trkpt>
   <trkpt lat="48.4262910" lon="7.4123690">
    <ele>810.4</ele>
    <time>2024-10-24T11:12:36Z</time>
   </trkpt>
   <trkpt lat="48.4262830" lon="7.4123640">
    <ele>810.4</ele>
    <time>2024-10-24T11:12:37Z</time>
   </trkpt>
   <trkpt lat="48.4262740" lon="7.4123620">
    <ele>810.5</ele>
    <time>2024-10-24T11:12:38Z</time>
   </trkpt>
   <trkpt lat="48.4262670" lon="7.4123620">
    <ele>810.6</ele>
    <time>2024-10-24T11:12:39Z</time>
   </trkpt>
   <trkpt lat="48.4262610" lon="7.4123590">
    <ele>810.7</ele>
    <time>2024-10-24T11:12:40Z</time>
   </trkpt>
   <trkpt lat="48.4262540" lon="7.4123550">
    <ele>810.8</ele>
    <time>2024-10-24T11:12:41Z</time>
   </trkpt>
   <trkpt lat="48.4262500" lon="7.4123530">
    <ele>810.8</ele>
    <time>2024-10-24T11:12:42Z</time>
   </trkpt>
   <trkpt lat="48.4262430" lon="7.4123510">
    <ele>810.9</ele>
    <time>2024-10-24T11:12:43Z</time>
   </trkpt>
   <trkpt lat="48.4262360" lon="7.4123440">
    <ele>811.0</ele>
    <time>2024-10-24T11:12:44Z</time>
   </trkpt>
   <trkpt lat="48.4262300" lon="7.4123370">
    <ele>811.0</ele>
    <time>2024-10-24T11:12:45Z</time>
   </trkpt>
   <trkpt lat="48.4262240" lon="7.4123320">
    <ele>811.1</ele>
    <time>2024-10-24T11:12:46Z</time>
   </trkpt>
   <trkpt lat="48.4262180" lon="7.4123280">
    <ele>811.2</ele>
    <time>2024-10-24T11:12:47Z</time>
   </trkpt>
   <trkpt lat="48.4262140" lon="7.4123220">
    <ele>811.2</ele>
    <time>2024-10-24T11:12:48Z</time>
   </trkpt>
   <trkpt lat="48.4262090" lon="7.4123160">
    <ele>811.3</ele>
    <time>2024-10-24T11:12:49Z</time>
   </trkpt>
   <trkpt lat="48.4262020" lon="7.4123120">
    <ele>811.4</ele>
    <time>2024-10-24T11:12:50Z</time>
   </trkpt>
   <trkpt lat="48.4261970" lon="7.4123110">
    <ele>811.4</ele>
    <time>2024-10-24T11:12:51Z</time>
   </trkpt>
   <trkpt lat="48.4261900" lon="7.4123120">
    <ele>811.5</ele>
    <time>2024-10-24T11:12:52Z</time>
   </trkpt>
   <trkpt lat="48.4261840" lon="7.4123100">
    <ele>811.6</ele>
    <time>2024-10-24T11:12:53Z</time>
   </trkpt>
   <trkpt lat="48.4261770" lon="7.4123090">
    <ele>811.7</ele>
    <time>2024-10-24T11:12:54Z</time>
   </trkpt>
   <trkpt lat="48.4261710" lon="7.4123070">
    <ele>811.7</ele>
    <time>2024-10-24T11:12:55Z</time>
   </trkpt>
   <trkpt lat="48.4261630" lon="7.4123050">
    <ele>811.8</ele>
    <time>2024-10-24T11:12:56Z</time>
   </trkpt>
   <trkpt lat="48.4261550" lon="7.4123020">
    <ele>811.9</ele>
    <time>2024-10-24T11:12:57Z</time>
   </trkpt>
   <trkpt lat="48.4261490" lon="7.4122970">
    <ele>811.9</ele>
    <time>2024-10-24T11:12:58Z</time>
   </trkpt>
   <trkpt lat="48.4261430" lon="7.4122940">
    <ele>812.0</ele>
    <time>2024-10-24T11:12:59Z</time>
   </trkpt>
   <trkpt lat="48.4261360" lon="7.4122940">
    <ele>812.1</ele>
    <time>2024-10-24T11:13:00Z</time>
   </trkpt>
   <trkpt lat="48.4261270" lon="7.4122960">
    <ele>812.2</ele>
    <time>2024-10-24T11:13:01Z</time>
   </trkpt>
   <trkpt lat="48.4261170" lon="7.4122960">
    <ele>812.3</ele>
    <time>2024-10-24T11:13:02Z</time>
   </trkpt>
   <trkpt lat="48.4261080" lon="7.4122930">
    <ele>812.3</ele>
    <time>2024-10-24T11:13:03Z</time>
   </trkpt>
   <trkpt lat="48.4261010" lon="7.4122880">
    <ele>812.4</ele>
    <time>2024-10-24T11:13:04Z</time>
   </trkpt>
   <trkpt lat="48.4260950" lon="7.4122860">
    <ele>812.5</ele>
    <time>2024-10-24T11:13:05Z</time>
   </trkpt>
   <trkpt lat="48.4260900" lon="7.4122880">
    <ele>812.5</ele>
    <time>2024-10-24T11:13:06Z</time>
   </trkpt>
   <trkpt lat="48.4260850" lon="7.4122900">
    <ele>812.6</ele>
    <time>2024-10-24T11:13:07Z</time>
   </trkpt>
   <trkpt lat="48.4260790" lon="7.4122910">
    <ele>812.6</ele>
    <time>2024-10-24T11:13:08Z</time>
   </trkpt>
   <trkpt lat="48.4260720" lon="7.4122920">
    <ele>812.7</ele>
    <time>2024-10-24T11:13:09Z</time>
   </trkpt>
   <trkpt lat="48.4260650" lon="7.4122930">
    <ele>812.7</ele>
    <time>2024-10-24T11:13:10Z</time>
   </trkpt>
   <trkpt lat="48.4260580" lon="7.4122940">
    <ele>812.8</ele>
    <time>2024-10-24T11:13:11Z</time>
   </trkpt>
   <trkpt lat="48.4260510" lon="7.4122940">
    <ele>812.9</ele>
    <time>2024-10-24T11:13:12Z</time>
   </trkpt>
   <trkpt lat="48.4260460" lon="7.4122920">
    <ele>812.9</ele>
    <time>2024-10-24T11:13:13Z</time>
   </trkpt>
   <trkpt lat="48.4260410" lon="7.4122890">
    <ele>812.9</ele>
    <time>2024-10-24T11:13:14Z</time>
   </trkpt>
   <trkpt lat="48.4260350" lon="7.4122870">
    <ele>813.0</ele>
    <time>2024-10-24T11:13:15Z</time>
   </trkpt>
   <trkpt lat="48.4260300" lon="7.4122840">
    <ele>813.0</ele>
    <time>2024-10-24T11:13:16Z</time>
   </trkpt>
   <trkpt lat="48.4260230" lon="7.4122790">
    <ele>813.1</ele>
    <time>2024-10-24T11:13:17Z</time>
   </trkpt>
   <trkpt lat="48.4260150" lon="7.4122740">
    <ele>813.2</ele>
    <time>2024-10-24T11:13:18Z</time>
   </trkpt>
   <trkpt lat="48.4260060" lon="7.4122730">
    <ele>813.3</ele>
    <time>2024-10-24T11:13:19Z</time>
   </trkpt>
   <trkpt lat="48.4259990" lon="7.4122710">
    <ele>813.3</ele>
    <time>2024-10-24T11:13:20Z</time>
   </trkpt>
   <trkpt lat="48.4259920" lon="7.4122690">
    <ele>813.4</ele>
    <time>2024-10-24T11:13:21Z</time>
   </trkpt>
   <trkpt lat="48.4259850" lon="7.4122650">
    <ele>813.5</ele>
    <time>2024-10-24T11:13:22Z</time>
   </trkpt>
   <trkpt lat="48.4259790" lon="7.4122600">
    <ele>813.5</ele>
    <time>2024-10-24T11:13:23Z</time>
   </trkpt>
   <trkpt lat="48.4259730" lon="7.4122570">
    <ele>813.6</ele>
    <time>2024-10-24T11:13:24Z</time>
   </trkpt>
   <trkpt lat="48.4259670" lon="7.4122540">
    <ele>813.6</ele>
    <time>2024-10-24T11:13:25Z</time>
   </trkpt>
   <trkpt lat="48.4259610" lon="7.4122530">
    <ele>813.7</ele>
    <time>2024-10-24T11:13:26Z</time>
   </trkpt>
   <trkpt lat="48.4259560" lon="7.4122510">
    <ele>813.7</ele>
    <time>2024-10-24T11:13:27Z</time>
   </trkpt>
   <trkpt lat="48.4259520" lon="7.4122460">
    <ele>813.8</ele>
    <time>2024-10-24T11:13:28Z</time>
   </trkpt>
   <trkpt lat="48.4259530" lon="7.4122420">
    <ele>813.8</ele>
    <time>2024-10-24T11:13:29Z</time>
   </trkpt>
   <trkpt lat="48.4259530" lon="7.4122390">
    <ele>813.8</ele>
    <time>2024-10-24T11:13:30Z</time>
   </trkpt>
   <trkpt lat="48.4259520" lon="7.4122370">
    <ele>813.8</ele>
    <time>2024-10-24T11:13:31Z</time>
   </trkpt>
   <trkpt lat="48.4259520" lon="7.4122360">
    <ele>813.8</ele>
    <time>2024-10-24T11:13:32Z</time>
   </trkpt>
   <trkpt lat="48.4259520" lon="7.4122360">
    <ele>813.8</ele>
    <time>2024-10-24T11:13:33Z</time>
   </trkpt>
   <trkpt lat="48.4259520" lon="7.4122350">
    <ele>813.8</ele>
    <time>2024-10-24T11:13:34Z</time>
   </trkpt>
   <trkpt lat="48.4259520" lon="7.4122340">
    <ele>813.8</ele>
    <time>2024-10-24T11:13:35Z</time>
   </trkpt>
   <trkpt lat="48.4259520" lon="7.4122340">
    <ele>813.8</ele>
    <time>2024-10-24T11:13:36Z</time>
   </trkpt>
   <trkpt lat="48.4259520" lon="7.4122330">
    <ele>813.8</ele>
    <time>2024-10-24T11:13:37Z</time>
   </trkpt>
   <trkpt lat="48.4259510" lon="7.4122320">
    <ele>813.9</ele>
    <time>2024-10-24T11:13:38Z</time>
   </trkpt>
   <trkpt lat="48.4259500" lon="7.4122310">
    <ele>813.9</ele>
    <time>2024-10-24T11:13:39Z</time>
   </trkpt>
   <trkpt lat="48.4259480" lon="7.4122280">
    <ele>813.9</ele>
    <time>2024-10-24T11:13:40Z</time>
   </trkpt>
   <trkpt lat="48.4259360" lon="7.4122190">
    <ele>814.0</ele>
    <time>2024-10-24T11:13:41Z</time>
   </trkpt>
   <trkpt lat="48.4259240" lon="7.4122150">
    <ele>814.1</ele>
    <time>2024-10-24T11:13:42Z</time>
   </trkpt>
   <trkpt lat="48.4259080" lon="7.4122180">
    <ele>814.3</ele>
    <time>2024-10-24T11:13:43Z</time>
   </trkpt>
   <trkpt lat="48.4258960" lon="7.4122230">
    <ele>814.4</ele>
    <time>2024-10-24T11:13:44Z</time>
   </trkpt>
   <trkpt lat="48.4258860" lon="7.4122280">
    <ele>814.5</ele>
    <time>2024-10-24T11:13:45Z</time>
   </trkpt>
   <trkpt lat="48.4258730" lon="7.4122450">
    <ele>814.7</ele>
    <time>2024-10-24T11:13:46Z</time>
   </trkpt>
   <trkpt lat="48.4258570" lon="7.4122690">
    <ele>814.9</ele>
    <time>2024-10-24T11:13:47Z</time>
   </trkpt>
   <trkpt lat="48.4258510" lon="7.4122770">
    <ele>814.9</ele>
    <time>2024-10-24T11:13:48Z</time>
   </trkpt>
   <trkpt lat="48.4258440" lon="7.4122840">
    <ele>815.0</ele>
    <time>2024-10-24T11:13:49Z</time>
   </trkpt>
   <trkpt lat="48.4258250" lon="7.4122980">
    <ele>815.2</ele>
    <time>2024-10-24T11:13:50Z</time>
   </trkpt>
   <trkpt lat="48.4258180" lon="7.4123060">
    <ele>815.3</ele>
    <time>2024-10-24T11:13:51Z</time>
   </trkpt>
   <trkpt lat="48.4258110" lon="7.4123130">
    <ele>815.3</ele>
    <time>2024-10-24T11:13:52Z</time>
   </trkpt>
   <trkpt lat="48.4258000" lon="7.4123220">
    <ele>815.4</ele>
    <time>2024-10-24T11:13:53Z</time>
   </trkpt>
   <trkpt lat="48.4257890" lon="7.4123280">
    <ele>815.5</ele>
    <time>2024-10-24T11:13:54Z</time>
   </trkpt>
   <trkpt lat="48.4257810" lon="7.4123310">
    <ele>815.6</ele>
    <time>2024-10-24T11:13:55Z</time>
   </trkpt>
   <trkpt lat="48.4257790" lon="7.4123360">
    <ele>815.6</ele>
    <time>2024-10-24T11:13:56Z</time>
   </trkpt>
   <trkpt lat="48.4257810" lon="7.4123390">
    <ele>815.6</ele>
    <time>2024-10-24T11:13:57Z</time>
   </trkpt>
   <trkpt lat="48.4257830" lon="7.4123380">
    <ele>815.6</ele>
    <time>2024-10-24T11:13:58Z</time>
   </trkpt>
   <trkpt lat="48.4257840" lon="7.4123370">
    <ele>815.6</ele>
    <time>2024-10-24T11:13:59Z</time>
   </trkpt>
   <trkpt lat="48.4257840" lon="7.4123360">
    <ele>815.6</ele>
    <time>2024-10-24T11:14:00Z</time>
   </trkpt>
   <trkpt lat="48.4257850" lon="7.4123360">
    <ele>815.7</ele>
    <time>2024-10-24T11:14:01Z</time>
   </trkpt>
   <trkpt lat="48.4257860" lon="7.4123360">
    <ele>815.7</ele>
    <time>2024-10-24T11:14:02Z</time>
   </trkpt>
   <trkpt lat="48.4257860" lon="7.4123360">
    <ele>815.7</ele>
    <time>2024-10-24T11:14:03Z</time>
   </trkpt>
   <trkpt lat="48.4257870" lon="7.4123360">
    <ele>815.7</ele>
    <time>2024-10-24T11:14:04Z</time>
   </trkpt>
   <trkpt lat="48.4257870" lon="7.4123370">
    <ele>815.7</ele>
    <time>2024-10-24T11:14:05Z</time>
   </trkpt>
   <trkpt lat="48.4257880" lon="7.4123380">
    <ele>815.7</ele>
    <time>2024-10-24T11:14:06Z</time>
   </trkpt>
   <trkpt lat="48.4257880" lon="7.4123380">
    <ele>815.7</ele>
    <time>2024-10-24T11:14:07Z</time>
   </trkpt>
   <trkpt lat="48.4257890" lon="7.4123380">
    <ele>815.7</ele>
    <time>2024-10-24T11:14:08Z</time>
   </trkpt>
   <trkpt lat="48.4257880" lon="7.4123380">
    <ele>815.7</ele>
    <time>2024-10-24T11:14:09Z</time>
   </trkpt>
   <trkpt lat="48.4257880" lon="7.4123390">
    <ele>815.7</ele>
    <time>2024-10-24T11:14:10Z</time>
   </trkpt>
   <trkpt lat="48.4257870" lon="7.4123390">
    <ele>815.7</ele>
    <time>2024-10-24T11:14:11Z</time>
   </trkpt>
   <trkpt lat="48.4257860" lon="7.4123390">
    <ele>815.7</ele>
    <time>2024-10-24T11:14:12Z</time>
   </trkpt>
   <trkpt lat="48.4257860" lon="7.4123390">
    <ele>815.7</ele>
    <time>2024-10-24T11:14:13Z</time>
   </trkpt>
   <trkpt lat="48.4257840" lon="7.4123390">
    <ele>815.7</ele>
    <time>2024-10-24T11:14:14Z</time>
   </trkpt>
   <trkpt lat="48.4257820" lon="7.4123360">
    <ele>815.7</ele>
    <time>2024-10-24T11:14:15Z</time>
   </trkpt>
   <trkpt lat="48.4257800" lon="7.4123300">
    <ele>815.8</ele>
    <time>2024-10-24T11:14:16Z</time>
   </trkpt>
   <trkpt lat="48.4257760" lon="7.4123160">
    <ele>815.8</ele>
    <time>2024-10-24T11:14:17Z</time>
   </trkpt>
   <trkpt lat="48.4257660" lon="7.4123180">
    <ele>815.9</ele>
    <time>2024-10-24T11:14:18Z</time>
   </trkpt>
   <trkpt lat="48.4257530" lon="7.4123370">
    <ele>816.0</ele>
    <time>2024-10-24T11:14:19Z</time>
   </trkpt>
   <trkpt lat="48.4257420" lon="7.4123380">
    <ele>816.0</ele>
    <time>2024-10-24T11:14:20Z</time>
   </trkpt>
   <trkpt lat="48.4257430" lon="7.4123480">
    <ele>816.0</ele>
    <time>2024-10-24T11:14:21Z</time>
   </trkpt>
   <trkpt lat="48.4257430" lon="7.4123560">
    <ele>816.1</ele>
    <time>2024-10-24T11:14:22Z</time>
   </trkpt>
   <trkpt lat="48.4257420" lon="7.4123590">
    <ele>816.1</ele>
    <time>2024-10-24T11:14:23Z</time>
   </trkpt>
   <trkpt lat="48.4257340" lon="7.4123550">
    <ele>816.1</ele>
    <time>2024-10-24T11:14:24Z</time>
   </trkpt>
   <trkpt lat="48.4257190" lon="7.4123410">
    <ele>816.1</ele>
    <time>2024-10-24T11:14:25Z</time>
   </trkpt>
   <trkpt lat="48.4257050" lon="7.4123250">
    <ele>816.2</ele>
    <time>2024-10-24T11:14:26Z</time>
   </trkpt>
   <trkpt lat="48.4256940" lon="7.4123120">
    <ele>816.2</ele>
    <time>2024-10-24T11:14:27Z</time>
   </trkpt>
   <trkpt lat="48.4256870" lon="7.4123040">
    <ele>816.3</ele>
    <time>2024-10-24T11:14:28Z</time>
   </trkpt>
   <trkpt lat="48.4256840" lon="7.4122970">
    <ele>816.3</ele>
    <time>2024-10-24T11:14:29Z</time>
   </trkpt>
   <trkpt lat="48.4256790" lon="7.4122860">
    <ele>816.3</ele>
    <time>2024-10-24T11:14:30Z</time>
   </trkpt>
   <trkpt lat="48.4256770" lon="7.4122740">
    <ele>816.3</ele>
    <time>2024-10-24T11:14:31Z</time>
   </trkpt>
   <trkpt lat="48.4256750" lon="7.4122610">
    <ele>816.3</ele>
    <time>2024-10-24T11:14:32Z</time>
   </trkpt>
   <trkpt lat="48.4256730" lon="7.4122510">
    <ele>816.3</ele>
    <time>2024-10-24T11:14:33Z</time>
   </trkpt>
   <trkpt lat="48.4256690" lon="7.4122320">
    <ele>816.4</ele>
    <time>2024-10-24T11:14:34Z</time>
   </trkpt>
   <trkpt lat="48.4256640" lon="7.4122190">
    <ele>816.4</ele>
    <time>2024-10-24T11:14:35Z</time>
   </trkpt>
   <trkpt lat="48.4256590" lon="7.4122100">
    <ele>816.4</ele>
    <time>2024-10-24T11:14:36Z</time>
   </trkpt>
   <trkpt lat="48.4256560" lon="7.4122020">
    <ele>816.4</ele>
    <time>2024-10-24T11:14:37Z</time>
   </trkpt>
   <trkpt lat="48.4256510" lon="7.4121920">
    <ele>816.4</ele>
    <time>2024-10-24T11:14:38Z</time>
   </trkpt>
   <trkpt lat="48.4256470" lon="7.4121840">
    <ele>816.5</ele>
    <time>2024-10-24T11:14:39Z</time>
   </trkpt>
   <trkpt lat="48.4256410" lon="7.4121800">
    <ele>816.5</ele>
    <time>2024-10-24T11:14:40Z</time>
   </trkpt>
   <trkpt lat="48.4256390" lon="7.4121730">
    <ele>816.5</ele>
    <time>2024-10-24T11:14:41Z</time>
   </trkpt>
   <trkpt lat="48.4256380" lon="7.4121710">
    <ele>816.5</ele>
    <time>2024-10-24T11:14:42Z</time>
   </trkpt>
   <trkpt lat="48.4256390" lon="7.4121700">
    <ele>816.5</ele>
    <time>2024-10-24T11:14:43Z</time>
   </trkpt>
   <trkpt lat="48.4256410" lon="7.4121700">
    <ele>816.5</ele>
    <time>2024-10-24T11:14:44Z</time>
   </trkpt>
   <trkpt lat="48.4256440" lon="7.4121690">
    <ele>816.5</ele>
    <time>2024-10-24T11:14:45Z</time>
   </trkpt>
   <trkpt lat="48.4256460" lon="7.4121670">
    <ele>816.5</ele>
    <time>2024-10-24T11:14:46Z</time>
   </trkpt>
   <trkpt lat="48.4256470" lon="7.4121670">
    <ele>816.5</ele>
    <time>2024-10-24T11:14:47Z</time>
   </trkpt>
   <trkpt lat="48.4256460" lon="7.4121650">
    <ele>816.5</ele>
    <time>2024-10-24T11:14:48Z</time>
   </trkpt>
   <trkpt lat="48.4256430" lon="7.4121600">
    <ele>816.5</ele>
    <time>2024-10-24T11:14:49Z</time>
   </trkpt>
   <trkpt lat="48.4256390" lon="7.4121560">
    <ele>816.5</ele>
    <time>2024-10-24T11:14:50Z</time>
   </trkpt>
   <trkpt lat="48.4256370" lon="7.4121530">
    <ele>816.5</ele>
    <time>2024-10-24T11:14:51Z</time>
   </trkpt>
   <trkpt lat="48.4256340" lon="7.4121490">
    <ele>816.6</ele>
    <time>2024-10-24T11:14:52Z</time>
   </trkpt>
   <trkpt lat="48.4256270" lon="7.4121390">
    <ele>816.6</ele>
    <time>2024-10-24T11:14:53Z</time>
   </trkpt>
   <trkpt lat="48.4256120" lon="7.4121240">
    <ele>816.6</ele>
    <time>2024-10-24T11:14:54Z</time>
   </trkpt>
   <trkpt lat="48.4255950" lon="7.4121100">
    <ele>816.7</ele>
    <time>2024-10-24T11:14:55Z</time>
   </trkpt>
   <trkpt lat="48.4255790" lon="7.4121010">
    <ele>816.7</ele>
    <time>2024-10-24T11:14:56Z</time>
   </trkpt>
   <trkpt lat="48.4255680" lon="7.4121030">
    <ele>816.8</ele>
    <time>2024-10-24T11:14:57Z</time>
   </trkpt>
   <trkpt lat="48.4255560" lon="7.4121010">
    <ele>816.8</ele>
    <time>2024-10-24T11:14:58Z</time>
   </trkpt>
   <trkpt lat="48.4255440" lon="7.4120970">
    <ele>816.9</ele>
    <time>2024-10-24T11:14:59Z</time>
   </trkpt>
   <trkpt lat="48.4255360" lon="7.4120880">
    <ele>816.9</ele>
    <time>2024-10-24T11:15:00Z</time>
   </trkpt>
   <trkpt lat="48.4255280" lon="7.4120820">
    <ele>816.9</ele>
    <time>2024-10-24T11:15:01Z</time>
   </trkpt>
   <trkpt lat="48.4255200" lon="7.4120760">
    <ele>817.0</ele>
    <time>2024-10-24T11:15:02Z</time>
   </trkpt>
   <trkpt lat="48.4255110" lon="7.4120700">
    <ele>817.0</ele>
    <time>2024-10-24T11:15:03Z</time>
   </trkpt>
   <trkpt lat="48.4255040" lon="7.4120610">
    <ele>817.0</ele>
    <time>2024-10-24T11:15:04Z</time>
   </trkpt>
   <trkpt lat="48.4254990" lon="7.4120520">
    <ele>817.1</ele>
    <time>2024-10-24T11:15:05Z</time>
   </trkpt>
   <trkpt lat="48.4254920" lon="7.4120440">
    <ele>817.1</ele>
    <time>2024-10-24T11:15:06Z</time>
   </trkpt>
   <trkpt lat="48.4254880" lon="7.4120360">
    <ele>817.2</ele>
    <time>2024-10-24T11:15:07Z</time>
   </trkpt>
   <trkpt lat="48.4254820" lon="7.4120280">
    <ele>817.2</ele>
    <time>2024-10-24T11:15:08Z</time>
   </trkpt>
   <trkpt lat="48.4254760" lon="7.4120220">
    <ele>817.2</ele>
    <time>2024-10-24T11:15:09Z</time>
   </trkpt>
   <trkpt lat="48.4254680" lon="7.4120180">
    <ele>817.3</ele>
    <time>2024-10-24T11:15:10Z</time>
   </trkpt>
   <trkpt lat="48.4254610" lon="7.4120130">
    <ele>817.3</ele>
    <time>2024-10-24T11:15:11Z</time>
   </trkpt>
   <trkpt lat="48.4254550" lon="7.4120070">
    <ele>817.4</ele>
    <time>2024-10-24T11:15:12Z</time>
   </trkpt>
   <trkpt lat="48.4254490" lon="7.4120020">
    <ele>817.4</ele>
    <time>2024-10-24T11:15:13Z</time>
   </trkpt>
   <trkpt lat="48.4254440" lon="7.4119950">
    <ele>817.4</ele>
    <time>2024-10-24T11:15:14Z</time>
   </trkpt>
   <trkpt lat="48.4254380" lon="7.4119900">
    <ele>817.5</ele>
    <time>2024-10-24T11:15:15Z</time>
   </trkpt>
   <trkpt lat="48.4254280" lon="7.4119840">
    <ele>817.6</ele>
    <time>2024-10-24T11:15:16Z</time>
   </trkpt>
   <trkpt lat="48.4254210" lon="7.4119810">
    <ele>817.6</ele>
    <time>2024-10-24T11:15:17Z</time>
   </trkpt>
   <trkpt lat="48.4254130" lon="7.4119800">
    <ele>817.7</ele>
    <time>2024-10-24T11:15:18Z</time>
   </trkpt>
   <trkpt lat="48.4253980" lon="7.4119810">
    <ele>817.8</ele>
    <time>2024-10-24T11:15:19Z</time>
   </trkpt>
   <trkpt lat="48.4253830" lon="7.4119830">
    <ele>817.9</ele>
    <time>2024-10-24T11:15:20Z</time>
   </trkpt>
   <trkpt lat="48.4253710" lon="7.4119830">
    <ele>817.9</ele>
    <time>2024-10-24T11:15:21Z</time>
   </trkpt>
   <trkpt lat="48.4253610" lon="7.4119800">
    <ele>818.0</ele>
    <time>2024-10-24T11:15:22Z</time>
   </trkpt>
   <trkpt lat="48.4253500" lon="7.4119730">
    <ele>818.1</ele>
    <time>2024-10-24T11:15:23Z</time>
   </trkpt>
   <trkpt lat="48.4253400" lon="7.4119700">
    <ele>818.2</ele>
    <time>2024-10-24T11:15:24Z</time>
   </trkpt>
   <trkpt lat="48.4253290" lon="7.4119670">
    <ele>818.2</ele>
    <time>2024-10-24T11:15:25Z</time>
   </trkpt>
   <trkpt lat="48.4253160" lon="7.4119640">
    <ele>818.3</ele>
    <time>2024-10-24T11:15:26Z</time>
   </trkpt>
   <trkpt lat="48.4253060" lon="7.4119620">
    <ele>818.4</ele>
    <time>2024-10-24T11:15:27Z</time>
   </trkpt>
   <trkpt lat="48.4252950" lon="7.4119610">
    <ele>818.4</ele>
    <time>2024-10-24T11:15:28Z</time>
   </trkpt>
   <trkpt lat="48.4252830" lon="7.4119600">
    <ele>818.5</ele>
    <time>2024-10-24T11:15:29Z</time>
   </trkpt>
   <trkpt lat="48.4252720" lon="7.4119560">
    <ele>818.6</ele>
    <time>2024-10-24T11:15:30Z</time>
   </trkpt>
   <trkpt lat="48.4252620" lon="7.4119520">
    <ele>818.6</ele>
    <time>2024-10-24T11:15:31Z</time>
   </trkpt>
   <trkpt lat="48.4252530" lon="7.4119470">
    <ele>818.6</ele>
    <time>2024-10-24T11:15:32Z</time>
   </trkpt>
   <trkpt lat="48.4252440" lon="7.4119410">
    <ele>818.7</ele>
    <time>2024-10-24T11:15:33Z</time>
   </trkpt>
   <trkpt lat="48.4252360" lon="7.4119340">
    <ele>818.7</ele>
    <time>2024-10-24T11:15:34Z</time>
   </trkpt>
   <trkpt lat="48.4252270" lon="7.4119290">
    <ele>818.8</ele>
    <time>2024-10-24T11:15:35Z</time>
   </trkpt>
   <trkpt lat="48.4252190" lon="7.4119220">
    <ele>818.8</ele>
    <time>2024-10-24T11:15:36Z</time>
   </trkpt>
   <trkpt lat="48.4252100" lon="7.4119170">
    <ele>818.8</ele>
    <time>2024-10-24T11:15:37Z</time>
   </trkpt>
   <trkpt lat="48.4252010" lon="7.4119160">
    <ele>818.8</ele>
    <time>2024-10-24T11:15:38Z</time>
   </trkpt>
   <trkpt lat="48.4251910" lon="7.4119180">
    <ele>818.9</ele>
    <time>2024-10-24T11:15:39Z</time>
   </trkpt>
   <trkpt lat="48.4251800" lon="7.4119210">
    <ele>818.9</ele>
    <time>2024-10-24T11:15:40Z</time>
   </trkpt>
   <trkpt lat="48.4251690" lon="7.4119230">
    <ele>818.9</ele>
    <time>2024-10-24T11:15:41Z</time>
   </trkpt>
   <trkpt lat="48.4251590" lon="7.4119270">
    <ele>818.9</ele>
    <time>2024-10-24T11:15:42Z</time>
   </trkpt>
   <trkpt lat="48.4251480" lon="7.4119330">
    <ele>819.0</ele>
    <time>2024-10-24T11:15:43Z</time>
   </trkpt>
   <trkpt lat="48.4251390" lon="7.4119390">
    <ele>819.0</ele>
    <time>2024-10-24T11:15:44Z</time>
   </trkpt>
   <trkpt lat="48.4251280" lon="7.4119530">
    <ele>819.0</ele>
    <time>2024-10-24T11:15:45Z</time>
   </trkpt>
   <trkpt lat="48.4251160" lon="7.4119610">
    <ele>819.0</ele>
    <time>2024-10-24T11:15:46Z</time>
   </trkpt>
   <trkpt lat="48.4250950" lon="7.4119630">
    <ele>819.0</ele>
    <time>2024-10-24T11:15:47Z</time>
   </trkpt>
   <trkpt lat="48.4250870" lon="7.4119610">
    <ele>819.0</ele>
    <time>2024-10-24T11:15:48Z</time>
   </trkpt>
   <trkpt lat="48.4250790" lon="7.4119600">
    <ele>819.0</ele>
    <time>2024-10-24T11:15:49Z</time>
   </trkpt>
   <trkpt lat="48.4250690" lon="7.4119580">
    <ele>819.0</ele>
    <time>2024-10-24T11:15:50Z</time>
   </trkpt>
   <trkpt lat="48.4250610" lon="7.4119550">
    <ele>819.0</ele>
    <time>2024-10-24T11:15:51Z</time>
   </trkpt>
   <trkpt lat="48.4250510" lon="7.4119560">
    <ele>819.0</ele>
    <time>2024-10-24T11:15:52Z</time>
   </trkpt>
   <trkpt lat="48.4250410" lon="7.4119570">
    <ele>819.0</ele>
    <time>2024-10-24T11:15:53Z</time>
   </trkpt>
   <trkpt lat="48.4250320" lon="7.4119580">
    <ele>819.0</ele>
    <time>2024-10-24T11:15:54Z</time>
   </trkpt>
   <trkpt lat="48.4250230" lon="7.4119610">
    <ele>819.0</ele>
    <time>2024-10-24T11:15:55Z</time>
   </trkpt>
   <trkpt lat="48.4250170" lon="7.4119640">
    <ele>819.0</ele>
    <time>2024-10-24T11:15:56Z</time>
   </trkpt>
   <trkpt lat="48.4250120" lon="7.4119670">
    <ele>819.0</ele>
    <time>2024-10-24T11:15:57Z</time>
   </trkpt>
   <trkpt lat="48.4250080" lon="7.4119690">
    <ele>819.0</ele>
    <time>2024-10-24T11:15:58Z</time>
   </trkpt>
   <trkpt lat="48.4250080" lon="7.4119690">
    <ele>819.0</ele>
    <time>2024-10-24T11:15:59Z</time>
   </trkpt>
   <trkpt lat="48.4250090" lon="7.4119680">
    <ele>819.0</ele>
    <time>2024-10-24T11:16:00Z</time>
   </trkpt>
   <trkpt lat="48.4250100" lon="7.4119670">
    <ele>819.0</ele>
    <time>2024-10-24T11:16:01Z</time>
   </trkpt>
   <trkpt lat="48.4250110" lon="7.4119670">
    <ele>819.0</ele>
    <time>2024-10-24T11:16:02Z</time>
   </trkpt>
   <trkpt lat="48.4250120" lon="7.4119670">
    <ele>819.0</ele>
    <time>2024-10-24T11:16:03Z</time>
   </trkpt>
   <trkpt lat="48.4250130" lon="7.4119670">
    <ele>819.0</ele>
    <time>2024-10-24T11:16:04Z</time>
   </trkpt>
   <trkpt lat="48.4250130" lon="7.4119670">
    <ele>819.0</ele>
    <time>2024-10-24T11:16:05Z</time>
   </trkpt>
   <trkpt lat="48.4250100" lon="7.4119690">
    <ele>819.0</ele>
    <time>2024-10-24T11:16:06Z</time>
   </trkpt>
   <trkpt lat="48.4250050" lon="7.4119750">
    <ele>819.0</ele>
    <time>2024-10-24T11:16:07Z</time>
   </trkpt>
   <trkpt lat="48.4249990" lon="7.4119840">
    <ele>819.0</ele>
    <time>2024-10-24T11:16:08Z</time>
   </trkpt>
   <trkpt lat="48.4249840" lon="7.4120050">
    <ele>819.1</ele>
    <time>2024-10-24T11:16:09Z</time>
   </trkpt>
   <trkpt lat="48.4249740" lon="7.4120190">
    <ele>819.1</ele>
    <time>2024-10-24T11:16:10Z</time>
   </trkpt>
   <trkpt lat="48.4249610" lon="7.4120340">
    <ele>819.1</ele>
    <time>2024-10-24T11:16:11Z</time>
   </trkpt>
   <trkpt lat="48.4249490" lon="7.4120430">
    <ele>819.1</ele>
    <time>2024-10-24T11:16:12Z</time>
   </trkpt>
   <trkpt lat="48.4249270" lon="7.4120460">
    <ele>819.2</ele>
    <time>2024-10-24T11:16:13Z</time>
   </trkpt>
   <trkpt lat="48.4249180" lon="7.4120460">
    <ele>819.2</ele>
    <time>2024-10-24T11:16:14Z</time>
   </trkpt>
   <trkpt lat="48.4249090" lon="7.4120460">
    <ele>819.2</ele>
    <time>2024-10-24T11:16:15Z</time>
   </trkpt>
   <trkpt lat="48.4248880" lon="7.4120450">
    <ele>819.3</ele>
    <time>2024-10-24T11:16:16Z</time>
   </trkpt>
   <trkpt lat="48.4248800" lon="7.4120440">
    <ele>819.3</ele>
    <time>2024-10-24T11:16:17Z</time>
   </trkpt>
   <trkpt lat="48.4248720" lon="7.4120430">
    <ele>819.3</ele>
    <time>2024-10-24T11:16:18Z</time>
   </trkpt>
   <trkpt lat="48.4248600" lon="7.4120410">
    <ele>819.4</ele>
    <time>2024-10-24T11:16:19Z</time>
   </trkpt>
   <trkpt lat="48.4248500" lon="7.4120370">
    <ele>819.4</ele>
    <time>2024-10-24T11:16:20Z</time>
   </trkpt>
   <trkpt lat="48.4248390" lon="7.4120370">
    <ele>819.5</ele>
    <time>2024-10-24T11:16:21Z</time>
   </trkpt>
   <trkpt lat="48.4248300" lon="7.4120440">
    <ele>819.5</ele>
    <time>2024-10-24T11:16:22Z</time>
   </trkpt>
   <trkpt lat="48.4248240" lon="7.4120560">
    <ele>819.5</ele>
    <time>2024-10-24T11:16:23Z</time>
   </trkpt>
   <trkpt lat="48.4248200" lon="7.4120640">
    <ele>819.5</ele>
    <time>2024-10-24T11:16:24Z</time>
   </trkpt>
   <trkpt lat="48.4248190" lon="7.4120790">
    <ele>819.5</ele>
    <time>2024-10-24T11:16:25Z</time>
   </trkpt>
   <trkpt lat="48.4248200" lon="7.4120920">
    <ele>819.5</ele>
    <time>2024-10-24T11:16:26Z</time>
   </trkpt>
   <trkpt lat="48.4248190" lon="7.4121020">
    <ele>819.5</ele>
    <time>2024-10-24T11:16:27Z</time>
   </trkpt>
   <trkpt lat="48.4248160" lon="7.4121110">
    <ele>819.5</ele>
    <time>2024-10-24T11:16:28Z</time>
   </trkpt>
   <trkpt lat="48.4248120" lon="7.4121170">
    <ele>819.5</ele>
    <time>2024-10-24T11:16:29Z</time>
   </trkpt>
   <trkpt lat="48.4248070" lon="7.4121210">
    <ele>819.5</ele>
    <time>2024-10-24T11:16:30Z</time>
   </trkpt>
   <trkpt lat="48.4248050" lon="7.4121230">
    <ele>819.6</ele>
    <time>2024-10-24T11:16:31Z</time>
   </trkpt>
   <trkpt lat="48.4248050" lon="7.4121250">
    <ele>819.6</ele>
    <time>2024-10-24T11:16:32Z</time>
   </trkpt>
   <trkpt lat="48.4248060" lon="7.4121240">
    <ele>819.6</ele>
    <time>2024-10-24T11:16:33Z</time>
   </trkpt>
   <trkpt lat="48.4248070" lon="7.4121240">
    <ele>819.6</ele>
    <time>2024-10-24T11:16:34Z</time>
   </trkpt>
   <trkpt lat="48.4248080" lon="7.4121240">
    <ele>819.6</ele>
    <time>2024-10-24T11:16:35Z</time>
   </trkpt>
   <trkpt lat="48.4248080" lon="7.4121230">
    <ele>819.6</ele>
    <time>2024-10-24T11:16:36Z</time>
   </trkpt>
   <trkpt lat="48.4248080" lon="7.4121220">
    <ele>819.6</ele>
    <time>2024-10-24T11:16:37Z</time>
   </trkpt>
   <trkpt lat="48.4248090" lon="7.4121220">
    <ele>819.6</ele>
    <time>2024-10-24T11:16:38Z</time>
   </trkpt>
   <trkpt lat="48.4248090" lon="7.4121220">
    <ele>819.6</ele>
    <time>2024-10-24T11:16:39Z</time>
   </trkpt>
   <trkpt lat="48.4248080" lon="7.4121220">
    <ele>819.6</ele>
    <time>2024-10-24T11:16:40Z</time>
   </trkpt>
   <trkpt lat="48.4248090" lon="7.4121220">
    <ele>819.6</ele>
    <time>2024-10-24T11:16:41Z</time>
   </trkpt>
   <trkpt lat="48.4248090" lon="7.4121230">
    <ele>819.6</ele>
    <time>2024-10-24T11:16:42Z</time>
   </trkpt>
   <trkpt lat="48.4248090" lon="7.4121230">
    <ele>819.6</ele>
    <time>2024-10-24T11:16:43Z</time>
   </trkpt>
   <trkpt lat="48.4248090" lon="7.4121240">
    <ele>819.6</ele>
    <time>2024-10-24T11:16:44Z</time>
   </trkpt>
   <trkpt lat="48.4248100" lon="7.4121250">
    <ele>819.6</ele>
    <time>2024-10-24T11:16:45Z</time>
   </trkpt>
   <trkpt lat="48.4248130" lon="7.4121260">
    <ele>819.6</ele>
    <time>2024-10-24T11:16:46Z</time>
   </trkpt>
   <trkpt lat="48.4248150" lon="7.4121260">
    <ele>819.6</ele>
    <time>2024-10-24T11:16:47Z</time>
   </trkpt>
   <trkpt lat="48.4248170" lon="7.4121250">
    <ele>819.6</ele>
    <time>2024-10-24T11:16:48Z</time>
   </trkpt>
   <trkpt lat="48.4248190" lon="7.4121270">
    <ele>819.6</ele>
    <time>2024-10-24T11:16:49Z</time>
   </trkpt>
   <trkpt lat="48.4248190" lon="7.4121300">
    <ele>819.6</ele>
    <time>2024-10-24T11:16:50Z</time>
   </trkpt>
   <trkpt lat="48.4248190" lon="7.4121360">
    <ele>819.6</ele>
    <time>2024-10-24T11:16:51Z</time>
   </trkpt>
   <trkpt lat="48.4248170" lon="7.4121460">
    <ele>819.6</ele>
    <time>2024-10-24T11:16:52Z</time>
   </trkpt>
   <trkpt lat="48.4248130" lon="7.4121510">
    <ele>819.6</ele>
    <time>2024-10-24T11:16:53Z</time>
   </trkpt>
   <trkpt lat="48.4248080" lon="7.4121590">
    <ele>819.6</ele>
    <time>2024-10-24T11:16:54Z</time>
   </trkpt>
   <trkpt lat="48.4248010" lon="7.4121730">
    <ele>819.6</ele>
    <time>2024-10-24T11:16:55Z</time>
   </trkpt>
   <trkpt lat="48.4247960" lon="7.4121850">
    <ele>819.6</ele>
    <time>2024-10-24T11:16:56Z</time>
   </trkpt>
   <trkpt lat="48.4247970" lon="7.4121860">
    <ele>819.6</ele>
    <time>2024-10-24T11:16:57Z</time>
   </trkpt>
   <trkpt lat="48.4247980" lon="7.4121860">
    <ele>819.6</ele>
    <time>2024-10-24T11:16:58Z</time>
   </trkpt>
   <trkpt lat="48.4248000" lon="7.4121860">
    <ele>819.6</ele>
    <time>2024-10-24T11:16:59Z</time>
   </trkpt>
   <trkpt lat="48.4248010" lon="7.4121870">
    <ele>819.7</ele>
    <time>2024-10-24T11:17:00Z</time>
   </trkpt>
   <trkpt lat="48.4248030" lon="7.4121880">
    <ele>819.7</ele>
    <time>2024-10-24T11:17:01Z</time>
   </trkpt>
   <trkpt lat="48.4248060" lon="7.4121900">
    <ele>819.7</ele>
    <time>2024-10-24T11:17:02Z</time>
   </trkpt>
   <trkpt lat="48.4248070" lon="7.4121910">
    <ele>819.7</ele>
    <time>2024-10-24T11:17:03Z</time>
   </trkpt>
   <trkpt lat="48.4248100" lon="7.4121940">
    <ele>819.7</ele>
    <time>2024-10-24T11:17:04Z</time>
   </trkpt>
   <trkpt lat="48.4248120" lon="7.4121970">
    <ele>819.7</ele>
    <time>2024-10-24T11:17:05Z</time>
   </trkpt>
   <trkpt lat="48.4248120" lon="7.4121980">
    <ele>819.7</ele>
    <time>2024-10-24T11:17:06Z</time>
   </trkpt>
   <trkpt lat="48.4248150" lon="7.4121990">
    <ele>819.7</ele>
    <time>2024-10-24T11:17:07Z</time>
   </trkpt>
   <trkpt lat="48.4248190" lon="7.4121990">
    <ele>819.7</ele>
    <time>2024-10-24T11:17:08Z</time>
   </trkpt>
   <trkpt lat="48.4248210" lon="7.4122000">
    <ele>819.7</ele>
    <time>2024-10-24T11:17:09Z</time>
   </trkpt>
   <trkpt lat="48.4248230" lon="7.4122010">
    <ele>819.7</ele>
    <time>2024-10-24T11:17:10Z</time>
   </trkpt>
   <trkpt lat="48.4248240" lon="7.4122030">
    <ele>819.7</ele>
    <time>2024-10-24T11:17:11Z</time>
   </trkpt>
   <trkpt lat="48.4248250" lon="7.4122040">
    <ele>819.7</ele>
    <time>2024-10-24T11:17:12Z</time>
   </trkpt>
   <trkpt lat="48.4248260" lon="7.4122050">
    <ele>819.7</ele>
    <time>2024-10-24T11:17:13Z</time>
   </trkpt>
   <trkpt lat="48.4248260" lon="7.4122050">
    <ele>819.7</ele>
    <time>2024-10-24T11:17:14Z</time>
   </trkpt>
   <trkpt lat="48.4248270" lon="7.4122040">
    <ele>819.7</ele>
    <time>2024-10-24T11:17:15Z</time>
   </trkpt>
   <trkpt lat="48.4248280" lon="7.4122040">
    <ele>819.7</ele>
    <time>2024-10-24T11:17:16Z</time>
   </trkpt>
   <trkpt lat="48.4248290" lon="7.4122040">
    <ele>819.7</ele>
    <time>2024-10-24T11:17:17Z</time>
   </trkpt>
   <trkpt lat="48.4248290" lon="7.4122040">
    <ele>819.7</ele>
    <time>2024-10-24T11:17:18Z</time>
   </trkpt>
   <trkpt lat="48.4248300" lon="7.4122050">
    <ele>819.7</ele>
    <time>2024-10-24T11:17:19Z</time>
   </trkpt>
   <trkpt lat="48.4248300" lon="7.4122040">
    <ele>819.7</ele>
    <time>2024-10-24T11:17:20Z</time>
   </trkpt>
   <trkpt lat="48.4248300" lon="7.4122040">
    <ele>819.7</ele>
    <time>2024-10-24T11:17:21Z</time>
   </trkpt>
   <trkpt lat="48.4248300" lon="7.4122030">
    <ele>819.7</ele>
    <time>2024-10-24T11:17:22Z</time>
   </trkpt>
   <trkpt lat="48.4248310" lon="7.4122040">
    <ele>819.7</ele>
    <time>2024-10-24T11:17:23Z</time>
   </trkpt>
   <trkpt lat="48.4248310" lon="7.4122040">
    <ele>819.7</ele>
    <time>2024-10-24T11:17:24Z</time>
   </trkpt>
   <trkpt lat="48.4248300" lon="7.4122040">
    <ele>819.7</ele>
    <time>2024-10-24T11:17:25Z</time>
   </trkpt>
   <trkpt lat="48.4248310" lon="7.4122040">
    <ele>819.7</ele>
    <time>2024-10-24T11:17:26Z</time>
   </trkpt>
   <trkpt lat="48.4248430" lon="7.4122030">
    <ele>819.7</ele>
    <time>2024-10-24T11:17:27Z</time>
   </trkpt>
   <trkpt lat="48.4248330" lon="7.4116420">
    <ele>819.7</ele>
    <time>2024-10-24T11:22:16Z</time>
   </trkpt>
   <trkpt lat="48.4248210" lon="7.4116370">
    <ele>819.7</ele>
    <time>2024-10-24T11:22:17Z</time>
   </trkpt>
   <trkpt lat="48.4248080" lon="7.4116340">
    <ele>819.6</ele>
    <time>2024-10-24T11:22:18Z</time>
   </trkpt>
   <trkpt lat="48.4247990" lon="7.4116380">
    <ele>819.6</ele>
    <time>2024-10-24T11:22:19Z</time>
   </trkpt>
   <trkpt lat="48.4247910" lon="7.4116460">
    <ele>819.5</ele>
    <time>2024-10-24T11:22:20Z</time>
   </trkpt>
   <trkpt lat="48.4247820" lon="7.4116560">
    <ele>819.4</ele>
    <time>2024-10-24T11:22:21Z</time>
   </trkpt>
   <trkpt lat="48.4247690" lon="7.4116630">
    <ele>819.4</ele>
    <time>2024-10-24T11:22:22Z</time>
   </trkpt>
   <trkpt lat="48.4247610" lon="7.4116640">
    <ele>819.3</ele>
    <time>2024-10-24T11:22:23Z</time>
   </trkpt>
   <trkpt lat="48.4247520" lon="7.4116650">
    <ele>819.3</ele>
    <time>2024-10-24T11:22:24Z</time>
   </trkpt>
   <trkpt lat="48.4247450" lon="7.4116600">
    <ele>819.2</ele>
    <time>2024-10-24T11:22:25Z</time>
   </trkpt>
   <trkpt lat="48.4247410" lon="7.4116510">
    <ele>819.2</ele>
    <time>2024-10-24T11:22:26Z</time>
   </trkpt>
   <trkpt lat="48.4247370" lon="7.4116360">
    <ele>819.1</ele>
    <time>2024-10-24T11:22:27Z</time>
   </trkpt>
   <trkpt lat="48.4247370" lon="7.4116290">
    <ele>819.1</ele>
    <time>2024-10-24T11:22:28Z</time>
   </trkpt>
   <trkpt lat="48.4247360" lon="7.4116160">
    <ele>819.0</ele>
    <time>2024-10-24T11:22:29Z</time>
   </trkpt>
   <trkpt lat="48.4247360" lon="7.4116020">
    <ele>819.0</ele>
    <time>2024-10-24T11:22:30Z</time>
   </trkpt>
   <trkpt lat="48.4247370" lon="7.4115900">
    <ele>818.9</ele>
    <time>2024-10-24T11:22:31Z</time>
   </trkpt>
   <trkpt lat="48.4247390" lon="7.4115680">
    <ele>818.8</ele>
    <time>2024-10-24T11:22:32Z</time>
   </trkpt>
   <trkpt lat="48.4247380" lon="7.4115580">
    <ele>818.8</ele>
    <time>2024-10-24T11:22:33Z</time>
   </trkpt>
   <trkpt lat="48.4247370" lon="7.4115470">
    <ele>818.8</ele>
    <time>2024-10-24T11:22:34Z</time>
   </trkpt>
   <trkpt lat="48.4247380" lon="7.4115360">
    <ele>818.7</ele>
    <time>2024-10-24T11:22:35Z</time>
   </trkpt>
   <trkpt lat="48.4247380" lon="7.4115240">
    <ele>818.7</ele>
    <time>2024-10-24T11:22:36Z</time>
   </trkpt>
   <trkpt lat="48.4247390" lon="7.4115120">
    <ele>818.6</ele>
    <time>2024-10-24T11:22:37Z</time>
   </trkpt>
   <trkpt lat="48.4247390" lon="7.4115000">
    <ele>818.6</ele>
    <time>2024-10-24T11:22:38Z</time>
   </trkpt>
   <trkpt lat="48.4247370" lon="7.4114890">
    <ele>818.5</ele>
    <time>2024-10-24T11:22:39Z</time>
   </trkpt>
   <trkpt lat="48.4247360" lon="7.4114770">
    <ele>818.5</ele>
    <time>2024-10-24T11:22:40Z</time>
   </trkpt>
   <trkpt lat="48.4247350" lon="7.4114660">
    <ele>818.5</ele>
    <time>2024-10-24T11:22:41Z</time>
   </trkpt>
   <trkpt lat="48.4247340" lon="7.4114550">
    <ele>818.4</ele>
    <time>2024-10-24T11:22:42Z</time>
   </trkpt>
   <trkpt lat="48.4247350" lon="7.4114440">
    <ele>818.4</ele>
    <time>2024-10-24T11:22:43Z</time>
   </trkpt>
   <trkpt lat="48.4247380" lon="7.4114340">
    <ele>818.4</ele>
    <time>2024-10-24T11:22:44Z</time>
   </trkpt>
   <trkpt lat="48.4247410" lon="7.4114240">
    <ele>818.3</ele>
    <time>2024-10-24T11:22:45Z</time>
   </trkpt>
   <trkpt lat="48.4247460" lon="7.4114150">
    <ele>818.3</ele>
    <time>2024-10-24T11:22:46Z</time>
   </trkpt>
   <trkpt lat="48.4247490" lon="7.4114020">
    <ele>818.2</ele>
    <time>2024-10-24T11:22:47Z</time>
   </trkpt>
   <trkpt lat="48.4247510" lon="7.4113890">
    <ele>818.2</ele>
    <time>2024-10-24T11:22:48Z</time>
   </trkpt>
   <trkpt lat="48.4247550" lon="7.4113780">
    <ele>818.2</ele>
    <time>2024-10-24T11:22:49Z</time>
   </trkpt>
   <trkpt lat="48.4247580" lon="7.4113660">
    <ele>818.1</ele>
    <time>2024-10-24T11:22:50Z</time>
   </trkpt>
   <trkpt lat="48.4247600" lon="7.4113540">
    <ele>818.1</ele>
    <time>2024-10-24T11:22:51Z</time>
   </trkpt>
   <trkpt lat="48.4247600" lon="7.4113410">
    <ele>818.1</ele>
    <time>2024-10-24T11:22:52Z</time>
   </trkpt>
   <trkpt lat="48.4247610" lon="7.4113270">
    <ele>818.1</ele>
    <time>2024-10-24T11:22:53Z</time>
   </trkpt>
   <trkpt lat="48.4247620" lon="7.4113120">
    <ele>818.0</ele>
    <time>2024-10-24T11:22:54Z</time>
   </trkpt>
   <trkpt lat="48.4247620" lon="7.4113000">
    <ele>818.0</ele>
    <time>2024-10-24T11:22:55Z</time>
   </trkpt>
   <trkpt lat="48.4247600" lon="7.4112880">
    <ele>818.0</ele>
    <time>2024-10-24T11:22:56Z</time>
   </trkpt>
   <trkpt lat="48.4247560" lon="7.4112760">
    <ele>817.9</ele>
    <time>2024-10-24T11:22:57Z</time>
   </trkpt>
   <trkpt lat="48.4247530" lon="7.4112630">
    <ele>817.9</ele>
    <time>2024-10-24T11:22:58Z</time>
   </trkpt>
   <trkpt lat="48.4247490" lon="7.4112500">
    <ele>817.9</ele>
    <time>2024-10-24T11:22:59Z</time>
   </trkpt>
   <trkpt lat="48.4247450" lon="7.4112380">
    <ele>817.9</ele>
    <time>2024-10-24T11:23:00Z</time>
   </trkpt>
   <trkpt lat="48.4247420" lon="7.4112260">
    <ele>817.9</ele>
    <time>2024-10-24T11:23:01Z</time>
   </trkpt>
   <trkpt lat="48.4247380" lon="7.4112160">
    <ele>817.8</ele>
    <time>2024-10-24T11:23:02Z</time>
   </trkpt>
   <trkpt lat="48.4247350" lon="7.4112010">
    <ele>817.8</ele>
    <time>2024-10-24T11:23:03Z</time>
   </trkpt>
   <trkpt lat="48.4247340" lon="7.4111900">
    <ele>817.8</ele>
    <time>2024-10-24T11:23:04Z</time>
   </trkpt>
   <trkpt lat="48.4247340" lon="7.4111790">
    <ele>817.8</ele>
    <time>2024-10-24T11:23:05Z</time>
   </trkpt>
   <trkpt lat="48.4247350" lon="7.4111670">
    <ele>817.8</ele>
    <time>2024-10-24T11:23:06Z</time>
   </trkpt>
   <trkpt lat="48.4247360" lon="7.4111550">
    <ele>817.8</ele>
    <time>2024-10-24T11:23:07Z</time>
   </trkpt>
   <trkpt lat="48.4247350" lon="7.4111430">
    <ele>817.8</ele>
    <time>2024-10-24T11:23:08Z</time>
   </trkpt>
   <trkpt lat="48.4247330" lon="7.4111330">
    <ele>817.7</ele>
    <time>2024-10-24T11:23:09Z</time>
   </trkpt>
   <trkpt lat="48.4247280" lon="7.4111240">
    <ele>817.7</ele>
    <time>2024-10-24T11:23:10Z</time>
   </trkpt>
   <trkpt lat="48.4247250" lon="7.4111120">
    <ele>817.7</ele>
    <time>2024-10-24T11:23:11Z</time>
   </trkpt>
   <trkpt lat="48.4247200" lon="7.4111040">
    <ele>817.7</ele>
    <time>2024-10-24T11:23:12Z</time>
   </trkpt>
   <trkpt lat="48.4247180" lon="7.4110910">
    <ele>817.7</ele>
    <time>2024-10-24T11:23:13Z</time>
   </trkpt>
   <trkpt lat="48.4247160" lon="7.4110800">
    <ele>817.7</ele>
    <time>2024-10-24T11:23:14Z</time>
   </trkpt>
   <trkpt lat="48.4247150" lon="7.4110670">
    <ele>817.7</ele>
    <time>2024-10-24T11:23:15Z</time>
   </trkpt>
   <trkpt lat="48.4247130" lon="7.4110530">
    <ele>817.7</ele>
    <time>2024-10-24T11:23:16Z</time>
   </trkpt>
   <trkpt lat="48.4247100" lon="7.4110380">
    <ele>817.6</ele>
    <time>2024-10-24T11:23:17Z</time>
   </trkpt>
   <trkpt lat="48.4247070" lon="7.4110210">
    <ele>817.6</ele>
    <time>2024-10-24T11:23:18Z</time>
   </trkpt>
   <trkpt lat="48.4247050" lon="7.4110070">
    <ele>817.6</ele>
    <time>2024-10-24T11:23:19Z</time>
   </trkpt>
   <trkpt lat="48.4247020" lon="7.4109880">
    <ele>817.6</ele>
    <time>2024-10-24T11:23:20Z</time>
   </trkpt>
   <trkpt lat="48.4247000" lon="7.4109730">
    <ele>817.6</ele>
    <time>2024-10-24T11:23:21Z</time>
   </trkpt>
   <trkpt lat="48.4246980" lon="7.4109560">
    <ele>817.6</ele>
    <time>2024-10-24T11:23:22Z</time>
   </trkpt>
   <trkpt lat="48.4246940" lon="7.4109390">
    <ele>817.6</ele>
    <time>2024-10-24T11:23:23Z</time>
   </trkpt>
   <trkpt lat="48.4246930" lon="7.4109250">
    <ele>817.5</ele>
    <time>2024-10-24T11:23:24Z</time>
   </trkpt>
   <trkpt lat="48.4246900" lon="7.4109110">
    <ele>817.5</ele>
    <time>2024-10-24T11:23:25Z</time>
   </trkpt>
   <trkpt lat="48.4246840" lon="7.4109010">
    <ele>817.5</ele>
    <time>2024-10-24T11:23:26Z</time>
   </trkpt>
   <trkpt lat="48.4246750" lon="7.4108940">
    <ele>817.5</ele>
    <time>2024-10-24T11:23:27Z</time>
   </trkpt>
   <trkpt lat="48.4246660" lon="7.4108870">
    <ele>817.5</ele>
    <time>2024-10-24T11:23:28Z</time>
   </trkpt>
   <trkpt lat="48.4246540" lon="7.4108730">
    <ele>817.5</ele>
    <time>2024-10-24T11:23:29Z</time>
   </trkpt>
   <trkpt lat="48.4246490" lon="7.4108650">
    <ele>817.5</ele>
    <time>2024-10-24T11:23:30Z</time>
   </trkpt>
   <trkpt lat="48.4246440" lon="7.4108580">
    <ele>817.5</ele>
    <time>2024-10-24T11:23:31Z</time>
   </trkpt>
   <trkpt lat="48.4246380" lon="7.4108510">
    <ele>817.5</ele>
    <time>2024-10-24T11:23:32Z</time>
   </trkpt>
   <trkpt lat="48.4246280" lon="7.4108390">
    <ele>817.4</ele>
    <time>2024-10-24T11:23:33Z</time>
   </trkpt>
   <trkpt lat="48.4246220" lon="7.4108250">
    <ele>817.4</ele>
    <time>2024-10-24T11:23:34Z</time>
   </trkpt>
   <trkpt lat="48.4246170" lon="7.4108100">
    <ele>817.4</ele>
    <time>2024-10-24T11:23:35Z</time>
   </trkpt>
   <trkpt lat="48.4246150" lon="7.4107950">
    <ele>817.4</ele>
    <time>2024-10-24T11:23:36Z</time>
   </trkpt>
   <trkpt lat="48.4246110" lon="7.4107810">
    <ele>817.4</ele>
    <time>2024-10-24T11:23:37Z</time>
   </trkpt>
   <trkpt lat="48.4246080" lon="7.4107680">
    <ele>817.4</ele>
    <time>2024-10-24T11:23:38Z</time>
   </trkpt>
   <trkpt lat="48.4246050" lon="7.4107540">
    <ele>817.4</ele>
    <time>2024-10-24T11:23:39Z</time>
   </trkpt>
   <trkpt lat="48.4246000" lon="7.4107410">
    <ele>817.4</ele>
    <time>2024-10-24T11:23:40Z</time>
   </trkpt>
   <trkpt lat="48.4245970" lon="7.4107290">
    <ele>817.4</ele>
    <time>2024-10-24T11:23:41Z</time>
   </trkpt>
   <trkpt lat="48.4245960" lon="7.4107170">
    <ele>817.4</ele>
    <time>2024-10-24T11:23:42Z</time>
   </trkpt>
   <trkpt lat="48.4245950" lon="7.4107020">
    <ele>817.4</ele>
    <time>2024-10-24T11:23:43Z</time>
   </trkpt>
   <trkpt lat="48.4245930" lon="7.4106920">
    <ele>817.4</ele>
    <time>2024-10-24T11:23:44Z</time>
   </trkpt>
   <trkpt lat="48.4245930" lon="7.4106880">
    <ele>817.4</ele>
    <time>2024-10-24T11:23:45Z</time>
   </trkpt>
   <trkpt lat="48.4245950" lon="7.4106920">
    <ele>817.4</ele>
    <time>2024-10-24T11:23:46Z</time>
   </trkpt>
   <trkpt lat="48.4245960" lon="7.4106940">
    <ele>817.4</ele>
    <time>2024-10-24T11:23:47Z</time>
   </trkpt>
   <trkpt lat="48.4245980" lon="7.4106950">
    <ele>817.4</ele>
    <time>2024-10-24T11:23:48Z</time>
   </trkpt>
   <trkpt lat="48.4245990" lon="7.4106960">
    <ele>817.4</ele>
    <time>2024-10-24T11:23:49Z</time>
   </trkpt>
   <trkpt lat="48.4246000" lon="7.4106960">
    <ele>817.4</ele>
    <time>2024-10-24T11:23:50Z</time>
   </trkpt>
   <trkpt lat="48.4246010" lon="7.4106940">
    <ele>817.4</ele>
    <time>2024-10-24T11:23:51Z</time>
   </trkpt>
   <trkpt lat="48.4246020" lon="7.4106900">
    <ele>817.4</ele>
    <time>2024-10-24T11:23:52Z</time>
   </trkpt>
   <trkpt lat="48.4246040" lon="7.4106810">
    <ele>817.4</ele>
    <time>2024-10-24T11:23:53Z</time>
   </trkpt>
   <trkpt lat="48.4246060" lon="7.4106700">
    <ele>817.4</ele>
    <time>2024-10-24T11:23:54Z</time>
   </trkpt>
   <trkpt lat="48.4246100" lon="7.4106540">
    <ele>817.4</ele>
    <time>2024-10-24T11:23:55Z</time>
   </trkpt>
   <trkpt lat="48.4246160" lon="7.4106390">
    <ele>817.4</ele>
    <time>2024-10-24T11:23:56Z</time>
   </trkpt>
   <trkpt lat="48.4246220" lon="7.4106270">
    <ele>817.4</ele>
    <time>2024-10-24T11:23:57Z</time>
   </trkpt>
   <trkpt lat="48.4246310" lon="7.4106120">
    <ele>817.4</ele>
    <time>2024-10-24T11:23:58Z</time>
   </trkpt>
   <trkpt lat="48.4246380" lon="7.4106020">
    <ele>817.4</ele>
    <time>2024-10-24T11:23:59Z</time>
   </trkpt>
   <trkpt lat="48.4246420" lon="7.4105860">
    <ele>817.5</ele>
    <time>2024-10-24T11:24:00Z</time>
   </trkpt>
   <trkpt lat="48.4246420" lon="7.4105700">
    <ele>817.5</ele>
    <time>2024-10-24T11:24:01Z</time>
   </trkpt>
   <trkpt lat="48.4246410" lon="7.4105540">
    <ele>817.5</ele>
    <time>2024-10-24T11:24:02Z</time>
   </trkpt>
   <trkpt lat="48.4246420" lon="7.4105380">
    <ele>817.5</ele>
    <time>2024-10-24T11:24:03Z</time>
   </trkpt>
   <trkpt lat="48.4246480" lon="7.4105290">
    <ele>817.5</ele>
    <time>2024-10-24T11:24:04Z</time>
   </trkpt>
   <trkpt lat="48.4246540" lon="7.4105210">
    <ele>817.5</ele>
    <time>2024-10-24T11:24:05Z</time>
   </trkpt>
   <trkpt lat="48.4246600" lon="7.4105130">
    <ele>817.5</ele>
    <time>2024-10-24T11:24:06Z</time>
   </trkpt>
   <trkpt lat="48.4246650" lon="7.4105050">
    <ele>817.5</ele>
    <time>2024-10-24T11:24:07Z</time>
   </trkpt>
   <trkpt lat="48.4246690" lon="7.4104920">
    <ele>817.6</ele>
    <time>2024-10-24T11:24:08Z</time>
   </trkpt>
   <trkpt lat="48.4246700" lon="7.4104800">
    <ele>817.6</ele>
    <time>2024-10-24T11:24:09Z</time>
   </trkpt>
   <trkpt lat="48.4246710" lon="7.4104690">
    <ele>817.7</ele>
    <time>2024-10-24T11:24:10Z</time>
   </trkpt>
   <trkpt lat="48.4246710" lon="7.4104580">
    <ele>817.7</ele>
    <time>2024-10-24T11:24:11Z</time>
   </trkpt>
   <trkpt lat="48.4246730" lon="7.4104480">
    <ele>817.8</ele>
    <time>2024-10-24T11:24:12Z</time>
   </trkpt>
   <trkpt lat="48.4246750" lon="7.4104380">
    <ele>817.9</ele>
    <time>2024-10-24T11:24:13Z</time>
   </trkpt>
   <trkpt lat="48.4246760" lon="7.4104310">
    <ele>817.9</ele>
    <time>2024-10-24T11:24:14Z</time>
   </trkpt>
   <trkpt lat="48.4246770" lon="7.4104250">
    <ele>817.9</ele>
    <time>2024-10-24T11:24:15Z</time>
   </trkpt>
   <trkpt lat="48.4246760" lon="7.4104190">
    <ele>818.0</ele>
    <time>2024-10-24T11:24:16Z</time>
   </trkpt>
   <trkpt lat="48.4246760" lon="7.4104080">
    <ele>818.0</ele>
    <time>2024-10-24T11:24:17Z</time>
   </trkpt>
   <trkpt lat="48.4246770" lon="7.4103950">
    <ele>818.1</ele>
    <time>2024-10-24T11:24:18Z</time>
   </trkpt>
   <trkpt lat="48.4246780" lon="7.4103830">
    <ele>818.1</ele>
    <time>2024-10-24T11:24:19Z</time>
   </trkpt>
   <trkpt lat="48.4246820" lon="7.4103730">
    <ele>818.2</ele>
    <time>2024-10-24T11:24:20Z</time>
   </trkpt>
   <trkpt lat="48.4246870" lon="7.4103650">
    <ele>818.3</ele>
    <time>2024-10-24T11:24:21Z</time>
   </trkpt>
   <trkpt lat="48.4246890" lon="7.4103580">
    <ele>818.3</ele>
    <time>2024-10-24T11:24:22Z</time>
   </trkpt>
   <trkpt lat="48.4246940" lon="7.4103460">
    <ele>818.4</ele>
    <time>2024-10-24T11:24:23Z</time>
   </trkpt>
   <trkpt lat="48.4246980" lon="7.4103380">
    <ele>818.5</ele>
    <time>2024-10-24T11:24:24Z</time>
   </trkpt>
   <trkpt lat="48.4247020" lon="7.4103290">
    <ele>818.5</ele>
    <time>2024-10-24T11:24:25Z</time>
   </trkpt>
   <trkpt lat="48.4247080" lon="7.4103220">
    <ele>818.6</ele>
    <time>2024-10-24T11:24:26Z</time>
   </trkpt>
   <trkpt lat="48.4247120" lon="7.4103130">
    <ele>818.7</ele>
    <time>2024-10-24T11:24:27Z</time>
   </trkpt>
   <trkpt lat="48.4247200" lon="7.4103050">
    <ele>818.8</ele>
    <time>2024-10-24T11:24:28Z</time>
   </trkpt>
   <trkpt lat="48.4247250" lon="7.4102980">
    <ele>818.8</ele>
    <time>2024-10-24T11:24:29Z</time>
   </trkpt>
   <trkpt lat="48.4247300" lon="7.4102900">
    <ele>818.9</ele>
    <time>2024-10-24T11:24:30Z</time>
   </trkpt>
   <trkpt lat="48.4247350" lon="7.4102820">
    <ele>819.0</ele>
    <time>2024-10-24T11:24:31Z</time>
   </trkpt>
   <trkpt lat="48.4247400" lon="7.4102700">
    <ele>819.1</ele>
    <time>2024-10-24T11:24:32Z</time>
   </trkpt>
   <trkpt lat="48.4247440" lon="7.4102580">
    <ele>819.1</ele>
    <time>2024-10-24T11:24:33Z</time>
   </trkpt>
   <trkpt lat="48.4247480" lon="7.4102470">
    <ele>819.2</ele>
    <time>2024-10-24T11:24:34Z</time>
   </trkpt>
   <trkpt lat="48.4247510" lon="7.4102350">
    <ele>819.3</ele>
    <time>2024-10-24T11:24:35Z</time>
   </trkpt>
   <trkpt lat="48.4247540" lon="7.4102220">
    <ele>819.4</ele>
    <time>2024-10-24T11:24:36Z</time>
   </trkpt>
   <trkpt lat="48.4247560" lon="7.4102120">
    <ele>819.5</ele>
    <time>2024-10-24T11:24:37Z</time>
   </trkpt>
   <trkpt lat="48.4247620" lon="7.4102010">
    <ele>819.6</ele>
    <time>2024-10-24T11:24:38Z</time>
   </trkpt>
   <trkpt lat="48.4247650" lon="7.4101940">
    <ele>819.6</ele>
    <time>2024-10-24T11:24:39Z</time>
   </trkpt>
   <trkpt lat="48.4247690" lon="7.4101850">
    <ele>819.7</ele>
    <time>2024-10-24T11:24:40Z</time>
   </trkpt>
   <trkpt lat="48.4247720" lon="7.4101760">
    <ele>819.8</ele>
    <time>2024-10-24T11:24:41Z</time>
   </trkpt>
   <trkpt lat="48.4247740" lon="7.4101670">
    <ele>819.8</ele>
    <time>2024-10-24T11:24:42Z</time>
   </trkpt>
   <trkpt lat="48.4247760" lon="7.4101560">
    <ele>819.9</ele>
    <time>2024-10-24T11:24:43Z</time>
   </trkpt>
   <trkpt lat="48.4247760" lon="7.4101470">
    <ele>820.0</ele>
    <time>2024-10-24T11:24:44Z</time>
   </trkpt>
   <trkpt lat="48.4247750" lon="7.4101330">
    <ele>820.0</ele>
    <time>2024-10-24T11:24:45Z</time>
   </trkpt>
   <trkpt lat="48.4247730" lon="7.4101190">
    <ele>820.1</ele>
    <time>2024-10-24T11:24:46Z</time>
   </trkpt>
   <trkpt lat="48.4247750" lon="7.4101070">
    <ele>820.2</ele>
    <time>2024-10-24T11:24:47Z</time>
   </trkpt>
   <trkpt lat="48.4247800" lon="7.4100970">
    <ele>820.3</ele>
    <time>2024-10-24T11:24:48Z</time>
   </trkpt>
   <trkpt lat="48.4247840" lon="7.4100910">
    <ele>820.3</ele>
    <time>2024-10-24T11:24:49Z</time>
   </trkpt>
   <trkpt lat="48.4247880" lon="7.4100840">
    <ele>820.4</ele>
    <time>2024-10-24T11:24:50Z</time>
   </trkpt>
   <trkpt lat="48.4247910" lon="7.4100780">
    <ele>820.4</ele>
    <time>2024-10-24T11:24:51Z</time>
   </trkpt>
   <trkpt lat="48.4247900" lon="7.4100750">
    <ele>820.4</ele>
    <time>2024-10-24T11:24:52Z</time>
   </trkpt>
   <trkpt lat="48.4247870" lon="7.4100750">
    <ele>820.4</ele>
    <time>2024-10-24T11:24:53Z</time>
   </trkpt>
   <trkpt lat="48.4247880" lon="7.4100750">
    <ele>820.5</ele>
    <time>2024-10-24T11:24:54Z</time>
   </trkpt>
   <trkpt lat="48.4247890" lon="7.4100740">
    <ele>820.5</ele>
    <time>2024-10-24T11:24:55Z</time>
   </trkpt>
   <trkpt lat="48.4247890" lon="7.4100740">
    <ele>820.5</ele>
    <time>2024-10-24T11:24:56Z</time>
   </trkpt>
   <trkpt lat="48.4247890" lon="7.4100730">
    <ele>820.5</ele>
    <time>2024-10-24T11:24:57Z</time>
   </trkpt>
   <trkpt lat="48.4247900" lon="7.4100720">
    <ele>820.5</ele>
    <time>2024-10-24T11:24:58Z</time>
   </trkpt>
   <trkpt lat="48.4247900" lon="7.4100710">
    <ele>820.5</ele>
    <time>2024-10-24T11:24:59Z</time>
   </trkpt>
   <trkpt lat="48.4247900" lon="7.4100710">
    <ele>820.5</ele>
    <time>2024-10-24T11:25:00Z</time>
   </trkpt>
   <trkpt lat="48.4247900" lon="7.4100710">
    <ele>820.5</ele>
    <time>2024-10-24T11:25:01Z</time>
   </trkpt>
   <trkpt lat="48.4247900" lon="7.4100690">
    <ele>820.5</ele>
    <time>2024-10-24T11:25:02Z</time>
   </trkpt>
   <trkpt lat="48.4247910" lon="7.4100660">
    <ele>820.5</ele>
    <time>2024-10-24T11:25:03Z</time>
   </trkpt>
   <trkpt lat="48.4247910" lon="7.4100650">
    <ele>820.5</ele>
    <time>2024-10-24T11:25:04Z</time>
   </trkpt>
   <trkpt lat="48.4247930" lon="7.4100600">
    <ele>820.5</ele>
    <time>2024-10-24T11:25:05Z</time>
   </trkpt>
   <trkpt lat="48.4247950" lon="7.4100540">
    <ele>820.6</ele>
    <time>2024-10-24T11:25:06Z</time>
   </trkpt>
   <trkpt lat="48.4247970" lon="7.4100460">
    <ele>820.6</ele>
    <time>2024-10-24T11:25:07Z</time>
   </trkpt>
   <trkpt lat="48.4248020" lon="7.4100300">
    <ele>820.7</ele>
    <time>2024-10-24T11:25:08Z</time>
   </trkpt>
   <trkpt lat="48.4248040" lon="7.4100180">
    <ele>820.7</ele>
    <time>2024-10-24T11:25:09Z</time>
   </trkpt>
   <trkpt lat="48.4248050" lon="7.4100050">
    <ele>820.7</ele>
    <time>2024-10-24T11:25:10Z</time>
   </trkpt>
   <trkpt lat="48.4248060" lon="7.4099890">
    <ele>820.8</ele>
    <time>2024-10-24T11:25:11Z</time>
   </trkpt>
   <trkpt lat="48.4248080" lon="7.4099570">
    <ele>820.8</ele>
    <time>2024-10-24T11:25:12Z</time>
   </trkpt>
   <trkpt lat="48.4248080" lon="7.4099450">
    <ele>820.9</ele>
    <time>2024-10-24T11:25:13Z</time>
   </trkpt>
   <trkpt lat="48.4248080" lon="7.4099330">
    <ele>820.9</ele>
    <time>2024-10-24T11:25:14Z</time>
   </trkpt>
   <trkpt lat="48.4248110" lon="7.4099150">
    <ele>820.9</ele>
    <time>2024-10-24T11:25:15Z</time>
   </trkpt>
   <trkpt lat="48.4248150" lon="7.4098990">
    <ele>820.8</ele>
    <time>2024-10-24T11:25:16Z</time>
   </trkpt>
   <trkpt lat="48.4248180" lon="7.4098840">
    <ele>820.8</ele>
    <time>2024-10-24T11:25:17Z</time>
   </trkpt>
   <trkpt lat="48.4248220" lon="7.4098680">
    <ele>820.8</ele>
    <time>2024-10-24T11:25:18Z</time>
   </trkpt>
   <trkpt lat="48.4248260" lon="7.4098560">
    <ele>820.8</ele>
    <time>2024-10-24T11:25:19Z</time>
   </trkpt>
   <trkpt lat="48.4248300" lon="7.4098430">
    <ele>820.8</ele>
    <time>2024-10-24T11:25:20Z</time>
   </trkpt>
   <trkpt lat="48.4248370" lon="7.4098310">
    <ele>820.7</ele>
    <time>2024-10-24T11:25:21Z</time>
   </trkpt>
   <trkpt lat="48.4248440" lon="7.4098160">
    <ele>820.7</ele>
    <time>2024-10-24T11:25:22Z</time>
   </trkpt>
   <trkpt lat="48.4248490" lon="7.4097980">
    <ele>820.6</ele>
    <time>2024-10-24T11:25:23Z</time>
   </trkpt>
   <trkpt lat="48.4248510" lon="7.4097870">
    <ele>820.6</ele>
    <time>2024-10-24T11:25:24Z</time>
   </trkpt>
   <trkpt lat="48.4248520" lon="7.4097750">
    <ele>820.5</ele>
    <time>2024-10-24T11:25:25Z</time>
   </trkpt>
   <trkpt lat="48.4248550" lon="7.4097650">
    <ele>820.5</ele>
    <time>2024-10-24T11:25:26Z</time>
   </trkpt>
   <trkpt lat="48.4248590" lon="7.4097550">
    <ele>820.4</ele>
    <time>2024-10-24T11:25:27Z</time>
   </trkpt>
   <trkpt lat="48.4248640" lon="7.4097460">
    <ele>820.4</ele>
    <time>2024-10-24T11:25:28Z</time>
   </trkpt>
   <trkpt lat="48.4248690" lon="7.4097370">
    <ele>820.3</ele>
    <time>2024-10-24T11:25:29Z</time>
   </trkpt>
   <trkpt lat="48.4248730" lon="7.4097280">
    <ele>820.3</ele>
    <time>2024-10-24T11:25:30Z</time>
   </trkpt>
   <trkpt lat="48.4248750" lon="7.4097160">
    <ele>820.2</ele>
    <time>2024-10-24T11:25:31Z</time>
   </trkpt>
   <trkpt lat="48.4248760" lon="7.4097050">
    <ele>820.2</ele>
    <time>2024-10-24T11:25:32Z</time>
   </trkpt>
   <trkpt lat="48.4248760" lon="7.4096870">
    <ele>820.1</ele>
    <time>2024-10-24T11:25:33Z</time>
   </trkpt>
   <trkpt lat="48.4248750" lon="7.4096780">
    <ele>820.0</ele>
    <time>2024-10-24T11:25:34Z</time>
   </trkpt>
   <trkpt lat="48.4248740" lon="7.4096640">
    <ele>820.0</ele>
    <time>2024-10-24T11:25:35Z</time>
   </trkpt>
   <trkpt lat="48.4248740" lon="7.4096510">
    <ele>819.9</ele>
    <time>2024-10-24T11:25:36Z</time>
   </trkpt>
   <trkpt lat="48.4248740" lon="7.4096380">
    <ele>819.9</ele>
    <time>2024-10-24T11:25:37Z</time>
   </trkpt>
   <trkpt lat="48.4248710" lon="7.4096190">
    <ele>819.8</ele>
    <time>2024-10-24T11:25:38Z</time>
   </trkpt>
   <trkpt lat="48.4248680" lon="7.4096100">
    <ele>819.7</ele>
    <time>2024-10-24T11:25:39Z</time>
   </trkpt>
   <trkpt lat="48.4248630" lon="7.4095930">
    <ele>819.6</ele>
    <time>2024-10-24T11:25:40Z</time>
   </trkpt>
   <trkpt lat="48.4248600" lon="7.4095730">
    <ele>819.5</ele>
    <time>2024-10-24T11:25:41Z</time>
   </trkpt>
   <trkpt lat="48.4248550" lon="7.4095590">
    <ele>819.4</ele>
    <time>2024-10-24T11:25:42Z</time>
   </trkpt>
   <trkpt lat="48.4248500" lon="7.4095400">
    <ele>819.4</ele>
    <time>2024-10-24T11:25:43Z</time>
   </trkpt>
   <trkpt lat="48.4248470" lon="7.4095270">
    <ele>819.3</ele>
    <time>2024-10-24T11:25:44Z</time>
   </trkpt>
   <trkpt lat="48.4248420" lon="7.4094980">
    <ele>819.2</ele>
    <time>2024-10-24T11:25:45Z</time>
   </trkpt>
   <trkpt lat="48.4248390" lon="7.4094860">
    <ele>819.1</ele>
    <time>2024-10-24T11:25:46Z</time>
   </trkpt>
   <trkpt lat="48.4248360" lon="7.4094750">
    <ele>819.1</ele>
    <time>2024-10-24T11:25:47Z</time>
   </trkpt>
   <trkpt lat="48.4248320" lon="7.4094590">
    <ele>819.0</ele>
    <time>2024-10-24T11:25:48Z</time>
   </trkpt>
   <trkpt lat="48.4248290" lon="7.4094430">
    <ele>819.0</ele>
    <time>2024-10-24T11:25:49Z</time>
   </trkpt>
   <trkpt lat="48.4248250" lon="7.4094280">
    <ele>818.9</ele>
    <time>2024-10-24T11:25:50Z</time>
   </trkpt>
   <trkpt lat="48.4248220" lon="7.4094140">
    <ele>818.9</ele>
    <time>2024-10-24T11:25:51Z</time>
   </trkpt>
   <trkpt lat="48.4248190" lon="7.4093990">
    <ele>818.9</ele>
    <time>2024-10-24T11:25:52Z</time>
   </trkpt>
   <trkpt lat="48.4248150" lon="7.4093810">
    <ele>818.8</ele>
    <time>2024-10-24T11:25:53Z</time>
   </trkpt>
   <trkpt lat="48.4248140" lon="7.4093670">
    <ele>818.8</ele>
    <time>2024-10-24T11:25:54Z</time>
   </trkpt>
   <trkpt lat="48.4248150" lon="7.4093530">
    <ele>818.8</ele>
    <time>2024-10-24T11:25:55Z</time>
   </trkpt>
   <trkpt lat="48.4248150" lon="7.4093400">
    <ele>818.8</ele>
    <time>2024-10-24T11:25:56Z</time>
   </trkpt>
   <trkpt lat="48.4248170" lon="7.4093250">
    <ele>818.8</ele>
    <time>2024-10-24T11:25:57Z</time>
   </trkpt>
   <trkpt lat="48.4248190" lon="7.4093090">
    <ele>818.7</ele>
    <time>2024-10-24T11:25:58Z</time>
   </trkpt>
   <trkpt lat="48.4248230" lon="7.4092930">
    <ele>818.7</ele>
    <time>2024-10-24T11:25:59Z</time>
   </trkpt>
   <trkpt lat="48.4248290" lon="7.4092770">
    <ele>818.7</ele>
    <time>2024-10-24T11:26:00Z</time>
   </trkpt>
   <trkpt lat="48.4248350" lon="7.4092620">
    <ele>818.7</ele>
    <time>2024-10-24T11:26:01Z</time>
   </trkpt>
   <trkpt lat="48.4248400" lon="7.4092480">
    <ele>818.7</ele>
    <time>2024-10-24T11:26:02Z</time>
   </trkpt>
   <trkpt lat="48.4248470" lon="7.4092290">
    <ele>818.7</ele>
    <time>2024-10-24T11:26:03Z</time>
   </trkpt>
   <trkpt lat="48.4248490" lon="7.4092190">
    <ele>818.7</ele>
    <time>2024-10-24T11:26:04Z</time>
   </trkpt>
   <trkpt lat="48.4248530" lon="7.4092060">
    <ele>818.7</ele>
    <time>2024-10-24T11:26:05Z</time>
   </trkpt>
   <trkpt lat="48.4248550" lon="7.4091920">
    <ele>818.7</ele>
    <time>2024-10-24T11:26:06Z</time>
   </trkpt>
   <trkpt lat="48.4248570" lon="7.4091790">
    <ele>818.7</ele>
    <time>2024-10-24T11:26:07Z</time>
   </trkpt>
   <trkpt lat="48.4248590" lon="7.4091640">
    <ele>818.7</ele>
    <time>2024-10-24T11:26:08Z</time>
   </trkpt>
   <trkpt lat="48.4248580" lon="7.4091460">
    <ele>818.7</ele>
    <time>2024-10-24T11:26:09Z</time>
   </trkpt>
   <trkpt lat="48.4248540" lon="7.4091290">
    <ele>818.7</ele>
    <time>2024-10-24T11:26:10Z</time>
   </trkpt>
   <trkpt lat="48.4248510" lon="7.4091120">
    <ele>818.7</ele>
    <time>2024-10-24T11:26:11Z</time>
   </trkpt>
   <trkpt lat="48.4248470" lon="7.4090980">
    <ele>818.7</ele>
    <time>2024-10-24T11:26:12Z</time>
   </trkpt>
   <trkpt lat="48.4248440" lon="7.4090830">
    <ele>818.6</ele>
    <time>2024-10-24T11:26:13Z</time>
   </trkpt>
   <trkpt lat="48.4248400" lon="7.4090690">
    <ele>818.6</ele>
    <time>2024-10-24T11:26:14Z</time>
   </trkpt>
   <trkpt lat="48.4248360" lon="7.4090470">
    <ele>818.6</ele>
    <time>2024-10-24T11:26:15Z</time>
   </trkpt>
   <trkpt lat="48.4248360" lon="7.4090390">
    <ele>818.6</ele>
    <time>2024-10-24T11:26:16Z</time>
   </trkpt>
   <trkpt lat="48.4248330" lon="7.4090280">
    <ele>818.6</ele>
    <time>2024-10-24T11:26:17Z</time>
   </trkpt>
   <trkpt lat="48.4248310" lon="7.4090140">
    <ele>818.6</ele>
    <time>2024-10-24T11:26:18Z</time>
   </trkpt>
   <trkpt lat="48.4248290" lon="7.4090000">
    <ele>818.6</ele>
    <time>2024-10-24T11:26:19Z</time>
   </trkpt>
   <trkpt lat="48.4248260" lon="7.4089800">
    <ele>818.6</ele>
    <time>2024-10-24T11:26:20Z</time>
   </trkpt>
   <trkpt lat="48.4248240" lon="7.4089590">
    <ele>818.6</ele>
    <time>2024-10-24T11:26:21Z</time>
   </trkpt>
   <trkpt lat="48.4248220" lon="7.4089480">
    <ele>818.6</ele>
    <time>2024-10-24T11:26:22Z</time>
   </trkpt>
   <trkpt lat="48.4248200" lon="7.4089370">
    <ele>818.5</ele>
    <time>2024-10-24T11:26:23Z</time>
   </trkpt>
   <trkpt lat="48.4248190" lon="7.4089260">
    <ele>818.5</ele>
    <time>2024-10-24T11:26:24Z</time>
   </trkpt>
   <trkpt lat="48.4248180" lon="7.4089040">
    <ele>818.5</ele>
    <time>2024-10-24T11:26:25Z</time>
   </trkpt>
   <trkpt lat="48.4248180" lon="7.4088940">
    <ele>818.5</ele>
    <time>2024-10-24T11:26:26Z</time>
   </trkpt>
   <trkpt lat="48.4248180" lon="7.4088810">
    <ele>818.5</ele>
    <time>2024-10-24T11:26:27Z</time>
   </trkpt>
   <trkpt lat="48.4248170" lon="7.4088560">
    <ele>818.4</ele>
    <time>2024-10-24T11:26:28Z</time>
   </trkpt>
   <trkpt lat="48.4248160" lon="7.4088450">
    <ele>818.4</ele>
    <time>2024-10-24T11:26:29Z</time>
   </trkpt>
   <trkpt lat="48.4248150" lon="7.4088330">
    <ele>818.4</ele>
    <time>2024-10-24T11:26:30Z</time>
   </trkpt>
   <trkpt lat="48.4248140" lon="7.4088220">
    <ele>818.4</ele>
    <time>2024-10-24T11:26:31Z</time>
   </trkpt>
   <trkpt lat="48.4248120" lon="7.4088090">
    <ele>818.4</ele>
    <time>2024-10-24T11:26:32Z</time>
   </trkpt>
   <trkpt lat="48.4248130" lon="7.4087930">
    <ele>818.3</ele>
    <time>2024-10-24T11:26:33Z</time>
   </trkpt>
   <trkpt lat="48.4248130" lon="7.4087780">
    <ele>818.3</ele>
    <time>2024-10-24T11:26:34Z</time>
   </trkpt>
   <trkpt lat="48.4248130" lon="7.4087560">
    <ele>818.3</ele>
    <time>2024-10-24T11:26:35Z</time>
   </trkpt>
   <trkpt lat="48.4248130" lon="7.4087460">
    <ele>818.2</ele>
    <time>2024-10-24T11:26:36Z</time>
   </trkpt>
   <trkpt lat="48.4248130" lon="7.4087290">
    <ele>818.2</ele>
    <time>2024-10-24T11:26:37Z</time>
   </trkpt>
   <trkpt lat="48.4248120" lon="7.4087100">
    <ele>818.2</ele>
    <time>2024-10-24T11:26:38Z</time>
   </trkpt>
   <trkpt lat="48.4248100" lon="7.4086940">
    <ele>818.1</ele>
    <time>2024-10-24T11:26:39Z</time>
   </trkpt>
   <trkpt lat="48.4248090" lon="7.4086790">
    <ele>818.1</ele>
    <time>2024-10-24T11:26:40Z</time>
   </trkpt>
   <trkpt lat="48.4248090" lon="7.4086640">
    <ele>818.1</ele>
    <time>2024-10-24T11:26:41Z</time>
   </trkpt>
   <trkpt lat="48.4248080" lon="7.4086500">
    <ele>818.0</ele>
    <time>2024-10-24T11:26:42Z</time>
   </trkpt>
   <trkpt lat="48.4248070" lon="7.4086340">
    <ele>818.0</ele>
    <time>2024-10-24T11:26:43Z</time>
   </trkpt>
   <trkpt lat="48.4248050" lon="7.4086190">
    <ele>818.0</ele>
    <time>2024-10-24T11:26:44Z</time>
   </trkpt>
   <trkpt lat="48.4247980" lon="7.4086030">
    <ele>817.9</ele>
    <time>2024-10-24T11:26:45Z</time>
   </trkpt>
   <trkpt lat="48.4247900" lon="7.4085850">
    <ele>817.9</ele>
    <time>2024-10-24T11:26:47Z</time>
   </trkpt>
   <trkpt lat="48.4247850" lon="7.4085730">
    <ele>817.8</ele>
    <time>2024-10-24T11:26:48Z</time>
   </trkpt>
   <trkpt lat="48.4247810" lon="7.4085630">
    <ele>817.8</ele>
    <time>2024-10-24T11:26:49Z</time>
   </trkpt>
   <trkpt lat="48.4247760" lon="7.4085530">
    <ele>817.8</ele>
    <time>2024-10-24T11:26:50Z</time>
   </trkpt>
   <trkpt lat="48.4247700" lon="7.4085430">
    <ele>817.7</ele>
    <time>2024-10-24T11:26:51Z</time>
   </trkpt>
   <trkpt lat="48.4247640" lon="7.4085320">
    <ele>817.7</ele>
    <time>2024-10-24T11:26:52Z</time>
   </trkpt>
   <trkpt lat="48.4247570" lon="7.4085200">
    <ele>817.6</ele>
    <time>2024-10-24T11:26:53Z</time>
   </trkpt>
   <trkpt lat="48.4247490" lon="7.4085100">
    <ele>817.6</ele>
    <time>2024-10-24T11:26:54Z</time>
   </trkpt>
   <trkpt lat="48.4247400" lon="7.4084930">
    <ele>817.5</ele>
    <time>2024-10-24T11:26:55Z</time>
   </trkpt>
   <trkpt lat="48.4247370" lon="7.4084850">
    <ele>817.5</ele>
    <time>2024-10-24T11:26:56Z</time>
   </trkpt>
   <trkpt lat="48.4247300" lon="7.4084720">
    <ele>817.5</ele>
    <time>2024-10-24T11:26:57Z</time>
   </trkpt>
   <trkpt lat="48.4247250" lon="7.4084600">
    <ele>817.4</ele>
    <time>2024-10-24T11:26:58Z</time>
   </trkpt>
   <trkpt lat="48.4247160" lon="7.4084460">
    <ele>817.4</ele>
    <time>2024-10-24T11:26:59Z</time>
   </trkpt>
   <trkpt lat="48.4247040" lon="7.4084280">
    <ele>817.3</ele>
    <time>2024-10-24T11:27:00Z</time>
   </trkpt>
   <trkpt lat="48.4246970" lon="7.4084170">
    <ele>817.2</ele>
    <time>2024-10-24T11:27:01Z</time>
   </trkpt>
   <trkpt lat="48.4246900" lon="7.4084060">
    <ele>817.2</ele>
    <time>2024-10-24T11:27:02Z</time>
   </trkpt>
   <trkpt lat="48.4246860" lon="7.4083750">
    <ele>817.0</ele>
    <time>2024-10-24T11:27:03Z</time>
   </trkpt>
   <trkpt lat="48.4246870" lon="7.4083620">
    <ele>817.0</ele>
    <time>2024-10-24T11:27:04Z</time>
   </trkpt>
   <trkpt lat="48.4246870" lon="7.4083500">
    <ele>816.9</ele>
    <time>2024-10-24T11:27:05Z</time>
   </trkpt>
   <trkpt lat="48.4246890" lon="7.4083320">
    <ele>816.9</ele>
    <time>2024-10-24T11:27:06Z</time>
   </trkpt>
   <trkpt lat="48.4246880" lon="7.4083160">
    <ele>816.8</ele>
    <time>2024-10-24T11:27:07Z</time>
   </trkpt>
   <trkpt lat="48.4246870" lon="7.4082990">
    <ele>816.7</ele>
    <time>2024-10-24T11:27:08Z</time>
   </trkpt>
   <trkpt lat="48.4246850" lon="7.4082660">
    <ele>816.6</ele>
    <time>2024-10-24T11:27:09Z</time>
   </trkpt>
   <trkpt lat="48.4246840" lon="7.4082540">
    <ele>816.5</ele>
    <time>2024-10-24T11:27:10Z</time>
   </trkpt>
   <trkpt lat="48.4246830" lon="7.4082420">
    <ele>816.5</ele>
    <time>2024-10-24T11:27:11Z</time>
   </trkpt>
   <trkpt lat="48.4246800" lon="7.4082250">
    <ele>816.4</ele>
    <time>2024-10-24T11:27:12Z</time>
   </trkpt>
   <trkpt lat="48.4246780" lon="7.4082090">
    <ele>816.3</ele>
    <time>2024-10-24T11:27:13Z</time>
   </trkpt>
   <trkpt lat="48.4246740" lon="7.4081960">
    <ele>816.3</ele>
    <time>2024-10-24T11:27:14Z</time>
   </trkpt>
   <trkpt lat="48.4246700" lon="7.4081840">
    <ele>816.2</ele>
    <time>2024-10-24T11:27:15Z</time>
   </trkpt>
   <trkpt lat="48.4246670" lon="7.4081700">
    <ele>816.1</ele>
    <time>2024-10-24T11:27:16Z</time>
   </trkpt>
   <trkpt lat="48.4246650" lon="7.4081560">
    <ele>816.1</ele>
    <time>2024-10-24T11:27:17Z</time>
   </trkpt>
   <trkpt lat="48.4246640" lon="7.4081380">
    <ele>816.0</ele>
    <time>2024-10-24T11:27:18Z</time>
   </trkpt>
   <trkpt lat="48.4246620" lon="7.4081210">
    <ele>815.9</ele>
    <time>2024-10-24T11:27:19Z</time>
   </trkpt>
   <trkpt lat="48.4246620" lon="7.4081060">
    <ele>815.9</ele>
    <time>2024-10-24T11:27:20Z</time>
   </trkpt>
   <trkpt lat="48.4246640" lon="7.4080920">
    <ele>815.8</ele>
    <time>2024-10-24T11:27:21Z</time>
   </trkpt>
   <trkpt lat="48.4246640" lon="7.4080790">
    <ele>815.7</ele>
    <time>2024-10-24T11:27:22Z</time>
   </trkpt>
   <trkpt lat="48.4246640" lon="7.4080640">
    <ele>815.7</ele>
    <time>2024-10-24T11:27:23Z</time>
   </trkpt>
   <trkpt lat="48.4246640" lon="7.4080490">
    <ele>815.6</ele>
    <time>2024-10-24T11:27:24Z</time>
   </trkpt>
   <trkpt lat="48.4246660" lon="7.4080380">
    <ele>815.6</ele>
    <time>2024-10-24T11:27:25Z</time>
   </trkpt>
   <trkpt lat="48.4246680" lon="7.4080280">
    <ele>815.5</ele>
    <time>2024-10-24T11:27:26Z</time>
   </trkpt>
   <trkpt lat="48.4246670" lon="7.4080200">
    <ele>815.5</ele>
    <time>2024-10-24T11:27:27Z</time>
   </trkpt>
   <trkpt lat="48.4246630" lon="7.4079990">
    <ele>815.4</ele>
    <time>2024-10-24T11:27:28Z</time>
   </trkpt>
   <trkpt lat="48.4246600" lon="7.4079890">
    <ele>815.3</ele>
    <time>2024-10-24T11:27:29Z</time>
   </trkpt>
   <trkpt lat="48.4246570" lon="7.4079780">
    <ele>815.3</ele>
    <time>2024-10-24T11:27:30Z</time>
   </trkpt>
   <trkpt lat="48.4246540" lon="7.4079680">
    <ele>815.2</ele>
    <time>2024-10-24T11:27:31Z</time>
   </trkpt>
   <trkpt lat="48.4246520" lon="7.4079560">
    <ele>815.2</ele>
    <time>2024-10-24T11:27:32Z</time>
   </trkpt>
   <trkpt lat="48.4246490" lon="7.4079430">
    <ele>815.1</ele>
    <time>2024-10-24T11:27:33Z</time>
   </trkpt>
   <trkpt lat="48.4246480" lon="7.4079310">
    <ele>815.1</ele>
    <time>2024-10-24T11:27:34Z</time>
   </trkpt>
   <trkpt lat="48.4246490" lon="7.4079180">
    <ele>815.0</ele>
    <time>2024-10-24T11:27:35Z</time>
   </trkpt>
   <trkpt lat="48.4246510" lon="7.4079080">
    <ele>815.0</ele>
    <time>2024-10-24T11:27:36Z</time>
   </trkpt>
   <trkpt lat="48.4246530" lon="7.4079000">
    <ele>814.9</ele>
    <time>2024-10-24T11:27:37Z</time>
   </trkpt>
   <trkpt lat="48.4246540" lon="7.4078880">
    <ele>814.9</ele>
    <time>2024-10-24T11:27:38Z</time>
   </trkpt>
   <trkpt lat="48.4246540" lon="7.4078800">
    <ele>814.9</ele>
    <time>2024-10-24T11:27:39Z</time>
   </trkpt>
   <trkpt lat="48.4246530" lon="7.4078710">
    <ele>814.8</ele>
    <time>2024-10-24T11:27:40Z</time>
   </trkpt>
   <trkpt lat="48.4246500" lon="7.4078620">
    <ele>814.8</ele>
    <time>2024-10-24T11:27:41Z</time>
   </trkpt>
   <trkpt lat="48.4246470" lon="7.4078490">
    <ele>814.7</ele>
    <time>2024-10-24T11:27:42Z</time>
   </trkpt>
   <trkpt lat="48.4246450" lon="7.4078350">
    <ele>814.6</ele>
    <time>2024-10-24T11:27:43Z</time>
   </trkpt>
   <trkpt lat="48.4246450" lon="7.4078250">
    <ele>814.6</ele>
    <time>2024-10-24T11:27:44Z</time>
   </trkpt>
   <trkpt lat="48.4246460" lon="7.4078150">
    <ele>814.6</ele>
    <time>2024-10-24T11:27:45Z</time>
   </trkpt>
   <trkpt lat="48.4246460" lon="7.4078010">
    <ele>814.5</ele>
    <time>2024-10-24T11:27:46Z</time>
   </trkpt>
   <trkpt lat="48.4246420" lon="7.4077900">
    <ele>814.4</ele>
    <time>2024-10-24T11:27:47Z</time>
   </trkpt>
   <trkpt lat="48.4246390" lon="7.4077770">
    <ele>814.4</ele>
    <time>2024-10-24T11:27:48Z</time>
   </trkpt>
   <trkpt lat="48.4246390" lon="7.4077620">
    <ele>814.3</ele>
    <time>2024-10-24T11:27:49Z</time>
   </trkpt>
   <trkpt lat="48.4246380" lon="7.4077460">
    <ele>814.2</ele>
    <time>2024-10-24T11:27:50Z</time>
   </trkpt>
   <trkpt lat="48.4246360" lon="7.4077320">
    <ele>814.1</ele>
    <time>2024-10-24T11:27:51Z</time>
   </trkpt>
   <trkpt lat="48.4246320" lon="7.4077220">
    <ele>814.1</ele>
    <time>2024-10-24T11:27:52Z</time>
   </trkpt>
   <trkpt lat="48.4246270" lon="7.4077190">
    <ele>814.0</ele>
    <time>2024-10-24T11:27:53Z</time>
   </trkpt>
   <trkpt lat="48.4246230" lon="7.4077200">
    <ele>814.0</ele>
    <time>2024-10-24T11:27:54Z</time>
   </trkpt>
   <trkpt lat="48.4246220" lon="7.4077130">
    <ele>814.0</ele>
    <time>2024-10-24T11:27:55Z</time>
   </trkpt>
   <trkpt lat="48.4246180" lon="7.4076950">
    <ele>813.9</ele>
    <time>2024-10-24T11:27:56Z</time>
   </trkpt>
   <trkpt lat="48.4246130" lon="7.4076750">
    <ele>813.7</ele>
    <time>2024-10-24T11:27:57Z</time>
   </trkpt>
   <trkpt lat="48.4246080" lon="7.4076550">
    <ele>813.6</ele>
    <time>2024-10-24T11:27:58Z</time>
   </trkpt>
   <trkpt lat="48.4246000" lon="7.4076390">
    <ele>813.5</ele>
    <time>2024-10-24T11:27:59Z</time>
   </trkpt>
   <trkpt lat="48.4245950" lon="7.4076260">
    <ele>813.5</ele>
    <time>2024-10-24T11:28:00Z</time>
   </trkpt>
   <trkpt lat="48.4245920" lon="7.4076130">
    <ele>813.4</ele>
    <time>2024-10-24T11:28:01Z</time>
   </trkpt>
   <trkpt lat="48.4245890" lon="7.4076000">
    <ele>813.3</ele>
    <time>2024-10-24T11:28:02Z</time>
   </trkpt>
   <trkpt lat="48.4245860" lon="7.4075860">
    <ele>813.2</ele>
    <time>2024-10-24T11:28:03Z</time>
   </trkpt>
   <trkpt lat="48.4245850" lon="7.4075740">
    <ele>813.2</ele>
    <time>2024-10-24T11:28:04Z</time>
   </trkpt>
   <trkpt lat="48.4245830" lon="7.4075610">
    <ele>813.1</ele>
    <time>2024-10-24T11:28:05Z</time>
   </trkpt>
   <trkpt lat="48.4245810" lon="7.4075480">
    <ele>813.0</ele>
    <time>2024-10-24T11:28:06Z</time>
   </trkpt>
   <trkpt lat="48.4245800" lon="7.4075320">
    <ele>813.0</ele>
    <time>2024-10-24T11:28:07Z</time>
   </trkpt>
   <trkpt lat="48.4245790" lon="7.4075160">
    <ele>812.9</ele>
    <time>2024-10-24T11:28:08Z</time>
   </trkpt>
   <trkpt lat="48.4245780" lon="7.4075020">
    <ele>812.8</ele>
    <time>2024-10-24T11:28:09Z</time>
   </trkpt>
   <trkpt lat="48.4245750" lon="7.4074880">
    <ele>812.7</ele>
    <time>2024-10-24T11:28:10Z</time>
   </trkpt>
   <trkpt lat="48.4245700" lon="7.4074730">
    <ele>812.7</ele>
    <time>2024-10-24T11:28:11Z</time>
   </trkpt>
   <trkpt lat="48.4245650" lon="7.4074600">
    <ele>812.6</ele>
    <time>2024-10-24T11:28:12Z</time>
   </trkpt>
   <trkpt lat="48.4245590" lon="7.4074450">
    <ele>812.5</ele>
    <time>2024-10-24T11:28:13Z</time>
   </trkpt>
   <trkpt lat="48.4245540" lon="7.4074310">
    <ele>812.4</ele>
    <time>2024-10-24T11:28:14Z</time>
   </trkpt>
   <trkpt lat="48.4245470" lon="7.4074160">
    <ele>812.4</ele>
    <time>2024-10-24T11:28:15Z</time>
   </trkpt>
   <trkpt lat="48.4245420" lon="7.4073970">
    <ele>812.3</ele>
    <time>2024-10-24T11:28:16Z</time>
   </trkpt>
   <trkpt lat="48.4245390" lon="7.4073840">
    <ele>812.2</ele>
    <time>2024-10-24T11:28:17Z</time>
   </trkpt>
   <trkpt lat="48.4245350" lon="7.4073700">
    <ele>812.1</ele>
    <time>2024-10-24T11:28:18Z</time>
   </trkpt>
   <trkpt lat="48.4245310" lon="7.4073570">
    <ele>812.1</ele>
    <time>2024-10-24T11:28:19Z</time>
   </trkpt>
   <trkpt lat="48.4245230" lon="7.4073440">
    <ele>812.0</ele>
    <time>2024-10-24T11:28:20Z</time>
   </trkpt>
   <trkpt lat="48.4245150" lon="7.4073270">
    <ele>811.9</ele>
    <time>2024-10-24T11:28:21Z</time>
   </trkpt>
   <trkpt lat="48.4245100" lon="7.4073160">
    <ele>811.8</ele>
    <time>2024-10-24T11:28:22Z</time>
   </trkpt>
   <trkpt lat="48.4245050" lon="7.4073010">
    <ele>811.8</ele>
    <time>2024-10-24T11:28:23Z</time>
   </trkpt>
   <trkpt lat="48.4244990" lon="7.4072860">
    <ele>811.7</ele>
    <time>2024-10-24T11:28:24Z</time>
   </trkpt>
   <trkpt lat="48.4244940" lon="7.4072740">
    <ele>811.6</ele>
    <time>2024-10-24T11:28:25Z</time>
   </trkpt>
   <trkpt lat="48.4244870" lon="7.4072590">
    <ele>811.5</ele>
    <time>2024-10-24T11:28:26Z</time>
   </trkpt>
   <trkpt lat="48.4244810" lon="7.4072490">
    <ele>811.5</ele>
    <time>2024-10-24T11:28:27Z</time>
   </trkpt>
   <trkpt lat="48.4244730" lon="7.4072370">
    <ele>811.4</ele>
    <time>2024-10-24T11:28:28Z</time>
   </trkpt>
   <trkpt lat="48.4244650" lon="7.4072250">
    <ele>811.3</ele>
    <time>2024-10-24T11:28:29Z</time>
   </trkpt>
   <trkpt lat="48.4244580" lon="7.4072150">
    <ele>811.2</ele>
    <time>2024-10-24T11:28:30Z</time>
   </trkpt>
   <trkpt lat="48.4244480" lon="7.4072030">
    <ele>811.2</ele>
    <time>2024-10-24T11:28:31Z</time>
   </trkpt>
   <trkpt lat="48.4244460" lon="7.4071980">
    <ele>811.1</ele>
    <time>2024-10-24T11:28:32Z</time>
   </trkpt>
   <trkpt lat="48.4244410" lon="7.4071890">
    <ele>811.1</ele>
    <time>2024-10-24T11:28:33Z</time>
   </trkpt>
   <trkpt lat="48.4244370" lon="7.4071830">
    <ele>811.0</ele>
    <time>2024-10-24T11:28:34Z</time>
   </trkpt>
   <trkpt lat="48.4244310" lon="7.4071720">
    <ele>811.0</ele>
    <time>2024-10-24T11:28:35Z</time>
   </trkpt>
   <trkpt lat="48.4244240" lon="7.4071570">
    <ele>810.9</ele>
    <time>2024-10-24T11:28:36Z</time>
   </trkpt>
   <trkpt lat="48.4244180" lon="7.4071490">
    <ele>810.8</ele>
    <time>2024-10-24T11:28:37Z</time>
   </trkpt>
   <trkpt lat="48.4244110" lon="7.4071360">
    <ele>810.7</ele>
    <time>2024-10-24T11:28:38Z</time>
   </trkpt>
   <trkpt lat="48.4244060" lon="7.4071280">
    <ele>810.7</ele>
    <time>2024-10-24T11:28:39Z</time>
   </trkpt>
   <trkpt lat="48.4244010" lon="7.4071160">
    <ele>810.6</ele>
    <time>2024-10-24T11:28:40Z</time>
   </trkpt>
   <trkpt lat="48.4243940" lon="7.4071010">
    <ele>810.5</ele>
    <time>2024-10-24T11:28:41Z</time>
   </trkpt>
   <trkpt lat="48.4243890" lon="7.4070910">
    <ele>810.5</ele>
    <time>2024-10-24T11:28:42Z</time>
   </trkpt>
   <trkpt lat="48.4243840" lon="7.4070800">
    <ele>810.4</ele>
    <time>2024-10-24T11:28:43Z</time>
   </trkpt>
   <trkpt lat="48.4243780" lon="7.4070690">
    <ele>810.3</ele>
    <time>2024-10-24T11:28:44Z</time>
   </trkpt>
   <trkpt lat="48.4243720" lon="7.4070570">
    <ele>810.3</ele>
    <time>2024-10-24T11:28:45Z</time>
   </trkpt>
   <trkpt lat="48.4243660" lon="7.4070460">
    <ele>810.2</ele>
    <time>2024-10-24T11:28:46Z</time>
   </trkpt>
   <trkpt lat="48.4243610" lon="7.4070370">
    <ele>810.1</ele>
    <time>2024-10-24T11:28:47Z</time>
   </trkpt>
   <trkpt lat="48.4243570" lon="7.4070220">
    <ele>810.1</ele>
    <time>2024-10-24T11:28:48Z</time>
   </trkpt>
   <trkpt lat="48.4243540" lon="7.4070070">
    <ele>810.0</ele>
    <time>2024-10-24T11:28:49Z</time>
   </trkpt>
   <trkpt lat="48.4243510" lon="7.4069970">
    <ele>809.9</ele>
    <time>2024-10-24T11:28:50Z</time>
   </trkpt>
   <trkpt lat="48.4243430" lon="7.4069840">
    <ele>809.9</ele>
    <time>2024-10-24T11:28:51Z</time>
   </trkpt>
   <trkpt lat="48.4243390" lon="7.4069720">
    <ele>809.8</ele>
    <time>2024-10-24T11:28:52Z</time>
   </trkpt>
   <trkpt lat="48.4243370" lon="7.4069600">
    <ele>809.7</ele>
    <time>2024-10-24T11:28:53Z</time>
   </trkpt>
   <trkpt lat="48.4243340" lon="7.4069450">
    <ele>809.7</ele>
    <time>2024-10-24T11:28:54Z</time>
   </trkpt>
   <trkpt lat="48.4243300" lon="7.4069310">
    <ele>809.6</ele>
    <time>2024-10-24T11:28:55Z</time>
   </trkpt>
   <trkpt lat="48.4243290" lon="7.4069150">
    <ele>809.5</ele>
    <time>2024-10-24T11:28:56Z</time>
   </trkpt>
   <trkpt lat="48.4243270" lon="7.4069010">
    <ele>809.4</ele>
    <time>2024-10-24T11:28:57Z</time>
   </trkpt>
   <trkpt lat="48.4243260" lon="7.4068930">
    <ele>809.4</ele>
    <time>2024-10-24T11:28:58Z</time>
   </trkpt>
   <trkpt lat="48.4243240" lon="7.4068840">
    <ele>809.3</ele>
    <time>2024-10-24T11:28:59Z</time>
   </trkpt>
   <trkpt lat="48.4243240" lon="7.4068740">
    <ele>809.3</ele>
    <time>2024-10-24T11:29:00Z</time>
   </trkpt>
   <trkpt lat="48.4243230" lon="7.4068620">
    <ele>809.2</ele>
    <time>2024-10-24T11:29:01Z</time>
   </trkpt>
   <trkpt lat="48.4243210" lon="7.4068490">
    <ele>809.2</ele>
    <time>2024-10-24T11:29:02Z</time>
   </trkpt>
   <trkpt lat="48.4243170" lon="7.4068360">
    <ele>809.1</ele>
    <time>2024-10-24T11:29:03Z</time>
   </trkpt>
   <trkpt lat="48.4243060" lon="7.4068110">
    <ele>809.0</ele>
    <time>2024-10-24T11:29:04Z</time>
   </trkpt>
   <trkpt lat="48.4243020" lon="7.4067990">
    <ele>808.9</ele>
    <time>2024-10-24T11:29:05Z</time>
   </trkpt>
   <trkpt lat="48.4242970" lon="7.4067880">
    <ele>808.9</ele>
    <time>2024-10-24T11:29:06Z</time>
   </trkpt>
   <trkpt lat="48.4242920" lon="7.4067730">
    <ele>808.8</ele>
    <time>2024-10-24T11:29:07Z</time>
   </trkpt>
   <trkpt lat="48.4242870" lon="7.4067570">
    <ele>808.7</ele>
    <time>2024-10-24T11:29:08Z</time>
   </trkpt>
   <trkpt lat="48.4242700" lon="7.4067550">
    <ele>808.6</ele>
    <time>2024-10-24T11:29:09Z</time>
   </trkpt>
   <trkpt lat="48.4242610" lon="7.4067450">
    <ele>808.5</ele>
    <time>2024-10-24T11:29:10Z</time>
   </trkpt>
   <trkpt lat="48.4242520" lon="7.4067300">
    <ele>808.4</ele>
    <time>2024-10-24T11:29:11Z</time>
   </trkpt>
   <trkpt lat="48.4242470" lon="7.4067180">
    <ele>808.4</ele>
    <time>2024-10-24T11:29:12Z</time>
   </trkpt>
   <trkpt lat="48.4242400" lon="7.4067050">
    <ele>808.3</ele>
    <time>2024-10-24T11:29:13Z</time>
   </trkpt>
   <trkpt lat="48.4242350" lon="7.4066910">
    <ele>808.2</ele>
    <time>2024-10-24T11:29:14Z</time>
   </trkpt>
   <trkpt lat="48.4242290" lon="7.4066780">
    <ele>808.2</ele>
    <time>2024-10-24T11:29:15Z</time>
   </trkpt>
   <trkpt lat="48.4242240" lon="7.4066650">
    <ele>808.1</ele>
    <time>2024-10-24T11:29:16Z</time>
   </trkpt>
   <trkpt lat="48.4242180" lon="7.4066520">
    <ele>808.0</ele>
    <time>2024-10-24T11:29:17Z</time>
   </trkpt>
   <trkpt lat="48.4242110" lon="7.4066380">
    <ele>808.0</ele>
    <time>2024-10-24T11:29:18Z</time>
   </trkpt>
   <trkpt lat="48.4242070" lon="7.4066280">
    <ele>807.9</ele>
    <time>2024-10-24T11:29:19Z</time>
   </trkpt>
   <trkpt lat="48.4242030" lon="7.4066170">
    <ele>807.8</ele>
    <time>2024-10-24T11:29:20Z</time>
   </trkpt>
   <trkpt lat="48.4241980" lon="7.4066020">
    <ele>807.8</ele>
    <time>2024-10-24T11:29:21Z</time>
   </trkpt>
   <trkpt lat="48.4241950" lon="7.4065890">
    <ele>807.7</ele>
    <time>2024-10-24T11:29:22Z</time>
   </trkpt>
   <trkpt lat="48.4241920" lon="7.4065740">
    <ele>807.7</ele>
    <time>2024-10-24T11:29:23Z</time>
   </trkpt>
   <trkpt lat="48.4241890" lon="7.4065580">
    <ele>807.6</ele>
    <time>2024-10-24T11:29:24Z</time>
   </trkpt>
   <trkpt lat="48.4241840" lon="7.4065440">
    <ele>807.5</ele>
    <time>2024-10-24T11:29:25Z</time>
   </trkpt>
   <trkpt lat="48.4241780" lon="7.4065280">
    <ele>807.4</ele>
    <time>2024-10-24T11:29:26Z</time>
   </trkpt>
   <trkpt lat="48.4241740" lon="7.4065170">
    <ele>807.4</ele>
    <time>2024-10-24T11:29:27Z</time>
   </trkpt>
   <trkpt lat="48.4241690" lon="7.4065040">
    <ele>807.3</ele>
    <time>2024-10-24T11:29:28Z</time>
   </trkpt>
   <trkpt lat="48.4241610" lon="7.4064910">
    <ele>807.3</ele>
    <time>2024-10-24T11:29:29Z</time>
   </trkpt>
   <trkpt lat="48.4241500" lon="7.4064820">
    <ele>807.2</ele>
    <time>2024-10-24T11:29:30Z</time>
   </trkpt>
   <trkpt lat="48.4241330" lon="7.4064610">
    <ele>807.1</ele>
    <time>2024-10-24T11:29:31Z</time>
   </trkpt>
   <trkpt lat="48.4241270" lon="7.4064530">
    <ele>807.0</ele>
    <time>2024-10-24T11:29:32Z</time>
   </trkpt>
   <trkpt lat="48.4241220" lon="7.4064450">
    <ele>807.0</ele>
    <time>2024-10-24T11:29:33Z</time>
   </trkpt>
   <trkpt lat="48.4241050" lon="7.4064300">
    <ele>806.9</ele>
    <time>2024-10-24T11:29:34Z</time>
   </trkpt>
   <trkpt lat="48.4240970" lon="7.4064240">
    <ele>806.8</ele>
    <time>2024-10-24T11:29:35Z</time>
   </trkpt>
   <trkpt lat="48.4240890" lon="7.4064190">
    <ele>806.8</ele>
    <time>2024-10-24T11:29:36Z</time>
   </trkpt>
   <trkpt lat="48.4240850" lon="7.4064130">
    <ele>806.7</ele>
    <time>2024-10-24T11:29:37Z</time>
   </trkpt>
   <trkpt lat="48.4240770" lon="7.4064040">
    <ele>806.7</ele>
    <time>2024-10-24T11:29:38Z</time>
   </trkpt>
   <trkpt lat="48.4240690" lon="7.4063950">
    <ele>806.6</ele>
    <time>2024-10-24T11:29:39Z</time>
   </trkpt>
   <trkpt lat="48.4240630" lon="7.4063890">
    <ele>806.6</ele>
    <time>2024-10-24T11:29:40Z</time>
   </trkpt>
   <trkpt lat="48.4240540" lon="7.4063820">
    <ele>806.5</ele>
    <time>2024-10-24T11:29:41Z</time>
   </trkpt>
   <trkpt lat="48.4240530" lon="7.4063810">
    <ele>806.5</ele>
    <time>2024-10-24T11:29:42Z</time>
   </trkpt>
   <trkpt lat="48.4240510" lon="7.4063760">
    <ele>806.5</ele>
    <time>2024-10-24T11:29:43Z</time>
   </trkpt>
   <trkpt lat="48.4240490" lon="7.4063740">
    <ele>806.5</ele>
    <time>2024-10-24T11:29:44Z</time>
   </trkpt>
   <trkpt lat="48.4240490" lon="7.4063740">
    <ele>806.5</ele>
    <time>2024-10-24T11:29:45Z</time>
   </trkpt>
   <trkpt lat="48.4240470" lon="7.4063640">
    <ele>806.4</ele>
    <time>2024-10-24T11:29:46Z</time>
   </trkpt>
   <trkpt lat="48.4240470" lon="7.4063580">
    <ele>806.4</ele>
    <time>2024-10-24T11:29:47Z</time>
   </trkpt>
   <trkpt lat="48.4240490" lon="7.4063530">
    <ele>806.4</ele>
    <time>2024-10-24T11:29:48Z</time>
   </trkpt>
   <trkpt lat="48.4240490" lon="7.4063520">
    <ele>806.4</ele>
    <time>2024-10-24T11:29:49Z</time>
   </trkpt>
   <trkpt lat="48.4240500" lon="7.4063530">
    <ele>806.4</ele>
    <time>2024-10-24T11:29:50Z</time>
   </trkpt>
   <trkpt lat="48.4240500" lon="7.4063530">
    <ele>806.4</ele>
    <time>2024-10-24T11:29:51Z</time>
   </trkpt>
   <trkpt lat="48.4240500" lon="7.4063530">
    <ele>806.4</ele>
    <time>2024-10-24T11:29:52Z</time>
   </trkpt>
   <trkpt lat="48.4240500" lon="7.4063520">
    <ele>806.4</ele>
    <time>2024-10-24T11:29:53Z</time>
   </trkpt>
   <trkpt lat="48.4240500" lon="7.4063500">
    <ele>806.4</ele>
    <time>2024-10-24T11:29:54Z</time>
   </trkpt>
   <trkpt lat="48.4240500" lon="7.4063480">
    <ele>806.4</ele>
    <time>2024-10-24T11:29:55Z</time>
   </trkpt>
   <trkpt lat="48.4240490" lon="7.4063420">
    <ele>806.3</ele>
    <time>2024-10-24T11:29:56Z</time>
   </trkpt>
   <trkpt lat="48.4240470" lon="7.4063350">
    <ele>806.3</ele>
    <time>2024-10-24T11:29:57Z</time>
   </trkpt>
   <trkpt lat="48.4240470" lon="7.4063230">
    <ele>806.3</ele>
    <time>2024-10-24T11:29:58Z</time>
   </trkpt>
   <trkpt lat="48.4240480" lon="7.4063050">
    <ele>806.2</ele>
    <time>2024-10-24T11:29:59Z</time>
   </trkpt>
   <trkpt lat="48.4240510" lon="7.4062860">
    <ele>806.1</ele>
    <time>2024-10-24T11:30:00Z</time>
   </trkpt>
   <trkpt lat="48.4240550" lon="7.4062640">
    <ele>806.1</ele>
    <time>2024-10-24T11:30:01Z</time>
   </trkpt>
   <trkpt lat="48.4240590" lon="7.4062500">
    <ele>806.0</ele>
    <time>2024-10-24T11:30:02Z</time>
   </trkpt>
   <trkpt lat="48.4240630" lon="7.4062340">
    <ele>806.0</ele>
    <time>2024-10-24T11:30:03Z</time>
   </trkpt>
   <trkpt lat="48.4240670" lon="7.4062200">
    <ele>805.9</ele>
    <time>2024-10-24T11:30:04Z</time>
   </trkpt>
   <trkpt lat="48.4240720" lon="7.4062060">
    <ele>805.8</ele>
    <time>2024-10-24T11:30:05Z</time>
   </trkpt>
   <trkpt lat="48.4240770" lon="7.4061910">
    <ele>805.8</ele>
    <time>2024-10-24T11:30:06Z</time>
   </trkpt>
   <trkpt lat="48.4240810" lon="7.4061820">
    <ele>805.8</ele>
    <time>2024-10-24T11:30:07Z</time>
   </trkpt>
   <trkpt lat="48.4240910" lon="7.4061640">
    <ele>805.7</ele>
    <time>2024-10-24T11:30:08Z</time>
   </trkpt>
   <trkpt lat="48.4240940" lon="7.4061550">
    <ele>805.7</ele>
    <time>2024-10-24T11:30:09Z</time>
   </trkpt>
   <trkpt lat="48.4240980" lon="7.4061460">
    <ele>805.6</ele>
    <time>2024-10-24T11:30:10Z</time>
   </trkpt>
   <trkpt lat="48.4241010" lon="7.4061370">
    <ele>805.6</ele>
    <time>2024-10-24T11:30:11Z</time>
   </trkpt>
   <trkpt lat="48.4241040" lon="7.4061280">
    <ele>805.6</ele>
    <time>2024-10-24T11:30:12Z</time>
   </trkpt>
   <trkpt lat="48.4241070" lon="7.4061180">
    <ele>805.5</ele>
    <time>2024-10-24T11:30:13Z</time>
   </trkpt>
   <trkpt lat="48.4241100" lon="7.4061080">
    <ele>805.5</ele>
    <time>2024-10-24T11:30:14Z</time>
   </trkpt>
   <trkpt lat="48.4241140" lon="7.4060980">
    <ele>805.5</ele>
    <time>2024-10-24T11:30:15Z</time>
   </trkpt>
   <trkpt lat="48.4241190" lon="7.4060850">
    <ele>805.4</ele>
    <time>2024-10-24T11:30:16Z</time>
   </trkpt>
   <trkpt lat="48.4241240" lon="7.4060740">
    <ele>805.4</ele>
    <time>2024-10-24T11:30:17Z</time>
   </trkpt>
   <trkpt lat="48.4241280" lon="7.4060680">
    <ele>805.4</ele>
    <time>2024-10-24T11:30:18Z</time>
   </trkpt>
   <trkpt lat="48.4241340" lon="7.4060610">
    <ele>805.3</ele>
    <time>2024-10-24T11:30:19Z</time>
   </trkpt>
   <trkpt lat="48.4241380" lon="7.4060580">
    <ele>805.3</ele>
    <time>2024-10-24T11:30:20Z</time>
   </trkpt>
   <trkpt lat="48.4241440" lon="7.4060490">
    <ele>805.3</ele>
    <time>2024-10-24T11:30:21Z</time>
   </trkpt>
   <trkpt lat="48.4241480" lon="7.4060430">
    <ele>805.2</ele>
    <time>2024-10-24T11:30:22Z</time>
   </trkpt>
   <trkpt lat="48.4241530" lon="7.4060330">
    <ele>805.2</ele>
    <time>2024-10-24T11:30:23Z</time>
   </trkpt>
   <trkpt lat="48.4241580" lon="7.4060220">
    <ele>805.2</ele>
    <time>2024-10-24T11:30:24Z</time>
   </trkpt>
   <trkpt lat="48.4241660" lon="7.4060100">
    <ele>805.1</ele>
    <time>2024-10-24T11:30:25Z</time>
   </trkpt>
   <trkpt lat="48.4241730" lon="7.4059980">
    <ele>805.1</ele>
    <time>2024-10-24T11:30:26Z</time>
   </trkpt>
   <trkpt lat="48.4241790" lon="7.4059880">
    <ele>805.0</ele>
    <time>2024-10-24T11:30:27Z</time>
   </trkpt>
   <trkpt lat="48.4241850" lon="7.4059760">
    <ele>805.0</ele>
    <time>2024-10-24T11:30:28Z</time>
   </trkpt>
   <trkpt lat="48.4241920" lon="7.4059620">
    <ele>804.9</ele>
    <time>2024-10-24T11:30:29Z</time>
   </trkpt>
   <trkpt lat="48.4241980" lon="7.4059490">
    <ele>804.9</ele>
    <time>2024-10-24T11:30:30Z</time>
   </trkpt>
   <trkpt lat="48.4242030" lon="7.4059370">
    <ele>804.9</ele>
    <time>2024-10-24T11:30:31Z</time>
   </trkpt>
   <trkpt lat="48.4242080" lon="7.4059250">
    <ele>804.8</ele>
    <time>2024-10-24T11:30:32Z</time>
   </trkpt>
   <trkpt lat="48.4242120" lon="7.4059140">
    <ele>804.8</ele>
    <time>2024-10-24T11:30:33Z</time>
   </trkpt>
   <trkpt lat="48.4242140" lon="7.4059010">
    <ele>804.7</ele>
    <time>2024-10-24T11:30:34Z</time>
   </trkpt>
   <trkpt lat="48.4242170" lon="7.4058890">
    <ele>804.7</ele>
    <time>2024-10-24T11:30:35Z</time>
   </trkpt>
   <trkpt lat="48.4242210" lon="7.4058690">
    <ele>804.6</ele>
    <time>2024-10-24T11:30:36Z</time>
   </trkpt>
   <trkpt lat="48.4242230" lon="7.4058590">
    <ele>804.6</ele>
    <time>2024-10-24T11:30:37Z</time>
   </trkpt>
   <trkpt lat="48.4242260" lon="7.4058440">
    <ele>804.6</ele>
    <time>2024-10-24T11:30:38Z</time>
   </trkpt>
   <trkpt lat="48.4242300" lon="7.4058310">
    <ele>804.5</ele>
    <time>2024-10-24T11:30:39Z</time>
   </trkpt>
   <trkpt lat="48.4242340" lon="7.4058180">
    <ele>804.5</ele>
    <time>2024-10-24T11:30:40Z</time>
   </trkpt>
   <trkpt lat="48.4242390" lon="7.4058020">
    <ele>804.5</ele>
    <time>2024-10-24T11:30:41Z</time>
   </trkpt>
   <trkpt lat="48.4242420" lon="7.4057950">
    <ele>804.4</ele>
    <time>2024-10-24T11:30:42Z</time>
   </trkpt>
   <trkpt lat="48.4242420" lon="7.4057890">
    <ele>804.4</ele>
    <time>2024-10-24T11:30:43Z</time>
   </trkpt>
   <trkpt lat="48.4242400" lon="7.4057840">
    <ele>804.4</ele>
    <time>2024-10-24T11:30:44Z</time>
   </trkpt>
   <trkpt lat="48.4242410" lon="7.4057810">
    <ele>804.4</ele>
    <time>2024-10-24T11:30:45Z</time>
   </trkpt>
   <trkpt lat="48.4242430" lon="7.4057780">
    <ele>804.4</ele>
    <time>2024-10-24T11:30:46Z</time>
   </trkpt>
   <trkpt lat="48.4242440" lon="7.4057750">
    <ele>804.4</ele>
    <time>2024-10-24T11:30:47Z</time>
   </trkpt>
   <trkpt lat="48.4242450" lon="7.4057720">
    <ele>804.4</ele>
    <time>2024-10-24T11:30:48Z</time>
   </trkpt>
   <trkpt lat="48.4242460" lon="7.4057690">
    <ele>804.4</ele>
    <time>2024-10-24T11:30:49Z</time>
   </trkpt>
   <trkpt lat="48.4242480" lon="7.4057650">
    <ele>804.3</ele>
    <time>2024-10-24T11:30:50Z</time>
   </trkpt>
   <trkpt lat="48.4242490" lon="7.4057620">
    <ele>804.3</ele>
    <time>2024-10-24T11:30:51Z</time>
   </trkpt>
   <trkpt lat="48.4242500" lon="7.4057590">
    <ele>804.3</ele>
    <time>2024-10-24T11:30:52Z</time>
   </trkpt>
   <trkpt lat="48.4242510" lon="7.4057560">
    <ele>804.3</ele>
    <time>2024-10-24T11:30:53Z</time>
   </trkpt>
   <trkpt lat="48.4242530" lon="7.4057530">
    <ele>804.3</ele>
    <time>2024-10-24T11:30:54Z</time>
   </trkpt>
   <trkpt lat="48.4242540" lon="7.4057500">
    <ele>804.3</ele>
    <time>2024-10-24T11:30:55Z</time>
   </trkpt>
   <trkpt lat="48.4242550" lon="7.4057470">
    <ele>804.3</ele>
    <time>2024-10-24T11:30:56Z</time>
   </trkpt>
   <trkpt lat="48.4242560" lon="7.4057430">
    <ele>804.3</ele>
    <time>2024-10-24T11:30:57Z</time>
   </trkpt>
   <trkpt lat="48.4242580" lon="7.4057400">
    <ele>804.3</ele>
    <time>2024-10-24T11:30:58Z</time>
   </trkpt>
   <trkpt lat="48.4242590" lon="7.4057370">
    <ele>804.3</ele>
    <time>2024-10-24T11:30:59Z</time>
   </trkpt>
   <trkpt lat="48.4242600" lon="7.4057340">
    <ele>804.3</ele>
    <time>2024-10-24T11:31:00Z</time>
   </trkpt>
   <trkpt lat="48.4242670" lon="7.4057060">
    <ele>804.3</ele>
    <time>2024-10-24T11:31:01Z</time>
   </trkpt>
   <trkpt lat="48.4242700" lon="7.4056940">
    <ele>804.4</ele>
    <time>2024-10-24T11:31:02Z</time>
   </trkpt>
   <trkpt lat="48.4242750" lon="7.4056780">
    <ele>804.4</ele>
    <time>2024-10-24T11:31:03Z</time>
   </trkpt>
   <trkpt lat="48.4242810" lon="7.4056610">
    <ele>804.4</ele>
    <time>2024-10-24T11:31:04Z</time>
   </trkpt>
   <trkpt lat="48.4242870" lon="7.4056470">
    <ele>804.4</ele>
    <time>2024-10-24T11:31:05Z</time>
   </trkpt>
   <trkpt lat="48.4242950" lon="7.4056310">
    <ele>804.4</ele>
    <time>2024-10-24T11:31:06Z</time>
   </trkpt>
   <trkpt lat="48.4243010" lon="7.4056220">
    <ele>804.5</ele>
    <time>2024-10-24T11:31:07Z</time>
   </trkpt>
   <trkpt lat="48.4243070" lon="7.4056140">
    <ele>804.5</ele>
    <time>2024-10-24T11:31:08Z</time>
   </trkpt>
   <trkpt lat="48.4243130" lon="7.4056050">
    <ele>804.5</ele>
    <time>2024-10-24T11:31:09Z</time>
   </trkpt>
   <trkpt lat="48.4243190" lon="7.4055940">
    <ele>804.5</ele>
    <time>2024-10-24T11:31:10Z</time>
   </trkpt>
   <trkpt lat="48.4243280" lon="7.4055790">
    <ele>804.5</ele>
    <time>2024-10-24T11:31:11Z</time>
   </trkpt>
   <trkpt lat="48.4243330" lon="7.4055720">
    <ele>804.5</ele>
    <time>2024-10-24T11:31:12Z</time>
   </trkpt>
   <trkpt lat="48.4243410" lon="7.4055610">
    <ele>804.6</ele>
    <time>2024-10-24T11:31:13Z</time>
   </trkpt>
   <trkpt lat="48.4243480" lon="7.4055490">
    <ele>804.6</ele>
    <time>2024-10-24T11:31:14Z</time>
   </trkpt>
   <trkpt lat="48.4243550" lon="7.4055410">
    <ele>804.6</ele>
    <time>2024-10-24T11:31:15Z</time>
   </trkpt>
   <trkpt lat="48.4243660" lon="7.4055290">
    <ele>804.6</ele>
    <time>2024-10-24T11:31:16Z</time>
   </trkpt>
   <trkpt lat="48.4243710" lon="7.4055240">
    <ele>804.7</ele>
    <time>2024-10-24T11:31:17Z</time>
   </trkpt>
   <trkpt lat="48.4243780" lon="7.4055150">
    <ele>804.7</ele>
    <time>2024-10-24T11:31:18Z</time>
   </trkpt>
   <trkpt lat="48.4243850" lon="7.4055050">
    <ele>804.7</ele>
    <time>2024-10-24T11:31:19Z</time>
   </trkpt>
   <trkpt lat="48.4243930" lon="7.4054940">
    <ele>804.7</ele>
    <time>2024-10-24T11:31:20Z</time>
   </trkpt>
   <trkpt lat="48.4244010" lon="7.4054780">
    <ele>804.8</ele>
    <time>2024-10-24T11:31:21Z</time>
   </trkpt>
   <trkpt lat="48.4244040" lon="7.4054680">
    <ele>804.8</ele>
    <time>2024-10-24T11:31:22Z</time>
   </trkpt>
   <trkpt lat="48.4244090" lon="7.4054550">
    <ele>804.8</ele>
    <time>2024-10-24T11:31:23Z</time>
   </trkpt>
   <trkpt lat="48.4244130" lon="7.4054420">
    <ele>804.8</ele>
    <time>2024-10-24T11:31:24Z</time>
   </trkpt>
   <trkpt lat="48.4244190" lon="7.4054320">
    <ele>804.9</ele>
    <time>2024-10-24T11:31:25Z</time>
   </trkpt>
   <trkpt lat="48.4244290" lon="7.4054250">
    <ele>805.0</ele>
    <time>2024-10-24T11:31:26Z</time>
   </trkpt>
   <trkpt lat="48.4244400" lon="7.4054230">
    <ele>805.1</ele>
    <time>2024-10-24T11:31:27Z</time>
   </trkpt>
   <trkpt lat="48.4244460" lon="7.4054220">
    <ele>805.2</ele>
    <time>2024-10-24T11:31:28Z</time>
   </trkpt>
   <trkpt lat="48.4244520" lon="7.4054210">
    <ele>805.3</ele>
    <time>2024-10-24T11:31:29Z</time>
   </trkpt>
   <trkpt lat="48.4244580" lon="7.4054200">
    <ele>805.3</ele>
    <time>2024-10-24T11:31:30Z</time>
   </trkpt>
   <trkpt lat="48.4244650" lon="7.4054190">
    <ele>805.4</ele>
    <time>2024-10-24T11:31:31Z</time>
   </trkpt>
   <trkpt lat="48.4244700" lon="7.4054200">
    <ele>805.5</ele>
    <time>2024-10-24T11:31:32Z</time>
   </trkpt>
   <trkpt lat="48.4244770" lon="7.4054190">
    <ele>805.6</ele>
    <time>2024-10-24T11:31:33Z</time>
   </trkpt>
   <trkpt lat="48.4244850" lon="7.4054170">
    <ele>805.7</ele>
    <time>2024-10-24T11:31:34Z</time>
   </trkpt>
   <trkpt lat="48.4244940" lon="7.4054130">
    <ele>805.8</ele>
    <time>2024-10-24T11:31:35Z</time>
   </trkpt>
   <trkpt lat="48.4245030" lon="7.4054090">
    <ele>805.9</ele>
    <time>2024-10-24T11:31:36Z</time>
   </trkpt>
   <trkpt lat="48.4245120" lon="7.4054070">
    <ele>806.0</ele>
    <time>2024-10-24T11:31:37Z</time>
   </trkpt>
   <trkpt lat="48.4245210" lon="7.4054040">
    <ele>806.1</ele>
    <time>2024-10-24T11:31:38Z</time>
   </trkpt>
   <trkpt lat="48.4245320" lon="7.4054010">
    <ele>806.2</ele>
    <time>2024-10-24T11:31:39Z</time>
   </trkpt>
   <trkpt lat="48.4245410" lon="7.4053970">
    <ele>806.3</ele>
    <time>2024-10-24T11:31:40Z</time>
   </trkpt>
   <trkpt lat="48.4245530" lon="7.4053940">
    <ele>806.5</ele>
    <time>2024-10-24T11:31:41Z</time>
   </trkpt>
   <trkpt lat="48.4245590" lon="7.4053930">
    <ele>806.6</ele>
    <time>2024-10-24T11:31:42Z</time>
   </trkpt>
   <trkpt lat="48.4245670" lon="7.4053910">
    <ele>806.7</ele>
    <time>2024-10-24T11:31:43Z</time>
   </trkpt>
   <trkpt lat="48.4245750" lon="7.4053900">
    <ele>806.7</ele>
    <time>2024-10-24T11:31:44Z</time>
   </trkpt>
   <trkpt lat="48.4245840" lon="7.4053890">
    <ele>806.8</ele>
    <time>2024-10-24T11:31:45Z</time>
   </trkpt>
   <trkpt lat="48.4245960" lon="7.4053880">
    <ele>807.0</ele>
    <time>2024-10-24T11:31:46Z</time>
   </trkpt>
   <trkpt lat="48.4246030" lon="7.4053850">
    <ele>807.1</ele>
    <time>2024-10-24T11:31:47Z</time>
   </trkpt>
   <trkpt lat="48.4246120" lon="7.4053800">
    <ele>807.2</ele>
    <time>2024-10-24T11:31:48Z</time>
   </trkpt>
   <trkpt lat="48.4246210" lon="7.4053760">
    <ele>807.3</ele>
    <time>2024-10-24T11:31:49Z</time>
   </trkpt>
   <trkpt lat="48.4246320" lon="7.4053710">
    <ele>807.4</ele>
    <time>2024-10-24T11:31:50Z</time>
   </trkpt>
   <trkpt lat="48.4246450" lon="7.4053640">
    <ele>807.5</ele>
    <time>2024-10-24T11:31:51Z</time>
   </trkpt>
   <trkpt lat="48.4246510" lon="7.4053600">
    <ele>807.6</ele>
    <time>2024-10-24T11:31:52Z</time>
   </trkpt>
   <trkpt lat="48.4246590" lon="7.4053550">
    <ele>807.7</ele>
    <time>2024-10-24T11:31:53Z</time>
   </trkpt>
   <trkpt lat="48.4246680" lon="7.4053490">
    <ele>807.8</ele>
    <time>2024-10-24T11:31:54Z</time>
   </trkpt>
   <trkpt lat="48.4246750" lon="7.4053420">
    <ele>807.8</ele>
    <time>2024-10-24T11:31:55Z</time>
   </trkpt>
   <trkpt lat="48.4246870" lon="7.4053340">
    <ele>808.0</ele>
    <time>2024-10-24T11:31:56Z</time>
   </trkpt>
   <trkpt lat="48.4246930" lon="7.4053290">
    <ele>808.0</ele>
    <time>2024-10-24T11:31:57Z</time>
   </trkpt>
   <trkpt lat="48.4247010" lon="7.4053230">
    <ele>808.1</ele>
    <time>2024-10-24T11:31:58Z</time>
   </trkpt>
   <trkpt lat="48.4247100" lon="7.4053150">
    <ele>808.2</ele>
    <time>2024-10-24T11:31:59Z</time>
   </trkpt>
   <trkpt lat="48.4247190" lon="7.4053060">
    <ele>808.3</ele>
    <time>2024-10-24T11:32:00Z</time>
   </trkpt>
   <trkpt lat="48.4247280" lon="7.4052930">
    <ele>808.4</ele>
    <time>2024-10-24T11:32:01Z</time>
   </trkpt>
   <trkpt lat="48.4247340" lon="7.4052890">
    <ele>808.5</ele>
    <time>2024-10-24T11:32:02Z</time>
   </trkpt>
   <trkpt lat="48.4247410" lon="7.4052830">
    <ele>808.5</ele>
    <time>2024-10-24T11:32:03Z</time>
   </trkpt>
   <trkpt lat="48.4247490" lon="7.4052780">
    <ele>808.6</ele>
    <time>2024-10-24T11:32:04Z</time>
   </trkpt>
   <trkpt lat="48.4247570" lon="7.4052720">
    <ele>808.7</ele>
    <time>2024-10-24T11:32:05Z</time>
   </trkpt>
   <trkpt lat="48.4247670" lon="7.4052660">
    <ele>808.8</ele>
    <time>2024-10-24T11:32:06Z</time>
   </trkpt>
   <trkpt lat="48.4247730" lon="7.4052630">
    <ele>808.8</ele>
    <time>2024-10-24T11:32:07Z</time>
   </trkpt>
   <trkpt lat="48.4247810" lon="7.4052580">
    <ele>808.9</ele>
    <time>2024-10-24T11:32:08Z</time>
   </trkpt>
   <trkpt lat="48.4247880" lon="7.4052510">
    <ele>809.0</ele>
    <time>2024-10-24T11:32:09Z</time>
   </trkpt>
   <trkpt lat="48.4247970" lon="7.4052440">
    <ele>809.0</ele>
    <time>2024-10-24T11:32:10Z</time>
   </trkpt>
   <trkpt lat="48.4248050" lon="7.4052400">
    <ele>809.1</ele>
    <time>2024-10-24T11:32:11Z</time>
   </trkpt>
   <trkpt lat="48.4248120" lon="7.4052360">
    <ele>809.2</ele>
    <time>2024-10-24T11:32:12Z</time>
   </trkpt>
   <trkpt lat="48.4248200" lon="7.4052330">
    <ele>809.2</ele>
    <time>2024-10-24T11:32:13Z</time>
   </trkpt>
   <trkpt lat="48.4248350" lon="7.4052270">
    <ele>809.3</ele>
    <time>2024-10-24T11:32:14Z</time>
   </trkpt>
   <trkpt lat="48.4248430" lon="7.4052260">
    <ele>809.4</ele>
    <time>2024-10-24T11:32:15Z</time>
   </trkpt>
   <trkpt lat="48.4248500" lon="7.4052250">
    <ele>809.4</ele>
    <time>2024-10-24T11:32:16Z</time>
   </trkpt>
   <trkpt lat="48.4248570" lon="7.4052240">
    <ele>809.4</ele>
    <time>2024-10-24T11:32:17Z</time>
   </trkpt>
   <trkpt lat="48.4248670" lon="7.4052210">
    <ele>809.5</ele>
    <time>2024-10-24T11:32:18Z</time>
   </trkpt>
   <trkpt lat="48.4248770" lon="7.4052220">
    <ele>809.6</ele>
    <time>2024-10-24T11:32:19Z</time>
   </trkpt>
   <trkpt lat="48.4248860" lon="7.4052260">
    <ele>809.6</ele>
    <time>2024-10-24T11:32:20Z</time>
   </trkpt>
   <trkpt lat="48.4248950" lon="7.4052260">
    <ele>809.7</ele>
    <time>2024-10-24T11:32:21Z</time>
   </trkpt>
   <trkpt lat="48.4249070" lon="7.4052260">
    <ele>809.7</ele>
    <time>2024-10-24T11:32:22Z</time>
   </trkpt>
   <trkpt lat="48.4249160" lon="7.4052240">
    <ele>809.8</ele>
    <time>2024-10-24T11:32:23Z</time>
   </trkpt>
   <trkpt lat="48.4249310" lon="7.4052220">
    <ele>809.8</ele>
    <time>2024-10-24T11:32:24Z</time>
   </trkpt>
   <trkpt lat="48.4249380" lon="7.4052200">
    <ele>809.8</ele>
    <time>2024-10-24T11:32:25Z</time>
   </trkpt>
   <trkpt lat="48.4249460" lon="7.4052180">
    <ele>809.9</ele>
    <time>2024-10-24T11:32:26Z</time>
   </trkpt>
   <trkpt lat="48.4249530" lon="7.4052160">
    <ele>809.9</ele>
    <time>2024-10-24T11:32:27Z</time>
   </trkpt>
   <trkpt lat="48.4249600" lon="7.4052140">
    <ele>809.9</ele>
    <time>2024-10-24T11:32:28Z</time>
   </trkpt>
   <trkpt lat="48.4249690" lon="7.4052100">
    <ele>810.0</ele>
    <time>2024-10-24T11:32:29Z</time>
   </trkpt>
   <trkpt lat="48.4249800" lon="7.4052060">
    <ele>810.0</ele>
    <time>2024-10-24T11:32:30Z</time>
   </trkpt>
   <trkpt lat="48.4249890" lon="7.4052010">
    <ele>810.0</ele>
    <time>2024-10-24T11:32:31Z</time>
   </trkpt>
   <trkpt lat="48.4249970" lon="7.4051980">
    <ele>810.1</ele>
    <time>2024-10-24T11:32:32Z</time>
   </trkpt>
   <trkpt lat="48.4250060" lon="7.4051940">
    <ele>810.1</ele>
    <time>2024-10-24T11:32:33Z</time>
   </trkpt>
   <trkpt lat="48.4250150" lon="7.4051910">
    <ele>810.1</ele>
    <time>2024-10-24T11:32:34Z</time>
   </trkpt>
   <trkpt lat="48.4250240" lon="7.4051890">
    <ele>810.2</ele>
    <time>2024-10-24T11:32:35Z</time>
   </trkpt>
   <trkpt lat="48.4250330" lon="7.4051880">
    <ele>810.2</ele>
    <time>2024-10-24T11:32:36Z</time>
   </trkpt>
   <trkpt lat="48.4250450" lon="7.4051900">
    <ele>810.3</ele>
    <time>2024-10-24T11:32:37Z</time>
   </trkpt>
   <trkpt lat="48.4250540" lon="7.4051930">
    <ele>810.3</ele>
    <time>2024-10-24T11:32:38Z</time>
   </trkpt>
   <trkpt lat="48.4250630" lon="7.4051940">
    <ele>810.3</ele>
    <time>2024-10-24T11:32:39Z</time>
   </trkpt>
   <trkpt lat="48.4250720" lon="7.4051950">
    <ele>810.4</ele>
    <time>2024-10-24T11:32:40Z</time>
   </trkpt>
   <trkpt lat="48.4250820" lon="7.4051950">
    <ele>810.4</ele>
    <time>2024-10-24T11:32:41Z</time>
   </trkpt>
   <trkpt lat="48.4250920" lon="7.4051980">
    <ele>810.4</ele>
    <time>2024-10-24T11:32:42Z</time>
   </trkpt>
   <trkpt lat="48.4251030" lon="7.4051990">
    <ele>810.5</ele>
    <time>2024-10-24T11:32:43Z</time>
   </trkpt>
   <trkpt lat="48.4251140" lon="7.4052010">
    <ele>810.5</ele>
    <time>2024-10-24T11:32:44Z</time>
   </trkpt>
   <trkpt lat="48.4251240" lon="7.4052020">
    <ele>810.6</ele>
    <time>2024-10-24T11:32:45Z</time>
   </trkpt>
   <trkpt lat="48.4251340" lon="7.4052030">
    <ele>810.7</ele>
    <time>2024-10-24T11:32:46Z</time>
   </trkpt>
   <trkpt lat="48.4251450" lon="7.4052060">
    <ele>810.7</ele>
    <time>2024-10-24T11:32:47Z</time>
   </trkpt>
   <trkpt lat="48.4251530" lon="7.4052090">
    <ele>810.8</ele>
    <time>2024-10-24T11:32:48Z</time>
   </trkpt>
   <trkpt lat="48.4251630" lon="7.4052120">
    <ele>810.8</ele>
    <time>2024-10-24T11:32:49Z</time>
   </trkpt>
   <trkpt lat="48.4251720" lon="7.4052160">
    <ele>810.9</ele>
    <time>2024-10-24T11:32:50Z</time>
   </trkpt>
   <trkpt lat="48.4251800" lon="7.4052190">
    <ele>810.9</ele>
    <time>2024-10-24T11:32:51Z</time>
   </trkpt>
   <trkpt lat="48.4251900" lon="7.4052220">
    <ele>811.0</ele>
    <time>2024-10-24T11:32:52Z</time>
   </trkpt>
   <trkpt lat="48.4251990" lon="7.4052270">
    <ele>811.0</ele>
    <time>2024-10-24T11:32:53Z</time>
   </trkpt>
   <trkpt lat="48.4252110" lon="7.4052340">
    <ele>811.1</ele>
    <time>2024-10-24T11:32:54Z</time>
   </trkpt>
   <trkpt lat="48.4252300" lon="7.4052430">
    <ele>811.3</ele>
    <time>2024-10-24T11:32:55Z</time>
   </trkpt>
   <trkpt lat="48.4252390" lon="7.4052450">
    <ele>811.3</ele>
    <time>2024-10-24T11:32:56Z</time>
   </trkpt>
   <trkpt lat="48.4252470" lon="7.4052470">
    <ele>811.4</ele>
    <time>2024-10-24T11:32:57Z</time>
   </trkpt>
   <trkpt lat="48.4252580" lon="7.4052460">
    <ele>811.5</ele>
    <time>2024-10-24T11:32:58Z</time>
   </trkpt>
   <trkpt lat="48.4252660" lon="7.4052470">
    <ele>811.5</ele>
    <time>2024-10-24T11:32:59Z</time>
   </trkpt>
   <trkpt lat="48.4252750" lon="7.4052510">
    <ele>811.6</ele>
    <time>2024-10-24T11:33:00Z</time>
   </trkpt>
   <trkpt lat="48.4252750" lon="7.4052540">
    <ele>811.6</ele>
    <time>2024-10-24T11:33:01Z</time>
   </trkpt>
   <trkpt lat="48.4252790" lon="7.4052620">
    <ele>811.7</ele>
    <time>2024-10-24T11:33:02Z</time>
   </trkpt>
   <trkpt lat="48.4252810" lon="7.4052620">
    <ele>811.7</ele>
    <time>2024-10-24T11:33:03Z</time>
   </trkpt>
   <trkpt lat="48.4252870" lon="7.4052630">
    <ele>811.7</ele>
    <time>2024-10-24T11:33:04Z</time>
   </trkpt>
   <trkpt lat="48.4252960" lon="7.4052650">
    <ele>811.8</ele>
    <time>2024-10-24T11:33:05Z</time>
   </trkpt>
   <trkpt lat="48.4253060" lon="7.4052660">
    <ele>811.9</ele>
    <time>2024-10-24T11:33:06Z</time>
   </trkpt>
   <trkpt lat="48.4253160" lon="7.4052660">
    <ele>811.9</ele>
    <time>2024-10-24T11:33:07Z</time>
   </trkpt>
   <trkpt lat="48.4253270" lon="7.4052720">
    <ele>812.0</ele>
    <time>2024-10-24T11:33:08Z</time>
   </trkpt>
   <trkpt lat="48.4253380" lon="7.4052770">
    <ele>812.1</ele>
    <time>2024-10-24T11:33:09Z</time>
   </trkpt>
   <trkpt lat="48.4253590" lon="7.4052810">
    <ele>812.3</ele>
    <time>2024-10-24T11:33:10Z</time>
   </trkpt>
   <trkpt lat="48.4253680" lon="7.4052830">
    <ele>812.3</ele>
    <time>2024-10-24T11:33:11Z</time>
   </trkpt>
   <trkpt lat="48.4253760" lon="7.4052850">
    <ele>812.4</ele>
    <time>2024-10-24T11:33:12Z</time>
   </trkpt>
   <trkpt lat="48.4253850" lon="7.4052870">
    <ele>812.5</ele>
    <time>2024-10-24T11:33:13Z</time>
   </trkpt>
   <trkpt lat="48.4253940" lon="7.4052870">
    <ele>812.5</ele>
    <time>2024-10-24T11:33:14Z</time>
   </trkpt>
   <trkpt lat="48.4254030" lon="7.4052820">
    <ele>812.6</ele>
    <time>2024-10-24T11:33:15Z</time>
   </trkpt>
   <trkpt lat="48.4254060" lon="7.4052710">
    <ele>812.7</ele>
    <time>2024-10-24T11:33:16Z</time>
   </trkpt>
   <trkpt lat="48.4254070" lon="7.4052620">
    <ele>812.7</ele>
    <time>2024-10-24T11:33:17Z</time>
   </trkpt>
   <trkpt lat="48.4254070" lon="7.4052600">
    <ele>812.7</ele>
    <time>2024-10-24T11:33:18Z</time>
   </trkpt>
   <trkpt lat="48.4254070" lon="7.4052580">
    <ele>812.7</ele>
    <time>2024-10-24T11:33:19Z</time>
   </trkpt>
   <trkpt lat="48.4254070" lon="7.4052580">
    <ele>812.7</ele>
    <time>2024-10-24T11:33:20Z</time>
   </trkpt>
   <trkpt lat="48.4254070" lon="7.4052570">
    <ele>812.7</ele>
    <time>2024-10-24T11:33:21Z</time>
   </trkpt>
   <trkpt lat="48.4254070" lon="7.4052560">
    <ele>812.8</ele>
    <time>2024-10-24T11:33:22Z</time>
   </trkpt>
   <trkpt lat="48.4254080" lon="7.4052550">
    <ele>812.8</ele>
    <time>2024-10-24T11:33:23Z</time>
   </trkpt>
   <trkpt lat="48.4254080" lon="7.4052540">
    <ele>812.8</ele>
    <time>2024-10-24T11:33:24Z</time>
   </trkpt>
   <trkpt lat="48.4254080" lon="7.4052530">
    <ele>812.8</ele>
    <time>2024-10-24T11:33:25Z</time>
   </trkpt>
   <trkpt lat="48.4254080" lon="7.4052530">
    <ele>812.8</ele>
    <time>2024-10-24T11:33:26Z</time>
   </trkpt>
   <trkpt lat="48.4254080" lon="7.4052530">
    <ele>812.8</ele>
    <time>2024-10-24T11:33:27Z</time>
   </trkpt>
   <trkpt lat="48.4254080" lon="7.4052520">
    <ele>812.8</ele>
    <time>2024-10-24T11:33:28Z</time>
   </trkpt>
   <trkpt lat="48.4254090" lon="7.4052510">
    <ele>812.8</ele>
    <time>2024-10-24T11:33:29Z</time>
   </trkpt>
   <trkpt lat="48.4254090" lon="7.4052510">
    <ele>812.8</ele>
    <time>2024-10-24T11:33:30Z</time>
   </trkpt>
   <trkpt lat="48.4254090" lon="7.4052500">
    <ele>812.8</ele>
    <time>2024-10-24T11:33:31Z</time>
   </trkpt>
   <trkpt lat="48.4254080" lon="7.4052500">
    <ele>812.8</ele>
    <time>2024-10-24T11:33:32Z</time>
   </trkpt>
   <trkpt lat="48.4254080" lon="7.4052510">
    <ele>812.8</ele>
    <time>2024-10-24T11:33:33Z</time>
   </trkpt>
   <trkpt lat="48.4254080" lon="7.4052510">
    <ele>812.8</ele>
    <time>2024-10-24T11:33:34Z</time>
   </trkpt>
   <trkpt lat="48.4254100" lon="7.4052500">
    <ele>812.8</ele>
    <time>2024-10-24T11:33:35Z</time>
   </trkpt>
   <trkpt lat="48.4254140" lon="7.4052470">
    <ele>812.9</ele>
    <time>2024-10-24T11:33:36Z</time>
   </trkpt>
   <trkpt lat="48.4254150" lon="7.4052450">
    <ele>812.9</ele>
    <time>2024-10-24T11:33:37Z</time>
   </trkpt>
   <trkpt lat="48.4253460" lon="7.4051750">
    <ele>812.1</ele>
    <time>2024-10-24T11:33:39Z</time>
   </trkpt>
   <trkpt lat="48.4252820" lon="7.4051150">
    <ele>811.5</ele>
    <time>2024-10-24T11:39:51Z</time>
   </trkpt>
   <trkpt lat="48.4252190" lon="7.4050540">
    <ele>811.0</ele>
    <time>2024-10-24T11:39:52Z</time>
   </trkpt>
   <trkpt lat="48.4252110" lon="7.4050700">
    <ele>810.9</ele>
    <time>2024-10-24T11:39:53Z</time>
   </trkpt>
   <trkpt lat="48.4252110" lon="7.4050750">
    <ele>810.9</ele>
    <time>2024-10-24T11:39:54Z</time>
   </trkpt>
   <trkpt lat="48.4252060" lon="7.4050820">
    <ele>810.9</ele>
    <time>2024-10-24T11:39:55Z</time>
   </trkpt>
   <trkpt lat="48.4252060" lon="7.4050850">
    <ele>810.9</ele>
    <time>2024-10-24T11:39:56Z</time>
   </trkpt>
   <trkpt lat="48.4252020" lon="7.4050850">
    <ele>810.8</ele>
    <time>2024-10-24T11:39:57Z</time>
   </trkpt>
   <trkpt lat="48.4252020" lon="7.4050910">
    <ele>810.8</ele>
    <time>2024-10-24T11:39:58Z</time>
   </trkpt>
   <trkpt lat="48.4252060" lon="7.4050890">
    <ele>810.8</ele>
    <time>2024-10-24T11:39:59Z</time>
   </trkpt>
   <trkpt lat="48.4252090" lon="7.4050880">
    <ele>810.8</ele>
    <time>2024-10-24T11:40:00Z</time>
   </trkpt>
   <trkpt lat="48.4252100" lon="7.4050870">
    <ele>810.8</ele>
    <time>2024-10-24T11:40:01Z</time>
   </trkpt>
   <trkpt lat="48.4252100" lon="7.4050850">
    <ele>810.8</ele>
    <time>2024-10-24T11:40:02Z</time>
   </trkpt>
   <trkpt lat="48.4252090" lon="7.4050840">
    <ele>810.8</ele>
    <time>2024-10-24T11:40:03Z</time>
   </trkpt>
   <trkpt lat="48.4252070" lon="7.4050820">
    <ele>810.8</ele>
    <time>2024-10-24T11:40:04Z</time>
   </trkpt>
   <trkpt lat="48.4252060" lon="7.4050800">
    <ele>810.8</ele>
    <time>2024-10-24T11:40:05Z</time>
   </trkpt>
   <trkpt lat="48.4251930" lon="7.4050610">
    <ele>810.7</ele>
    <time>2024-10-24T11:40:06Z</time>
   </trkpt>
   <trkpt lat="48.4251870" lon="7.4050500">
    <ele>810.6</ele>
    <time>2024-10-24T11:40:07Z</time>
   </trkpt>
   <trkpt lat="48.4251730" lon="7.4050380">
    <ele>810.6</ele>
    <time>2024-10-24T11:40:08Z</time>
   </trkpt>
   <trkpt lat="48.4251660" lon="7.4050340">
    <ele>810.5</ele>
    <time>2024-10-24T11:40:09Z</time>
   </trkpt>
   <trkpt lat="48.4251590" lon="7.4050310">
    <ele>810.5</ele>
    <time>2024-10-24T11:40:10Z</time>
   </trkpt>
   <trkpt lat="48.4251520" lon="7.4050280">
    <ele>810.5</ele>
    <time>2024-10-24T11:40:11Z</time>
   </trkpt>
   <trkpt lat="48.4251420" lon="7.4050230">
    <ele>810.4</ele>
    <time>2024-10-24T11:40:12Z</time>
   </trkpt>
   <trkpt lat="48.4251330" lon="7.4050170">
    <ele>810.4</ele>
    <time>2024-10-24T11:40:13Z</time>
   </trkpt>
   <trkpt lat="48.4251250" lon="7.4050110">
    <ele>810.4</ele>
    <time>2024-10-24T11:40:14Z</time>
   </trkpt>
   <trkpt lat="48.4251160" lon="7.4050040">
    <ele>810.3</ele>
    <time>2024-10-24T11:40:15Z</time>
   </trkpt>
   <trkpt lat="48.4251100" lon="7.4050010">
    <ele>810.3</ele>
    <time>2024-10-24T11:40:16Z</time>
   </trkpt>
   <trkpt lat="48.4251020" lon="7.4049990">
    <ele>810.3</ele>
    <time>2024-10-24T11:40:17Z</time>
   </trkpt>
   <trkpt lat="48.4250960" lon="7.4049980">
    <ele>810.3</ele>
    <time>2024-10-24T11:40:18Z</time>
   </trkpt>
   <trkpt lat="48.4250900" lon="7.4049970">
    <ele>810.2</ele>
    <time>2024-10-24T11:40:19Z</time>
   </trkpt>
   <trkpt lat="48.4250840" lon="7.4049970">
    <ele>810.2</ele>
    <time>2024-10-24T11:40:20Z</time>
   </trkpt>
   <trkpt lat="48.4250780" lon="7.4049960">
    <ele>810.2</ele>
    <time>2024-10-24T11:40:21Z</time>
   </trkpt>
   <trkpt lat="48.4250700" lon="7.4049950">
    <ele>810.2</ele>
    <time>2024-10-24T11:40:22Z</time>
   </trkpt>
   <trkpt lat="48.4250610" lon="7.4049990">
    <ele>810.1</ele>
    <time>2024-10-24T11:40:23Z</time>
   </trkpt>
   <trkpt lat="48.4250570" lon="7.4050070">
    <ele>810.1</ele>
    <time>2024-10-24T11:40:24Z</time>
   </trkpt>
   <trkpt lat="48.4250550" lon="7.4050140">
    <ele>810.1</ele>
    <time>2024-10-24T11:40:25Z</time>
   </trkpt>
   <trkpt lat="48.4250450" lon="7.4050190">
    <ele>810.1</ele>
    <time>2024-10-24T11:40:26Z</time>
   </trkpt>
   <trkpt lat="48.4250350" lon="7.4050200">
    <ele>810.0</ele>
    <time>2024-10-24T11:40:27Z</time>
   </trkpt>
   <trkpt lat="48.4250220" lon="7.4050200">
    <ele>810.0</ele>
    <time>2024-10-24T11:40:28Z</time>
   </trkpt>
   <trkpt lat="48.4250140" lon="7.4050210">
    <ele>810.0</ele>
    <time>2024-10-24T11:40:29Z</time>
   </trkpt>
   <trkpt lat="48.4250050" lon="7.4050250">
    <ele>809.9</ele>
    <time>2024-10-24T11:40:30Z</time>
   </trkpt>
   <trkpt lat="48.4249970" lon="7.4050310">
    <ele>809.9</ele>
    <time>2024-10-24T11:40:31Z</time>
   </trkpt>
   <trkpt lat="48.4249890" lon="7.4050370">
    <ele>809.9</ele>
    <time>2024-10-24T11:40:32Z</time>
   </trkpt>
   <trkpt lat="48.4249790" lon="7.4050430">
    <ele>809.8</ele>
    <time>2024-10-24T11:40:33Z</time>
   </trkpt>
   <trkpt lat="48.4249740" lon="7.4050510">
    <ele>809.8</ele>
    <time>2024-10-24T11:40:34Z</time>
   </trkpt>
   <trkpt lat="48.4249660" lon="7.4050600">
    <ele>809.8</ele>
    <time>2024-10-24T11:40:35Z</time>
   </trkpt>
   <trkpt lat="48.4249600" lon="7.4050670">
    <ele>809.7</ele>
    <time>2024-10-24T11:40:36Z</time>
   </trkpt>
   <trkpt lat="48.4249540" lon="7.4050720">
    <ele>809.7</ele>
    <time>2024-10-24T11:40:37Z</time>
   </trkpt>
   <trkpt lat="48.4249440" lon="7.4050780">
    <ele>809.7</ele>
    <time>2024-10-24T11:40:38Z</time>
   </trkpt>
   <trkpt lat="48.4249400" lon="7.4050810">
    <ele>809.6</ele>
    <time>2024-10-24T11:40:39Z</time>
   </trkpt>
   <trkpt lat="48.4249330" lon="7.4050840">
    <ele>809.6</ele>
    <time>2024-10-24T11:40:40Z</time>
   </trkpt>
   <trkpt lat="48.4249260" lon="7.4050850">
    <ele>809.6</ele>
    <time>2024-10-24T11:40:41Z</time>
   </trkpt>
   <trkpt lat="48.4249200" lon="7.4050840">
    <ele>809.6</ele>
    <time>2024-10-24T11:40:42Z</time>
   </trkpt>
   <trkpt lat="48.4249120" lon="7.4050830">
    <ele>809.5</ele>
    <time>2024-10-24T11:40:43Z</time>
   </trkpt>
   <trkpt lat="48.4249070" lon="7.4050840">
    <ele>809.5</ele>
    <time>2024-10-24T11:40:44Z</time>
   </trkpt>
   <trkpt lat="48.4249000" lon="7.4050870">
    <ele>809.5</ele>
    <time>2024-10-24T11:40:45Z</time>
   </trkpt>
   <trkpt lat="48.4248930" lon="7.4050930">
    <ele>809.4</ele>
    <time>2024-10-24T11:40:46Z</time>
   </trkpt>
   <trkpt lat="48.4248840" lon="7.4050990">
    <ele>809.4</ele>
    <time>2024-10-24T11:40:47Z</time>
   </trkpt>
   <trkpt lat="48.4248730" lon="7.4051090">
    <ele>809.3</ele>
    <time>2024-10-24T11:40:48Z</time>
   </trkpt>
   <trkpt lat="48.4248670" lon="7.4051160">
    <ele>809.2</ele>
    <time>2024-10-24T11:40:49Z</time>
   </trkpt>
   <trkpt lat="48.4248580" lon="7.4051220">
    <ele>809.2</ele>
    <time>2024-10-24T11:40:50Z</time>
   </trkpt>
   <trkpt lat="48.4248480" lon="7.4051280">
    <ele>809.1</ele>
    <time>2024-10-24T11:40:51Z</time>
   </trkpt>
   <trkpt lat="48.4248390" lon="7.4051340">
    <ele>809.1</ele>
    <time>2024-10-24T11:40:52Z</time>
   </trkpt>
   <trkpt lat="48.4248270" lon="7.4051390">
    <ele>809.0</ele>
    <time>2024-10-24T11:40:53Z</time>
   </trkpt>
   <trkpt lat="48.4248200" lon="7.4051440">
    <ele>808.9</ele>
    <time>2024-10-24T11:40:54Z</time>
   </trkpt>
   <trkpt lat="48.4248110" lon="7.4051550">
    <ele>808.8</ele>
    <time>2024-10-24T11:40:55Z</time>
   </trkpt>
   <trkpt lat="48.4248020" lon="7.4051630">
    <ele>808.8</ele>
    <time>2024-10-24T11:40:56Z</time>
   </trkpt>
   <trkpt lat="48.4247940" lon="7.4051710">
    <ele>808.7</ele>
    <time>2024-10-24T11:40:57Z</time>
   </trkpt>
   <trkpt lat="48.4247840" lon="7.4051770">
    <ele>808.6</ele>
    <time>2024-10-24T11:40:58Z</time>
   </trkpt>
   <trkpt lat="48.4247740" lon="7.4051830">
    <ele>808.5</ele>
    <time>2024-10-24T11:40:59Z</time>
   </trkpt>
   <trkpt lat="48.4247640" lon="7.4051880">
    <ele>808.4</ele>
    <time>2024-10-24T11:41:00Z</time>
   </trkpt>
   <trkpt lat="48.4247510" lon="7.4051920">
    <ele>808.3</ele>
    <time>2024-10-24T11:41:01Z</time>
   </trkpt>
   <trkpt lat="48.4247400" lon="7.4051970">
    <ele>808.3</ele>
    <time>2024-10-24T11:41:02Z</time>
   </trkpt>
   <trkpt lat="48.4247260" lon="7.4052040">
    <ele>808.1</ele>
    <time>2024-10-24T11:41:03Z</time>
   </trkpt>
   <trkpt lat="48.4247200" lon="7.4052070">
    <ele>808.1</ele>
    <time>2024-10-24T11:41:04Z</time>
   </trkpt>
   <trkpt lat="48.4247120" lon="7.4052120">
    <ele>808.0</ele>
    <time>2024-10-24T11:41:05Z</time>
   </trkpt>
   <trkpt lat="48.4247040" lon="7.4052170">
    <ele>808.0</ele>
    <time>2024-10-24T11:41:06Z</time>
   </trkpt>
   <trkpt lat="48.4246960" lon="7.4052230">
    <ele>807.9</ele>
    <time>2024-10-24T11:41:07Z</time>
   </trkpt>
   <trkpt lat="48.4246860" lon="7.4052300">
    <ele>807.8</ele>
    <time>2024-10-24T11:41:08Z</time>
   </trkpt>
   <trkpt lat="48.4246780" lon="7.4052340">
    <ele>807.7</ele>
    <time>2024-10-24T11:41:09Z</time>
   </trkpt>
   <trkpt lat="48.4246700" lon="7.4052360">
    <ele>807.6</ele>
    <time>2024-10-24T11:41:10Z</time>
   </trkpt>
   <trkpt lat="48.4246620" lon="7.4052400">
    <ele>807.6</ele>
    <time>2024-10-24T11:41:11Z</time>
   </trkpt>
   <trkpt lat="48.4246530" lon="7.4052450">
    <ele>807.5</ele>
    <time>2024-10-24T11:41:12Z</time>
   </trkpt>
   <trkpt lat="48.4246440" lon="7.4052500">
    <ele>807.4</ele>
    <time>2024-10-24T11:41:13Z</time>
   </trkpt>
   <trkpt lat="48.4246360" lon="7.4052550">
    <ele>807.3</ele>
    <time>2024-10-24T11:41:14Z</time>
   </trkpt>
   <trkpt lat="48.4246280" lon="7.4052600">
    <ele>807.3</ele>
    <time>2024-10-24T11:41:15Z</time>
   </trkpt>
   <trkpt lat="48.4246190" lon="7.4052620">
    <ele>807.2</ele>
    <time>2024-10-24T11:41:16Z</time>
   </trkpt>
   <trkpt lat="48.4246100" lon="7.4052640">
    <ele>807.1</ele>
    <time>2024-10-24T11:41:17Z</time>
   </trkpt>
   <trkpt lat="48.4245980" lon="7.4052650">
    <ele>807.0</ele>
    <time>2024-10-24T11:41:18Z</time>
   </trkpt>
   <trkpt lat="48.4245890" lon="7.4052660">
    <ele>806.9</ele>
    <time>2024-10-24T11:41:19Z</time>
   </trkpt>
   <trkpt lat="48.4245820" lon="7.4052660">
    <ele>806.8</ele>
    <time>2024-10-24T11:41:20Z</time>
   </trkpt>
   <trkpt lat="48.4245740" lon="7.4052650">
    <ele>806.7</ele>
    <time>2024-10-24T11:41:21Z</time>
   </trkpt>
   <trkpt lat="48.4245670" lon="7.4052660">
    <ele>806.7</ele>
    <time>2024-10-24T11:41:22Z</time>
   </trkpt>
   <trkpt lat="48.4245560" lon="7.4052710">
    <ele>806.5</ele>
    <time>2024-10-24T11:41:23Z</time>
   </trkpt>
   <trkpt lat="48.4245500" lon="7.4052780">
    <ele>806.5</ele>
    <time>2024-10-24T11:41:24Z</time>
   </trkpt>
   <trkpt lat="48.4245410" lon="7.4052870">
    <ele>806.4</ele>
    <time>2024-10-24T11:41:25Z</time>
   </trkpt>
   <trkpt lat="48.4245330" lon="7.4052980">
    <ele>806.2</ele>
    <time>2024-10-24T11:41:26Z</time>
   </trkpt>
   <trkpt lat="48.4245230" lon="7.4053060">
    <ele>806.1</ele>
    <time>2024-10-24T11:41:27Z</time>
   </trkpt>
   <trkpt lat="48.4245120" lon="7.4053190">
    <ele>806.0</ele>
    <time>2024-10-24T11:41:28Z</time>
   </trkpt>
   <trkpt lat="48.4245060" lon="7.4053230">
    <ele>805.9</ele>
    <time>2024-10-24T11:41:29Z</time>
   </trkpt>
   <trkpt lat="48.4244970" lon="7.4053260">
    <ele>805.8</ele>
    <time>2024-10-24T11:41:30Z</time>
   </trkpt>
   <trkpt lat="48.4244870" lon="7.4053290">
    <ele>805.7</ele>
    <time>2024-10-24T11:41:31Z</time>
   </trkpt>
   <trkpt lat="48.4244780" lon="7.4053350">
    <ele>805.6</ele>
    <time>2024-10-24T11:41:32Z</time>
   </trkpt>
   <trkpt lat="48.4244670" lon="7.4053460">
    <ele>805.5</ele>
    <time>2024-10-24T11:41:33Z</time>
   </trkpt>
   <trkpt lat="48.4244620" lon="7.4053560">
    <ele>805.4</ele>
    <time>2024-10-24T11:41:34Z</time>
   </trkpt>
   <trkpt lat="48.4244550" lon="7.4053690">
    <ele>805.3</ele>
    <time>2024-10-24T11:41:35Z</time>
   </trkpt>
   <trkpt lat="48.4244490" lon="7.4053850">
    <ele>805.1</ele>
    <time>2024-10-24T11:41:36Z</time>
   </trkpt>
   <trkpt lat="48.4244450" lon="7.4053990">
    <ele>805.0</ele>
    <time>2024-10-24T11:41:37Z</time>
   </trkpt>
   <trkpt lat="48.4244400" lon="7.4054110">
    <ele>804.9</ele>
    <time>2024-10-24T11:41:38Z</time>
   </trkpt>
   <trkpt lat="48.4244350" lon="7.4054220">
    <ele>804.8</ele>
    <time>2024-10-24T11:41:39Z</time>
   </trkpt>
   <trkpt lat="48.4244300" lon="7.4054350">
    <ele>804.8</ele>
    <time>2024-10-24T11:41:40Z</time>
   </trkpt>
   <trkpt lat="48.4244280" lon="7.4054490">
    <ele>804.8</ele>
    <time>2024-10-24T11:41:41Z</time>
   </trkpt>
   <trkpt lat="48.4244240" lon="7.4054620">
    <ele>804.8</ele>
    <time>2024-10-24T11:41:42Z</time>
   </trkpt>
   <trkpt lat="48.4244180" lon="7.4054760">
    <ele>804.7</ele>
    <time>2024-10-24T11:41:43Z</time>
   </trkpt>
   <trkpt lat="48.4244120" lon="7.4054850">
    <ele>804.7</ele>
    <time>2024-10-24T11:41:44Z</time>
   </trkpt>
   <trkpt lat="48.4244050" lon="7.4054960">
    <ele>804.7</ele>
    <time>2024-10-24T11:41:45Z</time>
   </trkpt>
   <trkpt lat="48.4243970" lon="7.4055060">
    <ele>804.7</ele>
    <time>2024-10-24T11:41:46Z</time>
   </trkpt>
   <trkpt lat="48.4243890" lon="7.4055170">
    <ele>804.6</ele>
    <time>2024-10-24T11:41:47Z</time>
   </trkpt>
   <trkpt lat="48.4243790" lon="7.4055340">
    <ele>804.6</ele>
    <time>2024-10-24T11:41:48Z</time>
   </trkpt>
   <trkpt lat="48.4243740" lon="7.4055410">
    <ele>804.6</ele>
    <time>2024-10-24T11:41:49Z</time>
   </trkpt>
   <trkpt lat="48.4243680" lon="7.4055530">
    <ele>804.6</ele>
    <time>2024-10-24T11:41:50Z</time>
   </trkpt>
   <trkpt lat="48.4243580" lon="7.4055610">
    <ele>804.5</ele>
    <time>2024-10-24T11:41:51Z</time>
   </trkpt>
   <trkpt lat="48.4243490" lon="7.4055700">
    <ele>804.5</ele>
    <time>2024-10-24T11:41:52Z</time>
   </trkpt>
   <trkpt lat="48.4243380" lon="7.4055880">
    <ele>804.5</ele>
    <time>2024-10-24T11:41:53Z</time>
   </trkpt>
   <trkpt lat="48.4243300" lon="7.4055910">
    <ele>804.5</ele>
    <time>2024-10-24T11:41:54Z</time>
   </trkpt>
   <trkpt lat="48.4243220" lon="7.4056020">
    <ele>804.5</ele>
    <time>2024-10-24T11:41:55Z</time>
   </trkpt>
   <trkpt lat="48.4243130" lon="7.4056140">
    <ele>804.4</ele>
    <time>2024-10-24T11:41:56Z</time>
   </trkpt>
   <trkpt lat="48.4243050" lon="7.4056250">
    <ele>804.4</ele>
    <time>2024-10-24T11:41:57Z</time>
   </trkpt>
   <trkpt lat="48.4243000" lon="7.4056400">
    <ele>804.4</ele>
    <time>2024-10-24T11:41:58Z</time>
   </trkpt>
   <trkpt lat="48.4242950" lon="7.4056550">
    <ele>804.4</ele>
    <time>2024-10-24T11:41:59Z</time>
   </trkpt>
   <trkpt lat="48.4242910" lon="7.4056710">
    <ele>804.4</ele>
    <time>2024-10-24T11:42:00Z</time>
   </trkpt>
   <trkpt lat="48.4242830" lon="7.4056820">
    <ele>804.3</ele>
    <time>2024-10-24T11:42:01Z</time>
   </trkpt>
   <trkpt lat="48.4242740" lon="7.4056910">
    <ele>804.3</ele>
    <time>2024-10-24T11:42:02Z</time>
   </trkpt>
   <trkpt lat="48.4242650" lon="7.4057030">
    <ele>804.3</ele>
    <time>2024-10-24T11:42:03Z</time>
   </trkpt>
   <trkpt lat="48.4242590" lon="7.4057030">
    <ele>804.2</ele>
    <time>2024-10-24T11:42:04Z</time>
   </trkpt>
   <trkpt lat="48.4242560" lon="7.4057020">
    <ele>804.2</ele>
    <time>2024-10-24T11:42:05Z</time>
   </trkpt>
   <trkpt lat="48.4242540" lon="7.4057010">
    <ele>804.2</ele>
    <time>2024-10-24T11:42:06Z</time>
   </trkpt>
   <trkpt lat="48.4242510" lon="7.4057000">
    <ele>804.1</ele>
    <time>2024-10-24T11:42:07Z</time>
   </trkpt>
   <trkpt lat="48.4242490" lon="7.4056980">
    <ele>804.1</ele>
    <time>2024-10-24T11:42:08Z</time>
   </trkpt>
   <trkpt lat="48.4242460" lon="7.4056970">
    <ele>804.0</ele>
    <time>2024-10-24T11:42:09Z</time>
   </trkpt>
   <trkpt lat="48.4242440" lon="7.4056960">
    <ele>804.0</ele>
    <time>2024-10-24T11:42:10Z</time>
   </trkpt>
   <trkpt lat="48.4242410" lon="7.4056950">
    <ele>804.0</ele>
    <time>2024-10-24T11:42:11Z</time>
   </trkpt>
   <trkpt lat="48.4242390" lon="7.4056930">
    <ele>803.9</ele>
    <time>2024-10-24T11:42:12Z</time>
   </trkpt>
   <trkpt lat="48.4242360" lon="7.4056920">
    <ele>803.9</ele>
    <time>2024-10-24T11:42:13Z</time>
   </trkpt>
   <trkpt lat="48.4242340" lon="7.4056910">
    <ele>803.9</ele>
    <time>2024-10-24T11:42:14Z</time>
   </trkpt>
   <trkpt lat="48.4242310" lon="7.4056900">
    <ele>803.8</ele>
    <time>2024-10-24T11:42:15Z</time>
   </trkpt>
   <trkpt lat="48.4242290" lon="7.4056880">
    <ele>803.8</ele>
    <time>2024-10-24T11:42:16Z</time>
   </trkpt>
   <trkpt lat="48.4241960" lon="7.4056940">
    <ele>803.4</ele>
    <time>2024-10-24T11:42:17Z</time>
   </trkpt>
   <trkpt lat="48.4241830" lon="7.4056990">
    <ele>803.2</ele>
    <time>2024-10-24T11:42:18Z</time>
   </trkpt>
   <trkpt lat="48.4241710" lon="7.4057010">
    <ele>803.1</ele>
    <time>2024-10-24T11:42:19Z</time>
   </trkpt>
   <trkpt lat="48.4241550" lon="7.4057030">
    <ele>802.9</ele>
    <time>2024-10-24T11:42:20Z</time>
   </trkpt>
   <trkpt lat="48.4241400" lon="7.4057030">
    <ele>802.7</ele>
    <time>2024-10-24T11:42:21Z</time>
   </trkpt>
   <trkpt lat="48.4241260" lon="7.4057010">
    <ele>802.5</ele>
    <time>2024-10-24T11:42:22Z</time>
   </trkpt>
   <trkpt lat="48.4241070" lon="7.4056940">
    <ele>802.2</ele>
    <time>2024-10-24T11:42:23Z</time>
   </trkpt>
   <trkpt lat="48.4241000" lon="7.4056880">
    <ele>802.1</ele>
    <time>2024-10-24T11:42:24Z</time>
   </trkpt>
   <trkpt lat="48.4240800" lon="7.4056800">
    <ele>801.8</ele>
    <time>2024-10-24T11:42:25Z</time>
   </trkpt>
   <trkpt lat="48.4240720" lon="7.4056780">
    <ele>801.7</ele>
    <time>2024-10-24T11:42:26Z</time>
   </trkpt>
   <trkpt lat="48.4240630" lon="7.4056750">
    <ele>801.5</ele>
    <time>2024-10-24T11:42:27Z</time>
   </trkpt>
   <trkpt lat="48.4240470" lon="7.4056790">
    <ele>801.3</ele>
    <time>2024-10-24T11:42:28Z</time>
   </trkpt>
   <trkpt lat="48.4240400" lon="7.4056830">
    <ele>801.2</ele>
    <time>2024-10-24T11:42:29Z</time>
   </trkpt>
   <trkpt lat="48.4240290" lon="7.4056870">
    <ele>801.0</ele>
    <time>2024-10-24T11:42:30Z</time>
   </trkpt>
   <trkpt lat="48.4240070" lon="7.4056910">
    <ele>800.7</ele>
    <time>2024-10-24T11:42:31Z</time>
   </trkpt>
   <trkpt lat="48.4239980" lon="7.4056940">
    <ele>800.6</ele>
    <time>2024-10-24T11:42:32Z</time>
   </trkpt>
   <trkpt lat="48.4239880" lon="7.4056960">
    <ele>800.4</ele>
    <time>2024-10-24T11:42:33Z</time>
   </trkpt>
   <trkpt lat="48.4239830" lon="7.4056980">
    <ele>800.4</ele>
    <time>2024-10-24T11:42:34Z</time>
   </trkpt>
   <trkpt lat="48.4239720" lon="7.4056940">
    <ele>800.2</ele>
    <time>2024-10-24T11:42:35Z</time>
   </trkpt>
   <trkpt lat="48.4239660" lon="7.4056890">
    <ele>800.1</ele>
    <time>2024-10-24T11:42:36Z</time>
   </trkpt>
   <trkpt lat="48.4239570" lon="7.4056850">
    <ele>800.0</ele>
    <time>2024-10-24T11:42:37Z</time>
   </trkpt>
   <trkpt lat="48.4239450" lon="7.4056800">
    <ele>799.8</ele>
    <time>2024-10-24T11:42:38Z</time>
   </trkpt>
   <trkpt lat="48.4239390" lon="7.4056780">
    <ele>799.7</ele>
    <time>2024-10-24T11:42:39Z</time>
   </trkpt>
   <trkpt lat="48.4239310" lon="7.4056790">
    <ele>799.6</ele>
    <time>2024-10-24T11:42:40Z</time>
   </trkpt>
   <trkpt lat="48.4239190" lon="7.4056810">
    <ele>799.4</ele>
    <time>2024-10-24T11:42:41Z</time>
   </trkpt>
   <trkpt lat="48.4239100" lon="7.4056830">
    <ele>799.2</ele>
    <time>2024-10-24T11:42:42Z</time>
   </trkpt>
   <trkpt lat="48.4238990" lon="7.4056840">
    <ele>799.1</ele>
    <time>2024-10-24T11:42:43Z</time>
   </trkpt>
   <trkpt lat="48.4238890" lon="7.4056860">
    <ele>798.9</ele>
    <time>2024-10-24T11:42:44Z</time>
   </trkpt>
   <trkpt lat="48.4238810" lon="7.4056860">
    <ele>798.7</ele>
    <time>2024-10-24T11:42:45Z</time>
   </trkpt>
   <trkpt lat="48.4238720" lon="7.4056900">
    <ele>798.6</ele>
    <time>2024-10-24T11:42:46Z</time>
   </trkpt>
   <trkpt lat="48.4238630" lon="7.4056940">
    <ele>798.4</ele>
    <time>2024-10-24T11:42:47Z</time>
   </trkpt>
   <trkpt lat="48.4238520" lon="7.4056980">
    <ele>798.2</ele>
    <time>2024-10-24T11:42:48Z</time>
   </trkpt>
   <trkpt lat="48.4238430" lon="7.4056980">
    <ele>798.0</ele>
    <time>2024-10-24T11:42:49Z</time>
   </trkpt>
   <trkpt lat="48.4238340" lon="7.4056980">
    <ele>797.9</ele>
    <time>2024-10-24T11:42:50Z</time>
   </trkpt>
   <trkpt lat="48.4238230" lon="7.4057000">
    <ele>797.6</ele>
    <time>2024-10-24T11:42:51Z</time>
   </trkpt>
   <trkpt lat="48.4238160" lon="7.4057030">
    <ele>797.5</ele>
    <time>2024-10-24T11:42:52Z</time>
   </trkpt>
   <trkpt lat="48.4238080" lon="7.4057030">
    <ele>797.3</ele>
    <time>2024-10-24T11:42:53Z</time>
   </trkpt>
   <trkpt lat="48.4238010" lon="7.4056930">
    <ele>797.2</ele>
    <time>2024-10-24T11:42:54Z</time>
   </trkpt>
   <trkpt lat="48.4237970" lon="7.4056860">
    <ele>797.0</ele>
    <time>2024-10-24T11:42:55Z</time>
   </trkpt>
   <trkpt lat="48.4237880" lon="7.4056860">
    <ele>796.9</ele>
    <time>2024-10-24T11:42:56Z</time>
   </trkpt>
   <trkpt lat="48.4237780" lon="7.4056850">
    <ele>796.2</ele>
    <time>2024-10-24T11:42:57Z</time>
   </trkpt>
   <trkpt lat="48.4237680" lon="7.4056710">
    <ele>795.9</ele>
    <time>2024-10-24T11:42:58Z</time>
   </trkpt>
   <trkpt lat="48.4237640" lon="7.4056650">
    <ele>795.8</ele>
    <time>2024-10-24T11:42:59Z</time>
   </trkpt>
   <trkpt lat="48.4237620" lon="7.4056610">
    <ele>795.7</ele>
    <time>2024-10-24T11:43:00Z</time>
   </trkpt>
   <trkpt lat="48.4237630" lon="7.4056580">
    <ele>795.6</ele>
    <time>2024-10-24T11:43:01Z</time>
   </trkpt>
   <trkpt lat="48.4237650" lon="7.4056560">
    <ele>795.6</ele>
    <time>2024-10-24T11:43:02Z</time>
   </trkpt>
   <trkpt lat="48.4237660" lon="7.4056530">
    <ele>795.5</ele>
    <time>2024-10-24T11:43:03Z</time>
   </trkpt>
   <trkpt lat="48.4237670" lon="7.4056510">
    <ele>795.5</ele>
    <time>2024-10-24T11:43:04Z</time>
   </trkpt>
   <trkpt lat="48.4237690" lon="7.4056480">
    <ele>795.4</ele>
    <time>2024-10-24T11:43:05Z</time>
   </trkpt>
   <trkpt lat="48.4237700" lon="7.4056460">
    <ele>795.4</ele>
    <time>2024-10-24T11:43:06Z</time>
   </trkpt>
   <trkpt lat="48.4237720" lon="7.4056430">
    <ele>795.4</ele>
    <time>2024-10-24T11:43:07Z</time>
   </trkpt>
   <trkpt lat="48.4237730" lon="7.4056410">
    <ele>795.3</ele>
    <time>2024-10-24T11:43:08Z</time>
   </trkpt>
   <trkpt lat="48.4237750" lon="7.4056380">
    <ele>795.3</ele>
    <time>2024-10-24T11:43:09Z</time>
   </trkpt>
   <trkpt lat="48.4237760" lon="7.4056360">
    <ele>795.2</ele>
    <time>2024-10-24T11:43:10Z</time>
   </trkpt>
   <trkpt lat="48.4237770" lon="7.4056330">
    <ele>795.2</ele>
    <time>2024-10-24T11:43:11Z</time>
   </trkpt>
   <trkpt lat="48.4237790" lon="7.4056310">
    <ele>795.1</ele>
    <time>2024-10-24T11:43:12Z</time>
   </trkpt>
   <trkpt lat="48.4237800" lon="7.4056280">
    <ele>795.1</ele>
    <time>2024-10-24T11:43:13Z</time>
   </trkpt>
   <trkpt lat="48.4237820" lon="7.4056260">
    <ele>795.0</ele>
    <time>2024-10-24T11:43:14Z</time>
   </trkpt>
   <trkpt lat="48.4237830" lon="7.4056230">
    <ele>795.0</ele>
    <time>2024-10-24T11:43:15Z</time>
   </trkpt>
   <trkpt lat="48.4237840" lon="7.4056210">
    <ele>795.0</ele>
    <time>2024-10-24T11:43:16Z</time>
   </trkpt>
   <trkpt lat="48.4237860" lon="7.4056180">
    <ele>794.9</ele>
    <time>2024-10-24T11:43:17Z</time>
   </trkpt>
   <trkpt lat="48.4237870" lon="7.4056160">
    <ele>794.9</ele>
    <time>2024-10-24T11:43:18Z</time>
   </trkpt>
   <trkpt lat="48.4237890" lon="7.4056130">
    <ele>794.8</ele>
    <time>2024-10-24T11:43:19Z</time>
   </trkpt>
   <trkpt lat="48.4237900" lon="7.4056110">
    <ele>794.8</ele>
    <time>2024-10-24T11:43:20Z</time>
   </trkpt>
   <trkpt lat="48.4237960" lon="7.4055940">
    <ele>794.5</ele>
    <time>2024-10-24T11:43:21Z</time>
   </trkpt>
   <trkpt lat="48.4238020" lon="7.4055930">
    <ele>794.4</ele>
    <time>2024-10-24T11:43:22Z</time>
   </trkpt>
   <trkpt lat="48.4238090" lon="7.4055950">
    <ele>794.3</ele>
    <time>2024-10-24T11:43:23Z</time>
   </trkpt>
   <trkpt lat="48.4238130" lon="7.4055880">
    <ele>794.1</ele>
    <time>2024-10-24T11:43:24Z</time>
   </trkpt>
   <trkpt lat="48.4238170" lon="7.4055780">
    <ele>794.0</ele>
    <time>2024-10-24T11:43:25Z</time>
   </trkpt>
   <trkpt lat="48.4238220" lon="7.4055680">
    <ele>793.8</ele>
    <time>2024-10-24T11:43:26Z</time>
   </trkpt>
   <trkpt lat="48.4238260" lon="7.4055610">
    <ele>793.7</ele>
    <time>2024-10-24T11:43:27Z</time>
   </trkpt>
   <trkpt lat="48.4238310" lon="7.4055500">
    <ele>793.5</ele>
    <time>2024-10-24T11:43:28Z</time>
   </trkpt>
   <trkpt lat="48.4238360" lon="7.4055410">
    <ele>793.4</ele>
    <time>2024-10-24T11:43:29Z</time>
   </trkpt>
   <trkpt lat="48.4238420" lon="7.4055320">
    <ele>793.2</ele>
    <time>2024-10-24T11:43:30Z</time>
   </trkpt>
   <trkpt lat="48.4238470" lon="7.4055220">
    <ele>793.1</ele>
    <time>2024-10-24T11:43:31Z</time>
   </trkpt>
   <trkpt lat="48.4238510" lon="7.4055140">
    <ele>793.0</ele>
    <time>2024-10-24T11:43:32Z</time>
   </trkpt>
   <trkpt lat="48.4238590" lon="7.4055110">
    <ele>792.8</ele>
    <time>2024-10-24T11:43:33Z</time>
   </trkpt>
   <trkpt lat="48.4238650" lon="7.4055050">
    <ele>792.7</ele>
    <time>2024-10-24T11:43:34Z</time>
   </trkpt>
   <trkpt lat="48.4238690" lon="7.4054990">
    <ele>792.6</ele>
    <time>2024-10-24T11:43:35Z</time>
   </trkpt>
   <trkpt lat="48.4238720" lon="7.4054910">
    <ele>792.5</ele>
    <time>2024-10-24T11:43:36Z</time>
   </trkpt>
   <trkpt lat="48.4238750" lon="7.4054800">
    <ele>792.4</ele>
    <time>2024-10-24T11:43:37Z</time>
   </trkpt>
   <trkpt lat="48.4238790" lon="7.4054690">
    <ele>792.2</ele>
    <time>2024-10-24T11:43:38Z</time>
   </trkpt>
   <trkpt lat="48.4238830" lon="7.4054570">
    <ele>792.1</ele>
    <time>2024-10-24T11:43:39Z</time>
   </trkpt>
   <trkpt lat="48.4238880" lon="7.4054460">
    <ele>791.9</ele>
    <time>2024-10-24T11:43:40Z</time>
   </trkpt>
   <trkpt lat="48.4238930" lon="7.4054370">
    <ele>791.8</ele>
    <time>2024-10-24T11:43:41Z</time>
   </trkpt>
   <trkpt lat="48.4238970" lon="7.4054320">
    <ele>791.7</ele>
    <time>2024-10-24T11:43:42Z</time>
   </trkpt>
   <trkpt lat="48.4239010" lon="7.4054210">
    <ele>791.6</ele>
    <time>2024-10-24T11:43:43Z</time>
   </trkpt>
   <trkpt lat="48.4239050" lon="7.4054130">
    <ele>791.4</ele>
    <time>2024-10-24T11:43:44Z</time>
   </trkpt>
   <trkpt lat="48.4239110" lon="7.4054020">
    <ele>791.3</ele>
    <time>2024-10-24T11:43:45Z</time>
   </trkpt>
   <trkpt lat="48.4239160" lon="7.4053930">
    <ele>791.1</ele>
    <time>2024-10-24T11:43:46Z</time>
   </trkpt>
   <trkpt lat="48.4239220" lon="7.4053860">
    <ele>791.0</ele>
    <time>2024-10-24T11:43:47Z</time>
   </trkpt>
   <trkpt lat="48.4239250" lon="7.4053790">
    <ele>790.9</ele>
    <time>2024-10-24T11:43:48Z</time>
   </trkpt>
   <trkpt lat="48.4239290" lon="7.4053680">
    <ele>790.8</ele>
    <time>2024-10-24T11:43:49Z</time>
   </trkpt>
   <trkpt lat="48.4239320" lon="7.4053550">
    <ele>790.6</ele>
    <time>2024-10-24T11:43:50Z</time>
   </trkpt>
   <trkpt lat="48.4239360" lon="7.4053390">
    <ele>790.4</ele>
    <time>2024-10-24T11:43:51Z</time>
   </trkpt>
   <trkpt lat="48.4239380" lon="7.4053290">
    <ele>790.3</ele>
    <time>2024-10-24T11:43:52Z</time>
   </trkpt>
   <trkpt lat="48.4239430" lon="7.4053140">
    <ele>790.1</ele>
    <time>2024-10-24T11:43:53Z</time>
   </trkpt>
   <trkpt lat="48.4239470" lon="7.4053010">
    <ele>789.9</ele>
    <time>2024-10-24T11:43:54Z</time>
   </trkpt>
   <trkpt lat="48.4239510" lon="7.4052870">
    <ele>789.8</ele>
    <time>2024-10-24T11:43:55Z</time>
   </trkpt>
   <trkpt lat="48.4239550" lon="7.4052720">
    <ele>789.6</ele>
    <time>2024-10-24T11:43:56Z</time>
   </trkpt>
   <trkpt lat="48.4239580" lon="7.4052590">
    <ele>789.4</ele>
    <time>2024-10-24T11:43:57Z</time>
   </trkpt>
   <trkpt lat="48.4239610" lon="7.4052470">
    <ele>789.3</ele>
    <time>2024-10-24T11:43:58Z</time>
   </trkpt>
   <trkpt lat="48.4239620" lon="7.4052380">
    <ele>789.2</ele>
    <time>2024-10-24T11:43:59Z</time>
   </trkpt>
   <trkpt lat="48.4239640" lon="7.4052280">
    <ele>789.1</ele>
    <time>2024-10-24T11:44:00Z</time>
   </trkpt>
   <trkpt lat="48.4239650" lon="7.4052140">
    <ele>788.9</ele>
    <time>2024-10-24T11:44:01Z</time>
   </trkpt>
   <trkpt lat="48.4239660" lon="7.4051990">
    <ele>788.7</ele>
    <time>2024-10-24T11:44:02Z</time>
   </trkpt>
   <trkpt lat="48.4239680" lon="7.4051890">
    <ele>788.6</ele>
    <time>2024-10-24T11:44:03Z</time>
   </trkpt>
   <trkpt lat="48.4239710" lon="7.4051780">
    <ele>788.5</ele>
    <time>2024-10-24T11:44:04Z</time>
   </trkpt>
   <trkpt lat="48.4239750" lon="7.4051700">
    <ele>788.3</ele>
    <time>2024-10-24T11:44:05Z</time>
   </trkpt>
   <trkpt lat="48.4239810" lon="7.4051590">
    <ele>788.2</ele>
    <time>2024-10-24T11:44:06Z</time>
   </trkpt>
   <trkpt lat="48.4239860" lon="7.4051480">
    <ele>788.0</ele>
    <time>2024-10-24T11:44:07Z</time>
   </trkpt>
   <trkpt lat="48.4239870" lon="7.4051400">
    <ele>787.9</ele>
    <time>2024-10-24T11:44:08Z</time>
   </trkpt>
   <trkpt lat="48.4239890" lon="7.4051310">
    <ele>787.8</ele>
    <time>2024-10-24T11:44:09Z</time>
   </trkpt>
   <trkpt lat="48.4239920" lon="7.4051170">
    <ele>787.7</ele>
    <time>2024-10-24T11:44:10Z</time>
   </trkpt>
   <trkpt lat="48.4239960" lon="7.4051070">
    <ele>787.5</ele>
    <time>2024-10-24T11:44:11Z</time>
   </trkpt>
   <trkpt lat="48.4239980" lon="7.4050980">
    <ele>787.4</ele>
    <time>2024-10-24T11:44:12Z</time>
   </trkpt>
   <trkpt lat="48.4240030" lon="7.4050870">
    <ele>787.3</ele>
    <time>2024-10-24T11:44:13Z</time>
   </trkpt>
   <trkpt lat="48.4240070" lon="7.4050780">
    <ele>787.1</ele>
    <time>2024-10-24T11:44:14Z</time>
   </trkpt>
   <trkpt lat="48.4240110" lon="7.4050700">
    <ele>787.0</ele>
    <time>2024-10-24T11:44:15Z</time>
   </trkpt>
   <trkpt lat="48.4240130" lon="7.4050610">
    <ele>786.9</ele>
    <time>2024-10-24T11:44:16Z</time>
   </trkpt>
   <trkpt lat="48.4240110" lon="7.4050580">
    <ele>786.9</ele>
    <time>2024-10-24T11:44:17Z</time>
   </trkpt>
   <trkpt lat="48.4240080" lon="7.4050580">
    <ele>786.8</ele>
    <time>2024-10-24T11:44:18Z</time>
   </trkpt>
   <trkpt lat="48.4240070" lon="7.4050570">
    <ele>786.8</ele>
    <time>2024-10-24T11:44:19Z</time>
   </trkpt>
   <trkpt lat="48.4240050" lon="7.4050530">
    <ele>786.7</ele>
    <time>2024-10-24T11:44:20Z</time>
   </trkpt>
   <trkpt lat="48.4240020" lon="7.4050480">
    <ele>786.7</ele>
    <time>2024-10-24T11:44:21Z</time>
   </trkpt>
   <trkpt lat="48.4240000" lon="7.4050410">
    <ele>786.6</ele>
    <time>2024-10-24T11:44:22Z</time>
   </trkpt>
   <trkpt lat="48.4239990" lon="7.4050350">
    <ele>786.5</ele>
    <time>2024-10-24T11:44:23Z</time>
   </trkpt>
   <trkpt lat="48.4240030" lon="7.4050060">
    <ele>786.2</ele>
    <time>2024-10-24T11:44:24Z</time>
   </trkpt>
   <trkpt lat="48.4240060" lon="7.4049920">
    <ele>786.0</ele>
    <time>2024-10-24T11:44:25Z</time>
   </trkpt>
   <trkpt lat="48.4240100" lon="7.4049780">
    <ele>785.9</ele>
    <time>2024-10-24T11:44:26Z</time>
   </trkpt>
   <trkpt lat="48.4240110" lon="7.4049560">
    <ele>785.6</ele>
    <time>2024-10-24T11:44:27Z</time>
   </trkpt>
   <trkpt lat="48.4240090" lon="7.4049360">
    <ele>785.4</ele>
    <time>2024-10-24T11:44:28Z</time>
   </trkpt>
   <trkpt lat="48.4240070" lon="7.4049200">
    <ele>785.2</ele>
    <time>2024-10-24T11:44:29Z</time>
   </trkpt>
   <trkpt lat="48.4240090" lon="7.4049030">
    <ele>785.0</ele>
    <time>2024-10-24T11:44:30Z</time>
   </trkpt>
   <trkpt lat="48.4240130" lon="7.4048900">
    <ele>784.9</ele>
    <time>2024-10-24T11:44:31Z</time>
   </trkpt>
   <trkpt lat="48.4240180" lon="7.4048800">
    <ele>784.7</ele>
    <time>2024-10-24T11:44:32Z</time>
   </trkpt>
   <trkpt lat="48.4240250" lon="7.4048700">
    <ele>784.6</ele>
    <time>2024-10-24T11:44:33Z</time>
   </trkpt>
   <trkpt lat="48.4240300" lon="7.4048630">
    <ele>784.4</ele>
    <time>2024-10-24T11:44:34Z</time>
   </trkpt>
   <trkpt lat="48.4240350" lon="7.4048520">
    <ele>784.3</ele>
    <time>2024-10-24T11:44:35Z</time>
   </trkpt>
   <trkpt lat="48.4240370" lon="7.4048370">
    <ele>784.2</ele>
    <time>2024-10-24T11:44:36Z</time>
   </trkpt>
   <trkpt lat="48.4240370" lon="7.4048240">
    <ele>784.0</ele>
    <time>2024-10-24T11:44:37Z</time>
   </trkpt>
   <trkpt lat="48.4240360" lon="7.4048090">
    <ele>783.9</ele>
    <time>2024-10-24T11:44:38Z</time>
   </trkpt>
   <trkpt lat="48.4240370" lon="7.4047980">
    <ele>783.8</ele>
    <time>2024-10-24T11:44:39Z</time>
   </trkpt>
   <trkpt lat="48.4240370" lon="7.4047840">
    <ele>783.6</ele>
    <time>2024-10-24T11:44:40Z</time>
   </trkpt>
   <trkpt lat="48.4240390" lon="7.4047690">
    <ele>783.5</ele>
    <time>2024-10-24T11:44:41Z</time>
   </trkpt>
   <trkpt lat="48.4240420" lon="7.4047540">
    <ele>783.3</ele>
    <time>2024-10-24T11:44:42Z</time>
   </trkpt>
   <trkpt lat="48.4240460" lon="7.4047400">
    <ele>783.2</ele>
    <time>2024-10-24T11:44:43Z</time>
   </trkpt>
   <trkpt lat="48.4240480" lon="7.4047300">
    <ele>783.1</ele>
    <time>2024-10-24T11:44:44Z</time>
   </trkpt>
   <trkpt lat="48.4240530" lon="7.4047070">
    <ele>782.8</ele>
    <time>2024-10-24T11:44:45Z</time>
   </trkpt>
   <trkpt lat="48.4240560" lon="7.4046970">
    <ele>782.7</ele>
    <time>2024-10-24T11:44:46Z</time>
   </trkpt>
   <trkpt lat="48.4240590" lon="7.4046860">
    <ele>782.6</ele>
    <time>2024-10-24T11:44:47Z</time>
   </trkpt>
   <trkpt lat="48.4240620" lon="7.4046760">
    <ele>782.5</ele>
    <time>2024-10-24T11:44:48Z</time>
   </trkpt>
   <trkpt lat="48.4240660" lon="7.4046690">
    <ele>782.4</ele>
    <time>2024-10-24T11:44:49Z</time>
   </trkpt>
   <trkpt lat="48.4240710" lon="7.4046570">
    <ele>782.3</ele>
    <time>2024-10-24T11:44:50Z</time>
   </trkpt>
   <trkpt lat="48.4240760" lon="7.4046450">
    <ele>782.1</ele>
    <time>2024-10-24T11:44:51Z</time>
   </trkpt>
   <trkpt lat="48.4240820" lon="7.4046340">
    <ele>782.0</ele>
    <time>2024-10-24T11:44:52Z</time>
   </trkpt>
   <trkpt lat="48.4240880" lon="7.4046210">
    <ele>781.9</ele>
    <time>2024-10-24T11:44:53Z</time>
   </trkpt>
   <trkpt lat="48.4240920" lon="7.4046120">
    <ele>781.8</ele>
    <time>2024-10-24T11:44:54Z</time>
   </trkpt>
   <trkpt lat="48.4240960" lon="7.4046010">
    <ele>781.7</ele>
    <time>2024-10-24T11:44:55Z</time>
   </trkpt>
   <trkpt lat="48.4241000" lon="7.4045900">
    <ele>781.6</ele>
    <time>2024-10-24T11:44:56Z</time>
   </trkpt>
   <trkpt lat="48.4241050" lon="7.4045790">
    <ele>781.4</ele>
    <time>2024-10-24T11:44:57Z</time>
   </trkpt>
   <trkpt lat="48.4241070" lon="7.4045670">
    <ele>781.3</ele>
    <time>2024-10-24T11:44:58Z</time>
   </trkpt>
   <trkpt lat="48.4241080" lon="7.4045570">
    <ele>781.2</ele>
    <time>2024-10-24T11:44:59Z</time>
   </trkpt>
   <trkpt lat="48.4241050" lon="7.4045470">
    <ele>781.2</ele>
    <time>2024-10-24T11:45:00Z</time>
   </trkpt>
   <trkpt lat="48.4241040" lon="7.4045360">
    <ele>781.1</ele>
    <time>2024-10-24T11:45:01Z</time>
   </trkpt>
   <trkpt lat="48.4241080" lon="7.4045260">
    <ele>780.9</ele>
    <time>2024-10-24T11:45:02Z</time>
   </trkpt>
   <trkpt lat="48.4241140" lon="7.4045130">
    <ele>780.8</ele>
    <time>2024-10-24T11:45:03Z</time>
   </trkpt>
   <trkpt lat="48.4241160" lon="7.4045030">
    <ele>780.7</ele>
    <time>2024-10-24T11:45:04Z</time>
   </trkpt>
   <trkpt lat="48.4241160" lon="7.4044880">
    <ele>780.6</ele>
    <time>2024-10-24T11:45:05Z</time>
   </trkpt>
   <trkpt lat="48.4241160" lon="7.4044750">
    <ele>780.5</ele>
    <time>2024-10-24T11:45:06Z</time>
   </trkpt>
   <trkpt lat="48.4241180" lon="7.4044640">
    <ele>780.4</ele>
    <time>2024-10-24T11:45:07Z</time>
   </trkpt>
   <trkpt lat="48.4241250" lon="7.4044550">
    <ele>780.2</ele>
    <time>2024-10-24T11:45:08Z</time>
   </trkpt>
   <trkpt lat="48.4241300" lon="7.4044450">
    <ele>780.1</ele>
    <time>2024-10-24T11:45:09Z</time>
   </trkpt>
   <trkpt lat="48.4241370" lon="7.4044370">
    <ele>780.0</ele>
    <time>2024-10-24T11:45:10Z</time>
   </trkpt>
   <trkpt lat="48.4241430" lon="7.4044290">
    <ele>779.9</ele>
    <time>2024-10-24T11:45:11Z</time>
   </trkpt>
   <trkpt lat="48.4241470" lon="7.4044190">
    <ele>779.8</ele>
    <time>2024-10-24T11:45:12Z</time>
   </trkpt>
   <trkpt lat="48.4241510" lon="7.4044040">
    <ele>779.7</ele>
    <time>2024-10-24T11:45:13Z</time>
   </trkpt>
   <trkpt lat="48.4241530" lon="7.4043950">
    <ele>779.6</ele>
    <time>2024-10-24T11:45:14Z</time>
   </trkpt>
   <trkpt lat="48.4241560" lon="7.4043860">
    <ele>779.5</ele>
    <time>2024-10-24T11:45:15Z</time>
   </trkpt>
   <trkpt lat="48.4241590" lon="7.4043720">
    <ele>779.3</ele>
    <time>2024-10-24T11:45:16Z</time>
   </trkpt>
   <trkpt lat="48.4241630" lon="7.4043620">
    <ele>779.2</ele>
    <time>2024-10-24T11:45:17Z</time>
   </trkpt>
   <trkpt lat="48.4241670" lon="7.4043490">
    <ele>779.1</ele>
    <time>2024-10-24T11:45:18Z</time>
   </trkpt>
   <trkpt lat="48.4241690" lon="7.4043360">
    <ele>779.0</ele>
    <time>2024-10-24T11:45:19Z</time>
   </trkpt>
   <trkpt lat="48.4241720" lon="7.4043270">
    <ele>778.9</ele>
    <time>2024-10-24T11:45:20Z</time>
   </trkpt>
   <trkpt lat="48.4241780" lon="7.4043170">
    <ele>778.7</ele>
    <time>2024-10-24T11:45:21Z</time>
   </trkpt>
   <trkpt lat="48.4241850" lon="7.4043090">
    <ele>778.6</ele>
    <time>2024-10-24T11:45:22Z</time>
   </trkpt>
   <trkpt lat="48.4241890" lon="7.4042980">
    <ele>778.5</ele>
    <time>2024-10-24T11:45:23Z</time>
   </trkpt>
   <trkpt lat="48.4241910" lon="7.4042880">
    <ele>778.4</ele>
    <time>2024-10-24T11:45:24Z</time>
   </trkpt>
   <trkpt lat="48.4241940" lon="7.4042760">
    <ele>778.3</ele>
    <time>2024-10-24T11:45:25Z</time>
   </trkpt>
   <trkpt lat="48.4241990" lon="7.4042660">
    <ele>778.2</ele>
    <time>2024-10-24T11:45:26Z</time>
   </trkpt>
   <trkpt lat="48.4242040" lon="7.4042550">
    <ele>778.0</ele>
    <time>2024-10-24T11:45:27Z</time>
   </trkpt>
   <trkpt lat="48.4242080" lon="7.4042440">
    <ele>777.9</ele>
    <time>2024-10-24T11:45:28Z</time>
   </trkpt>
   <trkpt lat="48.4242120" lon="7.4042330">
    <ele>777.8</ele>
    <time>2024-10-24T11:45:29Z</time>
   </trkpt>
   <trkpt lat="48.4242170" lon="7.4042200">
    <ele>777.6</ele>
    <time>2024-10-24T11:45:30Z</time>
   </trkpt>
   <trkpt lat="48.4242200" lon="7.4042130">
    <ele>777.6</ele>
    <time>2024-10-24T11:45:31Z</time>
   </trkpt>
   <trkpt lat="48.4242260" lon="7.4042040">
    <ele>777.4</ele>
    <time>2024-10-24T11:45:32Z</time>
   </trkpt>
   <trkpt lat="48.4242330" lon="7.4041990">
    <ele>777.3</ele>
    <time>2024-10-24T11:45:33Z</time>
   </trkpt>
   <trkpt lat="48.4242360" lon="7.4041910">
    <ele>777.2</ele>
    <time>2024-10-24T11:45:34Z</time>
   </trkpt>
   <trkpt lat="48.4242390" lon="7.4041800">
    <ele>777.1</ele>
    <time>2024-10-24T11:45:35Z</time>
   </trkpt>
   <trkpt lat="48.4242420" lon="7.4041670">
    <ele>777.0</ele>
    <time>2024-10-24T11:45:36Z</time>
   </trkpt>
   <trkpt lat="48.4242460" lon="7.4041530">
    <ele>776.8</ele>
    <time>2024-10-24T11:45:37Z</time>
   </trkpt>
   <trkpt lat="48.4242480" lon="7.4041360">
    <ele>776.7</ele>
    <time>2024-10-24T11:45:38Z</time>
   </trkpt>
   <trkpt lat="48.4242500" lon="7.4041230">
    <ele>776.5</ele>
    <time>2024-10-24T11:45:39Z</time>
   </trkpt>
   <trkpt lat="48.4242480" lon="7.4041110">
    <ele>776.4</ele>
    <time>2024-10-24T11:45:40Z</time>
   </trkpt>
   <trkpt lat="48.4242460" lon="7.4040980">
    <ele>776.3</ele>
    <time>2024-10-24T11:45:41Z</time>
   </trkpt>
   <trkpt lat="48.4242470" lon="7.4040860">
    <ele>776.2</ele>
    <time>2024-10-24T11:45:42Z</time>
   </trkpt>
   <trkpt lat="48.4242530" lon="7.4040690">
    <ele>776.0</ele>
    <time>2024-10-24T11:45:43Z</time>
   </trkpt>
   <trkpt lat="48.4242550" lon="7.4040630">
    <ele>775.9</ele>
    <time>2024-10-24T11:45:44Z</time>
   </trkpt>
   <trkpt lat="48.4242580" lon="7.4040530">
    <ele>775.8</ele>
    <time>2024-10-24T11:45:45Z</time>
   </trkpt>
   <trkpt lat="48.4242630" lon="7.4040390">
    <ele>775.7</ele>
    <time>2024-10-24T11:45:46Z</time>
   </trkpt>
   <trkpt lat="48.4242630" lon="7.4040280">
    <ele>775.6</ele>
    <time>2024-10-24T11:45:47Z</time>
   </trkpt>
   <trkpt lat="48.4242630" lon="7.4040070">
    <ele>775.4</ele>
    <time>2024-10-24T11:45:48Z</time>
   </trkpt>
   <trkpt lat="48.4242640" lon="7.4040030">
    <ele>775.3</ele>
    <time>2024-10-24T11:45:49Z</time>
   </trkpt>
   <trkpt lat="48.4242640" lon="7.4040000">
    <ele>775.3</ele>
    <time>2024-10-24T11:45:51Z</time>
   </trkpt>
   <trkpt lat="48.4242650" lon="7.4039960">
    <ele>775.2</ele>
    <time>2024-10-24T11:45:52Z</time>
   </trkpt>
   <trkpt lat="48.4242660" lon="7.4039920">
    <ele>775.2</ele>
    <time>2024-10-24T11:45:53Z</time>
   </trkpt>
   <trkpt lat="48.4242670" lon="7.4039890">
    <ele>775.2</ele>
    <time>2024-10-24T11:45:54Z</time>
   </trkpt>
   <trkpt lat="48.4242680" lon="7.4039850">
    <ele>775.1</ele>
    <time>2024-10-24T11:45:55Z</time>
   </trkpt>
   <trkpt lat="48.4242690" lon="7.4039820">
    <ele>775.1</ele>
    <time>2024-10-24T11:45:56Z</time>
   </trkpt>
   <trkpt lat="48.4242690" lon="7.4039780">
    <ele>775.1</ele>
    <time>2024-10-24T11:45:57Z</time>
   </trkpt>
   <trkpt lat="48.4242700" lon="7.4039740">
    <ele>775.0</ele>
    <time>2024-10-24T11:45:58Z</time>
   </trkpt>
   <trkpt lat="48.4242770" lon="7.4039610">
    <ele>774.9</ele>
    <time>2024-10-24T11:45:59Z</time>
   </trkpt>
   <trkpt lat="48.4242830" lon="7.4039480">
    <ele>774.7</ele>
    <time>2024-10-24T11:46:00Z</time>
   </trkpt>
   <trkpt lat="48.4242890" lon="7.4039360">
    <ele>774.6</ele>
    <time>2024-10-24T11:46:01Z</time>
   </trkpt>
   <trkpt lat="48.4242950" lon="7.4039240">
    <ele>774.5</ele>
    <time>2024-10-24T11:46:02Z</time>
   </trkpt>
   <trkpt lat="48.4242990" lon="7.4039120">
    <ele>774.4</ele>
    <time>2024-10-24T11:46:03Z</time>
   </trkpt>
   <trkpt lat="48.4243020" lon="7.4039000">
    <ele>774.2</ele>
    <time>2024-10-24T11:46:04Z</time>
   </trkpt>
   <trkpt lat="48.4243020" lon="7.4038900">
    <ele>774.2</ele>
    <time>2024-10-24T11:46:05Z</time>
   </trkpt>
   <trkpt lat="48.4242960" lon="7.4038870">
    <ele>774.1</ele>
    <time>2024-10-24T11:46:06Z</time>
   </trkpt>
   <trkpt lat="48.4242900" lon="7.4038880">
    <ele>774.0</ele>
    <time>2024-10-24T11:46:07Z</time>
   </trkpt>
   <trkpt lat="48.4242850" lon="7.4038910">
    <ele>774.0</ele>
    <time>2024-10-24T11:46:08Z</time>
   </trkpt>
   <trkpt lat="48.4242850" lon="7.4038910">
    <ele>774.0</ele>
    <time>2024-10-24T11:46:09Z</time>
   </trkpt>
   <trkpt lat="48.4242850" lon="7.4038880">
    <ele>773.9</ele>
    <time>2024-10-24T11:46:10Z</time>
   </trkpt>
   <trkpt lat="48.4242850" lon="7.4038870">
    <ele>773.9</ele>
    <time>2024-10-24T11:46:11Z</time>
   </trkpt>
   <trkpt lat="48.4242870" lon="7.4038790">
    <ele>773.9</ele>
    <time>2024-10-24T11:46:12Z</time>
   </trkpt>
   <trkpt lat="48.4242920" lon="7.4038640">
    <ele>773.8</ele>
    <time>2024-10-24T11:46:13Z</time>
   </trkpt>
   <trkpt lat="48.4242930" lon="7.4038550">
    <ele>773.7</ele>
    <time>2024-10-24T11:46:14Z</time>
   </trkpt>
   <trkpt lat="48.4242960" lon="7.4038400">
    <ele>773.7</ele>
    <time>2024-10-24T11:46:15Z</time>
   </trkpt>
   <trkpt lat="48.4243020" lon="7.4038270">
    <ele>773.6</ele>
    <time>2024-10-24T11:46:16Z</time>
   </trkpt>
   <trkpt lat="48.4243100" lon="7.4038230">
    <ele>773.5</ele>
    <time>2024-10-24T11:46:17Z</time>
   </trkpt>
   <trkpt lat="48.4243170" lon="7.4038380">
    <ele>773.4</ele>
    <time>2024-10-24T11:46:18Z</time>
   </trkpt>
   <trkpt lat="48.4243170" lon="7.4038420">
    <ele>773.4</ele>
    <time>2024-10-24T11:46:19Z</time>
   </trkpt>
   <trkpt lat="48.4243170" lon="7.4038440">
    <ele>773.4</ele>
    <time>2024-10-24T11:46:20Z</time>
   </trkpt>
   <trkpt lat="48.4243160" lon="7.4038430">
    <ele>773.4</ele>
    <time>2024-10-24T11:46:21Z</time>
   </trkpt>
   <trkpt lat="48.4243150" lon="7.4038420">
    <ele>773.3</ele>
    <time>2024-10-24T11:46:22Z</time>
   </trkpt>
   <trkpt lat="48.4243130" lon="7.4038420">
    <ele>773.3</ele>
    <time>2024-10-24T11:46:23Z</time>
   </trkpt>
   <trkpt lat="48.4243120" lon="7.4038420">
    <ele>773.3</ele>
    <time>2024-10-24T11:46:24Z</time>
   </trkpt>
   <trkpt lat="48.4243120" lon="7.4038420">
    <ele>773.3</ele>
    <time>2024-10-24T11:46:25Z</time>
   </trkpt>
   <trkpt lat="48.4243110" lon="7.4038430">
    <ele>773.3</ele>
    <time>2024-10-24T11:46:26Z</time>
   </trkpt>
   <trkpt lat="48.4243110" lon="7.4038430">
    <ele>773.3</ele>
    <time>2024-10-24T11:46:27Z</time>
   </trkpt>
   <trkpt lat="48.4243110" lon="7.4038440">
    <ele>773.3</ele>
    <time>2024-10-24T11:46:28Z</time>
   </trkpt>
   <trkpt lat="48.4243110" lon="7.4038440">
    <ele>773.3</ele>
    <time>2024-10-24T11:46:29Z</time>
   </trkpt>
   <trkpt lat="48.4243110" lon="7.4038440">
    <ele>773.3</ele>
    <time>2024-10-24T11:46:30Z</time>
   </trkpt>
   <trkpt lat="48.4243110" lon="7.4038440">
    <ele>773.3</ele>
    <time>2024-10-24T11:46:31Z</time>
   </trkpt>
   <trkpt lat="48.4243110" lon="7.4038440">
    <ele>773.3</ele>
    <time>2024-10-24T11:46:32Z</time>
   </trkpt>
   <trkpt lat="48.4243110" lon="7.4038450">
    <ele>773.3</ele>
    <time>2024-10-24T11:46:33Z</time>
   </trkpt>
   <trkpt lat="48.4243110" lon="7.4038440">
    <ele>773.3</ele>
    <time>2024-10-24T11:46:34Z</time>
   </trkpt>
   <trkpt lat="48.4243110" lon="7.4038440">
    <ele>773.3</ele>
    <time>2024-10-24T11:46:35Z</time>
   </trkpt>
   <trkpt lat="48.4243110" lon="7.4038420">
    <ele>773.3</ele>
    <time>2024-10-24T11:46:36Z</time>
   </trkpt>
   <trkpt lat="48.4243100" lon="7.4038280">
    <ele>773.2</ele>
    <time>2024-10-24T11:46:37Z</time>
   </trkpt>
   <trkpt lat="48.4243110" lon="7.4038170">
    <ele>773.1</ele>
    <time>2024-10-24T11:46:38Z</time>
   </trkpt>
   <trkpt lat="48.4243150" lon="7.4038010">
    <ele>773.0</ele>
    <time>2024-10-24T11:46:39Z</time>
   </trkpt>
   <trkpt lat="48.4243170" lon="7.4037870">
    <ele>773.0</ele>
    <time>2024-10-24T11:46:40Z</time>
   </trkpt>
   <trkpt lat="48.4243180" lon="7.4037740">
    <ele>772.9</ele>
    <time>2024-10-24T11:46:41Z</time>
   </trkpt>
   <trkpt lat="48.4243190" lon="7.4037610">
    <ele>772.8</ele>
    <time>2024-10-24T11:46:42Z</time>
   </trkpt>
   <trkpt lat="48.4243240" lon="7.4037290">
    <ele>772.6</ele>
    <time>2024-10-24T11:46:43Z</time>
   </trkpt>
   <trkpt lat="48.4243260" lon="7.4037180">
    <ele>772.6</ele>
    <time>2024-10-24T11:46:44Z</time>
   </trkpt>
   <trkpt lat="48.4243290" lon="7.4037070">
    <ele>772.5</ele>
    <time>2024-10-24T11:46:45Z</time>
   </trkpt>
   <trkpt lat="48.4243320" lon="7.4036930">
    <ele>772.4</ele>
    <time>2024-10-24T11:46:46Z</time>
   </trkpt>
   <trkpt lat="48.4243350" lon="7.4036770">
    <ele>772.3</ele>
    <time>2024-10-24T11:46:47Z</time>
   </trkpt>
   <trkpt lat="48.4243390" lon="7.4036570">
    <ele>772.2</ele>
    <time>2024-10-24T11:46:48Z</time>
   </trkpt>
   <trkpt lat="48.4243410" lon="7.4036420">
    <ele>772.1</ele>
    <time>2024-10-24T11:46:49Z</time>
   </trkpt>
   <trkpt lat="48.4243420" lon="7.4036240">
    <ele>771.9</ele>
    <time>2024-10-24T11:46:50Z</time>
   </trkpt>
   <trkpt lat="48.4243420" lon="7.4036070">
    <ele>771.8</ele>
    <time>2024-10-24T11:46:51Z</time>
   </trkpt>
   <trkpt lat="48.4243430" lon="7.4035980">
    <ele>771.8</ele>
    <time>2024-10-24T11:46:52Z</time>
   </trkpt>
   <trkpt lat="48.4243470" lon="7.4035850">
    <ele>771.7</ele>
    <time>2024-10-24T11:46:53Z</time>
   </trkpt>
   <trkpt lat="48.4243490" lon="7.4035730">
    <ele>771.6</ele>
    <time>2024-10-24T11:46:54Z</time>
   </trkpt>
   <trkpt lat="48.4243530" lon="7.4035600">
    <ele>771.5</ele>
    <time>2024-10-24T11:46:55Z</time>
   </trkpt>
   <trkpt lat="48.4243580" lon="7.4035460">
    <ele>771.4</ele>
    <time>2024-10-24T11:46:56Z</time>
   </trkpt>
   <trkpt lat="48.4243630" lon="7.4035370">
    <ele>771.3</ele>
    <time>2024-10-24T11:46:57Z</time>
   </trkpt>
   <trkpt lat="48.4243680" lon="7.4035190">
    <ele>771.2</ele>
    <time>2024-10-24T11:46:58Z</time>
   </trkpt>
   <trkpt lat="48.4243700" lon="7.4035090">
    <ele>771.1</ele>
    <time>2024-10-24T11:46:59Z</time>
   </trkpt>
   <trkpt lat="48.4243730" lon="7.4034960">
    <ele>771.0</ele>
    <time>2024-10-24T11:47:00Z</time>
   </trkpt>
   <trkpt lat="48.4243760" lon="7.4034810">
    <ele>770.9</ele>
    <time>2024-10-24T11:47:01Z</time>
   </trkpt>
   <trkpt lat="48.4243760" lon="7.4034670">
    <ele>770.8</ele>
    <time>2024-10-24T11:47:02Z</time>
   </trkpt>
   <trkpt lat="48.4243730" lon="7.4034500">
    <ele>770.7</ele>
    <time>2024-10-24T11:47:03Z</time>
   </trkpt>
   <trkpt lat="48.4243750" lon="7.4034410">
    <ele>770.6</ele>
    <time>2024-10-24T11:47:04Z</time>
   </trkpt>
   <trkpt lat="48.4243790" lon="7.4034310">
    <ele>770.5</ele>
    <time>2024-10-24T11:47:05Z</time>
   </trkpt>
   <trkpt lat="48.4243850" lon="7.4034210">
    <ele>770.4</ele>
    <time>2024-10-24T11:47:06Z</time>
   </trkpt>
   <trkpt lat="48.4243900" lon="7.4034100">
    <ele>770.3</ele>
    <time>2024-10-24T11:47:07Z</time>
   </trkpt>
   <trkpt lat="48.4243940" lon="7.4034000">
    <ele>770.2</ele>
    <time>2024-10-24T11:47:08Z</time>
   </trkpt>
   <trkpt lat="48.4243970" lon="7.4033810">
    <ele>770.0</ele>
    <time>2024-10-24T11:47:09Z</time>
   </trkpt>
   <trkpt lat="48.4244010" lon="7.4033690">
    <ele>769.9</ele>
    <time>2024-10-24T11:47:10Z</time>
   </trkpt>
   <trkpt lat="48.4244060" lon="7.4033580">
    <ele>769.8</ele>
    <time>2024-10-24T11:47:11Z</time>
   </trkpt>
   <trkpt lat="48.4244100" lon="7.4033450">
    <ele>769.7</ele>
    <time>2024-10-24T11:47:12Z</time>
   </trkpt>
   <trkpt lat="48.4244160" lon="7.4033270">
    <ele>769.5</ele>
    <time>2024-10-24T11:47:13Z</time>
   </trkpt>
   <trkpt lat="48.4244190" lon="7.4033200">
    <ele>769.4</ele>
    <time>2024-10-24T11:47:14Z</time>
   </trkpt>
   <trkpt lat="48.4244230" lon="7.4033100">
    <ele>769.3</ele>
    <time>2024-10-24T11:47:15Z</time>
   </trkpt>
   <trkpt lat="48.4244250" lon="7.4032980">
    <ele>769.2</ele>
    <time>2024-10-24T11:47:16Z</time>
   </trkpt>
   <trkpt lat="48.4244240" lon="7.4032850">
    <ele>769.1</ele>
    <time>2024-10-24T11:47:17Z</time>
   </trkpt>
   <trkpt lat="48.4244200" lon="7.4032740">
    <ele>769.0</ele>
    <time>2024-10-24T11:47:18Z</time>
   </trkpt>
   <trkpt lat="48.4244120" lon="7.4032680">
    <ele>768.8</ele>
    <time>2024-10-24T11:47:19Z</time>
   </trkpt>
   <trkpt lat="48.4244040" lon="7.4032610">
    <ele>768.7</ele>
    <time>2024-10-24T11:47:20Z</time>
   </trkpt>
   <trkpt lat="48.4243970" lon="7.4032500">
    <ele>768.5</ele>
    <time>2024-10-24T11:47:21Z</time>
   </trkpt>
   <trkpt lat="48.4243970" lon="7.4032390">
    <ele>768.4</ele>
    <time>2024-10-24T11:47:22Z</time>
   </trkpt>
   <trkpt lat="48.4244040" lon="7.4032310">
    <ele>768.3</ele>
    <time>2024-10-24T11:47:23Z</time>
   </trkpt>
   <trkpt lat="48.4244070" lon="7.4032250">
    <ele>768.2</ele>
    <time>2024-10-24T11:47:24Z</time>
   </trkpt>
   <trkpt lat="48.4244120" lon="7.4032150">
    <ele>768.1</ele>
    <time>2024-10-24T11:47:25Z</time>
   </trkpt>
   <trkpt lat="48.4244150" lon="7.4032050">
    <ele>767.9</ele>
    <time>2024-10-24T11:47:26Z</time>
   </trkpt>
   <trkpt lat="48.4244170" lon="7.4031930">
    <ele>767.8</ele>
    <time>2024-10-24T11:47:27Z</time>
   </trkpt>
   <trkpt lat="48.4244180" lon="7.4031810">
    <ele>767.7</ele>
    <time>2024-10-24T11:47:28Z</time>
   </trkpt>
   <trkpt lat="48.4244180" lon="7.4031670">
    <ele>767.5</ele>
    <time>2024-10-24T11:47:29Z</time>
   </trkpt>
   <trkpt lat="48.4244150" lon="7.4031520">
    <ele>767.4</ele>
    <time>2024-10-24T11:47:30Z</time>
   </trkpt>
   <trkpt lat="48.4244080" lon="7.4031400">
    <ele>767.2</ele>
    <time>2024-10-24T11:47:31Z</time>
   </trkpt>
   <trkpt lat="48.4243970" lon="7.4031330">
    <ele>767.0</ele>
    <time>2024-10-24T11:47:32Z</time>
   </trkpt>
   <trkpt lat="48.4243780" lon="7.4031250">
    <ele>767.0</ele>
    <time>2024-10-24T11:47:33Z</time>
   </trkpt>
   <trkpt lat="48.4243690" lon="7.4031220">
    <ele>766.9</ele>
    <time>2024-10-24T11:47:34Z</time>
   </trkpt>
   <trkpt lat="48.4243610" lon="7.4031200">
    <ele>766.7</ele>
    <time>2024-10-24T11:47:35Z</time>
   </trkpt>
   <trkpt lat="48.4243510" lon="7.4031230">
    <ele>766.6</ele>
    <time>2024-10-24T11:47:36Z</time>
   </trkpt>
   <trkpt lat="48.4243400" lon="7.4031340">
    <ele>766.4</ele>
    <time>2024-10-24T11:47:37Z</time>
   </trkpt>
   <trkpt lat="48.4243300" lon="7.4031420">
    <ele>766.2</ele>
    <time>2024-10-24T11:47:38Z</time>
   </trkpt>
   <trkpt lat="48.4243150" lon="7.4031610">
    <ele>765.9</ele>
    <time>2024-10-24T11:47:39Z</time>
   </trkpt>
   <trkpt lat="48.4243090" lon="7.4031700">
    <ele>765.8</ele>
    <time>2024-10-24T11:47:40Z</time>
   </trkpt>
   <trkpt lat="48.4243030" lon="7.4031800">
    <ele>765.6</ele>
    <time>2024-10-24T11:47:41Z</time>
   </trkpt>
   <trkpt lat="48.4242930" lon="7.4032010">
    <ele>765.4</ele>
    <time>2024-10-24T11:47:42Z</time>
   </trkpt>
   <trkpt lat="48.4242820" lon="7.4032140">
    <ele>765.2</ele>
    <time>2024-10-24T11:47:43Z</time>
   </trkpt>
   <trkpt lat="48.4242720" lon="7.4032270">
    <ele>765.0</ele>
    <time>2024-10-24T11:47:44Z</time>
   </trkpt>
   <trkpt lat="48.4242610" lon="7.4032410">
    <ele>764.8</ele>
    <time>2024-10-24T11:47:45Z</time>
   </trkpt>
   <trkpt lat="48.4242420" lon="7.4032600">
    <ele>764.5</ele>
    <time>2024-10-24T11:47:46Z</time>
   </trkpt>
   <trkpt lat="48.4242340" lon="7.4032650">
    <ele>764.3</ele>
    <time>2024-10-24T11:47:47Z</time>
   </trkpt>
   <trkpt lat="48.4242260" lon="7.4032710">
    <ele>764.2</ele>
    <time>2024-10-24T11:47:48Z</time>
   </trkpt>
   <trkpt lat="48.4242070" lon="7.4032850">
    <ele>763.9</ele>
    <time>2024-10-24T11:47:49Z</time>
   </trkpt>
   <trkpt lat="48.4242010" lon="7.4032930">
    <ele>763.8</ele>
    <time>2024-10-24T11:47:50Z</time>
   </trkpt>
   <trkpt lat="48.4241940" lon="7.4033000">
    <ele>763.7</ele>
    <time>2024-10-24T11:47:51Z</time>
   </trkpt>
   <trkpt lat="48.4241790" lon="7.4032970">
    <ele>763.5</ele>
    <time>2024-10-24T11:47:52Z</time>
   </trkpt>
   <trkpt lat="48.4241660" lon="7.4032960">
    <ele>763.3</ele>
    <time>2024-10-24T11:47:53Z</time>
   </trkpt>
   <trkpt lat="48.4241550" lon="7.4033010">
    <ele>763.2</ele>
    <time>2024-10-24T11:47:54Z</time>
   </trkpt>
   <trkpt lat="48.4241430" lon="7.4033080">
    <ele>763.0</ele>
    <time>2024-10-24T11:47:55Z</time>
   </trkpt>
   <trkpt lat="48.4241320" lon="7.4033120">
    <ele>762.9</ele>
    <time>2024-10-24T11:47:56Z</time>
   </trkpt>
   <trkpt lat="48.4241220" lon="7.4033140">
    <ele>762.8</ele>
    <time>2024-10-24T11:47:57Z</time>
   </trkpt>
   <trkpt lat="48.4241120" lon="7.4033190">
    <ele>762.6</ele>
    <time>2024-10-24T11:47:58Z</time>
   </trkpt>
   <trkpt lat="48.4240990" lon="7.4033270">
    <ele>762.5</ele>
    <time>2024-10-24T11:47:59Z</time>
   </trkpt>
   <trkpt lat="48.4240890" lon="7.4033310">
    <ele>762.3</ele>
    <time>2024-10-24T11:48:00Z</time>
   </trkpt>
   <trkpt lat="48.4240760" lon="7.4033310">
    <ele>762.2</ele>
    <time>2024-10-24T11:48:01Z</time>
   </trkpt>
   <trkpt lat="48.4240650" lon="7.4033270">
    <ele>762.0</ele>
    <time>2024-10-24T11:48:02Z</time>
   </trkpt>
   <trkpt lat="48.4240550" lon="7.4033260">
    <ele>761.9</ele>
    <time>2024-10-24T11:48:03Z</time>
   </trkpt>
   <trkpt lat="48.4240440" lon="7.4033300">
    <ele>761.8</ele>
    <time>2024-10-24T11:48:04Z</time>
   </trkpt>
   <trkpt lat="48.4240340" lon="7.4033320">
    <ele>761.6</ele>
    <time>2024-10-24T11:48:05Z</time>
   </trkpt>
   <trkpt lat="48.4240240" lon="7.4033260">
    <ele>761.5</ele>
    <time>2024-10-24T11:48:06Z</time>
   </trkpt>
   <trkpt lat="48.4240230" lon="7.4033260">
    <ele>761.5</ele>
    <time>2024-10-24T11:48:07Z</time>
   </trkpt>
   <trkpt lat="48.4240220" lon="7.4033270">
    <ele>761.5</ele>
    <time>2024-10-24T11:48:08Z</time>
   </trkpt>
   <trkpt lat="48.4240210" lon="7.4033270">
    <ele>761.5</ele>
    <time>2024-10-24T11:48:09Z</time>
   </trkpt>
   <trkpt lat="48.4240200" lon="7.4033270">
    <ele>761.5</ele>
    <time>2024-10-24T11:48:10Z</time>
   </trkpt>
   <trkpt lat="48.4240190" lon="7.4033270">
    <ele>761.4</ele>
    <time>2024-10-24T11:48:11Z</time>
   </trkpt>
   <trkpt lat="48.4240180" lon="7.4033270">
    <ele>761.4</ele>
    <time>2024-10-24T11:48:12Z</time>
   </trkpt>
   <trkpt lat="48.4240170" lon="7.4033270">
    <ele>761.4</ele>
    <time>2024-10-24T11:48:13Z</time>
   </trkpt>
   <trkpt lat="48.4240170" lon="7.4033270">
    <ele>761.4</ele>
    <time>2024-10-24T11:48:14Z</time>
   </trkpt>
   <trkpt lat="48.4240160" lon="7.4033280">
    <ele>761.4</ele>
    <time>2024-10-24T11:48:15Z</time>
   </trkpt>
   <trkpt lat="48.4240150" lon="7.4033280">
    <ele>761.4</ele>
    <time>2024-10-24T11:48:16Z</time>
   </trkpt>
   <trkpt lat="48.4240140" lon="7.4033280">
    <ele>761.4</ele>
    <time>2024-10-24T11:48:17Z</time>
   </trkpt>
   <trkpt lat="48.4240130" lon="7.4033280">
    <ele>761.4</ele>
    <time>2024-10-24T11:48:18Z</time>
   </trkpt>
   <trkpt lat="48.4240120" lon="7.4033280">
    <ele>761.4</ele>
    <time>2024-10-24T11:48:19Z</time>
   </trkpt>
   <trkpt lat="48.4240110" lon="7.4033280">
    <ele>761.3</ele>
    <time>2024-10-24T11:48:20Z</time>
   </trkpt>
   <trkpt lat="48.4240100" lon="7.4033290">
    <ele>761.3</ele>
    <time>2024-10-24T11:48:21Z</time>
   </trkpt>
   <trkpt lat="48.4240090" lon="7.4033290">
    <ele>761.3</ele>
    <time>2024-10-24T11:48:22Z</time>
   </trkpt>
   <trkpt lat="48.4240090" lon="7.4033290">
    <ele>761.3</ele>
    <time>2024-10-24T11:48:23Z</time>
   </trkpt>
   <trkpt lat="48.4240080" lon="7.4033290">
    <ele>761.3</ele>
    <time>2024-10-24T11:48:24Z</time>
   </trkpt>
   <trkpt lat="48.4240070" lon="7.4033290">
    <ele>761.3</ele>
    <time>2024-10-24T11:48:25Z</time>
   </trkpt>
   <trkpt lat="48.4240060" lon="7.4033290">
    <ele>761.3</ele>
    <time>2024-10-24T11:48:26Z</time>
   </trkpt>
   <trkpt lat="48.4240050" lon="7.4033290">
    <ele>761.3</ele>
    <time>2024-10-24T11:48:27Z</time>
   </trkpt>
   <trkpt lat="48.4240040" lon="7.4033300">
    <ele>761.2</ele>
    <time>2024-10-24T11:48:28Z</time>
   </trkpt>
   <trkpt lat="48.4240030" lon="7.4033300">
    <ele>761.2</ele>
    <time>2024-10-24T11:48:29Z</time>
   </trkpt>
   <trkpt lat="48.4240020" lon="7.4033300">
    <ele>761.2</ele>
    <time>2024-10-24T11:48:30Z</time>
   </trkpt>
   <trkpt lat="48.4240020" lon="7.4033300">
    <ele>761.2</ele>
    <time>2024-10-24T11:48:31Z</time>
   </trkpt>
   <trkpt lat="48.4240010" lon="7.4033300">
    <ele>761.2</ele>
    <time>2024-10-24T11:48:32Z</time>
   </trkpt>
   <trkpt lat="48.4240000" lon="7.4033300">
    <ele>761.2</ele>
    <time>2024-10-24T11:48:33Z</time>
   </trkpt>
   <trkpt lat="48.4239990" lon="7.4033310">
    <ele>761.2</ele>
    <time>2024-10-24T11:48:34Z</time>
   </trkpt>
   <trkpt lat="48.4239980" lon="7.4033310">
    <ele>761.2</ele>
    <time>2024-10-24T11:48:35Z</time>
   </trkpt>
   <trkpt lat="48.4239970" lon="7.4033310">
    <ele>761.2</ele>
    <time>2024-10-24T11:48:36Z</time>
   </trkpt>
   <trkpt lat="48.4239960" lon="7.4033310">
    <ele>761.1</ele>
    <time>2024-10-24T11:48:37Z</time>
   </trkpt>
   <trkpt lat="48.4239950" lon="7.4033310">
    <ele>761.1</ele>
    <time>2024-10-24T11:48:38Z</time>
   </trkpt>
   <trkpt lat="48.4239940" lon="7.4033310">
    <ele>761.1</ele>
    <time>2024-10-24T11:48:39Z</time>
   </trkpt>
   <trkpt lat="48.4239940" lon="7.4033310">
    <ele>761.1</ele>
    <time>2024-10-24T11:48:40Z</time>
   </trkpt>
   <trkpt lat="48.4239930" lon="7.4033320">
    <ele>761.1</ele>
    <time>2024-10-24T11:48:41Z</time>
   </trkpt>
   <trkpt lat="48.4239920" lon="7.4033320">
    <ele>761.1</ele>
    <time>2024-10-24T11:48:42Z</time>
   </trkpt>
   <trkpt lat="48.4239910" lon="7.4033320">
    <ele>761.1</ele>
    <time>2024-10-24T11:48:43Z</time>
   </trkpt>
   <trkpt lat="48.4239900" lon="7.4033320">
    <ele>761.1</ele>
    <time>2024-10-24T11:48:44Z</time>
   </trkpt>
   <trkpt lat="48.4239890" lon="7.4033320">
    <ele>761.1</ele>
    <time>2024-10-24T11:48:45Z</time>
   </trkpt>
   <trkpt lat="48.4239560" lon="7.4033310">
    <ele>760.6</ele>
    <time>2024-10-24T11:48:46Z</time>
   </trkpt>
   <trkpt lat="48.4239470" lon="7.4033310">
    <ele>760.5</ele>
    <time>2024-10-24T11:48:47Z</time>
   </trkpt>
   <trkpt lat="48.4239220" lon="7.4033480">
    <ele>760.2</ele>
    <time>2024-10-24T11:48:48Z</time>
   </trkpt>
   <trkpt lat="48.4239140" lon="7.4033560">
    <ele>760.0</ele>
    <time>2024-10-24T11:48:49Z</time>
   </trkpt>
   <trkpt lat="48.4239010" lon="7.4033660">
    <ele>759.9</ele>
    <time>2024-10-24T11:48:50Z</time>
   </trkpt>
   <trkpt lat="48.4238880" lon="7.4033790">
    <ele>759.7</ele>
    <time>2024-10-24T11:48:51Z</time>
   </trkpt>
   <trkpt lat="48.4238750" lon="7.4033910">
    <ele>759.5</ele>
    <time>2024-10-24T11:48:52Z</time>
   </trkpt>
   <trkpt lat="48.4238620" lon="7.4034020">
    <ele>759.3</ele>
    <time>2024-10-24T11:48:53Z</time>
   </trkpt>
   <trkpt lat="48.4238480" lon="7.4034140">
    <ele>759.1</ele>
    <time>2024-10-24T11:48:54Z</time>
   </trkpt>
   <trkpt lat="48.4238360" lon="7.4034210">
    <ele>758.9</ele>
    <time>2024-10-24T11:48:55Z</time>
   </trkpt>
   <trkpt lat="48.4238230" lon="7.4034260">
    <ele>758.7</ele>
    <time>2024-10-24T11:48:56Z</time>
   </trkpt>
   <trkpt lat="48.4238130" lon="7.4034300">
    <ele>758.6</ele>
    <time>2024-10-24T11:48:57Z</time>
   </trkpt>
   <trkpt lat="48.4238030" lon="7.4034330">
    <ele>758.5</ele>
    <time>2024-10-24T11:48:58Z</time>
   </trkpt>
   <trkpt lat="48.4237920" lon="7.4034350">
    <ele>758.3</ele>
    <time>2024-10-24T11:48:59Z</time>
   </trkpt>
   <trkpt lat="48.4237800" lon="7.4034390">
    <ele>758.2</ele>
    <time>2024-10-24T11:49:00Z</time>
   </trkpt>
   <trkpt lat="48.4237710" lon="7.4034390">
    <ele>758.1</ele>
    <time>2024-10-24T11:49:01Z</time>
   </trkpt>
   <trkpt lat="48.4237500" lon="7.4034390">
    <ele>757.8</ele>
    <time>2024-10-24T11:49:02Z</time>
   </trkpt>
   <trkpt lat="48.4237400" lon="7.4034390">
    <ele>757.7</ele>
    <time>2024-10-24T11:49:03Z</time>
   </trkpt>
   <trkpt lat="48.4237300" lon="7.4034400">
    <ele>757.5</ele>
    <time>2024-10-24T11:49:04Z</time>
   </trkpt>
   <trkpt lat="48.4237090" lon="7.4034410">
    <ele>757.3</ele>
    <time>2024-10-24T11:49:05Z</time>
   </trkpt>
   <trkpt lat="48.4236990" lon="7.4034390">
    <ele>757.1</ele>
    <time>2024-10-24T11:49:06Z</time>
   </trkpt>
   <trkpt lat="48.4236900" lon="7.4034370">
    <ele>757.0</ele>
    <time>2024-10-24T11:49:07Z</time>
   </trkpt>
   <trkpt lat="48.4236750" lon="7.4034320">
    <ele>756.8</ele>
    <time>2024-10-24T11:49:08Z</time>
   </trkpt>
   <trkpt lat="48.4236610" lon="7.4034350">
    <ele>756.6</ele>
    <time>2024-10-24T11:49:09Z</time>
   </trkpt>
   <trkpt lat="48.4236410" lon="7.4034410">
    <ele>756.4</ele>
    <time>2024-10-24T11:49:10Z</time>
   </trkpt>
   <trkpt lat="48.4236310" lon="7.4034450">
    <ele>756.2</ele>
    <time>2024-10-24T11:49:11Z</time>
   </trkpt>
   <trkpt lat="48.4236220" lon="7.4034480">
    <ele>756.1</ele>
    <time>2024-10-24T11:49:12Z</time>
   </trkpt>
   <trkpt lat="48.4236080" lon="7.4034520">
    <ele>755.9</ele>
    <time>2024-10-24T11:49:13Z</time>
   </trkpt>
   <trkpt lat="48.4235940" lon="7.4034520">
    <ele>755.7</ele>
    <time>2024-10-24T11:49:14Z</time>
   </trkpt>
   <trkpt lat="48.4235750" lon="7.4034500">
    <ele>755.5</ele>
    <time>2024-10-24T11:49:15Z</time>
   </trkpt>
   <trkpt lat="48.4235590" lon="7.4034480">
    <ele>755.3</ele>
    <time>2024-10-24T11:49:16Z</time>
   </trkpt>
   <trkpt lat="48.4235430" lon="7.4034470">
    <ele>755.1</ele>
    <time>2024-10-24T11:49:17Z</time>
   </trkpt>
   <trkpt lat="48.4235260" lon="7.4034510">
    <ele>754.9</ele>
    <time>2024-10-24T11:49:18Z</time>
   </trkpt>
   <trkpt lat="48.4235100" lon="7.4034530">
    <ele>754.7</ele>
    <time>2024-10-24T11:49:19Z</time>
   </trkpt>
   <trkpt lat="48.4234940" lon="7.4034550">
    <ele>754.4</ele>
    <time>2024-10-24T11:49:20Z</time>
   </trkpt>
   <trkpt lat="48.4234800" lon="7.4034580">
    <ele>754.3</ele>
    <time>2024-10-24T11:49:21Z</time>
   </trkpt>
   <trkpt lat="48.4234630" lon="7.4034640">
    <ele>754.0</ele>
    <time>2024-10-24T11:49:22Z</time>
   </trkpt>
   <trkpt lat="48.4234500" lon="7.4034720">
    <ele>753.9</ele>
    <time>2024-10-24T11:49:23Z</time>
   </trkpt>
   <trkpt lat="48.4234360" lon="7.4034780">
    <ele>753.7</ele>
    <time>2024-10-24T11:49:24Z</time>
   </trkpt>
   <trkpt lat="48.4234220" lon="7.4034850">
    <ele>753.5</ele>
    <time>2024-10-24T11:49:25Z</time>
   </trkpt>
   <trkpt lat="48.4234080" lon="7.4034940">
    <ele>753.3</ele>
    <time>2024-10-24T11:49:26Z</time>
   </trkpt>
   <trkpt lat="48.4233950" lon="7.4035020">
    <ele>753.1</ele>
    <time>2024-10-24T11:49:27Z</time>
   </trkpt>
   <trkpt lat="48.4233800" lon="7.4035130">
    <ele>752.9</ele>
    <time>2024-10-24T11:49:28Z</time>
   </trkpt>
   <trkpt lat="48.4233650" lon="7.4035130">
    <ele>752.7</ele>
    <time>2024-10-24T11:49:29Z</time>
   </trkpt>
   <trkpt lat="48.4233510" lon="7.4035090">
    <ele>752.5</ele>
    <time>2024-10-24T11:49:30Z</time>
   </trkpt>
   <trkpt lat="48.4233360" lon="7.4035070">
    <ele>752.3</ele>
    <time>2024-10-24T11:49:31Z</time>
   </trkpt>
   <trkpt lat="48.4233220" lon="7.4035080">
    <ele>752.1</ele>
    <time>2024-10-24T11:49:32Z</time>
   </trkpt>
   <trkpt lat="48.4233070" lon="7.4035110">
    <ele>751.9</ele>
    <time>2024-10-24T11:49:33Z</time>
   </trkpt>
   <trkpt lat="48.4232920" lon="7.4035160">
    <ele>751.7</ele>
    <time>2024-10-24T11:49:34Z</time>
   </trkpt>
   <trkpt lat="48.4232770" lon="7.4035240">
    <ele>751.5</ele>
    <time>2024-10-24T11:49:35Z</time>
   </trkpt>
   <trkpt lat="48.4232610" lon="7.4035350">
    <ele>751.3</ele>
    <time>2024-10-24T11:49:36Z</time>
   </trkpt>
   <trkpt lat="48.4232450" lon="7.4035510">
    <ele>751.0</ele>
    <time>2024-10-24T11:49:37Z</time>
   </trkpt>
   <trkpt lat="48.4232350" lon="7.4035630">
    <ele>750.9</ele>
    <time>2024-10-24T11:49:38Z</time>
   </trkpt>
   <trkpt lat="48.4232200" lon="7.4035730">
    <ele>750.6</ele>
    <time>2024-10-24T11:49:39Z</time>
   </trkpt>
   <trkpt lat="48.4232030" lon="7.4035820">
    <ele>750.4</ele>
    <time>2024-10-24T11:49:40Z</time>
   </trkpt>
   <trkpt lat="48.4231780" lon="7.4036010">
    <ele>750.0</ele>
    <time>2024-10-24T11:49:41Z</time>
   </trkpt>
   <trkpt lat="48.4231700" lon="7.4036070">
    <ele>749.9</ele>
    <time>2024-10-24T11:49:42Z</time>
   </trkpt>
   <trkpt lat="48.4231550" lon="7.4036180">
    <ele>749.7</ele>
    <time>2024-10-24T11:49:43Z</time>
   </trkpt>
   <trkpt lat="48.4231410" lon="7.4036320">
    <ele>749.5</ele>
    <time>2024-10-24T11:49:44Z</time>
   </trkpt>
   <trkpt lat="48.4231250" lon="7.4036460">
    <ele>749.2</ele>
    <time>2024-10-24T11:49:45Z</time>
   </trkpt>
   <trkpt lat="48.4231110" lon="7.4036600">
    <ele>749.0</ele>
    <time>2024-10-24T11:49:46Z</time>
   </trkpt>
   <trkpt lat="48.4230950" lon="7.4036780">
    <ele>748.7</ele>
    <time>2024-10-24T11:49:47Z</time>
   </trkpt>
   <trkpt lat="48.4230830" lon="7.4036890">
    <ele>748.5</ele>
    <time>2024-10-24T11:49:48Z</time>
   </trkpt>
   <trkpt lat="48.4230680" lon="7.4037020">
    <ele>748.3</ele>
    <time>2024-10-24T11:49:49Z</time>
   </trkpt>
   <trkpt lat="48.4230540" lon="7.4037130">
    <ele>748.1</ele>
    <time>2024-10-24T11:49:50Z</time>
   </trkpt>
   <trkpt lat="48.4230400" lon="7.4037250">
    <ele>747.9</ele>
    <time>2024-10-24T11:49:51Z</time>
   </trkpt>
   <trkpt lat="48.4230270" lon="7.4037470">
    <ele>747.6</ele>
    <time>2024-10-24T11:49:52Z</time>
   </trkpt>
   <trkpt lat="48.4230180" lon="7.4037620">
    <ele>747.5</ele>
    <time>2024-10-24T11:49:53Z</time>
   </trkpt>
   <trkpt lat="48.4230090" lon="7.4037800">
    <ele>747.3</ele>
    <time>2024-10-24T11:49:54Z</time>
   </trkpt>
   <trkpt lat="48.4230020" lon="7.4038020">
    <ele>747.0</ele>
    <time>2024-10-24T11:49:55Z</time>
   </trkpt>
   <trkpt lat="48.4229920" lon="7.4038230">
    <ele>746.8</ele>
    <time>2024-10-24T11:49:56Z</time>
   </trkpt>
   <trkpt lat="48.4229790" lon="7.4038420">
    <ele>746.6</ele>
    <time>2024-10-24T11:49:57Z</time>
   </trkpt>
   <trkpt lat="48.4229700" lon="7.4038580">
    <ele>746.4</ele>
    <time>2024-10-24T11:49:58Z</time>
   </trkpt>
   <trkpt lat="48.4229580" lon="7.4038760">
    <ele>746.1</ele>
    <time>2024-10-24T11:49:59Z</time>
   </trkpt>
   <trkpt lat="48.4229460" lon="7.4038910">
    <ele>745.9</ele>
    <time>2024-10-24T11:50:00Z</time>
   </trkpt>
   <trkpt lat="48.4229220" lon="7.4039110">
    <ele>745.5</ele>
    <time>2024-10-24T11:50:01Z</time>
   </trkpt>
   <trkpt lat="48.4229120" lon="7.4039210">
    <ele>745.4</ele>
    <time>2024-10-24T11:50:02Z</time>
   </trkpt>
   <trkpt lat="48.4228940" lon="7.4039340">
    <ele>745.1</ele>
    <time>2024-10-24T11:50:03Z</time>
   </trkpt>
   <trkpt lat="48.4228820" lon="7.4039450">
    <ele>744.9</ele>
    <time>2024-10-24T11:50:04Z</time>
   </trkpt>
   <trkpt lat="48.4228580" lon="7.4039730">
    <ele>744.5</ele>
    <time>2024-10-24T11:50:05Z</time>
   </trkpt>
   <trkpt lat="48.4228510" lon="7.4039820">
    <ele>744.4</ele>
    <time>2024-10-24T11:50:06Z</time>
   </trkpt>
   <trkpt lat="48.4228270" lon="7.4040050">
    <ele>744.0</ele>
    <time>2024-10-24T11:50:07Z</time>
   </trkpt>
   <trkpt lat="48.4228190" lon="7.4040130">
    <ele>743.9</ele>
    <time>2024-10-24T11:50:08Z</time>
   </trkpt>
   <trkpt lat="48.4227940" lon="7.4040400">
    <ele>743.5</ele>
    <time>2024-10-24T11:50:09Z</time>
   </trkpt>
   <trkpt lat="48.4227870" lon="7.4040490">
    <ele>743.4</ele>
    <time>2024-10-24T11:50:10Z</time>
   </trkpt>
   <trkpt lat="48.4227590" lon="7.4040630">
    <ele>743.0</ele>
    <time>2024-10-24T11:50:11Z</time>
   </trkpt>
   <trkpt lat="48.4227500" lon="7.4040640">
    <ele>742.9</ele>
    <time>2024-10-24T11:50:12Z</time>
   </trkpt>
   <trkpt lat="48.4227390" lon="7.4040760">
    <ele>742.7</ele>
    <time>2024-10-24T11:50:13Z</time>
   </trkpt>
   <trkpt lat="48.4227280" lon="7.4040930">
    <ele>742.5</ele>
    <time>2024-10-24T11:50:14Z</time>
   </trkpt>
   <trkpt lat="48.4227210" lon="7.4041010">
    <ele>742.4</ele>
    <time>2024-10-24T11:50:15Z</time>
   </trkpt>
   <trkpt lat="48.4227100" lon="7.4041080">
    <ele>742.3</ele>
    <time>2024-10-24T11:50:16Z</time>
   </trkpt>
   <trkpt lat="48.4227010" lon="7.4041170">
    <ele>742.2</ele>
    <time>2024-10-24T11:50:17Z</time>
   </trkpt>
   <trkpt lat="48.4226920" lon="7.4041260">
    <ele>742.1</ele>
    <time>2024-10-24T11:50:18Z</time>
   </trkpt>
   <trkpt lat="48.4226830" lon="7.4041340">
    <ele>742.0</ele>
    <time>2024-10-24T11:50:19Z</time>
   </trkpt>
   <trkpt lat="48.4226750" lon="7.4041410">
    <ele>741.9</ele>
    <time>2024-10-24T11:50:20Z</time>
   </trkpt>
   <trkpt lat="48.4226670" lon="7.4041490">
    <ele>741.8</ele>
    <time>2024-10-24T11:50:21Z</time>
   </trkpt>
   <trkpt lat="48.4226580" lon="7.4041600">
    <ele>741.6</ele>
    <time>2024-10-24T11:50:22Z</time>
   </trkpt>
   <trkpt lat="48.4226490" lon="7.4041740">
    <ele>741.5</ele>
    <time>2024-10-24T11:50:23Z</time>
   </trkpt>
   <trkpt lat="48.4226370" lon="7.4041880">
    <ele>741.3</ele>
    <time>2024-10-24T11:50:24Z</time>
   </trkpt>
   <trkpt lat="48.4226260" lon="7.4042020">
    <ele>741.2</ele>
    <time>2024-10-24T11:50:25Z</time>
   </trkpt>
   <trkpt lat="48.4226160" lon="7.4042170">
    <ele>741.0</ele>
    <time>2024-10-24T11:50:26Z</time>
   </trkpt>
   <trkpt lat="48.4226040" lon="7.4042330">
    <ele>740.8</ele>
    <time>2024-10-24T11:50:27Z</time>
   </trkpt>
   <trkpt lat="48.4225840" lon="7.4042600">
    <ele>740.5</ele>
    <time>2024-10-24T11:50:28Z</time>
   </trkpt>
   <trkpt lat="48.4225760" lon="7.4042690">
    <ele>740.4</ele>
    <time>2024-10-24T11:50:29Z</time>
   </trkpt>
   <trkpt lat="48.4225540" lon="7.4042980">
    <ele>740.1</ele>
    <time>2024-10-24T11:50:30Z</time>
   </trkpt>
   <trkpt lat="48.4225470" lon="7.4043070">
    <ele>740.0</ele>
    <time>2024-10-24T11:50:31Z</time>
   </trkpt>
   <trkpt lat="48.4225360" lon="7.4043200">
    <ele>739.9</ele>
    <time>2024-10-24T11:50:32Z</time>
   </trkpt>
   <trkpt lat="48.4225220" lon="7.4043310">
    <ele>739.7</ele>
    <time>2024-10-24T11:50:33Z</time>
   </trkpt>
   <trkpt lat="48.4225000" lon="7.4043580">
    <ele>739.4</ele>
    <time>2024-10-24T11:50:34Z</time>
   </trkpt>
   <trkpt lat="48.4224930" lon="7.4043670">
    <ele>739.3</ele>
    <time>2024-10-24T11:50:35Z</time>
   </trkpt>
   <trkpt lat="48.4224790" lon="7.4043800">
    <ele>739.1</ele>
    <time>2024-10-24T11:50:36Z</time>
   </trkpt>
   <trkpt lat="48.4224720" lon="7.4044020">
    <ele>739.0</ele>
    <time>2024-10-24T11:50:37Z</time>
   </trkpt>
   <trkpt lat="48.4224540" lon="7.4044390">
    <ele>738.7</ele>
    <time>2024-10-24T11:50:38Z</time>
   </trkpt>
   <trkpt lat="48.4224490" lon="7.4044560">
    <ele>738.6</ele>
    <time>2024-10-24T11:50:39Z</time>
   </trkpt>
   <trkpt lat="48.4224350" lon="7.4044830">
    <ele>738.5</ele>
    <time>2024-10-24T11:50:40Z</time>
   </trkpt>
   <trkpt lat="48.4224290" lon="7.4044890">
    <ele>738.4</ele>
    <time>2024-10-24T11:50:41Z</time>
   </trkpt>
   <trkpt lat="48.4224220" lon="7.4044960">
    <ele>738.4</ele>
    <time>2024-10-24T11:50:42Z</time>
   </trkpt>
   <trkpt lat="48.4224130" lon="7.4045130">
    <ele>738.3</ele>
    <time>2024-10-24T11:50:43Z</time>
   </trkpt>
   <trkpt lat="48.4224140" lon="7.4045360">
    <ele>738.2</ele>
    <time>2024-10-24T11:50:44Z</time>
   </trkpt>
   <trkpt lat="48.4224080" lon="7.4045730">
    <ele>738.2</ele>
    <time>2024-10-24T11:50:45Z</time>
   </trkpt>
   <trkpt lat="48.4224040" lon="7.4045840">
    <ele>738.2</ele>
    <time>2024-10-24T11:50:46Z</time>
   </trkpt>
   <trkpt lat="48.4224000" lon="7.4045950">
    <ele>738.2</ele>
    <time>2024-10-24T11:50:47Z</time>
   </trkpt>
   <trkpt lat="48.4223930" lon="7.4046250">
    <ele>738.2</ele>
    <time>2024-10-24T11:50:48Z</time>
   </trkpt>
   <trkpt lat="48.4223890" lon="7.4046370">
    <ele>738.2</ele>
    <time>2024-10-24T11:50:49Z</time>
   </trkpt>
   <trkpt lat="48.4223860" lon="7.4046490">
    <ele>738.2</ele>
    <time>2024-10-24T11:50:50Z</time>
   </trkpt>
   <trkpt lat="48.4223770" lon="7.4046790">
    <ele>738.2</ele>
    <time>2024-10-24T11:50:51Z</time>
   </trkpt>
   <trkpt lat="48.4223750" lon="7.4046900">
    <ele>738.2</ele>
    <time>2024-10-24T11:50:52Z</time>
   </trkpt>
   <trkpt lat="48.4223730" lon="7.4047020">
    <ele>738.2</ele>
    <time>2024-10-24T11:50:53Z</time>
   </trkpt>
   <trkpt lat="48.4223720" lon="7.4047170">
    <ele>738.2</ele>
    <time>2024-10-24T11:50:54Z</time>
   </trkpt>
   <trkpt lat="48.4223740" lon="7.4047320">
    <ele>738.2</ele>
    <time>2024-10-24T11:50:55Z</time>
   </trkpt>
   <trkpt lat="48.4223790" lon="7.4047470">
    <ele>738.2</ele>
    <time>2024-10-24T11:50:56Z</time>
   </trkpt>
   <trkpt lat="48.4223830" lon="7.4047550">
    <ele>738.2</ele>
    <time>2024-10-24T11:50:57Z</time>
   </trkpt>
   <trkpt lat="48.4223810" lon="7.4047490">
    <ele>738.2</ele>
    <time>2024-10-24T11:50:58Z</time>
   </trkpt>
   <trkpt lat="48.4223810" lon="7.4047440">
    <ele>738.2</ele>
    <time>2024-10-24T11:50:59Z</time>
   </trkpt>
   <trkpt lat="48.4223800" lon="7.4047410">
    <ele>738.2</ele>
    <time>2024-10-24T11:51:00Z</time>
   </trkpt>
   <trkpt lat="48.4224710" lon="7.4046960">
    <ele>738.2</ele>
    <time>2024-10-24T11:55:23Z</time>
   </trkpt>
   <trkpt lat="48.4224850" lon="7.4046320">
    <ele>738.2</ele>
    <time>2024-10-24T11:55:25Z</time>
   </trkpt>
   <trkpt lat="48.4224960" lon="7.4046360">
    <ele>738.2</ele>
    <time>2024-10-24T11:55:26Z</time>
   </trkpt>
   <trkpt lat="48.4225010" lon="7.4046240">
    <ele>738.2</ele>
    <time>2024-10-24T11:55:27Z</time>
   </trkpt>
   <trkpt lat="48.4225020" lon="7.4046100">
    <ele>738.2</ele>
    <time>2024-10-24T11:55:28Z</time>
   </trkpt>
   <trkpt lat="48.4225000" lon="7.4045970">
    <ele>738.2</ele>
    <time>2024-10-24T11:55:29Z</time>
   </trkpt>
   <trkpt lat="48.4225020" lon="7.4045850">
    <ele>738.1</ele>
    <time>2024-10-24T11:55:30Z</time>
   </trkpt>
   <trkpt lat="48.4225060" lon="7.4045730">
    <ele>738.1</ele>
    <time>2024-10-24T11:55:31Z</time>
   </trkpt>
   <trkpt lat="48.4225120" lon="7.4045610">
    <ele>738.1</ele>
    <time>2024-10-24T11:55:32Z</time>
   </trkpt>
   <trkpt lat="48.4225160" lon="7.4045510">
    <ele>738.0</ele>
    <time>2024-10-24T11:55:33Z</time>
   </trkpt>
   <trkpt lat="48.4225200" lon="7.4045470">
    <ele>738.0</ele>
    <time>2024-10-24T11:55:34Z</time>
   </trkpt>
   <trkpt lat="48.4225250" lon="7.4045450">
    <ele>738.0</ele>
    <time>2024-10-24T11:55:35Z</time>
   </trkpt>
   <trkpt lat="48.4225260" lon="7.4045440">
    <ele>738.0</ele>
    <time>2024-10-24T11:55:36Z</time>
   </trkpt>
   <trkpt lat="48.4225270" lon="7.4045430">
    <ele>738.0</ele>
    <time>2024-10-24T11:55:37Z</time>
   </trkpt>
   <trkpt lat="48.4225270" lon="7.4045420">
    <ele>738.0</ele>
    <time>2024-10-24T11:55:38Z</time>
   </trkpt>
   <trkpt lat="48.4225290" lon="7.4045390">
    <ele>738.0</ele>
    <time>2024-10-24T11:55:39Z</time>
   </trkpt>
   <trkpt lat="48.4225290" lon="7.4045360">
    <ele>738.0</ele>
    <time>2024-10-24T11:55:40Z</time>
   </trkpt>
   <trkpt lat="48.4225300" lon="7.4045350">
    <ele>738.0</ele>
    <time>2024-10-24T11:55:41Z</time>
   </trkpt>
   <trkpt lat="48.4225300" lon="7.4045340">
    <ele>738.0</ele>
    <time>2024-10-24T11:55:42Z</time>
   </trkpt>
   <trkpt lat="48.4225310" lon="7.4045340">
    <ele>738.0</ele>
    <time>2024-10-24T11:55:43Z</time>
   </trkpt>
   <trkpt lat="48.4225310" lon="7.4045340">
    <ele>738.0</ele>
    <time>2024-10-24T11:55:44Z</time>
   </trkpt>
   <trkpt lat="48.4225320" lon="7.4045330">
    <ele>738.0</ele>
    <time>2024-10-24T11:55:45Z</time>
   </trkpt>
   <trkpt lat="48.4225340" lon="7.4045260">
    <ele>737.9</ele>
    <time>2024-10-24T11:55:46Z</time>
   </trkpt>
   <trkpt lat="48.4225380" lon="7.4045150">
    <ele>737.9</ele>
    <time>2024-10-24T11:55:47Z</time>
   </trkpt>
   <trkpt lat="48.4225460" lon="7.4044970">
    <ele>737.8</ele>
    <time>2024-10-24T11:55:48Z</time>
   </trkpt>
   <trkpt lat="48.4225540" lon="7.4044770">
    <ele>737.8</ele>
    <time>2024-10-24T11:55:49Z</time>
   </trkpt>
   <trkpt lat="48.4225600" lon="7.4044470">
    <ele>737.7</ele>
    <time>2024-10-24T11:55:50Z</time>
   </trkpt>
   <trkpt lat="48.4225620" lon="7.4044320">
    <ele>737.7</ele>
    <time>2024-10-24T11:55:51Z</time>
   </trkpt>
   <trkpt lat="48.4225640" lon="7.4044170">
    <ele>737.6</ele>
    <time>2024-10-24T11:55:52Z</time>
   </trkpt>
   <trkpt lat="48.4225670" lon="7.4043990">
    <ele>737.6</ele>
    <time>2024-10-24T11:55:53Z</time>
   </trkpt>
   <trkpt lat="48.4225700" lon="7.4043760">
    <ele>737.5</ele>
    <time>2024-10-24T11:55:54Z</time>
   </trkpt>
   <trkpt lat="48.4225720" lon="7.4043660">
    <ele>737.5</ele>
    <time>2024-10-24T11:55:55Z</time>
   </trkpt>
   <trkpt lat="48.4225760" lon="7.4043520">
    <ele>737.4</ele>
    <time>2024-10-24T11:55:56Z</time>
   </trkpt>
   <trkpt lat="48.4225800" lon="7.4043370">
    <ele>737.4</ele>
    <time>2024-10-24T11:55:57Z</time>
   </trkpt>
   <trkpt lat="48.4225850" lon="7.4043220">
    <ele>737.3</ele>
    <time>2024-10-24T11:55:58Z</time>
   </trkpt>
   <trkpt lat="48.4225940" lon="7.4043090">
    <ele>737.3</ele>
    <time>2024-10-24T11:55:59Z</time>
   </trkpt>
   <trkpt lat="48.4225990" lon="7.4043030">
    <ele>737.3</ele>
    <time>2024-10-24T11:56:00Z</time>
   </trkpt>
   <trkpt lat="48.4226050" lon="7.4042960">
    <ele>737.2</ele>
    <time>2024-10-24T11:56:01Z</time>
   </trkpt>
   <trkpt lat="48.4226090" lon="7.4042920">
    <ele>737.2</ele>
    <time>2024-10-24T11:56:02Z</time>
   </trkpt>
   <trkpt lat="48.4226100" lon="7.4042910">
    <ele>737.2</ele>
    <time>2024-10-24T11:56:03Z</time>
   </trkpt>
   <trkpt lat="48.4226110" lon="7.4042890">
    <ele>737.2</ele>
    <time>2024-10-24T11:56:04Z</time>
   </trkpt>
   <trkpt lat="48.4226100" lon="7.4042840">
    <ele>737.2</ele>
    <time>2024-10-24T11:56:05Z</time>
   </trkpt>
   <trkpt lat="48.4226100" lon="7.4042720">
    <ele>737.2</ele>
    <time>2024-10-24T11:56:06Z</time>
   </trkpt>
   <trkpt lat="48.4226110" lon="7.4042580">
    <ele>737.1</ele>
    <time>2024-10-24T11:56:07Z</time>
   </trkpt>
   <trkpt lat="48.4226130" lon="7.4042400">
    <ele>737.1</ele>
    <time>2024-10-24T11:56:08Z</time>
   </trkpt>
   <trkpt lat="48.4226180" lon="7.4042210">
    <ele>737.0</ele>
    <time>2024-10-24T11:56:09Z</time>
   </trkpt>
   <trkpt lat="48.4226190" lon="7.4042110">
    <ele>737.0</ele>
    <time>2024-10-24T11:56:10Z</time>
   </trkpt>
   <trkpt lat="48.4226230" lon="7.4042000">
    <ele>737.0</ele>
    <time>2024-10-24T11:56:11Z</time>
   </trkpt>
   <trkpt lat="48.4226280" lon="7.4041870">
    <ele>737.0</ele>
    <time>2024-10-24T11:56:12Z</time>
   </trkpt>
   <trkpt lat="48.4226320" lon="7.4041730">
    <ele>736.9</ele>
    <time>2024-10-24T11:56:13Z</time>
   </trkpt>
   <trkpt lat="48.4226350" lon="7.4041540">
    <ele>736.9</ele>
    <time>2024-10-24T11:56:14Z</time>
   </trkpt>
   <trkpt lat="48.4226380" lon="7.4041390">
    <ele>736.9</ele>
    <time>2024-10-24T11:56:15Z</time>
   </trkpt>
   <trkpt lat="48.4226410" lon="7.4041220">
    <ele>736.8</ele>
    <time>2024-10-24T11:56:16Z</time>
   </trkpt>
   <trkpt lat="48.4226490" lon="7.4041130">
    <ele>736.8</ele>
    <time>2024-10-24T11:56:17Z</time>
   </trkpt>
   <trkpt lat="48.4226550" lon="7.4041000">
    <ele>736.8</ele>
    <time>2024-10-24T11:56:18Z</time>
   </trkpt>
   <trkpt lat="48.4226610" lon="7.4040850">
    <ele>736.8</ele>
    <time>2024-10-24T11:56:19Z</time>
   </trkpt>
   <trkpt lat="48.4226670" lon="7.4040750">
    <ele>736.7</ele>
    <time>2024-10-24T11:56:20Z</time>
   </trkpt>
   <trkpt lat="48.4226730" lon="7.4040630">
    <ele>736.7</ele>
    <time>2024-10-24T11:56:21Z</time>
   </trkpt>
   <trkpt lat="48.4226790" lon="7.4040520">
    <ele>736.7</ele>
    <time>2024-10-24T11:56:22Z</time>
   </trkpt>
   <trkpt lat="48.4226840" lon="7.4040400">
    <ele>736.7</ele>
    <time>2024-10-24T11:56:23Z</time>
   </trkpt>
   <trkpt lat="48.4226890" lon="7.4040260">
    <ele>736.7</ele>
    <time>2024-10-24T11:56:24Z</time>
   </trkpt>
   <trkpt lat="48.4226900" lon="7.4040190">
    <ele>736.7</ele>
    <time>2024-10-24T11:56:25Z</time>
   </trkpt>
   <trkpt lat="48.4226940" lon="7.4040080">
    <ele>736.7</ele>
    <time>2024-10-24T11:56:26Z</time>
   </trkpt>
   <trkpt lat="48.4226980" lon="7.4039980">
    <ele>736.7</ele>
    <time>2024-10-24T11:56:27Z</time>
   </trkpt>
   <trkpt lat="48.4227030" lon="7.4039850">
    <ele>736.7</ele>
    <time>2024-10-24T11:56:28Z</time>
   </trkpt>
   <trkpt lat="48.4227070" lon="7.4039720">
    <ele>736.7</ele>
    <time>2024-10-24T11:56:29Z</time>
   </trkpt>
   <trkpt lat="48.4227110" lon="7.4039560">
    <ele>736.6</ele>
    <time>2024-10-24T11:56:30Z</time>
   </trkpt>
   <trkpt lat="48.4227150" lon="7.4039400">
    <ele>736.6</ele>
    <time>2024-10-24T11:56:31Z</time>
   </trkpt>
   <trkpt lat="48.4227180" lon="7.4039270">
    <ele>736.6</ele>
    <time>2024-10-24T11:56:32Z</time>
   </trkpt>
   <trkpt lat="48.4227210" lon="7.4039130">
    <ele>736.7</ele>
    <time>2024-10-24T11:56:33Z</time>
   </trkpt>
   <trkpt lat="48.4227240" lon="7.4038980">
    <ele>736.7</ele>
    <time>2024-10-24T11:56:34Z</time>
   </trkpt>
   <trkpt lat="48.4227270" lon="7.4038870">
    <ele>736.7</ele>
    <time>2024-10-24T11:56:35Z</time>
   </trkpt>
   <trkpt lat="48.4227290" lon="7.4038790">
    <ele>736.7</ele>
    <time>2024-10-24T11:56:36Z</time>
   </trkpt>
   <trkpt lat="48.4227320" lon="7.4038680">
    <ele>736.7</ele>
    <time>2024-10-24T11:56:37Z</time>
   </trkpt>
   <trkpt lat="48.4227340" lon="7.4038590">
    <ele>736.7</ele>
    <time>2024-10-24T11:56:38Z</time>
   </trkpt>
   <trkpt lat="48.4227390" lon="7.4038490">
    <ele>736.7</ele>
    <time>2024-10-24T11:56:39Z</time>
   </trkpt>
   <trkpt lat="48.4227440" lon="7.4038330">
    <ele>736.7</ele>
    <time>2024-10-24T11:56:40Z</time>
   </trkpt>
   <trkpt lat="48.4227470" lon="7.4038240">
    <ele>736.7</ele>
    <time>2024-10-24T11:56:41Z</time>
   </trkpt>
   <trkpt lat="48.4227490" lon="7.4038150">
    <ele>736.7</ele>
    <time>2024-10-24T11:56:42Z</time>
   </trkpt>
   <trkpt lat="48.4227510" lon="7.4038070">
    <ele>736.7</ele>
    <time>2024-10-24T11:56:43Z</time>
   </trkpt>
   <trkpt lat="48.4227530" lon="7.4037980">
    <ele>736.7</ele>
    <time>2024-10-24T11:56:44Z</time>
   </trkpt>
   <trkpt lat="48.4227560" lon="7.4037900">
    <ele>736.8</ele>
    <time>2024-10-24T11:56:45Z</time>
   </trkpt>
   <trkpt lat="48.4227590" lon="7.4037800">
    <ele>736.8</ele>
    <time>2024-10-24T11:56:46Z</time>
   </trkpt>
   <trkpt lat="48.4227620" lon="7.4037710">
    <ele>736.8</ele>
    <time>2024-10-24T11:56:47Z</time>
   </trkpt>
   <trkpt lat="48.4227650" lon="7.4037640">
    <ele>736.8</ele>
    <time>2024-10-24T11:56:48Z</time>
   </trkpt>
   <trkpt lat="48.4227680" lon="7.4037570">
    <ele>736.8</ele>
    <time>2024-10-24T11:56:49Z</time>
   </trkpt>
   <trkpt lat="48.4227690" lon="7.4037470">
    <ele>736.8</ele>
    <time>2024-10-24T11:56:50Z</time>
   </trkpt>
   <trkpt lat="48.4227690" lon="7.4037320">
    <ele>736.8</ele>
    <time>2024-10-24T11:56:51Z</time>
   </trkpt>
   <trkpt lat="48.4227700" lon="7.4037160">
    <ele>736.8</ele>
    <time>2024-10-24T11:56:52Z</time>
   </trkpt>
   <trkpt lat="48.4227740" lon="7.4037010">
    <ele>736.9</ele>
    <time>2024-10-24T11:56:53Z</time>
   </trkpt>
   <trkpt lat="48.4227780" lon="7.4036830">
    <ele>736.9</ele>
    <time>2024-10-24T11:56:54Z</time>
   </trkpt>
   <trkpt lat="48.4227820" lon="7.4036700">
    <ele>736.9</ele>
    <time>2024-10-24T11:56:55Z</time>
   </trkpt>
   <trkpt lat="48.4227860" lon="7.4036560">
    <ele>736.9</ele>
    <time>2024-10-24T11:56:56Z</time>
   </trkpt>
   <trkpt lat="48.4227890" lon="7.4036420">
    <ele>737.0</ele>
    <time>2024-10-24T11:56:57Z</time>
   </trkpt>
   <trkpt lat="48.4227930" lon="7.4036310">
    <ele>737.0</ele>
    <time>2024-10-24T11:56:58Z</time>
   </trkpt>
   <trkpt lat="48.4227980" lon="7.4036180">
    <ele>737.0</ele>
    <time>2024-10-24T11:56:59Z</time>
   </trkpt>
   <trkpt lat="48.4228010" lon="7.4036080">
    <ele>737.0</ele>
    <time>2024-10-24T11:57:00Z</time>
   </trkpt>
   <trkpt lat="48.4228030" lon="7.4035950">
    <ele>737.0</ele>
    <time>2024-10-24T11:57:01Z</time>
   </trkpt>
   <trkpt lat="48.4227990" lon="7.4035830">
    <ele>737.0</ele>
    <time>2024-10-24T11:57:02Z</time>
   </trkpt>
   <trkpt lat="48.4227930" lon="7.4035710">
    <ele>737.1</ele>
    <time>2024-10-24T11:57:03Z</time>
   </trkpt>
   <trkpt lat="48.4227940" lon="7.4035610">
    <ele>737.1</ele>
    <time>2024-10-24T11:57:04Z</time>
   </trkpt>
   <trkpt lat="48.4227970" lon="7.4035500">
    <ele>737.1</ele>
    <time>2024-10-24T11:57:05Z</time>
   </trkpt>
   <trkpt lat="48.4227990" lon="7.4035400">
    <ele>737.1</ele>
    <time>2024-10-24T11:57:06Z</time>
   </trkpt>
   <trkpt lat="48.4228010" lon="7.4035300">
    <ele>737.1</ele>
    <time>2024-10-24T11:57:07Z</time>
   </trkpt>
   <trkpt lat="48.4228020" lon="7.4035200">
    <ele>737.2</ele>
    <time>2024-10-24T11:57:08Z</time>
   </trkpt>
   <trkpt lat="48.4228000" lon="7.4035040">
    <ele>737.2</ele>
    <time>2024-10-24T11:57:09Z</time>
   </trkpt>
   <trkpt lat="48.4227930" lon="7.4035010">
    <ele>737.2</ele>
    <time>2024-10-24T11:57:10Z</time>
   </trkpt>
   <trkpt lat="48.4227860" lon="7.4035100">
    <ele>737.2</ele>
    <time>2024-10-24T11:57:11Z</time>
   </trkpt>
   <trkpt lat="48.4227920" lon="7.4035210">
    <ele>737.2</ele>
    <time>2024-10-24T11:57:12Z</time>
   </trkpt>
   <trkpt lat="48.4227970" lon="7.4035180">
    <ele>737.3</ele>
    <time>2024-10-24T11:57:13Z</time>
   </trkpt>
   <trkpt lat="48.4228010" lon="7.4035120">
    <ele>737.3</ele>
    <time>2024-10-24T11:57:14Z</time>
   </trkpt>
   <trkpt lat="48.4228020" lon="7.4035110">
    <ele>737.3</ele>
    <time>2024-10-24T11:57:15Z</time>
   </trkpt>
   <trkpt lat="48.4228040" lon="7.4035100">
    <ele>737.3</ele>
    <time>2024-10-24T11:57:16Z</time>
   </trkpt>
   <trkpt lat="48.4228060" lon="7.4035050">
    <ele>737.3</ele>
    <time>2024-10-24T11:57:17Z</time>
   </trkpt>
   <trkpt lat="48.4228080" lon="7.4034960">
    <ele>737.3</ele>
    <time>2024-10-24T11:57:18Z</time>
   </trkpt>
   <trkpt lat="48.4228110" lon="7.4034850">
    <ele>737.3</ele>
    <time>2024-10-24T11:57:19Z</time>
   </trkpt>
   <trkpt lat="48.4228140" lon="7.4034810">
    <ele>737.3</ele>
    <time>2024-10-24T11:57:20Z</time>
   </trkpt>
   <trkpt lat="48.4228170" lon="7.4034750">
    <ele>737.3</ele>
    <time>2024-10-24T11:57:21Z</time>
   </trkpt>
   <trkpt lat="48.4228200" lon="7.4034640">
    <ele>737.4</ele>
    <time>2024-10-24T11:57:22Z</time>
   </trkpt>
   <trkpt lat="48.4228230" lon="7.4034480">
    <ele>737.4</ele>
    <time>2024-10-24T11:57:23Z</time>
   </trkpt>
   <trkpt lat="48.4228280" lon="7.4034240">
    <ele>737.4</ele>
    <time>2024-10-24T11:57:24Z</time>
   </trkpt>
   <trkpt lat="48.4228320" lon="7.4034010">
    <ele>737.4</ele>
    <time>2024-10-24T11:57:25Z</time>
   </trkpt>
   <trkpt lat="48.4228370" lon="7.4033800">
    <ele>737.4</ele>
    <time>2024-10-24T11:57:26Z</time>
   </trkpt>
   <trkpt lat="48.4228440" lon="7.4033620">
    <ele>737.4</ele>
    <time>2024-10-24T11:57:27Z</time>
   </trkpt>
   <trkpt lat="48.4228560" lon="7.4033330">
    <ele>737.3</ele>
    <time>2024-10-24T11:57:28Z</time>
   </trkpt>
   <trkpt lat="48.4228600" lon="7.4033210">
    <ele>737.3</ele>
    <time>2024-10-24T11:57:29Z</time>
   </trkpt>
   <trkpt lat="48.4228640" lon="7.4033100">
    <ele>737.3</ele>
    <time>2024-10-24T11:57:30Z</time>
   </trkpt>
   <trkpt lat="48.4228690" lon="7.4032940">
    <ele>737.3</ele>
    <time>2024-10-24T11:57:31Z</time>
   </trkpt>
   <trkpt lat="48.4228740" lon="7.4032780">
    <ele>737.2</ele>
    <time>2024-10-24T11:57:32Z</time>
   </trkpt>
   <trkpt lat="48.4228790" lon="7.4032630">
    <ele>737.2</ele>
    <time>2024-10-24T11:57:33Z</time>
   </trkpt>
   <trkpt lat="48.4228910" lon="7.4032320">
    <ele>737.1</ele>
    <time>2024-10-24T11:57:34Z</time>
   </trkpt>
   <trkpt lat="48.4228940" lon="7.4032230">
    <ele>737.1</ele>
    <time>2024-10-24T11:57:35Z</time>
   </trkpt>
   <trkpt lat="48.4228980" lon="7.4032140">
    <ele>737.1</ele>
    <time>2024-10-24T11:57:36Z</time>
   </trkpt>
   <trkpt lat="48.4229070" lon="7.4031840">
    <ele>737.0</ele>
    <time>2024-10-24T11:57:37Z</time>
   </trkpt>
   <trkpt lat="48.4229110" lon="7.4031720">
    <ele>737.0</ele>
    <time>2024-10-24T11:57:38Z</time>
   </trkpt>
   <trkpt lat="48.4229150" lon="7.4031590">
    <ele>737.0</ele>
    <time>2024-10-24T11:57:39Z</time>
   </trkpt>
   <trkpt lat="48.4229180" lon="7.4031470">
    <ele>736.9</ele>
    <time>2024-10-24T11:57:40Z</time>
   </trkpt>
   <trkpt lat="48.4229220" lon="7.4031320">
    <ele>736.9</ele>
    <time>2024-10-24T11:57:41Z</time>
   </trkpt>
   <trkpt lat="48.4229260" lon="7.4031140">
    <ele>736.9</ele>
    <time>2024-10-24T11:57:42Z</time>
   </trkpt>
   <trkpt lat="48.4229310" lon="7.4030840">
    <ele>736.8</ele>
    <time>2024-10-24T11:57:43Z</time>
   </trkpt>
   <trkpt lat="48.4229330" lon="7.4030720">
    <ele>736.8</ele>
    <time>2024-10-24T11:57:44Z</time>
   </trkpt>
   <trkpt lat="48.4229350" lon="7.4030600">
    <ele>736.8</ele>
    <time>2024-10-24T11:57:45Z</time>
   </trkpt>
   <trkpt lat="48.4229370" lon="7.4030430">
    <ele>736.8</ele>
    <time>2024-10-24T11:57:46Z</time>
   </trkpt>
   <trkpt lat="48.4229380" lon="7.4030250">
    <ele>736.7</ele>
    <time>2024-10-24T11:57:47Z</time>
   </trkpt>
   <trkpt lat="48.4229380" lon="7.4030090">
    <ele>736.7</ele>
    <time>2024-10-24T11:57:48Z</time>
   </trkpt>
   <trkpt lat="48.4229400" lon="7.4029890">
    <ele>736.7</ele>
    <time>2024-10-24T11:57:49Z</time>
   </trkpt>
   <trkpt lat="48.4229420" lon="7.4029760">
    <ele>736.7</ele>
    <time>2024-10-24T11:57:50Z</time>
   </trkpt>
   <trkpt lat="48.4229450" lon="7.4029580">
    <ele>736.7</ele>
    <time>2024-10-24T11:57:51Z</time>
   </trkpt>
   <trkpt lat="48.4229490" lon="7.4029420">
    <ele>736.7</ele>
    <time>2024-10-24T11:57:52Z</time>
   </trkpt>
   <trkpt lat="48.4229530" lon="7.4029270">
    <ele>736.7</ele>
    <time>2024-10-24T11:57:53Z</time>
   </trkpt>
   <trkpt lat="48.4229570" lon="7.4029120">
    <ele>736.7</ele>
    <time>2024-10-24T11:57:54Z</time>
   </trkpt>
   <trkpt lat="48.4229630" lon="7.4028980">
    <ele>736.6</ele>
    <time>2024-10-24T11:57:55Z</time>
   </trkpt>
   <trkpt lat="48.4229700" lon="7.4028860">
    <ele>736.6</ele>
    <time>2024-10-24T11:57:56Z</time>
   </trkpt>
   <trkpt lat="48.4229770" lon="7.4028730">
    <ele>736.6</ele>
    <time>2024-10-24T11:57:57Z</time>
   </trkpt>
   <trkpt lat="48.4229830" lon="7.4028580">
    <ele>736.6</ele>
    <time>2024-10-24T11:57:58Z</time>
   </trkpt>
   <trkpt lat="48.4229880" lon="7.4028370">
    <ele>736.6</ele>
    <time>2024-10-24T11:57:59Z</time>
   </trkpt>
   <trkpt lat="48.4229900" lon="7.4028280">
    <ele>736.6</ele>
    <time>2024-10-24T11:58:00Z</time>
   </trkpt>
   <trkpt lat="48.4229950" lon="7.4028140">
    <ele>736.6</ele>
    <time>2024-10-24T11:58:01Z</time>
   </trkpt>
   <trkpt lat="48.4230000" lon="7.4028010">
    <ele>736.6</ele>
    <time>2024-10-24T11:58:02Z</time>
   </trkpt>
   <trkpt lat="48.4230040" lon="7.4027880">
    <ele>736.6</ele>
    <time>2024-10-24T11:58:03Z</time>
   </trkpt>
   <trkpt lat="48.4230070" lon="7.4027660">
    <ele>736.6</ele>
    <time>2024-10-24T11:58:04Z</time>
   </trkpt>
   <trkpt lat="48.4230070" lon="7.4027560">
    <ele>736.6</ele>
    <time>2024-10-24T11:58:05Z</time>
   </trkpt>
   <trkpt lat="48.4230090" lon="7.4027410">
    <ele>736.6</ele>
    <time>2024-10-24T11:58:06Z</time>
   </trkpt>
   <trkpt lat="48.4230100" lon="7.4027270">
    <ele>736.6</ele>
    <time>2024-10-24T11:58:07Z</time>
   </trkpt>
   <trkpt lat="48.4230130" lon="7.4027130">
    <ele>736.5</ele>
    <time>2024-10-24T11:58:08Z</time>
   </trkpt>
   <trkpt lat="48.4230190" lon="7.4026950">
    <ele>736.4</ele>
    <time>2024-10-24T11:58:09Z</time>
   </trkpt>
   <trkpt lat="48.4230220" lon="7.4026870">
    <ele>736.4</ele>
    <time>2024-10-24T11:58:10Z</time>
   </trkpt>
   <trkpt lat="48.4230260" lon="7.4026740">
    <ele>736.3</ele>
    <time>2024-10-24T11:58:11Z</time>
   </trkpt>
   <trkpt lat="48.4230280" lon="7.4026610">
    <ele>736.2</ele>
    <time>2024-10-24T11:58:12Z</time>
   </trkpt>
   <trkpt lat="48.4230310" lon="7.4026450">
    <ele>736.2</ele>
    <time>2024-10-24T11:58:13Z</time>
   </trkpt>
   <trkpt lat="48.4230310" lon="7.4026240">
    <ele>736.1</ele>
    <time>2024-10-24T11:58:14Z</time>
   </trkpt>
   <trkpt lat="48.4230330" lon="7.4026120">
    <ele>736.0</ele>
    <time>2024-10-24T11:58:15Z</time>
   </trkpt>
   <trkpt lat="48.4230350" lon="7.4025960">
    <ele>736.0</ele>
    <time>2024-10-24T11:58:16Z</time>
   </trkpt>
   <trkpt lat="48.4230360" lon="7.4025800">
    <ele>735.9</ele>
    <time>2024-10-24T11:58:17Z</time>
   </trkpt>
   <trkpt lat="48.4230350" lon="7.4025650">
    <ele>735.8</ele>
    <time>2024-10-24T11:58:18Z</time>
   </trkpt>
   <trkpt lat="48.4230330" lon="7.4025470">
    <ele>735.7</ele>
    <time>2024-10-24T11:58:19Z</time>
   </trkpt>
   <trkpt lat="48.4230320" lon="7.4025380">
    <ele>735.7</ele>
    <time>2024-10-24T11:58:20Z</time>
   </trkpt>
   <trkpt lat="48.4230310" lon="7.4025230">
    <ele>735.6</ele>
    <time>2024-10-24T11:58:21Z</time>
   </trkpt>
   <trkpt lat="48.4230290" lon="7.4025050">
    <ele>735.5</ele>
    <time>2024-10-24T11:58:22Z</time>
   </trkpt>
   <trkpt lat="48.4230290" lon="7.4024870">
    <ele>735.4</ele>
    <time>2024-10-24T11:58:23Z</time>
   </trkpt>
   <trkpt lat="48.4230320" lon="7.4024610">
    <ele>735.3</ele>
    <time>2024-10-24T11:58:24Z</time>
   </trkpt>
   <trkpt lat="48.4230330" lon="7.4024500">
    <ele>735.2</ele>
    <time>2024-10-24T11:58:25Z</time>
   </trkpt>
   <trkpt lat="48.4230360" lon="7.4024330">
    <ele>735.1</ele>
    <time>2024-10-24T11:58:26Z</time>
   </trkpt>
   <trkpt lat="48.4230390" lon="7.4024170">
    <ele>735.0</ele>
    <time>2024-10-24T11:58:27Z</time>
   </trkpt>
   <trkpt lat="48.4230420" lon="7.4023980">
    <ele>734.9</ele>
    <time>2024-10-24T11:58:28Z</time>
   </trkpt>
   <trkpt lat="48.4230460" lon="7.4023740">
    <ele>734.8</ele>
    <time>2024-10-24T11:58:29Z</time>
   </trkpt>
   <trkpt lat="48.4230480" lon="7.4023650">
    <ele>734.7</ele>
    <time>2024-10-24T11:58:30Z</time>
   </trkpt>
   <trkpt lat="48.4230510" lon="7.4023490">
    <ele>734.7</ele>
    <time>2024-10-24T11:58:31Z</time>
   </trkpt>
   <trkpt lat="48.4230530" lon="7.4023340">
    <ele>734.6</ele>
    <time>2024-10-24T11:58:32Z</time>
   </trkpt>
   <trkpt lat="48.4230560" lon="7.4023200">
    <ele>734.5</ele>
    <time>2024-10-24T11:58:33Z</time>
   </trkpt>
   <trkpt lat="48.4230600" lon="7.4023010">
    <ele>734.4</ele>
    <time>2024-10-24T11:58:34Z</time>
   </trkpt>
   <trkpt lat="48.4230610" lon="7.4022900">
    <ele>734.3</ele>
    <time>2024-10-24T11:58:35Z</time>
   </trkpt>
   <trkpt lat="48.4230630" lon="7.4022740">
    <ele>734.2</ele>
    <time>2024-10-24T11:58:36Z</time>
   </trkpt>
   <trkpt lat="48.4230670" lon="7.4022590">
    <ele>734.2</ele>
    <time>2024-10-24T11:58:37Z</time>
   </trkpt>
   <trkpt lat="48.4230720" lon="7.4022460">
    <ele>734.1</ele>
    <time>2024-10-24T11:58:38Z</time>
   </trkpt>
   <trkpt lat="48.4230740" lon="7.4022280">
    <ele>734.0</ele>
    <time>2024-10-24T11:58:39Z</time>
   </trkpt>
   <trkpt lat="48.4230750" lon="7.4022190">
    <ele>733.9</ele>
    <time>2024-10-24T11:58:40Z</time>
   </trkpt>
   <trkpt lat="48.4230740" lon="7.4022050">
    <ele>733.9</ele>
    <time>2024-10-24T11:58:41Z</time>
   </trkpt>
   <trkpt lat="48.4230700" lon="7.4021940">
    <ele>733.8</ele>
    <time>2024-10-24T11:58:42Z</time>
   </trkpt>
   <trkpt lat="48.4230660" lon="7.4021830">
    <ele>733.7</ele>
    <time>2024-10-24T11:58:43Z</time>
   </trkpt>
   <trkpt lat="48.4230610" lon="7.4021660">
    <ele>733.6</ele>
    <time>2024-10-24T11:58:44Z</time>
   </trkpt>
   <trkpt lat="48.4230580" lon="7.4021560">
    <ele>733.6</ele>
    <time>2024-10-24T11:58:45Z</time>
   </trkpt>
   <trkpt lat="48.4230550" lon="7.4021410">
    <ele>733.5</ele>
    <time>2024-10-24T11:58:46Z</time>
   </trkpt>
   <trkpt lat="48.4230510" lon="7.4021290">
    <ele>733.5</ele>
    <time>2024-10-24T11:58:47Z</time>
   </trkpt>
   <trkpt lat="48.4230490" lon="7.4021160">
    <ele>733.4</ele>
    <time>2024-10-24T11:58:48Z</time>
   </trkpt>
   <trkpt lat="48.4230480" lon="7.4021030">
    <ele>733.3</ele>
    <time>2024-10-24T11:58:49Z</time>
   </trkpt>
   <trkpt lat="48.4230470" lon="7.4020900">
    <ele>733.3</ele>
    <time>2024-10-24T11:58:50Z</time>
   </trkpt>
   <trkpt lat="48.4230490" lon="7.4020810">
    <ele>733.2</ele>
    <time>2024-10-24T11:58:51Z</time>
   </trkpt>
   <trkpt lat="48.4230500" lon="7.4020780">
    <ele>733.2</ele>
    <time>2024-10-24T11:58:52Z</time>
   </trkpt>
   <trkpt lat="48.4230490" lon="7.4020770">
    <ele>733.2</ele>
    <time>2024-10-24T11:58:53Z</time>
   </trkpt>
   <trkpt lat="48.4230480" lon="7.4020780">
    <ele>733.2</ele>
    <time>2024-10-24T11:58:54Z</time>
   </trkpt>
   <trkpt lat="48.4230480" lon="7.4020790">
    <ele>733.2</ele>
    <time>2024-10-24T11:58:55Z</time>
   </trkpt>
   <trkpt lat="48.4230470" lon="7.4020790">
    <ele>733.2</ele>
    <time>2024-10-24T11:58:56Z</time>
   </trkpt>
   <trkpt lat="48.4230470" lon="7.4020810">
    <ele>733.2</ele>
    <time>2024-10-24T11:58:57Z</time>
   </trkpt>
   <trkpt lat="48.4230470" lon="7.4020790">
    <ele>733.2</ele>
    <time>2024-10-24T11:58:58Z</time>
   </trkpt>
   <trkpt lat="48.4230480" lon="7.4020740">
    <ele>733.1</ele>
    <time>2024-10-24T11:58:59Z</time>
   </trkpt>
   <trkpt lat="48.4230530" lon="7.4020450">
    <ele>733.0</ele>
    <time>2024-10-24T11:59:00Z</time>
   </trkpt>
   <trkpt lat="48.4230550" lon="7.4020280">
    <ele>732.9</ele>
    <time>2024-10-24T11:59:01Z</time>
   </trkpt>
   <trkpt lat="48.4230580" lon="7.4020110">
    <ele>732.8</ele>
    <time>2024-10-24T11:59:02Z</time>
   </trkpt>
   <trkpt lat="48.4230610" lon="7.4019880">
    <ele>732.7</ele>
    <time>2024-10-24T11:59:03Z</time>
   </trkpt>
   <trkpt lat="48.4230630" lon="7.4019670">
    <ele>732.6</ele>
    <time>2024-10-24T11:59:04Z</time>
   </trkpt>
   <trkpt lat="48.4230630" lon="7.4019340">
    <ele>732.5</ele>
    <time>2024-10-24T11:59:05Z</time>
   </trkpt>
   <trkpt lat="48.4230620" lon="7.4019210">
    <ele>732.4</ele>
    <time>2024-10-24T11:59:06Z</time>
   </trkpt>
   <trkpt lat="48.4230620" lon="7.4019090">
    <ele>732.3</ele>
    <time>2024-10-24T11:59:07Z</time>
   </trkpt>
   <trkpt lat="48.4230580" lon="7.4018780">
    <ele>732.2</ele>
    <time>2024-10-24T11:59:08Z</time>
   </trkpt>
   <trkpt lat="48.4230560" lon="7.4018660">
    <ele>732.1</ele>
    <time>2024-10-24T11:59:09Z</time>
   </trkpt>
   <trkpt lat="48.4230540" lon="7.4018550">
    <ele>732.1</ele>
    <time>2024-10-24T11:59:10Z</time>
   </trkpt>
   <trkpt lat="48.4230500" lon="7.4018330">
    <ele>731.9</ele>
    <time>2024-10-24T11:59:11Z</time>
   </trkpt>
   <trkpt lat="48.4230490" lon="7.4018220">
    <ele>731.9</ele>
    <time>2024-10-24T11:59:12Z</time>
   </trkpt>
   <trkpt lat="48.4230490" lon="7.4018120">
    <ele>731.8</ele>
    <time>2024-10-24T11:59:13Z</time>
   </trkpt>
   <trkpt lat="48.4230480" lon="7.4018010">
    <ele>731.8</ele>
    <time>2024-10-24T11:59:14Z</time>
   </trkpt>
   <trkpt lat="48.4230480" lon="7.4017820">
    <ele>731.7</ele>
    <time>2024-10-24T11:59:15Z</time>
   </trkpt>
   <trkpt lat="48.4230510" lon="7.4017680">
    <ele>731.6</ele>
    <time>2024-10-24T11:59:16Z</time>
   </trkpt>
   <trkpt lat="48.4230530" lon="7.4017520">
    <ele>731.5</ele>
    <time>2024-10-24T11:59:17Z</time>
   </trkpt>
   <trkpt lat="48.4230580" lon="7.4017360">
    <ele>731.4</ele>
    <time>2024-10-24T11:59:18Z</time>
   </trkpt>
   <trkpt lat="48.4230660" lon="7.4017220">
    <ele>731.4</ele>
    <time>2024-10-24T11:59:19Z</time>
   </trkpt>
   <trkpt lat="48.4230710" lon="7.4017080">
    <ele>731.3</ele>
    <time>2024-10-24T11:59:20Z</time>
   </trkpt>
   <trkpt lat="48.4230730" lon="7.4016920">
    <ele>731.2</ele>
    <time>2024-10-24T11:59:21Z</time>
   </trkpt>
   <trkpt lat="48.4230750" lon="7.4016750">
    <ele>731.1</ele>
    <time>2024-10-24T11:59:22Z</time>
   </trkpt>
   <trkpt lat="48.4230780" lon="7.4016580">
    <ele>731.0</ele>
    <time>2024-10-24T11:59:23Z</time>
   </trkpt>
   <trkpt lat="48.4230800" lon="7.4016420">
    <ele>730.9</ele>
    <time>2024-10-24T11:59:24Z</time>
   </trkpt>
   <trkpt lat="48.4230810" lon="7.4016270">
    <ele>730.9</ele>
    <time>2024-10-24T11:59:25Z</time>
   </trkpt>
   <trkpt lat="48.4230810" lon="7.4016080">
    <ele>730.8</ele>
    <time>2024-10-24T11:59:26Z</time>
   </trkpt>
   <trkpt lat="48.4230820" lon="7.4015920">
    <ele>730.7</ele>
    <time>2024-10-24T11:59:27Z</time>
   </trkpt>
   <trkpt lat="48.4230820" lon="7.4015750">
    <ele>730.6</ele>
    <time>2024-10-24T11:59:28Z</time>
   </trkpt>
   <trkpt lat="48.4230810" lon="7.4015580">
    <ele>730.5</ele>
    <time>2024-10-24T11:59:29Z</time>
   </trkpt>
   <trkpt lat="48.4230810" lon="7.4015400">
    <ele>730.4</ele>
    <time>2024-10-24T11:59:30Z</time>
   </trkpt>
   <trkpt lat="48.4230800" lon="7.4015240">
    <ele>730.4</ele>
    <time>2024-10-24T11:59:31Z</time>
   </trkpt>
   <trkpt lat="48.4230730" lon="7.4015090">
    <ele>730.3</ele>
    <time>2024-10-24T11:59:32Z</time>
   </trkpt>
   <trkpt lat="48.4230690" lon="7.4014970">
    <ele>730.2</ele>
    <time>2024-10-24T11:59:33Z</time>
   </trkpt>
   <trkpt lat="48.4230660" lon="7.4014820">
    <ele>730.1</ele>
    <time>2024-10-24T11:59:34Z</time>
   </trkpt>
   <trkpt lat="48.4230630" lon="7.4014690">
    <ele>730.1</ele>
    <time>2024-10-24T11:59:35Z</time>
   </trkpt>
   <trkpt lat="48.4230620" lon="7.4014530">
    <ele>730.0</ele>
    <time>2024-10-24T11:59:36Z</time>
   </trkpt>
   <trkpt lat="48.4230630" lon="7.4014360">
    <ele>729.9</ele>
    <time>2024-10-24T11:59:37Z</time>
   </trkpt>
   <trkpt lat="48.4230670" lon="7.4014180">
    <ele>729.8</ele>
    <time>2024-10-24T11:59:38Z</time>
   </trkpt>
   <trkpt lat="48.4230770" lon="7.4013900">
    <ele>729.7</ele>
    <time>2024-10-24T11:59:39Z</time>
   </trkpt>
   <trkpt lat="48.4230810" lon="7.4013790">
    <ele>729.6</ele>
    <time>2024-10-24T11:59:40Z</time>
   </trkpt>
   <trkpt lat="48.4230850" lon="7.4013690">
    <ele>729.6</ele>
    <time>2024-10-24T11:59:41Z</time>
   </trkpt>
   <trkpt lat="48.4230750" lon="7.4013510">
    <ele>729.5</ele>
    <time>2024-10-24T11:59:42Z</time>
   </trkpt>
   <trkpt lat="48.4230610" lon="7.4013520">
    <ele>729.4</ele>
    <time>2024-10-24T11:59:43Z</time>
   </trkpt>
   <trkpt lat="48.4230470" lon="7.4013520">
    <ele>729.3</ele>
    <time>2024-10-24T11:59:44Z</time>
   </trkpt>
   <trkpt lat="48.4230330" lon="7.4013600">
    <ele>729.2</ele>
    <time>2024-10-24T11:59:45Z</time>
   </trkpt>
   <trkpt lat="48.4230230" lon="7.4013460">
    <ele>729.1</ele>
    <time>2024-10-24T11:59:46Z</time>
   </trkpt>
   <trkpt lat="48.4230220" lon="7.4013290">
    <ele>729.0</ele>
    <time>2024-10-24T11:59:47Z</time>
   </trkpt>
   <trkpt lat="48.4230300" lon="7.4013100">
    <ele>728.9</ele>
    <time>2024-10-24T11:59:48Z</time>
   </trkpt>
   <trkpt lat="48.4230340" lon="7.4012910">
    <ele>728.8</ele>
    <time>2024-10-24T11:59:49Z</time>
   </trkpt>
   <trkpt lat="48.4230370" lon="7.4012600">
    <ele>728.7</ele>
    <time>2024-10-24T11:59:50Z</time>
   </trkpt>
   <trkpt lat="48.4230370" lon="7.4012480">
    <ele>728.6</ele>
    <time>2024-10-24T11:59:51Z</time>
   </trkpt>
   <trkpt lat="48.4230370" lon="7.4012350">
    <ele>728.5</ele>
    <time>2024-10-24T11:59:52Z</time>
   </trkpt>
   <trkpt lat="48.4230360" lon="7.4012180">
    <ele>728.5</ele>
    <time>2024-10-24T11:59:53Z</time>
   </trkpt>
   <trkpt lat="48.4230320" lon="7.4012020">
    <ele>728.4</ele>
    <time>2024-10-24T11:59:54Z</time>
   </trkpt>
   <trkpt lat="48.4230310" lon="7.4011860">
    <ele>728.3</ele>
    <time>2024-10-24T11:59:55Z</time>
   </trkpt>
   <trkpt lat="48.4230300" lon="7.4011650">
    <ele>728.2</ele>
    <time>2024-10-24T11:59:56Z</time>
   </trkpt>
   <trkpt lat="48.4230280" lon="7.4011510">
    <ele>728.2</ele>
    <time>2024-10-24T11:59:57Z</time>
   </trkpt>
   <trkpt lat="48.4230260" lon="7.4011360">
    <ele>728.1</ele>
    <time>2024-10-24T11:59:58Z</time>
   </trkpt>
   <trkpt lat="48.4230250" lon="7.4011200">
    <ele>728.1</ele>
    <time>2024-10-24T11:59:59Z</time>
   </trkpt>
   <trkpt lat="48.4230240" lon="7.4011040">
    <ele>728.0</ele>
    <time>2024-10-24T12:00:00Z</time>
   </trkpt>
   <trkpt lat="48.4230250" lon="7.4010860">
    <ele>727.9</ele>
    <time>2024-10-24T12:00:01Z</time>
   </trkpt>
   <trkpt lat="48.4230240" lon="7.4010710">
    <ele>727.9</ele>
    <time>2024-10-24T12:00:02Z</time>
   </trkpt>
   <trkpt lat="48.4230230" lon="7.4010550">
    <ele>727.8</ele>
    <time>2024-10-24T12:00:03Z</time>
   </trkpt>
   <trkpt lat="48.4230210" lon="7.4010390">
    <ele>727.7</ele>
    <time>2024-10-24T12:00:04Z</time>
   </trkpt>
   <trkpt lat="48.4230190" lon="7.4010240">
    <ele>727.7</ele>
    <time>2024-10-24T12:00:05Z</time>
   </trkpt>
   <trkpt lat="48.4230160" lon="7.4010040">
    <ele>727.6</ele>
    <time>2024-10-24T12:00:06Z</time>
   </trkpt>
   <trkpt lat="48.4230130" lon="7.4009900">
    <ele>727.5</ele>
    <time>2024-10-24T12:00:07Z</time>
   </trkpt>
   <trkpt lat="48.4230110" lon="7.4009730">
    <ele>727.4</ele>
    <time>2024-10-24T12:00:08Z</time>
   </trkpt>
   <trkpt lat="48.4230110" lon="7.4009540">
    <ele>727.4</ele>
    <time>2024-10-24T12:00:09Z</time>
   </trkpt>
   <trkpt lat="48.4230110" lon="7.4009360">
    <ele>727.3</ele>
    <time>2024-10-24T12:00:10Z</time>
   </trkpt>
   <trkpt lat="48.4230030" lon="7.4009040">
    <ele>727.2</ele>
    <time>2024-10-24T12:00:11Z</time>
   </trkpt>
   <trkpt lat="48.4230010" lon="7.4008920">
    <ele>727.1</ele>
    <time>2024-10-24T12:00:12Z</time>
   </trkpt>
   <trkpt lat="48.4229990" lon="7.4008800">
    <ele>727.1</ele>
    <time>2024-10-24T12:00:13Z</time>
   </trkpt>
   <trkpt lat="48.4229960" lon="7.4008600">
    <ele>727.0</ele>
    <time>2024-10-24T12:00:14Z</time>
   </trkpt>
   <trkpt lat="48.4229920" lon="7.4008410">
    <ele>726.9</ele>
    <time>2024-10-24T12:00:15Z</time>
   </trkpt>
   <trkpt lat="48.4229870" lon="7.4008200">
    <ele>726.8</ele>
    <time>2024-10-24T12:00:16Z</time>
   </trkpt>
   <trkpt lat="48.4229840" lon="7.4008010">
    <ele>726.7</ele>
    <time>2024-10-24T12:00:17Z</time>
   </trkpt>
   <trkpt lat="48.4229790" lon="7.4007700">
    <ele>726.6</ele>
    <time>2024-10-24T12:00:18Z</time>
   </trkpt>
   <trkpt lat="48.4229770" lon="7.4007580">
    <ele>726.5</ele>
    <time>2024-10-24T12:00:19Z</time>
   </trkpt>
   <trkpt lat="48.4229750" lon="7.4007450">
    <ele>726.5</ele>
    <time>2024-10-24T12:00:20Z</time>
   </trkpt>
   <trkpt lat="48.4229710" lon="7.4007080">
    <ele>726.3</ele>
    <time>2024-10-24T12:00:21Z</time>
   </trkpt>
   <trkpt lat="48.4229700" lon="7.4006970">
    <ele>726.3</ele>
    <time>2024-10-24T12:00:22Z</time>
   </trkpt>
   <trkpt lat="48.4229700" lon="7.4006850">
    <ele>726.2</ele>
    <time>2024-10-24T12:00:23Z</time>
   </trkpt>
   <trkpt lat="48.4229690" lon="7.4006630">
    <ele>726.2</ele>
    <time>2024-10-24T12:00:24Z</time>
   </trkpt>
   <trkpt lat="48.4229690" lon="7.4006410">
    <ele>726.1</ele>
    <time>2024-10-24T12:00:25Z</time>
   </trkpt>
   <trkpt lat="48.4229680" lon="7.4006170">
    <ele>726.0</ele>
    <time>2024-10-24T12:00:26Z</time>
   </trkpt>
   <trkpt lat="48.4229680" lon="7.4005960">
    <ele>725.9</ele>
    <time>2024-10-24T12:00:27Z</time>
   </trkpt>
   <trkpt lat="48.4229670" lon="7.4005740">
    <ele>725.8</ele>
    <time>2024-10-24T12:00:28Z</time>
   </trkpt>
   <trkpt lat="48.4229660" lon="7.4005530">
    <ele>725.7</ele>
    <time>2024-10-24T12:00:29Z</time>
   </trkpt>
   <trkpt lat="48.4229640" lon="7.4005320">
    <ele>725.7</ele>
    <time>2024-10-24T12:00:30Z</time>
   </trkpt>
   <trkpt lat="48.4229620" lon="7.4005090">
    <ele>725.6</ele>
    <time>2024-10-24T12:00:31Z</time>
   </trkpt>
   <trkpt lat="48.4229600" lon="7.4004780">
    <ele>725.5</ele>
    <time>2024-10-24T12:00:32Z</time>
   </trkpt>
   <trkpt lat="48.4229590" lon="7.4004640">
    <ele>725.4</ele>
    <time>2024-10-24T12:00:33Z</time>
   </trkpt>
   <trkpt lat="48.4229580" lon="7.4004500">
    <ele>725.4</ele>
    <time>2024-10-24T12:00:34Z</time>
   </trkpt>
   <trkpt lat="48.4229580" lon="7.4004280">
    <ele>725.3</ele>
    <time>2024-10-24T12:00:35Z</time>
   </trkpt>
   <trkpt lat="48.4229600" lon="7.4004030">
    <ele>725.2</ele>
    <time>2024-10-24T12:00:36Z</time>
   </trkpt>
   <trkpt lat="48.4229600" lon="7.4003830">
    <ele>725.1</ele>
    <time>2024-10-24T12:00:37Z</time>
   </trkpt>
   <trkpt lat="48.4229580" lon="7.4003610">
    <ele>725.0</ele>
    <time>2024-10-24T12:00:38Z</time>
   </trkpt>
   <trkpt lat="48.4229560" lon="7.4003250">
    <ele>724.9</ele>
    <time>2024-10-24T12:00:39Z</time>
   </trkpt>
   <trkpt lat="48.4229570" lon="7.4003090">
    <ele>724.8</ele>
    <time>2024-10-24T12:00:40Z</time>
   </trkpt>
   <trkpt lat="48.4229570" lon="7.4002940">
    <ele>724.8</ele>
    <time>2024-10-24T12:00:41Z</time>
   </trkpt>
   <trkpt lat="48.4229570" lon="7.4002740">
    <ele>724.7</ele>
    <time>2024-10-24T12:00:42Z</time>
   </trkpt>
   <trkpt lat="48.4229620" lon="7.4002530">
    <ele>724.6</ele>
    <time>2024-10-24T12:00:43Z</time>
   </trkpt>
   <trkpt lat="48.4229710" lon="7.4002370">
    <ele>724.5</ele>
    <time>2024-10-24T12:00:44Z</time>
   </trkpt>
   <trkpt lat="48.4229820" lon="7.4002230">
    <ele>724.4</ele>
    <time>2024-10-24T12:00:45Z</time>
   </trkpt>
   <trkpt lat="48.4229910" lon="7.4002050">
    <ele>724.4</ele>
    <time>2024-10-24T12:00:46Z</time>
   </trkpt>
   <trkpt lat="48.4229970" lon="7.4001880">
    <ele>724.3</ele>
    <time>2024-10-24T12:00:47Z</time>
   </trkpt>
   <trkpt lat="48.4230000" lon="7.4001700">
    <ele>724.2</ele>
    <time>2024-10-24T12:00:48Z</time>
   </trkpt>
   <trkpt lat="48.4230050" lon="7.4001550">
    <ele>724.1</ele>
    <time>2024-10-24T12:00:49Z</time>
   </trkpt>
   <trkpt lat="48.4230140" lon="7.4001560">
    <ele>724.0</ele>
    <time>2024-10-24T12:00:50Z</time>
   </trkpt>
   <trkpt lat="48.4230220" lon="7.4001720">
    <ele>723.9</ele>
    <time>2024-10-24T12:00:51Z</time>
   </trkpt>
   <trkpt lat="48.4230240" lon="7.4001830">
    <ele>723.9</ele>
    <time>2024-10-24T12:00:52Z</time>
   </trkpt>
   <trkpt lat="48.4230270" lon="7.4001920">
    <ele>723.8</ele>
    <time>2024-10-24T12:00:53Z</time>
   </trkpt>
   <trkpt lat="48.4230280" lon="7.4001990">
    <ele>723.8</ele>
    <time>2024-10-24T12:00:54Z</time>
   </trkpt>
   <trkpt lat="48.4230300" lon="7.4002080">
    <ele>723.8</ele>
    <time>2024-10-24T12:00:55Z</time>
   </trkpt>
   <trkpt lat="48.4230310" lon="7.4002100">
    <ele>723.8</ele>
    <time>2024-10-24T12:00:56Z</time>
   </trkpt>
   <trkpt lat="48.4230310" lon="7.4002090">
    <ele>723.8</ele>
    <time>2024-10-24T12:00:57Z</time>
   </trkpt>
   <trkpt lat="48.4230290" lon="7.4002090">
    <ele>723.7</ele>
    <time>2024-10-24T12:00:58Z</time>
   </trkpt>
  </trkseg>
 </trk>
</gpx>
