ID de l'activité,Date de l'activité,Nom de l'activité,Type d'activité,Description de l'activité,Temps écoulé,Distance,Fréquence cardiaque max.,Effort relatif,Déplacement-transport,Note privée sur les activités,Matériel utilisé pour l'activité,Nom du fichier,Poids de l'athlète,Poids du vélo,Temps écoulé,Durée de déplacement,Distance,Vitesse max.,Vitesse moyenne,Dénivelé positif,Dénivelé négatif,Altitude min.,Altitude max.,Pente max.,Pente moyenne,Pente positive moyenne,Pente négative moyenne,Cadence max.,Cadence moyenne,Fréquence cardiaque max.,Fréquence cardiaque moyenne,Puissance max.,Puissance moyenne,Calories,Température max.,Température moyenne,Effort relatif,Effort total,Nombre de sorties course à pied,Temps de montée,Temps de descente,Autres temps,Effort ressenti,Type,Heure de début,Puissance moyenne pondérée,Nombre d'échantillons de puissance,Utiliser l'Effort ressenti,Effort relatif ressenti,Déplacement-transport,Poids total soulevé,À partir du téléchargement,Distance ajustée selon la pente,Heure d'observation de la météo,Conditions météo,Température selon les prévisions météo,Température ressentie,Point de rosée,Humidité,Pression atmosphérique,Vitesse du vent,Rafale de vent,Direction du vent,Intensité des précipitations,Heure de lever du soleil,Heure de coucher du soleil,Phase de la lune,Vélo,Matériel,Probabilité de précipitations,Type de précipitations,Couverture nuageuse,Visibilité selon les prévisions météo,Indice UV,Ozone selon les prévisions météo,Nombre de sauts,Grit total,Flow moyen,Signalé,Vitesse moyenne (temps écoulé),Distance sur chemin,Distance récemment découverte,Distance sur chemin récemment découverte,Nombre d'activités,Nombre total de pas,CO2 économisé,Longueur de piscine,Charge d’entraînement,Intensité,Vitesse moyenne ajustée selon la pente,Temps enregistré par le chronomètre,Nombre total de cycles,Récupération,Avec mon animal de compagnie,Compétition,Sortie longue,Pour la bonne cause,Avec enfant,Distance en descente,Nombre total de séries,Nombre total de répétitions,Support
19983641143,"31 août 2026, 23:23:03",4*4',Course à pied,Reprise trklou,3528,"10,95",173.0,42,false,,Salomon Aero Blaze 3,activities/21121878737.fit.gz,,,3528.0,3416.0,10949.7,5.32,3.205,37.8,38.1,43.2,66.4,9.2,0.0,,,93.0,82.0,173.0,148.0,,,772.0,,,42.0,,,,,,,,,,,,,0.0,,1.0,10995.6,,,,,,,,,,,,,,,,32469099.0,,,,,,,,,,,3.104,69.0,,,,9064.0,0.0,,,,3.219,,,,,,,,,,,,""
19956182195,"29 août 2026, 11:00:46",🎯 backyard ultra racer cafe 12h,Course à pied,"12 boucles de 6,7 km, 3 finishers à la fin (j'ai fini dernier 😩)
Merci au racer café qui a orga un évènement de fou, que de belles rencontres et de bon temps passé à vos côtés 🫶
Une première expérience backyard de salopard, je savais pas que je la faisais il y a 2jours 😭😭 bref nutrition au taquet, jambes ok jusqu'à la 8e",41697,"81,02",174.0,543,false,"",Salomon Aero Blaze 3,activities/21093558510.fit.gz,,,41697.0,28219.0,81023.4,6.0,2.871,280.5,282.1,14.2,21.5,14.9,0.0,,,85.0,79.0,174.0,153.0,,0.0,5874.0,,,543.0,,,,,,,,,1.0,28272.0,0.0,,0.0,,1.0,81532.9,,,,,,,,,,,,,,,,32469099.0,,,,,,,,,,,1.943,60179.2,,,,74392.0,0.0,,0.0,1.0,2.866,,,,,,,,,,,,media/aceaf888-7fd7-47c6-a7ed-68d3d2078a5f.jpg|media/496a4b4b-89c4-4819-abad-ad9c86d59a12.jpg
19991005102,"28 août 2026, 23:33:48",Shakeout pré backyard,Course à pied,3 petits 400 pour reset les jambes,1863,"4,95",159.0,12,false,"",Salomon Aero Blaze 3,activities/21129494082.fit.gz,,,1863.0,1451.0,4954.4,5.32,3.414,17.1,2.2,50.9,69.1,10.7,0.3,,,89.0,79.0,159.0,139.0,,,463.0,,,12.0,,,,,,,,,,,,,0.0,,1.0,5023.6,,,,,,,,,,,,,,,,32469099.0,,,,,,,,,,2.0,2.659,0.0,,,,,0.0,,,,3.462,,,,,,,,,,,,""
19908070425,"25 août 2026, 21:25:14",Aller séance plio,Course à pied,Pas de retour parce que plus de batterie 😔,580,"1,73",157.0,5,false,,Salomon Aero Blaze 3,activities/21044105974.fit.gz,,,580.0,580.0,1733.5,4.66,2.989,16.9,2.0,50.9,67.9,8.1,1.0,,,83.0,80.0,157.0,144.0,,,128.0,,,5.0,,,,,,,,,,,0.0,,0.0,,1.0,1790.1,,,,,,,,,,,,,,,,32469099.0,,,,,,,,,,,2.989,0.0,,,,1556.0,0.0,,,,3.086,,,,,,,,,,,,""
19868320676,"23 août 2026, 15:42:18",Seuil fontaine,Course à pied,"",3350,"11,08",178.0,88,false,,Salomon Aero Blaze 3,activities/21003331299.fit.gz,,,3350.0,3234.0,11085.0,5.9,3.428,38.1,39.1,37.7,54.3,26.5,0.0,,,89.0,83.0,178.0,162.0,,,773.0,,,88.0,,,,,,,,,,,,,0.0,,1.0,11156.4,,,,,,,,,,,,,,,,32469099.0,,,,,,,,,,,3.309,2177.4,,,,8884.0,0.0,,,,3.45,,,,,,,,,,,,""
19843470684,"21 août 2026, 22:45:14",Sub 19 enfin,Course à pied,Le prédicteur garmin est chokbar,3055,"9,08",201.0,60,false,,Salomon Aero Blaze 3,activities/20977747493.fit.gz,,,3055.0,2724.0,9081.1,5.72,3.334,15.5,2.5,51.4,69.1,10.0,0.2,,,97.0,83.0,201.0,160.0,,,628.0,,,60.0,,,,,,,,,,,0.0,,0.0,,1.0,9168.9,,,,,,,,,,,,,,,,32469099.0,,,,,,,,,,,2.973,0.0,,,,7256.0,0.0,,,,3.366,,,,,,,,,,,,""
19830436608,"20 août 2026, 22:54:33",4*4',Course à pied,"",3350,"9,78",186.0,67,false,,Salomon Aero Blaze 3,activities/20964319377.fit.gz,,,3350.0,2795.0,9784.6,7.58,3.501,24.8,23.0,43.2,63.9,47.1,0.0,,,85.0,81.0,186.0,158.0,,,685.0,,,67.0,,,,,,,,,,,,,0.0,,1.0,9852.8,,,,,,,,,,,,,,,,32469099.0,,,,,,,,,,2.0,2.921,73.0,,,,7956.0,0.0,,,,3.525,,,,,,,,,,,,""
19801473215,"18 août 2026, 22:14:31",Footing à 4,Course à pied,"",3344,"9,06",162.0,32,false,,Salomon Aero Blaze 3,activities/20934616831.fit.gz,,,3344.0,3175.0,9059.6,5.16,2.853,41.4,44.6,28.4,63.9,23.4,0.0,,,93.0,79.0,162.0,145.0,,,656.0,,,32.0,,,,,,,,,,,,,0.0,,1.0,9131.8,,,,,,,,,,,,,,,,32469099.0,,,,,,,,,,,2.709,275.5,,,,8230.0,0.0,,,,2.876,,,,,,,,,,,,""
19831462569,"17 août 2026, 22:31:23",Evening run,Course à pied,"",7543,"18,55",,,false,,Salomon Aero Blaze 3,activities/19831462569.fit,,,7543.0,6101.0,18553.1,5.32,3.041,230.0,300.0,38.8,204.4,28.0,-0.1,,,,,,,,,1781.0,,29.0,,,,,,,,,,,,0.0,,0.0,,1.0,19326.0,,,,,,,,,,,,,,,,32469099.0,,,,,,,,,,,2.46,5846.3,,,,,0.0,,,,3.168,,,,,,,,,,,,""
19772858077,"16 août 2026, 21:45:58",Footing,Course à pied,Retour au plat avec jules et manu,3114,"8,62",165.0,33,false,,Salomon Aero Blaze 3,activities/20905264912.fit.gz,,,3114.0,3002.0,8624.3,7.94,2.873,36.3,36.4,27.0,54.7,19.1,0.0,,,89.0,81.0,165.0,146.0,,,635.0,,,33.0,,,,,,,,,,,0.0,,0.0,,1.0,8702.7,,,,,,,,,,,,,,,,32469099.0,,,,,,,,,,,2.77,62.3,,,,7932.0,0.0,,,,2.899,,,,,,,,,,,,""
19742033175,"14 août 2026, 14:56:00",Mont vache noire avec Manu,Course à pied,"Dernier jour dans les laurentides, parcours hyper technique et éprouvant, impossible de maintenir une allure convenable...
Très belle forêt cela dit ",9468,"13,31",184.0,82,false,,Scott Kinabalu ULTRA Rc,activities/20873517377.fit.gz,,,9468.0,7443.0,13317.0,5.12,1.789,744.9,744.9,334.3,744.0,38.6,0.0,,,122.0,69.0,184.0,140.0,,,1166.0,,,82.0,,,,,,,,,,,0.0,,0.0,,1.0,17504.5,,,,,,,,,,,,,,,,20957754.0,,,,,,,,,,,1.407,13318.4,,,,16018.0,0.0,,,,2.352,,,,,,,,,,,,media/176a013a-dbd6-4499-bec0-bc1611b85f7e.jpg|media/18f7854e-2b53-49a8-a834-74111fa65726.jpg|media/e218f30d-bf75-43a2-913e-b05a82d2f11b.jpg
19729063717,"13 août 2026, 14:50:10",Solo trail dans les laurentides,Course à pied,"Pas un chat, conditions parfaites",11716,"23,43",191.0,205,false,,Scott Kinabalu ULTRA Rc,activities/20860158436.fit.gz,,,11716.0,10786.0,23436.1,5.2,2.173,953.0,971.1,329.9,768.6,39.8,-0.1,,,119.0,71.0,191.0,154.0,,,2046.0,,,205.0,,,,,,,,,,,0.0,,0.0,,1.0,28180.5,,,,,,,,,,,,,,,,20957754.0,,,,,,,,,,,2.0,21738.3,,,,24152.0,0.0,,,,2.613,,,,,,,,,,,,media/45a873ef-91ea-40f1-9385-3e99a0b5e242.jpg|media/427ff9ae-ad96-4d0b-affc-8b57750cf0a6.jpg|media/d5f0107b-5a5e-41c7-9e45-0a8b374052be.jpg|media/30b0d6fe-4ae7-4435-9e79-3ffa968cace4.jpg
19715793582,"12 août 2026, 14:07:27",Mont Nixon,Course à pied,Premier jour dans les montagnes canadiennes,9946,"17,35",189.0,95,false,,Scott Kinabalu ULTRA Rc,activities/20846496498.fit.gz,,,9946.0,7780.0,17353.7,4.96,2.231,580.2,567.0,336.2,644.3,36.7,0.1,,,125.0,74.0,189.0,147.0,,,1396.0,,,95.0,,,,,,,,,,,0.0,,0.0,,1.0,20232.9,,,,,,,,,,,,,,,,20957754.0,,,,,,,,,,,1.745,12809.5,,,,17602.0,0.0,,,,2.601,,,,,,,,,,,,media/63dfd334-0916-4f29-b06c-d00b2688bc83.jpg|media/17a78aef-8360-40d9-b211-ac80cfb0643d.mp4|media/d0663608-fd51-44f8-8c65-590687805d0f.jpg
19689151780,"10 août 2026, 23:27:11",Evening run,Course à pied,Footing transformé en seuil à cause d'un orage XXL,2223,"8,04",182.0,73,false,,Salomon Aero Blaze 3,activities/20818925481.fit.gz,,,2223.0,2170.0,8043.4,6.1,3.707,10.6,10.7,43.2,52.0,4.7,0.0,,,90.0,82.0,182.0,167.0,,,559.0,,,73.0,,,,,,,,,,,,,0.0,,1.0,8057.8,,,,,,,,,,,,,,,,32469099.0,,,,,,,,,,,3.618,0.0,,,,5828.0,0.0,,,,3.713,,,,,,,,,,,,""
19684213914,"8 août 2026, 21:37:21",Visite Toronto,Marche,"",5082,"3,77",105.0,5,false,,Salomon Spectur,activities/20813847370.fit.gz,,,5082.0,3222.0,3771.8,4.22,1.171,11.9,12.5,83.8,92.0,9.9,0.0,,,70.0,52.0,105.0,83.0,,,282.0,,,5.0,,,,,,,,,,,0.0,,0.0,,1.0,,,,,,,,,,,,,,,,,11868224.0,,,,,,,,,,,0.742,0.0,,,,4802.0,0.0,,,,,,,,,,,,,,,,media/0144e1cd-2082-4fe6-a7ed-d218fcf0fcb1.jpg|media/6029965c-20be-48b4-b310-f5181928d452.jpg|media/41ced691-f56d-4c4f-9f76-ec5b41c9f907.jpg
19659068993,"8 août 2026, 15:19:46",Visite de Niagara,Marche,Surcotées un peu,9193,"4,59",114.0,6,false,,Salomon Spectur,activities/20787605698.fit.gz,,,9193.0,3265.0,4594.1,3.08,1.407,46.3,49.7,151.4,190.9,22.2,-0.1,,,116.0,55.0,114.0,91.0,,,370.0,,,6.0,,,,,,,,,,,0.0,,0.0,,1.0,,,,,,,,,,,,,,,,,11868224.0,,,,,,,,,,,0.5,0.0,,,,5910.0,0.0,,,,,,,,,,,,,,,,media/8420ac85-78a8-440a-a286-403e8553f970.jpg|media/bfef9cec-c01a-428e-b33d-9a5a04383575.mp4|media/7d7b774a-009d-4366-a66e-abad6e40ee9a.mp4
19655122653,"8 août 2026, 13:55:36",Correspondance rapide pour aller à Niagara,Course à pied,On a eu le bus 🙏,123,"0,23",156.0,0,false,,Salomon Aero Blaze 3,activities/20783499200.fit.gz,,,123.0,82.0,230.9,4.62,2.816,0.0,0.0,99.7,99.8,0.0,0.0,,,83.0,75.0,156.0,144.0,,,24.0,,,0.0,,,,,,,,,,,,,0.0,,1.0,230.7,,,,,,,,,,,,,,,,32469099.0,,,,,,,,,,,1.877,0.0,,,,270.0,0.0,,,,2.813,,,,,,,,,,,,""
19645751937,"6 août 2026, 22:40:30",Fractionné,Course à pied,3*2000 + 3*400,4179,"12,36",,,false,,Salomon Aero Blaze 3,activities/19645751937.fit,,,4179.0,4033.0,12362.0,5.48,3.065,36.0,34.0,52.4,71.4,14.3,0.0,,,,,,,,,1150.0,,30.0,,,,,,,,,,,,0.0,,0.0,,1.0,12476.6,,,,,,,,,,,,,,,,32469099.0,,,,,,,,,,,2.958,0.0,,,,,0.0,,,,3.094,,,,,,,,,,,,""
19619043878,"5 août 2026, 21:24:38",Récup avec le j,Course à pied,"",3134,"8,14",164.0,24,false,,Salomon Aero Blaze 3,activities/20745951666.fit.gz,,,3134.0,3006.0,8145.1,10.86,2.71,40.9,40.9,48.8,69.4,7.3,0.0,,,85.0,79.0,164.0,142.0,,,583.0,,,24.0,,,,,,,,,,,0.0,,0.0,,1.0,8178.3,,,,,,,,,,,,,,,,32469099.0,,,,,,,,,,,2.599,1793.2,,,,7674.0,0.0,,,,2.721,,,,,,,,,,,,""
19604948859,"4 août 2026, 22:04:58",5*4' r = 3',Course à pied,"",3981,"12,56",187.0,95,false,,Salomon Aero Blaze 3,activities/20731305930.fit.gz,,,3981.0,3764.0,12560.6,5.34,3.337,37.1,36.8,43.2,62.8,10.6,0.0,,,113.0,80.0,187.0,160.0,,,865.0,,,95.0,,,,,,,,,,,,,0.0,,1.0,12613.6,,,,,,,,,,,,,,,,32469099.0,,,,,,,,,,,3.155,377.2,,,,9976.0,0.0,,,,3.351,,,,,,,,,,,,""
19591367151,"3 août 2026, 23:31:35",Sortie longue avortée,Course à pied,Double problème gastrique pour les coureurs français ,5725,"14,41",171.0,48,false,,Salomon Aero Blaze 3,activities/20717247149.fit.gz,,,5725.0,4862.0,14411.1,5.28,2.964,61.7,27.4,13.2,59.0,11.8,0.2,,,102.0,79.0,171.0,143.0,,,1020.0,,,48.0,,,,,,,,,,,,,0.0,,1.0,14526.1,,,,,,,,,,,,,,,,32469099.0,,,,,,,,,,,2.517,2681.2,,,,12612.0,0.0,,,,2.988,,,,,,,,,,,,""
19576909702,"2 août 2026, 23:29:22",Footing pluie,Course à pied,"",3503,"10,67",176.0,65,false,,Salomon Aero Blaze 3,activities/20702227254.fit.gz,,,3503.0,3354.0,10671.1,4.66,3.182,60.6,61.1,25.6,68.8,9.8,0.0,,,83.0,79.0,176.0,154.0,,,754.0,,,65.0,,,,,,,,,,,,,0.0,,1.0,10769.7,,,,,,,,,,,,,,,,32469099.0,,,,,,,,,,,3.046,322.9,,,,8594.0,0.0,,,,3.211,,,,,,,,,,,,""
19546904266,"31 juil. 2026, 16:44:21",Télétravail,Course à pied,"",10012,"25,92",189.0,140,false,,Salomon Aero Blaze 3,activities/20671101479.fit.gz,,,10012.0,8943.0,25928.7,5.42,2.899,436.5,436.9,37.7,233.8,31.3,0.0,,,102.0,80.0,189.0,152.0,,,1829.0,,,140.0,,,,,,,,,,,,,0.0,,1.0,27674.1,,,,,,,,,,,,,,,,32469099.0,,,,,,,,,,,2.59,6820.8,,,,23380.0,0.0,,,,3.032,,,,,,,,,,,,""
19535204314,"30 juil. 2026, 21:17:22",Sortie speed,Course à pied,En retard pour le ciné 😵‍💫,3785,"12,68",178.0,107,false,,Salomon Aero Blaze 3,activities/20659011018.fit.gz,,,3785.0,3705.0,12687.7,7.52,3.424,64.5,65.2,35.3,70.0,6.9,0.0,,,86.0,81.0,178.0,163.0,,,892.0,,,107.0,,,,,,,,,,,,,0.0,,1.0,12741.5,,,,,,,,,,,,,,,,32469099.0,,,,,,,,,,,3.352,3788.6,,,,9980.0,0.0,,,,3.439,,,,,,,,,,,,""
19522094676,"29 juil. 2026, 22:40:42",4*4 norvégien avec le mans,Course à pied,"",3270,"10,82",187.0,84,false,,Salomon Aero Blaze 3,activities/20645501515.fit.gz,,,3270.0,3229.0,10819.2,4.96,3.351,41.1,43.4,43.2,63.8,9.3,0.0,,,108.0,80.0,187.0,161.0,,0.0,768.0,,,84.0,,,,,,,,,3.0,3269.0,0.0,,0.0,,1.0,10857.8,,,,,,,,,,,,,,,,32469099.0,,,,,,,,,,,3.309,0.0,,,,8544.0,0.0,,0.0,2.0,3.363,,,,,,,,,,,,""
19476237261,"26 juil. 2026, 16:21:48",Avec ce bon vieux daniel,Course à pied,"",3410,"9,59",,,false,,Salomon Aero Blaze 3,activities/19476237261.fit,,,3410.0,3311.0,9590.7,3.52,2.897,31.0,25.0,44.6,67.4,7.5,0.1,,,,,,,,,892.0,,31.0,,,,,,,,,,,,0.0,,0.0,,1.0,9675.8,,,,,,,,,,,,,,,,32469099.0,,,,,,,,,,,2.813,1163.3,,,,,0.0,,,,2.922,,,,,,,,,,,,""
19439714561,"23 juil. 2026, 23:59:29",3*2000 dans le bueno,Course à pied,Dur mais il fait beau donc cv,4412,"11,67",196.0,68,false,,Salomon Aero Blaze 3,activities/20560769737.fit.gz,,,4412.0,3667.0,11673.0,5.36,3.183,20.1,21.7,51.0,68.9,7.8,0.0,,,98.0,80.0,196.0,155.0,,,836.0,,,68.0,,,,,,,,,,,,,0.0,,1.0,11732.3,,,,,,,,,,,,,,,,32469099.0,,,,,,,,,,,2.646,0.0,,,,9398.0,0.0,,,,3.199,,,,,,,,,,,,""
19432419663,"22 juil. 2026, 23:18:17",Footing,Course à pied,La montre qui s'arrête encore 😪,2304,"5,89",160.0,19,false,,Salomon Aero Blaze 3,activities/20553323118.fit.gz,,,2304.0,1887.0,5897.4,4.02,3.125,14.7,20.3,43.2,63.9,14.0,-0.1,,,87.0,80.0,160.0,143.0,,,400.0,,,19.0,,,,,,,,,,,0.0,,0.0,,1.0,5911.6,,,,,,,,,,,,,,,,32469099.0,,,,,,,,,,,2.56,0.0,,,,5024.0,0.0,,,,3.133,,,,,,,,,,,,""
19396556173,"20 juil. 2026, 23:54:27",2*7*1'/1',Course à pied,On fait sauter le caisson,3809,"10,94",199.0,86,false,,Salomon Aero Blaze 3,activities/20516725679.fit.gz,,,3809.0,3533.0,10946.4,6.56,3.098,20.2,18.3,47.9,68.5,8.3,0.0,,,107.0,79.0,199.0,160.0,,,761.0,,,86.0,,,,,,,,,,,0.0,,0.0,,1.0,11004.3,,,,,,,,,,,,,,,,32469099.0,,,,,,,,,,,2.874,0.0,,,,8804.0,0.0,,,,3.115,,,,,,,,,,,,""
19381443137,"19 juil. 2026, 16:29:39",Footing mont royal ☀️,Course à pied,"",5320,"13,37",194.0,113,false,"",Scott Kinabalu ULTRA Rc,activities/20501320555.fit.gz,,,5320.0,4789.0,13373.4,5.82,2.793,233.8,237.6,49.9,231.3,50.0,0.0,,,93.0,79.0,194.0,158.0,,,1029.0,,,113.0,,,,,,,,,,,,,0.0,,1.0,14430.4,,,,,,,,,,,,,,,,20957754.0,,,,,,,,,,,2.514,5826.2,,,,12064.0,0.0,,,,3.013,,,,,,,,,,,,""
19369933109,"18 juil. 2026, 23:41:58",Footing 🌧,Course à pied,6-4 ptn c'est un score de tennis,3453,"10,17",177.0,53,false,,Salomon Aero Blaze 3,activities/20489551962.fit.gz,,,3453.0,3317.0,10169.0,5.0,3.066,31.1,30.5,42.2,67.8,6.5,0.0,,,86.0,80.0,177.0,151.0,,,719.0,,,53.0,,,,,,,,,,,,,0.0,,1.0,10206.8,,,,,,,,,,,,,,,,32469099.0,,,,,,,,,,,2.945,0.0,,,,8806.0,0.0,,,,3.077,,,,,,,,,,,,""
19356428352,"17 juil. 2026, 23:36:10",Pyra 1000-1500-2000,Course à pied,Les nouvelles grolles qui courent vraiment vite 🤯,3362,"11,31",193.0,99,false,,Salomon Aero Blaze 3,activities/20475781891.fit.gz,,,3362.0,3339.0,11315.5,5.32,3.389,0.0,0.0,66.2,68.4,5.8,0.0,,,96.0,82.0,193.0,163.0,,,812.0,,,99.0,,,,,,,,,,,0.0,,0.0,,1.0,11360.9,,,,,,,,,,,,,,,,32469099.0,,,,,,,,,,,3.366,0.0,,,,9032.0,0.0,,,,3.402,,,,,,,,,,,,""
19343302321,"16 juil. 2026, 22:19:30",Easy run au parc,Course à pied,"",4201,"11,53",171.0,68,false,,Salomon Aero Blaze 3,activities/20462442189.fit.gz,,,4201.0,3775.0,11532.9,4.54,3.055,20.4,19.9,43.2,54.7,7.9,0.0,,,83.0,80.0,171.0,152.0,,,823.0,,,68.0,,,,,,,,,,,0.0,,0.0,,1.0,11559.7,,,,,,,,,,,,,,,,32469099.0,,,,,,,,,,,2.745,0.0,,,,9838.0,0.0,,,,3.062,,,,,,,,,,,,""
19302240592,"13 juil. 2026, 23:34:59",2*10*30/30,Course à pied,Il me faut des nouvelles grolles,3538,"10,31",198.0,60,false,,Salomon DRX Bliss,activities/20420731065.fit.gz,,,3538.0,3455.0,10313.6,6.48,2.985,23.5,23.9,43.2,63.9,8.5,0.0,,,94.0,78.0,198.0,153.0,,,716.0,,,60.0,,,,,,,,,,,0.0,,0.0,,1.0,10343.1,,,,,,,,,,,,,,,,22066982.0,,,,,,,,,,,2.915,0.0,,,,8444.0,0.0,,,,2.994,,,,,,,,,,,,""
19274853444,"11 juil. 2026, 20:28:02",Footing du samedi ☀️,Course à pied,"",2044,"6,42",172.0,45,false,,Salomon DRX Bliss,activities/20392869918.fit.gz,,,2044.0,2044.0,6427.8,4.04,3.145,29.3,26.7,44.1,63.8,10.6,0.1,,,82.0,79.0,172.0,156.0,,,469.0,,,45.0,,,,,,,,,,,,,0.0,,1.0,6467.4,,,,,,,,,,,,,,,,22066982.0,,,,,,,,,,,3.145,16.9,,,,5374.0,0.0,,,,3.164,,,,,,,,,,,,""
19259882696,"10 juil. 2026, 17:11:49",Entre tdf et cdm,Course à pied,"",6879,"17,29",199.0,147,false,,Salomon DRX Bliss,activities/20377638529.fit.gz,,,6879.0,5624.0,17294.2,5.78,3.075,64.8,64.8,38.8,70.4,13.8,0.0,,,87.0,78.0,199.0,161.0,,,1281.0,,,147.0,,,,,,,,,,,0.0,,0.0,,1.0,17366.3,,,,,,,,,,,,,,,,22066982.0,,,,,,,,,,,2.514,5453.6,,,,14246.0,0.0,,,,3.088,,,,,,,,,,,,""
19222682212,"7 juil. 2026, 23:56:27",Footing long,Course à pied,On laisse rouler les jambes sous le coucher de soleil je vous fais pas de dessin,5476,"15,62",193.0,112,false,,Salomon DRX Bliss,activities/20339817040.fit.gz,,,5476.0,5364.0,15621.5,7.14,2.912,304.4,304.3,47.6,231.3,50.0,0.0,,,92.0,77.0,193.0,156.0,,,1168.0,,,112.0,,,,,,,,,,,0.0,,0.0,,1.0,16730.6,,,,,,,,,,,,,,,,22066982.0,,,,,,,,,,,2.853,7012.1,,,,13506.0,0.0,,,,3.119,,,,,,,,,,,,""
19209006893,"6 juil. 2026, 23:46:05",Décrassage du lundi avec manu,Course à pied,2*8*1'/1' sous coucher de soleil,4573,"12,01",195.0,81,false,,Salomon DRX Bliss,activities/20325970070.fit.gz,,,4573.0,4164.0,12017.2,5.8,2.886,18.0,17.7,43.1,54.6,10.0,0.0,,,92.0,79.0,195.0,155.0,,,883.0,,,81.0,,,,,,,,,,,,,0.0,,1.0,12041.4,,,,,,,,,,,,,,,,22066982.0,,,,,,,,,,,2.628,93.7,,,,10422.0,0.0,,,,2.892,,,,1.0,,,,,,,,""
19194296222,"5 juil. 2026, 14:02:20",Mont Saint Hilaire avec les zouzous,Randonnée,"Très belle forêt et avec le beau temps, journée réussie",22341,"16,69",157.0,39,false,,Scott Kinabalu ULTRA Rc,activities/20311030726.fit.gz,,,22341.0,13711.0,16698.2,3.38,1.218,756.1,757.6,35.9,402.4,34.7,0.0,,,118.0,51.0,157.0,107.0,,,1368.0,,,39.0,,,,,,,,,,,0.0,,0.0,,1.0,,,,,,,,,,,,,,,,,20957754.0,,,,,,,,,,,0.747,13807.0,,,,23114.0,0.0,,,,,,,,,,,,,,,,media/47d8cb31-b1a1-4a15-ba64-1504ed5a1060.jpg|media/2c1ead11-277c-476c-b905-bbb852be758e.mp4
19183409443,"5 juil. 2026, 00:20:52",Evening Run,Course à pied,,4764,"11,01",176.0,32,false,,Salomon DRX Bliss,activities/20299948472.fit.gz,,,4764.0,4508.0,11016.5,7.14,2.444,190.0,193.7,47.6,222.8,49.6,0.0,,,86.0,77.0,176.0,140.0,,,881.0,,,32.0,,,,,,,,,,,,,0.0,,1.0,11847.1,,,,,,,,,,,,,,,,22066982.0,,,,,,,,,,,2.312,4294.5,,,,10706.0,0.0,,,,2.628,,,,,,,,,,,,""
19169437810,"3 juil. 2026, 22:59:42",Journée de gooneur,Course à pied,Pour vous les nenettes un beau 3×2000m,3586,"11,02",203.0,119,false,,Salomon DRX Bliss,activities/20285741837.fit.gz,,,3586.0,3548.0,11028.8,5.52,3.108,19.9,19.9,50.9,69.2,9.8,0.0,,,118.0,80.0,203.0,169.0,,,836.0,,,119.0,,,,,,,,,,,,,0.0,,1.0,11094.8,,,,,,,,,,,,,,,,22066982.0,,,,,,,,,,,3.076,0.0,,,,9094.0,0.0,,,,3.127,,,,1.0,,,,,,,,""
19167660076,"3 juil. 2026, 01:18:24",EF du soir,Course à pied,Après la big pluie 15°C == plaisir absolu ,2924,"7,70",165.0,24,false,,Salomon DRX Bliss,activities/20283940025.fit.gz,,,2924.0,2846.0,7706.0,3.76,2.708,41.0,40.4,24.8,62.8,8.3,0.0,,,83.0,78.0,165.0,141.0,,,580.0,,,24.0,,,,,,,,,,,0.0,,0.0,,1.0,7757.3,,,,,,,,,,,,,,,,22066982.0,,,,,,,,,,,2.635,0.0,,,,7422.0,0.0,,,,2.726,,,,,,,,,,,,""
19131796676,"1 juil. 2026, 00:39:54",2*10*30/30 avec le mans,Course à pied,Dans le bueno,2931,"8,53",199.0,100,false,,Salomon DRX Bliss,activities/20247582153.fit.gz,,,2931.0,2869.0,8538.7,6.12,2.976,16.7,8.1,43.2,54.4,5.0,0.1,,,98.0,77.0,199.0,168.0,,,628.0,,,100.0,,,,,,,,,,,,,0.0,,1.0,8574.4,,,,,,,,,,,,,,,,22066982.0,,,,,,,,,,,2.913,279.8,,,,7200.0,0.0,,,,2.989,,,,,,,,,,,,""
19131783030,"1 juil. 2026, 00:21:01",Evening Run,Course à pied,,1112,"3,22",166.0,13,false,,Salomon DRX Bliss,activities/20247568157.fit.gz,,,1112.0,1099.0,3219.8,5.8,2.93,4.6,11.2,43.3,54.7,12.8,-0.2,,,85.0,78.0,166.0,146.0,,,236.0,,,13.0,,,,,,,,,,,,,0.0,,1.0,3220.2,,,,,,,,,,,,,,,,22066982.0,,,,,,,,,,,2.896,0.0,,,,2874.0,0.0,,,,2.93,,,,,,,,,,,,""
19118889344,"30 juin 2026, 00:40:10",Chasse aux killcam avec manu,Course à pied,De base on voulait faire de l'ef mais trop ennuyeux ,2839,"8,72",179.0,52,false,,Salomon DRX Bliss,activities/20234488020.fit.gz,,,2839.0,2747.0,8719.1,4.36,3.174,31.5,32.6,42.3,63.9,6.8,0.0,,,84.0,79.0,179.0,153.0,,,631.0,,,52.0,,,,,,,,,,,,,0.0,,1.0,8753.8,,,,,,,,,,,,,,,,22066982.0,,,,,,,,,,,3.071,1551.0,,,,7228.0,0.0,,,,3.187,,,,,,,,,,,,""
19113886022,"25 juin 2026, 12:09:25",On choque la montre à NYC,Marche,C'est 1% de ce qu'on a fait mais j'avais plus de batterie dans la montre🥲,9922,"7,96",110.0,11,false,,Salomon Spectur,activities/20229408394.fit.gz,,,9922.0,6205.0,7966.7,5.5,1.284,37.7,35.4,12.3,24.8,47.1,0.0,,,79.0,53.0,110.0,91.0,,,589.0,,,11.0,,,,,,,,,,,0.0,,0.0,,1.0,,,,,,,,,,,,,,,,,11868224.0,,,,,,,,,,,0.803,0.0,,,,10236.0,0.0,,,,,,,,,,,,,,,,media/248d9dfe-d13b-4b89-a8f6-65077f1a2b81.jpg|media/369793d0-6fc1-455f-9f95-249c44621ba0.jpg|media/e87b41b2-37cd-4ac3-aaba-ede546397189.jpg|media/028fb53d-357d-4e0a-9734-224c507288e2.jpg|media/13f02e68-2326-427a-bfa6-9907def00d45.jpg|media/d50d6266-0eec-4858-b254-403c3a8bfee3.jpg|media/167f170b-8105-4cac-98f5-3bc444e7e183.jpg|media/41e89cbf-73fa-4030-b09f-122d1b053383.jpg|media/703d899e-9037-435f-98e2-36043e0053c1.jpg|media/4678a911-7b21-4dbd-97de-003fcbdefc0b.jpg
19042582943,"23 juin 2026, 22:57:31",Evening run,Course à pied,"Allures spé au parc, conditions parfaites 🤩",3136,"8,90",190.0,53,false,,Salomon DRX Bliss,activities/20156911485.fit.gz,,,3136.0,2938.0,8899.1,6.62,3.029,47.2,42.9,43.2,68.2,10.7,0.0,,,105.0,78.0,190.0,153.0,,,636.0,,,53.0,,,,,,,,,,,,,0.0,,1.0,8965.0,,,,,,,,,,,,,,,,22066982.0,,,,,,,,,,,2.838,324.5,,,,7480.0,0.0,,,,3.051,,,,,,,,,,,,""
19034879879,"23 juin 2026, 02:44:46",Course à pied de nuit,Course à pied,,2561,"6,64",152.0,13,false,,Salomon DRX Bliss,activities/20149116615.fit.gz,,,2561.0,2463.0,6641.2,3.98,2.696,24.3,23.2,43.2,67.9,5.0,0.0,,,82.0,77.0,152.0,139.0,,,471.0,,,13.0,,,,,,,,,,,,,0.0,,1.0,6671.8,,,,,,,,,,,,,,,,22066982.0,,,,,,,,,,,2.593,0.0,,,,6170.0,0.0,,,,2.709,,,,,,,,,,,,""
19017167504,"21 juin 2026, 15:54:34",Rando Mont Tremblant,Randonnée,"Bien technique, soleil et des belles vues, un régal
Il me manque 3 km de la fin a cause de cette satanée montre qui ne tient plus la batterie 🥲",18225,"15,00",159.0,45,false,,Scott Kinabalu ULTRA Rc,activities/20131150483.fit.gz,,,18225.0,13249.0,15000.6,14.68,1.132,921.1,634.9,230.5,932.5,33.3,1.9,,,121.0,51.0,159.0,117.0,,,1425.0,,,45.0,,,,,,,,,,,0.0,,0.0,,1.0,,,,,,,,,,,,,,,,,20957754.0,,,,,,,,,,,0.823,14121.6,,,,21510.0,0.0,,,,,,,,,,,,1.0,,,,media/8e5e35ef-83ae-498e-99b8-61517a3bac20.mp4|media/8e6c15c5-2ccc-4b8a-abbb-bd4390674de1.mp4|media/846c8a8b-694e-45dd-876f-d02784dd65cf.mp4
19001632902,"20 juin 2026, 16:44:24",Footing pluvieux,Course à pied,J'ai enfin vu l'oratoire,4252,"9,69",181.0,75,false,,Salomon DRX Bliss,activities/20115322279.fit.gz,,,4252.0,3351.0,9696.1,4.283,2.893,179.1,94.8,48.7,190.0,12.1,0.9,,,87.0,80.0,181.0,158.0,,,759.0,,,75.0,,,,,,,,,,,,,0.0,,1.0,10215.2,,,,,,,,,,,,,,,,22066982.0,,,,,,,,,,,2.28,669.3,,,,8712.0,0.0,,,,3.048,,,,,,,,,,,,""
18978593270,"18 juin 2026, 23:18:04","4*4', r=3'",Course à pied,Conditions parfaites mais mal aux jambes ,4472,"12,64",189.0,82,false,,Salomon DRX Bliss,activities/20091917740.fit.gz,,,4472.0,3895.0,12647.1,5.64,3.247,29.5,32.5,43.2,63.9,10.9,0.0,,,109.0,82.0,189.0,156.0,,,892.0,,,82.0,,,,,,,,,,,,,0.0,,1.0,12690.5,,,,,,,,,,,,,,,,22066982.0,,,,,,,,,,,2.828,1113.6,,,,10408.0,0.0,,,,3.258,,,,,,,,,,,,""
18965337618,"17 juin 2026, 23:25:41",Footing,Course à pied,On a fait pt deux gars mdrr mais c'était pas facile,3254,"9,64",,,false,,Salomon DRX Bliss,activities/18965337618.fit,,,3254.0,3119.0,9639.2,6.0,3.09,57.0,62.0,23.6,61.4,38.7,0.0,,,,,,,,,906.0,,26.0,,,,,,,,,,,,,,0.0,,1.0,9835.1,,,,,,,,,,,,,,,,22066982.0,,,,,,,,,,,2.962,781.5,,,,,0.0,,,,3.153,,,,,,,,1.0,,,,""
18906603640,"13 juin 2026, 12:08:33",Un dimanche à mtl #3,Course à pied,"Avancé d'un jour parce que demain c'est vnl 🤯🤯
Petit deniv dans le mont royal un plaisir
Le corps commence à s'habituer à la distance",15665,"30,26",194.0,254,false,,Salomon DRX Bliss,activities/20018894742.fit.gz,,,15665.0,11022.0,30266.4,8.14,2.746,711.3,710.9,45.1,222.8,49.5,0.0,,,121.0,77.0,194.0,158.0,,,2278.0,,,254.0,,,,,,,,,,,,,0.0,,1.0,33330.2,,,,,,,,,,,,,,,,22066982.0,,,,,,,,,,,1.932,15325.9,,,,27248.0,0.0,,,,3.024,,,,,,,,,,,,media/fc411840-4a97-4f93-aa9b-d8544dfdaf51.jpg|media/33fe7004-9406-42c7-b2bd-51e93f2b1f05.mp4|media/47900af7-22cb-497e-87b5-6e4046fbf681.jpg|media/ac933b9c-bd53-40be-8ac5-7af4005d9b3c.mp4
18896218437,"12 juin 2026, 21:36:26",4x4 norvégien en bien,Course à pied,"Sous un bon soleil de plomb 
Ma vo2 va jamais remonter 😪😪",3863,"10,97",188.0,111,false,,Salomon DRX Bliss,activities/20008331844.fit.gz,,,3863.0,3494.0,10974.1,5.66,3.141,32.6,35.3,43.2,62.8,14.3,0.0,,,115.0,79.0,188.0,165.0,,,786.0,,,111.0,,,,,,,,,,,,,0.0,,1.0,11022.5,,,,,,,,,,,,,,,,22066982.0,,,,,,,,,,,2.841,430.5,,,,9000.0,0.0,,,,3.155,,,,,,,,,,,,""
18885441279,"11 juin 2026, 23:33:12",8k pour pace le hamz,Course à pied,"",2308,"8,07",,,false,,Salomon DRX Bliss,activities/18885441279.fit,,,2308.0,2287.0,8070.6,4.96,3.529,26.6,26.4,63.4,68.0,5.5,0.0,,,,,,,,,747.0,,,,,,,,,,,,,,0.0,,0.0,,1.0,8102.4,,,,,,,,,,,,,,,,22066982.0,,,,,,,,,,,3.497,0.0,,,,,0.0,,,,3.543,,,,,,,,,,,,""
18885818419,"11 juin 2026, 23:22:23",Course à pied en soirée,Course à pied,,1659,"5,10",180.0,45,false,,Salomon DRX Bliss,activities/19997767566.fit.gz,,,1659.0,1621.0,5107.3,4.14,3.151,16.5,0.0,50.9,68.2,11.5,0.3,,,85.0,81.0,180.0,162.0,,,371.0,,,45.0,,,,,,,,,,,,,0.0,,1.0,5165.4,,,,,,,,,,,,,,,,22066982.0,,,,,,,,,,,3.079,8.1,,,,4344.0,0.0,,,,3.187,,,,,,,,,,,,""
18859038385,"10 juin 2026, 01:00:39",Sunset à Jean drapeau 🌅,Course à pied,Retour bien rapide avec manu et jules,2229,"6,35",181.0,27,false,,Salomon DRX Bliss,activities/19970580666.fit.gz,,,2229.0,2132.0,6354.0,8.28,2.98,75.5,67.0,22.2,60.7,17.5,0.1,,,99.0,78.0,181.0,149.0,,,443.0,,,27.0,,,,,,,,,,,0.0,,0.0,,1.0,6524.0,,,,,,,,,,,,,,,,22066982.0,,,,,,,,,,,2.851,204.3,,,,5350.0,0.0,,,,3.06,,,,,,,,,,,,media/659c7e83-0181-4386-847d-3c11239f049f.jpg|media/ab0858f1-5333-4725-830b-e7598d3e46ca.jpg|media/c5babc6b-bd32-4ac6-bbcd-debe96084ebf.jpg|media/1bf6e13c-2de0-4bbf-ae43-88e1bafeb193.jpg
18831022443,"7 juin 2026, 20:10:39",Un dimanche à Montréal #2,Course à pied,"",13209,"31,60",192.0,176,false,"",Salomon DRX Bliss,activities/19942076651.fit.gz,,,13209.0,10338.0,31601.4,6.22,3.057,417.3,415.2,8.4,233.8,31.4,0.0,,,113.0,79.0,192.0,152.0,,,2128.0,,,176.0,,,,,,,,,,,,,0.0,,1.0,33037.6,,,,,,,,,,,,,,,,22066982.0,,,,,,,,,,,2.392,7121.8,,,,26458.0,0.0,,,,3.045,,,,,,,,,,,,media/efef941c-c58f-4b97-b62b-6ac0ee237809.jpg|media/a9143809-561e-44a2-a248-7b01c39010c8.jpg|media/f189ac46-0435-4e6e-b152-8975db3936e1.jpg|media/b8ba1e26-64f8-474a-9556-95ea0a1b0767.mp4
18790836291,"4 juin 2026, 22:59:35",Séance 4*4',Course à pied,Piste solide avec la team,4004,"10,83",199.0,90,false,,Salomon DRX Bliss,activities/19901125889.fit.gz,,,4004.0,3580.0,10836.1,6.52,3.027,18.5,18.3,50.9,69.1,11.0,0.0,,,90.0,79.0,199.0,161.0,,,771.0,,,90.0,,,,,,,,,,,,,0.0,,1.0,10888.5,,,,,,,,,,,,,,,,22066982.0,,,,,,,,,,,2.706,0.0,,,,9058.0,0.0,,,,3.017,,,,,,,,,,,,""
18777254703,"3 juin 2026, 22:47:32",Fractionné sous 30°C,Course à pied,Un peu de 30/30 pour décrasser le moteur,4050,"12,29",197.0,127,false,,Salomon DRX Bliss,activities/19887292391.fit.gz,,,4050.0,3920.0,12295.8,6.9,3.137,25.7,22.8,43.2,54.6,11.0,0.0,,,108.0,78.0,197.0,166.0,,,875.0,,,127.0,,,,,,,,,,,,,0.0,,1.0,12334.2,,,,,,,,,,,,,,,,22066982.0,,,,,,,,,,,3.036,385.0,,,,9988.0,0.0,,,,3.146,,,,,,,,,,,,""
18764101918,"3 juin 2026, 00:20:55",Course à pied en soirée,Course à pied,,612,"1,69",,,false,,Salomon DRX Bliss,activities/18764101918.fit,,,612.0,601.0,1691.1,3.7,2.814,24.0,0.0,28.4,57.0,21.2,1.7,,,,,,,,,166.0,,27.0,,,,,,,,,,,,,,0.0,,1.0,1802.3,,,,,,,,,,,,,,,,22066982.0,,,,,,,,,,,2.763,0.0,,,,,0.0,,,,2.999,,,,,,,,,,,,""
18763373542,"2 juin 2026, 22:44:37",Footing mont royal,Course à pied,"",4525,"10,25",,,false,,Salomon DRX Bliss,activities/18763373542.fit,,,4525.0,3836.0,10254.3,3.96,2.673,259.0,258.0,47.8,209.4,24.3,-0.1,,,,,,,,,1035.0,,27.0,,,,,,,,,,,,0.0,,0.0,,1.0,11236.0,,,,,,,,,,,,,,,,22066982.0,,,,,,,,,,,2.266,4482.3,,,,,0.0,,,,2.878,,,,,,,,,,,,media/cabb8826-64f0-4e07-a7ff-c648776739c7.mp4|media/9a11e561-919b-4c8b-a055-a8d60314720d.mp4
18734827194,"31 mai 2026, 19:45:17",Un dimanche à Montréal #1,Course à pied,On voulait faire footing mais on s'est pris une grosse pluie donc on a un peu accéléré 🥲,4349,"11,63",189.0,62,false,,Salomon DRX Bliss,activities/19844097821.fit.gz,,,4349.0,3718.0,11630.4,7.7,3.128,45.4,47.8,46.8,72.5,9.0,0.0,,,89.0,81.0,189.0,153.0,,,850.0,,,62.0,,,,,,,,,,,0.0,,0.0,,1.0,11659.4,,,,,,,,,,,,,,,,22066982.0,,,,,,,,,,,2.674,1521.0,,,,9548.0,0.0,,,,3.136,,,,,,,,,,,,""
18721374933,"30 mai 2026, 22:11:12",Ptit tour au parc,Course à pied,Footing + 1km à bloc pour décrasser les nouvelles shoes de manu 😍😍,2619,"7,72",180.0,58,false,,Salomon DRX Bliss,activities/19830395158.fit.gz,,,2619.0,2608.0,7727.8,5.78,2.963,28.7,28.6,44.2,62.8,10.6,0.0,,,110.0,80.0,180.0,158.0,,,579.0,,,58.0,,,,,,,,,,,0.0,,0.0,,1.0,7766.7,,,,,,,,,,,,,,,,22066982.0,,,,,,,,,,,2.951,393.6,,,,6668.0,0.0,,,,2.978,,,,,,,,,,,,""
18683253399,"27 mai 2026, 23:29:27",Footing,Course à pied,Jambes lourdes :(,3246,"9,46",176.0,71,false,,Salomon DRX Bliss,activities/19791544681.fit.gz,,,3246.0,3089.0,9467.9,4.58,3.065,35.7,35.6,43.2,63.0,11.1,0.0,,,82.0,78.0,176.0,158.0,,,684.0,,,71.0,,,,,,,,,,,,,0.0,,1.0,9512.3,,,,,,,,,,,,,,,,22066982.0,,,,,,,,,,,2.917,378.9,,,,7930.0,0.0,,,,3.079,,,,,,,,,,,,""
18667915286,"25 mai 2026, 22:07:22",Seuil chill,Course à pied,Manque 3k la montre s'est éteinte,3646,"11,00",176.0,105,false,,Salomon DRX Bliss,activities/19775926094.fit.gz,,,3646.0,3557.0,11001.4,5.44,3.093,14.0,21.8,42.2,53.6,4.4,-0.1,,,82.0,79.0,176.0,164.0,,,814.0,,,105.0,,,,,,,,,,,,,0.0,,1.0,11009.2,,,,,,,,,,,,,,,,22066982.0,,,,,,,,,,,3.017,0.0,,,,9230.0,0.0,,,,3.095,,,,,,,,,,,,""
18575105010,"19 mai 2026, 22:00:49",Evening run,Course à pied,"5k tranquille puis 4*600m, r=2'
Y'a vraiment des infrastructures sportives partout quel pays",4021,"12,09",200.0,144,false,,Salomon DRX Bliss,activities/19681366065.fit.gz,,,4021.0,3958.0,12092.3,5.36,3.055,40.6,41.0,44.0,68.2,10.7,0.0,,,113.0,78.0,200.0,170.0,,,909.0,,,144.0,,,,,,,,,,,0.0,,0.0,,1.0,12154.0,,,,,,,,,,,,,,,,22066982.0,,,,,,,,,,,3.007,510.6,,,,10036.0,0.0,,,,3.071,,,,,,,,,,,,""
18549553839,"17 mai 2026, 20:50:39",Footing avec Jules et Manu,Course à pied,"Le mont royal nous manquait déjà, on y est retourné...
Gros soleil on pouvait pas l'ignorer",6974,"12,38",196.0,100,false,"",Salomon DRX Bliss,activities/19655590358.gpx.gz,,,6974.0,4251.0,12382.3,8.06,2.913,192.9,190.2,46.8,222.7,49.0,0.0,,,95.0,78.0,196.0,157.0,,,1219.0,,,100.0,,,,,,,,,,,0.0,,0.0,,1.0,13232.4,,,,,,,,,,,,,,,,22066982.0,,,,,,,,,,,1.775,2216.8,,,,,0.0,,,,3.116,,,,1.0,,,,1.0,,,,""
18546438512,"16 mai 2026, 13:59:16",Visite 🇨🇦 encore,Marche,Tranquille avec Manu,11760,"12,86",,,false,,,activities/19652420920.fit.gz,,,11760.0,9052.0,12860.8,3.914,1.421,83.1,81.2,10.1,52.4,14.2,0.0,,,109.0,55.0,,,,,714.0,,,,,,,,,,,,,,0.0,,0.0,,1.0,,,,,,,,,,,,,,,,,,,,,,,,,,,,1.094,0.0,,,,16356.0,0.0,,,,,,,,,,,,,,,,media/4c0f7061-c35a-4f12-93ec-db902b409155.jpg|media/0238f512-0043-4828-8cca-72569f0363eb.jpg|media/e061b3f2-f600-4453-af0b-a1915b92dadd.jpg|media/2bed435b-a202-4a0a-85c2-4f2519ab5abb.mp4
18522854859,"15 mai 2026, 21:30:16",Mont Royal et retour,Marche,Journée à 30k pas ça visite biennng,8671,"9,49",,,false,,,activities/19628508464.fit.gz,,,8671.0,7216.0,9491.2,3.243,1.315,154.9,198.6,49.4,233.8,42.7,-0.5,,,109.0,54.0,,,,,522.0,,,,,,,,,,,,,,0.0,,0.0,,1.0,,,,,,,,,,,,,,,,,,,,,,,,,,,,1.095,3686.9,,,,12764.0,0.0,,,,,,,,,,,,,,,,media/9dc322c7-7273-4795-8bac-85ea2af2be67.mp4|media/1c30ec14-42af-4acc-a3b7-42313e98422d.mp4|media/7e834ca5-10b1-4cd4-951b-a415d64ae1de.jpg|media/2d71bc3a-11d6-4e32-b2a3-80473116462f.jpg
18517467840,"15 mai 2026, 12:48:55",Footing avec le J,Course à pied,"Ma Vo2 n'a pas augmenté en prenant l'avion 😪😪
Tranquillement on découvre la ville (c'était pas très beau)",3737,"10,01",182.0,76,false,,Salomon DRX Bliss,activities/19623082301.fit.gz,,,3737.0,3554.0,10009.4,4.32,2.816,44.6,46.4,13.8,54.3,9.8,0.0,,,89.0,80.0,182.0,158.0,,,766.0,,,76.0,,,,,,,,,,,0.0,,0.0,,1.0,10081.2,,,,,,,,,,,,,,,,22066982.0,,,,,,,,,,,2.678,0.0,,,,8944.0,0.0,,,,2.837,,,,,,,,,,,,""
18508916613,"14 mai 2026, 19:12:43",Footing découverte avec manu,Course à pied,On a fini en marchant parce que ce fou a mal au genou,4179,"7,55",174.0,43,false,,Salomon DRX Bliss,activities/19614456430.fit.gz,,,4179.0,2723.0,7550.6,4.52,2.773,52.8,52.8,25.0,62.8,45.6,0.0,,,89.0,79.0,174.0,150.0,,,573.0,,,43.0,,,,,,,,,,,,,0.0,,1.0,7704.8,,,,,,,,,,,,,,,,22066982.0,,,,,,,,,,,1.807,850.5,,,,6822.0,0.0,,,,2.83,,,,,,,,,,,,media/0d8cf99a-4b68-4e9c-84e6-18ec190ca30f.mp4|media/2854cebc-1eef-4beb-bd14-ce4715b5b3d3.jpg|media/ca29c2c4-36c2-480c-b013-3c476d346583.mp4
18477610779,"12 mai 2026, 12:27:28",La der avant le Québec 🇨🇦,Vélo,Avortée à cause du vent et de la température 7°C wsh on est en mai ou en janvier ? Je sais plus,5847,"44,00",188.0,70,false,,Canyon Roadlite AL,activities/19582904280.fit.gz,,8.15,5847.0,5460.0,44006.1,15.867,8.06,433.4,424.3,256.3,550.8,18.8,0.0,,,,,188.0,144.0,,163.0,892.0,,,70.0,,,,,,,,,,,0.0,,0.0,,1.0,,,,,,,,,,,,,,,,12976174.0,,,,,,,,,,,,7.526,0.0,,,,,0.0,,,,,,,,,,,,,,,,media/488d1944-ceb2-487b-a66a-eeba6a4640e2.jpg|media/9730f919-be1d-41ac-9e8a-768b5570c38d.mp4
18450233331,"10 mai 2026, 08:12:21",Dimanche trail avec roro,Course à pied,"",7131,"16,27",198.0,190,false,,Scott Kinabalu ULTRA Rc,activities/19555253400.fit.gz,,,7131.0,6354.0,16278.1,6.1,2.562,506.7,505.0,334.5,587.9,50.0,0.0,,,118.0,75.0,198.0,164.0,,,1363.0,,,190.0,,,,,,,,,,,0.0,,0.0,,1.0,18441.3,,,,,,,,,,,,,,,,20957754.0,,,,,,,,,,,2.283,15313.8,,,,15612.0,0.0,,,,2.902,,,,,,,,,,,,""
18424917752,"8 mai 2026, 06:56:51",Marche du cœur Walsheid,Randonnée,Avec maman et mamie sous le soleil,14643,"12,27",122.0,22,false,"",Scott Kinabalu ULTRA Rc,activities/19529635337.fit.gz,,,14643.0,11315.0,12277.8,2.62,1.085,340.0,336.6,326.4,547.7,46.7,0.0,,,99.0,51.0,122.0,92.0,,,953.0,,,22.0,,,,,,,,,,,0.0,,0.0,,1.0,,,,,,,,,,,,,,,,,20957754.0,,,,,,,,,,,0.838,6734.6,,,,18544.0,0.0,,,,,,,,,,,,,,,,media/e3a77970-d8f8-4140-a639-2d7eee2a393b.jpg|media/0282a1c3-6825-45c8-821b-38238b4469de.jpg
18416159521,"7 mai 2026, 15:59:53",Chauffe du moteur à la maison,Course à pied,"Bonnes sensations pour une reprise
",2962,"10,69",199.0,143,false,,Salomon DRX Bliss,activities/19520793718.fit.gz,,,2962.0,2962.0,10692.0,5.44,3.61,138.3,139.9,277.1,355.6,14.4,0.0,,,88.0,80.0,199.0,178.0,,,810.0,,,143.0,,,,,,,,,,,0.0,,0.0,,1.0,10977.7,,,,,,,,,,,,,,,,22066982.0,,,,,,,,,,,3.61,2263.8,,,,7942.0,0.0,,,,3.706,,,,,,,,,,,,""
18262102799,"26 avr. 2026, 07:03:03",Ensmarathon ☀️,Course à pied,Vous êtes où les A1 svp on a faillit se perdre ,5764,"15,40",187.0,123,false,,Salomon DRX Bliss,activities/19365277579.fit.gz,,,5764.0,5433.0,15400.4,5.1,2.835,156.4,156.5,65.9,120.7,12.2,0.0,,,83.0,79.0,187.0,159.0,,,1169.0,,,123.0,,,,,,,,,,,0.0,,0.0,,1.0,15666.2,,,,,,,,,,,,,,,,22066982.0,,,,,,,,,,,2.672,7683.4,,,,14146.0,0.0,,,,2.884,,,0.0,0.0,,,,0.0,,,,media/bd9a4f8b-dd5f-44ed-b53a-757824b503e8.mp4|media/9d3bfc9b-a6e1-4975-bac1-886eba918af3.jpg
18227358177,"23 avr. 2026, 14:07:07",Afternoon Run,Course à pied,,4843,"14,77",190.0,183,false,,Salomon DRX Bliss,activities/19330181234.fit.gz,,,4843.0,4603.0,14773.6,6.88,3.21,125.7,126.2,65.9,120.7,29.7,0.0,,,85.0,79.0,190.0,172.0,,,1098.0,,,183.0,,,,,,,,,,,,,0.0,,1.0,14975.6,,,,,,,,,,,,,,,,22066982.0,,,,,,,,,,,3.051,7342.1,,,,12006.0,0.0,,,,3.253,,,,,,,,,,,,""
18169059239,"19 avr. 2026, 08:35:38",Ensmarathon ☀️,Course à pied,"",4513,"11,05",196.0,108,false,,Salomon DRX Bliss,activities/19271445157.fit.gz,,,4513.0,3799.0,11055.9,6.14,2.91,100.5,101.9,65.9,107.7,34.6,0.0,,,94.0,79.0,196.0,164.0,,,858.0,,,108.0,,,,,,,,,,,,,0.0,,1.0,11256.2,,,,,,,,,,,,,,,,22066982.0,,,,,,,,,,,2.45,4402.6,,,,9894.0,0.0,,,,2.963,,,0.0,0.0,,,,0.0,,,,media/d14cda8d-d21a-46e1-8bdf-d5a55d491dee.jpg
18149090753,"17 avr. 2026, 19:29:25",Passation tranquille,Course à pied,"",136,"0,69",163.0,1,false,,Salomon DRX Bliss,activities/19251241956.fit.gz,,,136.0,131.0,697.8,6.58,5.327,0.0,0.0,98.6,99.7,2.3,0.0,,,95.0,89.0,163.0,143.0,,,29.0,,,1.0,,,,,,,,,,,0.0,,0.0,,1.0,698.6,,,,,,,,,,,,,,,,22066982.0,,,,,,,,,,,5.131,616.4,,,,392.0,0.0,,,,5.333,,,0.0,0.0,,,,0.0,,,,""
18082311224,"12 avr. 2026, 13:41:28",Afternoon Run,Course à pied,"",6219,"15,05",184.0,109,false,,Scott Kinabalu ULTRA Rc,activities/19183959005.fit.gz,,,6219.0,5818.0,15055.1,5.1,2.588,376.3,376.3,238.3,441.7,40.0,0.0,,,122.0,75.0,184.0,155.0,,,1172.0,,,109.0,,,,,,,,,,,0.0,,0.0,,1.0,16446.2,,,,,,,,,,,,,,,,20957754.0,,,,,,,,,,,2.421,11976.0,,,,13486.0,0.0,,,,2.827,,,0.0,0.0,,,,0.0,,,,""
18058102607,"9 avr. 2026, 15:39:32",Balade avec la madre,Vélo,"",5052,"26,52",,,false,,Canyon Roadlite AL,activities/18058102607.fit,,8.15,5052.0,4571.0,26523.7,11.26,5.803,152.0,145.0,259.0,362.6,14.0,0.0,,,,,,,,77.0,394.0,,,,,,,,,,,,,,,,0.0,,1.0,,,,,,,,,,,,,,,,12976174.0,,,,,,,,,,,,5.25,1721.4,,,,,0.0,,,,,,,0.0,0.0,,,,0.0,,,,""
18015301109,"7 avr. 2026, 14:13:27",La classique,Vélo,Soleil + tapis macadam + personne sur la route = Plaisir,6410,"43,59",190.0,127,false,,Canyon Roadlite AL,activities/19116162386.fit.gz,,8.15,6410.0,5544.0,43596.3,17.25,7.864,706.4,707.5,235.0,670.4,18.4,0.0,,,,,190.0,157.0,,187.0,1044.0,,,127.0,,,,,,,,,,,0.0,,0.0,,1.0,,,,,,,,,,,,,,,,12976174.0,,,,,,,,,,,,6.801,0.0,,,,,0.0,,,,,,,0.0,0.0,,,,0.0,,,,media/e217bbc6-2a58-48a9-ab41-0c03b88f798a.jpg|media/b503d638-ae17-4501-9008-602c65645abb.jpg
18003902585,"6 avr. 2026, 12:50:37",Chill trail avec la sis,Course à pied,"En découverte de forêt (on s'est perdu)
On a vu un écureuil 😍😍",4525,"7,67",171.0,28,false,"",Scott Kinabalu ULTRA Rc,activities/19104583091.gpx.gz,,,4525.0,3583.0,7671.3,4.7,2.141,230.6,234.5,342.1,538.2,22.2,0.0,,,83.0,75.0,171.0,130.0,,,797.0,,,28.0,,,,,,,,,,,0.0,,0.0,,1.0,8647.9,,,,,,,,,,,,,,,,20957754.0,,,,,,,,,,,1.695,4772.9,,,,,0.0,,,,2.418,,,1.0,0.0,,,,0.0,,,,media/b47558cd-fec4-4fdd-805c-3af22d8621e8.jpg|media/bde7e0f4-00f3-4d16-a297-de5ab893ca56.jpg
17976989912,"4 avr. 2026, 10:33:44",🎯UTIO 2k26 - Relais 4/4,Course à pied,"100km - 9h04 - 16e Relais mixte
Un défi entre copains, que des beaux paysages et du soleil, un délice (par contre on reviendra pour le podium 🤣)
12 premiers km en bouzin forêt, puis grosse partie champs et bitume très dure pour les jambes",7400,"24,40",199.0,464,false,"",Scott Kinabalu ULTRA Rc,activities/19077367489.fit.gz,,,7400.0,7371.0,24405.7,5.5,3.311,66.2,64.1,0.6,11.6,17.4,0.0,,,120.0,80.0,199.0,186.0,,,1876.0,,,464.0,,,,,,,,,,,0.0,,0.0,,1.0,24560.1,,,,,,,,,,,,,,,,20957754.0,,,,,,,,,,,3.298,9746.7,,,,19596.0,0.0,,,,3.332,,,0.0,0.0,,,,0.0,,,,media/1885211e-e1df-47c4-8fe0-be584b013acb.mp4|media/840db353-bf7c-49da-b7bb-4596f26456b2.jpg
17940536933,"1 avr. 2026, 16:43:24",Petit terrain de jeu derrière chez Matteo 😵,Course à pied,"",2156,"6,31",188.0,71,false,,Salomon DRX Bliss,activities/19040632628.fit.gz,,,2156.0,2114.0,6312.3,5.3,2.986,152.8,153.4,5.4,64.6,50.0,0.0,,,105.0,79.0,188.0,167.0,,,510.0,,,71.0,,,,,,,,,,,0.0,,0.0,,1.0,7003.4,,,,,,,,,,,,,,,,22066982.0,,,,,,,,,,,2.928,5295.9,,,,5514.0,0.0,,,,3.313,,,0.0,0.0,,,,0.0,,,,""
17927430797,"31 mars 2026, 15:24:25",Découverte de Bordeaux,Course à pied,Sacré ville de runners,5039,"13,06",165.0,39,false,,Salomon DRX Bliss,activities/19027439439.fit.gz,,,5039.0,4766.0,13062.0,4.04,2.741,21.8,22.5,3.2,12.6,6.7,0.0,,,85.0,79.0,165.0,144.0,,,951.0,,,39.0,,,,,,,,,,,0.0,,0.0,,1.0,13088.2,,,,,,,,,,,,,,,,22066982.0,,,,,,,,,,,2.592,0.0,,,,12480.0,0.0,,,,2.746,,,0.0,0.0,,,,0.0,,,,""
17497349359,"23 févr. 2026, 16:39:00",Footing avec manu,Course à pied,"UTIO J-39 on commence à reprendre la course..
La trace on dirait un spermatozoïde c marrant",5203,"12,52",,,false,,Salomon DRX Bliss,activities/17497349359.fit,,,5203.0,4203.0,12521.5,4.767,2.979,182.0,184.0,60.0,105.6,48.5,0.0,,,,,,,,,1206.0,,23.0,,,,,,,,,,,,0.0,,0.0,,1.0,13087.8,,,,,,,,,,,,,,,,22066982.0,,,,,,,,,,,2.407,4764.0,,,,,0.0,,,,3.114,,,0.0,0.0,,,,0.0,,,,""
17472925301,"21 févr. 2026, 12:40:34",VTT cross,Vélo,Bonne boue de salopard + perdu,7150,"23,05",177.0,52,false,,Lapierre ProRace900,activities/18570143921.fit.gz,,13.0,7150.0,5663.0,23051.0,12.171,4.07,534.0,534.3,290.9,444.5,45.3,0.0,,,,,177.0,139.0,,147.0,801.0,,,52.0,,,,,,,,,,,0.0,,0.0,,1.0,,,,,,,,,,,,,,,,11713375.0,,,,,,,,,,,,3.224,6027.1,,,,,0.0,,,,,,,0.0,0.0,,,,0.0,,,,""
17461967886,"20 févr. 2026, 13:40:49",Padel,Entraînement,Que des barres ,5477,"0,67",124.0,2,false,,,activities/18559137885.fit.gz,,,5477.0,877.0,678.0,3.662,0.773,0.0,0.0,258.2,258.5,1.5,0.0,,,122.0,59.0,124.0,106.0,,,400.0,,,2.0,,,,,,,,,,,0.0,,0.0,,1.0,,,,,,,,,,,,,,,,,,,,,,,,,,,,0.124,0.0,,,,,0.0,,,,,,4442.0,0.0,0.0,,,,0.0,,,,""
17426768625,"17 févr. 2026, 09:05:48",Stage J4 Relais,Course à pied,"En duo avec la queen Pauline 
Satellisation en règle à la 3 et 8, incapable de subir la pression de lead la course 😞😞
Sinon terrain magnifique ça me manque déjà",1884,"4,05",162.0,10,false,,Scott Kinabalu ULTRA Rc,activities/18523842704.fit.gz,,,1884.0,1647.0,4052.6,11.52,2.461,81.4,81.6,68.1,99.2,23.3,0.0,,,119.0,77.0,162.0,137.0,,,339.0,,,10.0,,,,,,,,,,,0.0,,0.0,,1.0,4411.9,,,,,,,,,,,,,,,,20957754.0,,,,,,,,,,,2.151,3833.2,,,,3888.0,0.0,,,,2.679,,,0.0,0.0,,,,0.0,,,,media/662f9c28-28ae-4088-8b90-25f120db1690.jpg|media/eb9fd87e-3523-4248-ac18-4567f607e49e.mp4
17426761679,"17 févr. 2026, 08:27:27",Pose relais,Course à pied,C'est trop beau,1200,"2,37",155.0,6,false,"",Scott Kinabalu ULTRA Rc,activities/18523835754.fit.gz,,,1200.0,866.0,2372.1,4.42,2.739,24.0,24.4,68.0,80.7,11.0,0.1,,,85.0,76.0,155.0,140.0,,,217.0,,,6.0,,,,,,,,,,,0.0,,0.0,,1.0,2431.7,,,,,,,,,,,,,,,,20957754.0,,,,,,,,,,,1.977,2254.9,,,,2276.0,0.0,,,,2.808,,,0.0,0.0,,,,0.0,,,,media/aee2c325-1057-4f1f-9759-5b26bd36470f.jpg|media/3c23d5ef-447d-4b7f-a7f1-3da1e4755cf5.mp4
17417595066,"16 févr. 2026, 15:09:24",Stage J3 - pose dépose,Course à pied,"En duo avec l'élite de la france 
",1785,"3,06",151.0,4,false,,Scott Kinabalu ULTRA Rc,activities/18514631393.fit.gz,,,1785.0,1489.0,3067.9,5.86,2.06,32.3,35.7,72.1,95.9,19.3,0.0,,,122.0,77.0,151.0,127.0,,,235.0,,,4.0,,,,,,,,,,,0.0,,0.0,,1.0,3173.3,,,,,,,,,,,,,,,,20957754.0,,,,,,,,,,,1.719,2433.2,,,,2792.0,0.0,,,,2.131,,,0.0,0.0,,,,0.0,,,,media/5ef25a12-0b6d-44cf-ab5c-f26bb7c60400.jpg
17415951087,"16 févr. 2026, 08:53:40",J3 Pose MD,Course à pied,Les pieds trempés au bout de 300m ☠️☠️,1580,"2,19",189.0,13,false,,Scott Kinabalu ULTRA Rc,activities/18512984437.fit.gz,,,1580.0,882.0,2192.0,4.76,2.485,46.2,46.2,79.0,125.6,43.3,0.0,,,110.0,75.0,189.0,149.0,,,267.0,,,13.0,,,,,,,,,,,0.0,,0.0,,1.0,2441.5,,,,,,,,,,,,,,,,20957754.0,,,,,,,,,,,1.387,2192.0,,,,2168.0,0.0,,,,2.768,,,0.0,0.0,,,,0.0,,,,""
17410014871,"15 févr. 2026, 14:50:16",Retour de la CO 🥳🥳,Course à pied,"Balise humaine avec les cracks du club
Pluie + terrain marécageux je vous épargne les détails",2588,"4,52",178.0,8,false,,Scott Kinabalu ULTRA Rc,activities/18507003461.fit.gz,,,2588.0,2457.0,4520.7,6.28,1.84,9.9,10.5,123.9,134.5,6.6,0.0,,,116.0,75.0,178.0,128.0,,,369.0,,,8.0,,,,,,,,,,,0.0,,0.0,,1.0,4540.1,,,,,,,,,,,,,,,,20957754.0,,,,,,,,,,,1.747,3830.8,,,,4004.0,0.0,,,,1.848,,,0.0,0.0,,,,0.0,,,,""
17090193572,"18 janv. 2026, 08:59:10",Ensmarathon dominical,Course à pied,Vous êtes où les A1 ? tsais le mec qui cours 1 fois par mois ,4992,"14,64",182.0,139,false,,Salomon DRX Bliss,activities/18184809850.fit.gz,,,4992.0,4799.0,14642.8,4.04,3.051,122.9,123.3,68.1,104.9,7.5,0.0,,,85.0,80.0,182.0,164.0,,,1108.0,,,139.0,,,,,,,,,,,,,0.0,,1.0,14804.7,,,,,,,,,,,,,,,,22066982.0,,,,,,,,,,,2.933,1465.9,,,,12758.0,0.0,,,,3.085,,,0.0,0.0,,,,,,,,""
16987398438,"9 janv. 2026, 07:02:37",Footing,Course à pied,Froid,3738,"11,59",197.0,198,false,,Salomon DRX Bliss,activities/18081004627.fit.gz,,,3738.0,3738.0,11591.2,5.06,3.101,83.9,83.8,78.3,123.8,7.3,0.0,,,87.0,80.0,197.0,180.0,,,914.0,,,198.0,,,,,,,,,,,0.0,,0.0,,1.0,11688.0,,,,,,,,,,,,,,,,22066982.0,,,,,,,,,,,3.101,12.2,,,,9954.0,0.0,,,,3.127,,,0.0,0.0,,,,,,,,""
16925529526,"3 janv. 2026, 15:24:55",Dernière sous la neige,Course à pied,Les -3°C qui tapent,3650,"8,69",196.0,80,false,,Scott Kinabalu ULTRA Rc,activities/18018545283.fit.gz,,,3650.0,3135.0,8698.1,5.02,2.775,250.2,251.4,337.9,474.5,30.5,0.0,,,122.0,77.0,196.0,161.0,,,788.0,,,80.0,,,,,,3.0,,,,,0.0,26.0,0.0,,1.0,9870.5,,,,,,,,,,,,,,,,20957754.0,,,,,,,,,,,2.383,5128.0,,,,8070.0,0.0,,,,3.148,,,0.0,0.0,,,,,,,,media/5df819a3-a156-4e2a-9448-73f810eee63d.mp4
16844320770,"26 déc. 2025, 10:29:00",Rando gloriette en légende,Randonnée,Bien froid ce 26 décembre,6923,"7,09",,,false,,Scott Kinabalu ULTRA Rc,activities/16844320770.fit,,,6923.0,6340.0,7092.7,2.333,1.119,125.0,118.0,335.2,441.2,38.2,0.1,,,,,,,,,654.0,,,,,,,,,,,,,,0.0,,0.0,,1.0,,,,,,,,,,,,,,,,,20957754.0,,,,,,,,,,,1.025,2865.2,,,,,0.0,,,,,,,0.0,,,,,,,,,media/51b54632-497f-4a8b-84ea-67e03b2bbbf8.jpg|media/e29037ad-236e-4cfb-acc2-a4a3a7ef6be1.jpg|media/b14d256e-4e99-456f-9de0-ca490aed63a3.jpg|media/5676d0ab-0860-40e0-a387-c0c46afd9790.jpg
16819480013,"23 déc. 2025, 09:52:05",Décrassage frisquet avec clem,Course à pied,"On a vu 3 chevreuils 🥹
Merci pour la découverte [strava://athletes/52060862/16]Clément BAILLIET ",7105,"17,65",,,false,,Scott Kinabalu ULTRA Rc,activities/16819480013.fit,,,7105.0,6169.0,17656.2,4.48,2.862,424.0,393.0,233.2,418.4,48.0,0.0,,,,,,,,,1784.0,,,,,,,,,,,,,,0.0,,0.0,,1.0,19358.4,,,,,,,,,,,,,,,,20957754.0,,,,,,,,,,,2.485,9233.6,,,,,0.0,,,,3.138,,,0.0,,,,,,,,,""
16804119837,"21 déc. 2025, 13:17:09",Rando avec les femmes de ma vie 💞,Randonnée,"",8331,"9,88",125.0,16,false,,Scott Kinabalu ULTRA Rc,activities/17895245544.fit.gz,,,8331.0,7571.0,9881.7,4.02,1.305,255.1,266.1,305.4,492.7,34.2,-0.1,,,120.0,53.0,125.0,97.0,,,762.0,,,16.0,,,,,,,,,,,0.0,,0.0,,1.0,,,,,,,,,,,,,,,,,20957754.0,,,,,,,,,,,1.186,7452.2,,,,12986.0,0.0,,,,,,,0.0,,,,,,,,,media/25f3e7c8-af25-4c69-afc6-56278835dbe4.mp4|media/919eef31-36a2-476c-8832-7356ee819f55.jpg|media/b698aa75-6d3d-4a20-876a-5b9178367a24.jpg|media/cec616be-3c82-4b02-93e9-8bd7d32629d0.jpg|media/85385b6f-ae66-48a5-b5ec-01a476ac6b1f.jpg
16778424282,"18 déc. 2025, 17:01:39",Nuit de la CO,Course à pied,Long parcours urbain de nuit c'était marrant,2783,"8,49",192.0,82,false,,Salomon DRX Bliss,activities/17869145301.fit.gz,,,2783.0,2449.0,8492.4,5.04,3.468,37.5,38.4,113.0,128.7,33.3,0.0,,,98.0,80.0,192.0,167.0,,,687.0,,,82.0,,,,,,,,,,,0.0,,0.0,,1.0,8543.7,,,,,,,,,,,,,,,,22066982.0,,,,,,,,,,,3.052,2492.0,,,,6596.0,0.0,,,,3.489,,,0.0,,,,,,,,,media/ab824a67-c181-4cc3-9734-01c4c30a79a3.jpg
16778419614,"17 déc. 2025, 15:36:29",Afternoon Run,Course à pied,,3285,"9,00",162.0,33,false,,Salomon DRX Bliss,activities/17869140707.fit.gz,,,3285.0,3234.0,8999.3,6.763,2.783,54.1,46.4,86.3,123.8,8.3,0.1,,,92.0,80.0,162.0,147.0,,,681.0,,,33.0,,,,,,,,,,,,,0.0,,1.0,9064.1,,,,,,,,,,,,,,,,22066982.0,,,,,,,,,,,2.74,9.1,,,,8566.0,0.0,,,,2.803,,,,,,,,,,,,""
16695560812,"9 déc. 2025, 16:04:22",Côtes en légende,Course à pied,"Ouverture de capot en règles avec les zouzous💞
#enmanquedensmarathon
#cafait1moisjaipascouru",3822,"9,52",,,false,,Salomon DRX Bliss,activities/16695560812.fit,,,3822.0,3759.0,9527.0,6.783,2.534,281.0,283.0,76.0,170.6,25.6,-0.1,,,,,,,,,942.0,,20.0,,,,,,,,,,,,0.0,,0.0,,1.0,10219.8,,,,,,,,,,,,,,,,22066982.0,,,,,,,,,,,2.493,0.0,,,,,0.0,,,,2.719,,,0.0,,,,,,,,,""
16394122857,"8 nov. 2025, 12:21:27",Footing avec manu,Course à pied,"",4637,"13,18",187.0,130,false,,Salomon DRX Bliss,activities/17480020984.fit.gz,,,4637.0,4369.0,13183.1,5.94,3.017,99.1,205.0,65.8,107.6,13.3,0.0,,,89.0,80.0,187.0,165.0,,,1016.0,,,130.0,,,,,,,,,,,,,0.0,,1.0,13393.1,,,,,,,,,,,,,,,,22066982.0,,,,,,,,,,,2.843,2811.8,,,,11556.0,0.0,,,,3.065,,,0.0,,,,,,,,,""
16377368078,"6 nov. 2025, 15:08:39",Course pour l'environnement,Course à pied,"6 tours pour donner de l'argent à Vertuelle
Merci UrgENScliMA pour l'orga❤️🌲🌲",2917,"6,08",194.0,47,false,,Salomon DRX Bliss,activities/17463110300.fit.gz,,,2917.0,1827.0,6083.0,5.1,3.33,0.0,93.0,98.0,99.9,10.4,0.0,,,92.0,82.0,194.0,160.0,,,436.0,,,47.0,,,,,,,,,,,0.0,,0.0,,1.0,6105.4,,,,,,,,,,,,,,,,22066982.0,,,,,,,,,,,2.085,4651.9,,,,4956.0,0.0,,,,3.342,,,0.0,,,,,,,,,""
16253579698,"25 oct. 2025, 14:35:13",Blabla run and walk avec Laura 🦌,Course à pied,"",3184,"5,93",156.0,14,false,,Scott Kinabalu ULTRA Rc,activities/17337930650.fit.gz,,,3184.0,3145.0,5937.8,4.0,1.888,111.3,282.0,324.0,398.0,32.0,0.3,,,107.0,69.0,156.0,127.0,,,442.0,,,14.0,,,,,,,,,,,0.0,,0.0,,1.0,6297.2,,,,,,,,,,,,,,,,20957754.0,,,,,,,,,,,1.865,5153.0,,,,6674.0,0.0,,,,2.002,,,0.0,,,,,,,,,""
16241948410,"24 oct. 2025, 09:32:31",Rando Donon,Randonnée,On fait decouvrir la région aux singes de Poitiers,15472,"13,35",131.0,27,false,,Scott Kinabalu ULTRA Rc,activities/17326202021.fit.gz,,,15472.0,11971.0,13355.1,6.44,1.116,751.7,1145.0,427.4,1000.8,50.0,0.0,,,122.0,53.0,131.0,100.0,,,1268.0,,,27.0,,,,,,,,,,,0.0,,0.0,,1.0,,,,,,,,,,,,,,,,,20957754.0,,,,,,,,,,,0.863,11094.9,,,,19884.0,0.0,,,,,,,0.0,,,,,,,,,media/d7a088fd-b984-4910-bd7e-eb43b52a8ea5.jpg|media/c1ba9b58-5eda-44e9-b2ee-0ccb833f2c71.jpg|media/7a978c2e-b009-403a-81b5-c970b9ced617.mp4
16182884743,"18 oct. 2025, 15:30:54",Foulées du plan incliné 2025,Course à pied,"Content de la perf avec des jambes lourdes comme ça (Des gros bouzins dans toutes les côtes)
41/313 scratch
4 ESM",4328,"14,14",203.0,169,false,,Scott Kinabalu ULTRA Rc,activities/17266679248.fit.gz,,,4328.0,4267.0,14147.4,8.34,3.316,332.4,638.0,226.9,364.5,47.7,0.0,,,109.0,79.0,203.0,172.0,,,1054.0,,,169.0,,,,,,,,,,,0.0,,0.0,,1.0,15546.5,,,,,,,,,,,,,,,,20957754.0,,,,,,,,,,,3.269,4870.6,,,,11360.0,0.0,,,,3.643,,,0.0,,,,,,,,,media/7015aec0-6b44-4fa9-adc0-f4447bb459e0.jpg|media/dcc1be32-faea-4a3f-b850-2c599fcda625.jpg
16161957915,"16 oct. 2025, 15:29:37",Record de l'heure 2025,Course à pied,"4x400m à bloc en gros, on a tenu la baraque après 2 matchs de volley 🥵🥵",4480,"2,62",196.0,10,false,,Salomon DRX Bliss,activities/17245553708.fit.gz,,,4480.0,673.0,2620.3,8.88,3.893,0.0,15.0,112.5,114.0,2.3,0.0,,,106.0,85.0,196.0,149.0,,,129.0,,,10.0,,,,,,,,,,,0.0,,0.0,,1.0,2625.5,,,,,,,,,,,,,,,,22066982.0,,,,,,,,,,,0.585,429.5,,,,1850.0,0.0,,,,3.901,,,0.0,,,,,,,,,media/b3241026-f993-47b9-aea2-a09dd6515932.jpg
16114231044,"12 oct. 2025, 07:30:10",Les fondus de Vouneuil 2025,Course à pied,"Course en chill avec [strava://athletes/96527967/12]Arthur MOREZ 
Le tacos de la veille s'est bien évacué pendant la course 🤣🤣",5553,"19,74",193.0,213,false,,Salomon DRX Bliss,activities/17197336383.fit.gz,,,5553.0,5458.0,19745.7,6.22,3.618,191.8,394.0,80.0,134.2,12.0,0.0,,,98.0,80.0,193.0,171.0,,0.0,1402.0,,,213.0,,,,,,,,,10.0,5554.0,0.0,,0.0,,1.0,20137.3,,,,,,,,,,,,,,,,22066982.0,,,,,,,,,,,3.556,6992.2,,,,14618.0,0.0,,0.0,6.0,3.69,,,0.0,,,,,,,,,media/90a2b45b-3b23-45d2-9a47-99a149e763f4.jpg|media/9e66a660-0b7b-462c-89c8-801d22d9f7da.jpg|media/42bf1eb7-5f21-4da5-9c79-96b86ce083ba.jpg
16039362831,"5 oct. 2025, 08:02:37",Ensmarathon,Course à pied,Blabla footing avec les motivés du dimanche,3704,"11,44",187.0,119,false,,Salomon DRX Bliss,activities/17121653302.fit.gz,,,3704.0,3701.0,11447.8,6.08,3.093,80.2,126.0,78.2,123.8,7.4,0.0,,,86.0,80.0,187.0,167.0,,,874.0,,,119.0,,,,,,,,,,,0.0,,0.0,,1.0,11536.8,,,,,,,,,,,,,,,,22066982.0,,,,,,,,,,,3.091,266.9,,,,9816.0,0.0,,,,3.117,,,0.0,,,,,,,,,""
15933050428,"25 sept. 2025, 14:19:57",Footing blabla avec manu,Course à pied,"",3792,"12,03",182.0,107,false,,Salomon DRX Bliss,activities/17013520380.fit.gz,,,3792.0,3745.0,12037.3,6.24,3.214,85.9,143.0,83.5,123.8,8.7,0.0,,,85.0,79.0,182.0,164.0,,,883.0,,,107.0,,,,,,,,,,,0.0,,0.0,,1.0,12143.2,,,,,,,,,,,,,,,,22066982.0,,,,,,,,,,,3.174,375.7,,,,9848.0,0.0,,,,3.243,,,0.0,,,,,,,,,""
15798140754,"13 sept. 2025, 13:28:34",Ensmaratrail wei,Course à pied,On s'est paumé mais trop drôle ,3490,"8,02",200.0,60,false,,Salomon DRX Bliss,activities/16874545328.fit.gz,,,3490.0,3141.0,8026.8,5.48,2.555,211.9,321.0,404.3,559.6,26.9,0.0,,,122.0,77.0,200.0,158.0,,,660.0,,,60.0,,,,,,,,,,,0.0,,0.0,,1.0,8639.2,,,,,,,,,,,,,,,,22066982.0,,,,,,,,,,,2.3,0.0,,,,7236.0,0.0,,,,2.75,,,0.0,,,,,,,,,""
15732851133,"7 sept. 2025, 08:05:51",Initiation ensmarathon avec les ptis nouveaux,Course à pied,Petit tour supplémentaire aux carrières pour leur montrer,5882,"14,69",189.0,139,false,,Salomon DRX Bliss,activities/16805498054.fit.gz,,,5882.0,5105.0,14694.1,5.54,2.878,135.8,273.0,65.8,115.4,20.7,0.0,,,87.0,78.0,189.0,162.0,,,1110.0,,,139.0,,,,,,,,,,,0.0,,0.0,,1.0,14924.9,,,,,,,,,,,,,,,,22066982.0,,,,,,,,,,,2.498,3518.6,,,,13216.0,0.0,,,,2.924,,,0.0,,,,,,,,,""
15648434897,"31 août 2025, 09:54:46",Ballade avec maman,Vélo,Bonne récup pour les jambes 😵😵,10109,"54,49",146.0,31,false,,Canyon Roadlite AL,activities/16714052421.fit.gz,,8.15,10109.0,8580.0,54497.8,15.45,6.352,317.5,551.0,187.5,346.8,7.7,0.0,,,,,146.0,122.0,,89.0,926.0,,,31.0,,,,,,,,,,,0.0,,0.0,,1.0,,,,,,,,,,,,,,,,12976174.0,,,,,,,,,,,,5.391,128.0,,,,,0.0,,,,,,,0.0,,,,,,,,,""
15640445316,"30 août 2025, 16:31:15",🎯Trail des Ch'vandiers 2025,Course à pied,"24e scratch - 4e espoir
Tres belle course, satisfait de ma gestion sur courte distance",4522,"14,38",198.0,301,false,"",Scott Kinabalu ULTRA Rc,activities/16705246674.fit.gz,,,4522.0,4508.0,14381.7,6.02,3.19,425.7,585.0,307.1,429.9,25.7,0.0,,,107.0,78.0,198.0,189.0,,,1220.0,,,301.0,,,,,,,,,,,0.0,,0.0,,1.0,16126.0,,,,,,,,,,,,,,,,20957754.0,,,,,,,,,,,3.18,11048.8,,,,11818.0,0.0,,,,3.577,,,0.0,,,,,,,,,""
15618223400,"28 août 2025, 16:00:00","Côtes 2*(6*1', r = 1'30) R=5'",Course à pied,"Ca fait sauter le moteur en règle pour l'inauguration des nouveaux bâtons⚡️⚡️
(J'étais foutu à la 7e j'aurais du manger)",4145,"7,00",183.0,46,false,,Scott Kinabalu ULTRA Rc,activities/16680997020.fit.gz,,,4145.0,3812.0,7000.7,3.98,1.836,359.2,521.0,332.3,438.3,43.5,-0.1,,,113.0,72.0,183.0,149.0,,,689.0,,,46.0,,,,,,,,,,,0.0,,0.0,,1.0,9504.0,,,,,,,,,,,,,,,,20957754.0,,,,,,,,,,,1.689,5102.8,,,,7774.0,0.0,,,,2.493,,,0.0,,,,,,,,,""
15583301888,"25 août 2025, 13:22:34",Rando lac/cascades de la Lauch,Randonnée,Chillos sous le soleil d'août 🌞,3683,"3,44",134.0,8,false,,Scott Kinabalu ULTRA Rc,activities/16643714117.fit.gz,,,3683.0,3090.0,3444.1,14.48,1.115,106.9,327.0,844.3,976.3,36.8,-0.9,,,120.0,50.0,134.0,108.0,,,319.0,,,8.0,,,,,,,,,,,0.0,,0.0,,1.0,,,,,,,,,,,,,,,,,20957754.0,,,,,,,,,,,0.935,1876.8,,,,4834.0,0.0,,,,,,,0.0,,,,,,,,,media/208481d6-40e7-4720-81ca-48d4b6c8dc59.mp4|media/1c88571c-64b7-4800-b6d0-c1af4308211d.jpg
15581269511,"25 août 2025, 08:44:50",Markstein->Lac de la lauch,Course à pied,"Full dh mais beau paysage sur ces crêtes
Sortie parapente pour ma soeur 🤯",6845,"7,41",183.0,56,false,,Scott Kinabalu ULTRA Rc,activities/16641569709.fit.gz,,,6845.0,2750.0,7417.0,5.44,2.697,150.7,432.0,949.0,1259.2,30.6,-3.0,,,113.0,73.0,183.0,153.0,,,578.0,,,56.0,,,,,,,,,,,0.0,,0.0,,1.0,7835.7,,,,,,,,,,,,,,,,20957754.0,,,,,,,,,,,1.084,6487.0,,,,6436.0,0.0,,,,2.849,,,0.0,,,,,,,,,media/e62e6788-451a-47ed-a153-c3bde8e20c39.mp4|media/8cedad17-71bc-4aeb-b771-0de6661b3fc0.jpg
15583780299,"24 août 2025, 08:47:52",Championnat de France relais H21,Course à pied,"2e relais après Alban et avant Thomas, dur dur techniquement 2 grosses fautes, mais sinon super carte on a kiffé
Top 26 au final",3828,"8,10",,,false,"",VJ Bold X,activities/16644218816.gpx.gz,,,3828.0,3653.0,8103.6,6.14,2.218,277.5,276.6,681.8,772.4,34.3,0.0,,,,,,,,,879.0,,,,,,,,,,,,,,,,0.0,,1.0,9536.9,,,,,,,,,,,,,,,,11868232.0,,,,,,,,,,,2.117,0.0,,,,,0.0,,,,2.616,,,0.0,,,,,,,,,""
15560723951,"23 août 2025, 13:27:59",CFLD 2025 - H21 open,Course à pied,"C'est une belle première longue distance chez les elites, plein d'erreurs techniques mais solide sur les longs choix
Plus jamais en picots par contre ",7286,"14,65",200.0,310,false,,VJ Bold X,activities/16619195880.fit.gz,,,7286.0,6583.0,14649.2,5.766,2.225,453.0,706.0,638.3,734.1,41.3,0.0,,,120.0,69.0,200.0,177.0,,,1681.0,,,310.0,,,,,,,,,,,0.0,,0.0,,1.0,16578.4,,,,,,,,,,,,,,,,11868232.0,,,,,,,,,,,2.011,0.0,,,,14562.0,0.0,,,,2.488,,,0.0,,,,,,,,,""
15545351512,"22 août 2025, 08:10:00",Regionale Sprint H21,Course à pied,Un peu de hors carte qui me met 3min dans la vue ,1197,"3,89",205.0,65,false,,Salomon Spectur,activities/16602019739.fit.gz,,,1197.0,1180.0,3898.1,5.72,3.303,102.4,153.0,653.0,690.5,31.4,0.2,,,86.0,80.0,205.0,184.0,,,326.0,,,65.0,,,,,,,,,,,0.0,,0.0,,1.0,4268.7,,,,,,,,,,,,,,,,11868224.0,,,,,,,,,,,3.257,121.9,,,,3092.0,0.0,,,,3.618,,,0.0,,,,,,,,,""
15537771687,"21 août 2025, 15:44:23",PDCALT sans carte 🤦‍♂️🤦‍♂️,Course à pied,"Avec dave et tom
Jaurais du prendre des chausettes hautes bordel ",2187,"5,27",181.0,33,false,,Salomon Spectur,activities/16593496658.fit.gz,,,2187.0,2104.0,5269.5,4.24,2.505,99.1,165.0,672.7,738.7,14.0,0.0,,,119.0,78.0,181.0,152.0,,,442.0,,,33.0,,,,,,,,,,,0.0,,0.0,,1.0,5501.4,,,,,,,,,,,,,,,,11868224.0,,,,,,,,,,,2.409,1612.8,,,,4922.0,0.0,,,,2.615,,,0.0,,,,,,,,,""
15478700285,"16 août 2025, 09:07:10",Rando pic de Tréchauffé,Randonnée,"La der des vacances avec les couilles 
De belles montées mais avec une recompense folle au sommet 🤩",8768,"4,70",156.0,16,false,,Scott Kinabalu ULTRA Rc,activities/16530183199.fit.gz,,,8768.0,4846.0,4701.6,2.9,0.97,369.5,436.0,1247.3,1587.1,50.0,0.0,,,120.0,57.0,156.0,114.0,,,613.0,,,16.0,,,,,,,,,,,0.0,,0.0,,1.0,,,,,,,,,,,,,,,,,20957754.0,,,,,,,,,,,0.536,3485.0,,,,8140.0,0.0,,,,,,,,,,,,,,,,media/4a02d2d3-2a77-49e8-a26f-c7fdc03aebc1.jpg|media/b77a513a-b746-4133-9df3-4f0ff8f7d199.mp4|media/d8b68ead-e61e-4ce8-b573-92e8dde6a4a9.jpg|media/011ac3c1-ee39-4910-ae18-11bdcf3c940e.jpg
15471534764,"15 août 2025, 09:39:41",Promenade en haut du mont mémises,Randonnée,"",5961,"4,50",147.0,9,false,,Scott Kinabalu ULTRA Rc,activities/16522503036.fit.gz,,,5961.0,4047.0,4507.2,5.96,1.114,192.8,262.0,1556.2,1675.9,44.7,-0.1,,,84.0,52.0,147.0,100.0,,,422.0,,,9.0,,,,,,,,,,,0.0,,0.0,,1.0,,,,,,,,,,,,,,,,,20957754.0,,,,,,,,,,,0.756,2175.6,,,,7132.0,0.0,,,,,,,,,,,,,,,,media/471a4755-f8a0-4ccb-95dd-8b52d69bb06d.jpg|media/51da687d-6bcc-4ba2-bf68-17afa6383cc0.mp4|media/ef5aa06a-7602-4333-90a1-5d786dd2c351.jpg
15456679393,"14 août 2025, 09:16:50",Crêtes de Super-Morzine,Randonnée,Dernière rando chill avec les copains ,15214,"10,02",159.0,22,false,,Scott Kinabalu ULTRA Rc,activities/16506659352.fit.gz,,,15214.0,8651.0,10019.8,6.84,1.158,373.6,525.0,1545.5,1816.0,49.2,0.0,,,85.0,50.0,159.0,104.0,,,859.0,,,22.0,,,,,,,,,,,0.0,,0.0,,1.0,,,,,,,,,,,,,,,,,20957754.0,,,,,,,,,,,0.659,7729.6,,,,14180.0,0.0,,,,,,,,,,,,,,,,media/1679036b-f051-4bc2-a0f0-f8b1e1a500b6.jpg|media/af5e040a-51b7-4a07-8dd9-7098fee20768.mp4|media/1252944d-a079-499e-beec-c132e88bae75.mp4
15431863164,"12 août 2025, 07:48:05",Via St Jean d'Aulps,Randonnée,"Double via ferrata avec un panorama de rêve 
Bravo à toutes mes couilles qui ont bien géré 💪",13967,"4,85",184.0,27,false,,Scott Kinabalu ULTRA Rc,activities/16480174893.fit.gz,,,13967.0,4148.0,4850.3,3.329,1.169,482.4,769.0,803.4,1089.9,50.0,-0.2,,,118.0,65.0,184.0,133.0,,,1271.0,,,27.0,,,,,,,,,,,0.0,,0.0,,1.0,,,,,,,,,,,,,,,,,20957754.0,,,,,,,,,,,0.347,4719.2,,,,,0.0,,,,,,5760.0,,,,,,,,,,media/36184508-5f3b-44d2-b3d9-f7215bc4ccd4.mp4|media/2715bb8e-6a23-4074-86ca-bcf0cf0112c8.jpg|media/cfe05ae6-a251-44de-bc0e-66820657738f.mp4|media/f5d44014-244b-4560-9c2e-9b488bb83867.jpg
15421424673,"11 août 2025, 08:03:42",Pointe de Ratti via mont Caly,Randonnée,"La première d'une longue lignée feat les couilles 
Quel plaisir c'est exactement ce qu'il me fallait 🤩🤩🤩🤩🤩",19498,"17,09",,,false,,Scott Kinabalu ULTRA Rc,activities/15421424673.fit,,,19498.0,14259.0,17096.1,3.96,1.199,1069.0,1060.0,1405.0,1921.4,50.0,0.0,,,,,,,,,1575.0,,,,,,,,,,,,,,0.0,,0.0,,1.0,,,,,,,,,,,,,,,,,20957754.0,,,,,,,,,,,0.877,11954.1,,,,,0.0,,,,,,,,,,,,,,,,media/2b4c4b5a-4bfa-4662-a293-36ea3572e045.jpg|media/2351d6f6-9a12-4786-943e-628a600ee131.jpg|media/5af03ae0-1dd8-4420-9e6e-9a7afced5dbf.mp4|media/ed979c1b-c448-49ac-a06f-2af4c8ed9a05.jpg|media/7a7663e7-3ca6-4067-b40c-0220cad82dac.jpg|media/7016d23d-c625-4f21-be84-bea1fb262ae5.mp4
15400401900,"9 août 2025, 13:28:58",Entraînement CO,Course à pied,"Simulation départ en masse x4
Bonnes sensations jusqu'à la dernière mdr",5031,"3,09",166.0,10,false,,VJ Bold X,activities/16446466066.fit.gz,,,5031.0,1354.0,3098.3,8.56,2.288,97.5,270.0,318.0,482.9,32.0,-5.1,,,116.0,76.0,166.0,144.0,,,241.0,,,10.0,,,,,,,,,,,0.0,,0.0,,1.0,3692.4,,,,,,,,,,,,,,,,11868232.0,,,,,,,,,,,0.616,704.2,,,,2874.0,0.0,,,,2.727,,,0.0,,,,,,,,,""
15397001092,"9 août 2025, 09:14:22",Entraînement CO,Course à pied,Circuit 4km je fais n'imp 8-9-10,3031,"5,07",148.0,8,false,,VJ Bold X,activities/16442872493.fit.gz,,,3031.0,2468.0,5074.0,4.5,2.056,237.6,314.0,318.5,452.6,35.3,0.1,,,125.0,70.0,148.0,124.0,,,430.0,,,8.0,,,,,,,,,,,0.0,,0.0,,1.0,6626.9,,,,,,,,,,,,,,,,11868232.0,,,,,,,,,,,1.674,23.5,,,,5890.0,0.0,,,,2.685,,,0.0,,,,,,,,,""
15365652458,"6 août 2025, 12:03:35",Solo trail,Course à pied,Jusqu'à la belle roche sous le soleil 🌞🌞,9707,"21,09",197.0,251,false,,Scott Kinabalu ULTRA Rc,activities/16409408421.fit.gz,,,9707.0,8402.0,21092.2,5.22,2.51,623.1,998.0,292.4,513.4,48.6,0.0,,,118.0,73.0,197.0,165.0,,,1755.0,,,251.0,,,,,,,,,,,0.0,,0.0,,1.0,23675.0,,,,,,,,,,,,,,,,20957754.0,,,,,,,,,,,2.173,15914.9,,,,19110.0,0.0,,,,2.818,,,0.0,,,,,,,,,media/59b4e0c6-fb5e-41f0-8020-ff6262a0eb61.mp4
15315114414,"2 août 2025, 00:43:57",Night Ride,Vélo,,1242,"6,69",156.0,8,false,,Canyon Roadlite AL,activities/16355339993.fit.gz,,8.15,1242.0,1170.0,6690.6,7.72,5.718,13.3,35.0,139.9,149.0,32.1,0.1,,,,,156.0,137.0,,68.0,207.0,,,8.0,,,,,,,,,,,,,0.0,,1.0,,,,,,,,,,,,,,,,12976174.0,,,,,,,,,,,,5.387,0.0,,,,,0.0,,,,,,,,,,,,,,,,""
15278594854,"29 juil. 2025, 18:54:32",Velo digestif avec mamie,Vélo,"",913,"3,57",124.0,2,false,,,activities/16316270781.fit.gz,,8.15,913.0,875.0,3575.0,7.53,4.047,2.0,19.0,147.1,150.8,2.3,0.0,,,,,124.0,113.0,,29.0,99.0,,,2.0,,,,,,,,,,,0.0,,0.0,,1.0,,,,,,,,,,,,,,,,,,,,,,,,,,,,3.916,0.0,,,,,0.0,,,,,,,,,,,,,,,,media/3a1f52a5-2fa3-44d1-aaba-17d042695a60.jpg
15254523140,"27 juil. 2025, 11:32:58",Dimanche trail pluvieux,Course à pied,"Parcours aux petits oignons avec du deniv en folie 🥵🥵, merci [strava://athletes/96089000/13]Ronan Jacquot et [strava://athletes/52060862/16]Clément BAILLIET ",11785,"25,00",190.0,222,false,,Scott Kinabalu ULTRA Rc,activities/16290581438.fit.gz,,,11785.0,10484.0,25002.9,4.86,2.385,796.2,1233.0,213.3,579.7,47.9,0.0,,,118.0,73.0,190.0,157.0,,,2015.0,,,222.0,,,,,,,,,,,0.0,,0.0,,1.0,28231.8,,,,,,,,,,,,,,,,20957754.0,,,,,,,,,,,2.122,19367.4,,,,24288.0,0.0,,,,2.693,,,,,,,,,,,,media/4a6e1c44-752e-4f44-a557-5a85f604f655.jpg|media/766d0518-b77d-4c5c-910a-c28473826d99.jpg|media/09a78cc6-8d1a-4e69-a816-ab7e7a9aa7fb.jpg
15224160039,"24 juil. 2025, 17:53:18",En balade avec mamie,Vélo,"",3101,"12,46",,,false,,Canyon Roadlite AL,activities/15224160039.gpx,,8.15,3101.0,1348.0,12467.8,33.164,9.249,22.6,23.5,146.3,160.9,8.5,0.0,,,,,,,,56.0,84.0,,,,,,,,,,,,,,0.0,,0.0,,1.0,,,,,,,,,,,,,,,,12976174.0,,,,,,,,,,,,4.021,0.0,,,,,0.0,,,,,,,,,,,,,,,,""
15165305944,"19 juil. 2025, 09:50:31",Rando Dabo,Randonnée,"Avec Emma 🥰
Avortée à cause de l'orage 😬",10760,"9,66",172.0,24,false,,Salomon Spectur,activities/16194279023.fit.gz,,,10760.0,7958.0,9668.9,3.825,1.215,367.0,518.0,469.6,731.7,48.6,0.0,,,96.0,53.0,172.0,109.0,,,812.0,,,24.0,,,,,,,,,,,0.0,,0.0,,1.0,,,,,,,,,,,,,,,,,11868224.0,,,,,,,,,,0.0,0.899,7516.1,,,,13502.0,0.0,,,,,,,,,,,,,,,,media/f66ca52f-1f2b-48e1-9fc5-02e6730713b1.jpg
15158903901,"18 juil. 2025, 15:30:44",Donon afterwork,Vélo,"Montée en chill avec personne sur les routes🤩
Supplément craquage dans les 10 derniers km...",11446,"76,37",198.0,232,true,"",Canyon Roadlite AL,activities/16187207189.fit.gz,,8.15,11446.0,11446.0,76374.5,19.38,6.673,962.4,972.4,256.5,812.2,26.0,0.0,,,,,198.0,158.0,,167.0,1798.0,,,232.0,,,,,,,,,,,0.0,,1.0,,1.0,,,,,,,,,,,,,,,,12976174.0,,,,,,,,,,,0.0,6.673,34.9,,,,,16.61,,,,,,,,,,,,,,,,media/519f6ff3-7421-4898-8693-61a377e32523.jpg|media/6a5b254d-d105-4cd2-ab46-4a2ffb80bc81.jpg
15111213340,"14 juil. 2025, 12:54:19",Foulée du plan incliné backwards,Course à pied,On fait péter le capot en règles avec [strava://athletes/52060862/16]Clément BAILLIET ,5422,"13,81",201.0,174,false,,Scott Kinabalu ULTRA Rc,activities/16135087394.fit.gz,,,5422.0,5153.0,13817.1,8.12,2.681,275.5,543.0,226.5,364.4,49.1,0.0,,,88.0,77.0,201.0,174.0,,,1197.0,,,174.0,,,,,,,,,,,0.0,,0.0,,1.0,14545.5,,,,,,,,,,,,,,,,20957754.0,,,,,,,,,,0.0,2.548,4380.5,,,,12874.0,,,,,2.823,,,,,,,,,,,,""
15103710005,"13 juil. 2025, 17:49:10",VTT en soirée 2/2,Vélo,"",1542,"7,13",,,false,"",Lapierre ProRace900,activities/15103710005.gpx,,13.0,1542.0,1505.0,7138.9,12.9,4.743,101.3,176.2,294.1,401.9,13.9,-1.1,,,,,,,,159.0,267.0,,,,,,,,,,,,,,0.0,,0.0,,1.0,,,,,,,,,,,,,,,,11713375.0,,,,,,,,,,,0.0,4.63,2412.3,,,,,,,,,,,,,,,,,,,,,""
15104609415,"13 juil. 2025, 16:01:18",Vtt en soirée 1/2,Vélo,Le plaisir d'avoir la forêt rien qu'à soi 🤩🤩,6369,"22,06",196.0,146,false,"",Lapierre ProRace900,activities/16127719368.fit.gz,,8.15,6369.0,5218.0,22065.7,14.117,4.229,559.6,547.0,281.2,475.6,47.7,0.3,,,,,196.0,166.0,,161.0,1082.0,,,146.0,,,,,,,,,,,,,0.0,,1.0,,,,,,,,,,,,,,,,11713375.0,,,,,,,,,,,0.0,3.465,7533.6,,,,,,,,,,,,,,,,,,,,,""
15017908812,"5 juil. 2025, 16:06:03",Sortie chill sous le soleil,Vélo,Petite pause avec les darons,7589,"48,42",194.0,152,false,,Canyon Roadlite AL,activities/16032557128.fit.gz,,8.15,7589.0,6336.0,48421.2,17.5,7.642,544.2,685.0,274.3,549.9,9.7,0.0,,,,,194.0,162.0,,155.0,1291.0,,,152.0,,,,,,,,,,,0.0,,0.0,,1.0,,,,,,,,,,,,,,,,12976174.0,,,,,,,,,,,0.0,6.38,0.0,,,,,,,,,,,,,,,,,,,,,media/89f3726e-3e17-43be-8e8d-c85e15b1ac3d.jpg
14997225831,"3 juil. 2025, 17:19:54",Footing,Course à pied,Dans cette belle ville betonné 🤠🤠,3077,"9,45",182.0,76,false,,Salomon Spectur,activities/16009665576.fit.gz,,,3077.0,3071.0,9456.6,4.2,3.079,14.8,91.0,143.5,150.9,5.2,0.0,,,83.0,80.0,182.0,165.0,,,708.0,,,76.0,,,,,,,,,,,0.0,,0.0,,1.0,9481.5,,,,,,,,,,,,,,,,11868224.0,,,,,,,,,,0.0,3.073,0.0,,,,8078.0,,,,,3.087,,,,,,,,,,,,""
14914573063,"25 juin 2025, 17:08:52",Côtes + plouf,Course à pied,"Footing + 10*1', r~2' avec roro
En cette belle soirée d'été",4845,"7,09",193.0,80,false,,Scott Kinabalu ULTRA Rc,activities/15918945403.fit.gz,,,4845.0,4314.0,7090.2,5.18,1.644,340.6,514.0,336.1,436.2,33.7,0.0,,,121.0,74.0,193.0,164.0,,,868.0,,,80.0,,,,,,,,,,,0.0,,0.0,,1.0,9474.2,,,,,,,,,,,,,,,,20957754.0,,,,,,,,,,0.0,1.463,5241.4,,,,8486.0,,,,,2.196,,,,,,,,,,,,""
14882939798,"19 juin 2025, 18:00:30",Ensmarathon canicule,Course à pied,La der,2380,"6,07",184.0,33,false,,Salomon DRX Bliss,activities/15884664053.fit.gz,,,2380.0,2138.0,6071.1,6.06,2.84,59.4,153.0,66.2,104.9,30.0,0.0,,,85.0,77.0,184.0,157.0,,,465.0,,,33.0,,,,,,,,,,,0.0,,0.0,,1.0,6167.7,,,,,,,,,,,,,,,,22066982.0,,,,,,,,,,0.0,2.551,1500.0,,,,5484.0,,,,,2.885,,,,,,,,,,,,""
14643328080,"30 mai 2025, 08:10:28",Rando double donon,Randonnée,La classique en détente avec la mif,17016,"8,55",124.0,19,false,,Scott Kinabalu ULTRA Rc,activities/15625820723.fit.gz,,,17016.0,8763.0,8552.4,2.82,0.976,368.0,612.0,758.6,998.6,48.0,0.0,,,122.0,54.0,124.0,93.0,,0.0,835.0,,,19.0,,,,,,,,,1.0,10308.0,0.0,,0.0,,1.0,,,,,,,,,,,,,,,,,20957754.0,,,,,,,,,,0.0,0.503,7642.3,,,,14630.0,,,0.0,1.0,,,,,,,,,,,,,media/039cc81c-9cc5-48a4-a27c-aca21623eeb5.jpg|media/fdbda269-f184-4df4-a70a-68431c4b51d2.jpg
14635385431,"29 mai 2025, 08:53:17",🎯 Visite de la Haute-Saône,Vélo,"Super sortie découverte de la région du grand [strava://athletes/68817133/15]Clément Maurice, sur les traces du tour de france 🤩
Pas grand monde sur les routes, sûrement à cause du jour férié (non) 🐮
On voulait faire la planche des belles filles mais après 130 bornes c'était pas le top",24793,"130,11",,,false,"",Canyon Roadlite AL,activities/15617246965.fit.gz,,8.15,24793.0,20946.0,130109.4,16.78,6.212,1643.8,1933.0,322.8,814.5,15.6,0.0,,,,,,,,113.0,4972.0,,,,,,,,,,,,,,0.0,,0.0,,1.0,,,,,,,,,,,,,,,,12976174.0,,,,,,,,,,,0.0,5.248,0.0,,,,,,,,,,,,,,,,,,,,,media/ec3fbdc1-2358-40c2-b446-e5b77555f9b6.jpg|media/faa0d4de-bdf5-4364-9bf0-5c2c42663e71.jpg|media/6bbbfedf-6436-478c-ab93-6094ba763079.mp4
14571500193,"23 mai 2025, 15:03:32",Ensmaratin crêpes,Course à pied,"",1651,"4,83",173.0,46,false,,Salomon DRX Bliss,activities/15548513304.fit.gz,,,1651.0,1506.0,4834.0,8.94,3.21,37.9,68.0,86.5,115.5,5.6,0.0,,,86.0,78.0,173.0,157.0,,,348.0,,,46.0,,,,,,,,,,,0.0,,0.0,,1.0,4886.1,,,,,,,,,,,,,,,,22066982.0,,,,,,,,,,0.0,2.928,522.7,,,,3906.0,,,,,3.244,,,,,,,,,,,,""
14531510428,"19 mai 2025, 12:22:45",EPS - 2*20 min progressives,Course à pied,De 5'30 à 3'30 /km autour de ce bon vieux lac de St Cyr,3448,"9,91",200.0,130,false,"",Salomon DRX Bliss,activities/15505750198.fit.gz,,,3448.0,2736.0,9909.9,5.72,3.622,9.9,137.0,57.1,61.2,3.0,0.0,,,89.0,81.0,200.0,170.0,,,693.0,,,130.0,,,,,,,,,,,0.0,,0.0,,1.0,9921.2,,,,,,,,,,,,,,,,22066982.0,,,,,,,,,,0.0,2.874,9911.1,,,,7372.0,,,,,3.626,,,,,,,,,,,,""
14428533493,"9 mai 2025, 19:06:56",Passation bds 2/2,Course à pied,"",127,"0,63",148.0,0,false,,,activities/15394451703.fit.gz,,,127.0,120.0,636.3,6.64,5.302,0.0,12.0,98.3,99.5,2.6,0.0,,,95.0,88.0,148.0,128.0,,,29.0,,,0.0,,,,,,,,,,,0.0,,0.0,,1.0,637.3,,,,,,,,,,,,,,,,,,,,,,,,,,0.0,5.01,596.8,,,,334.0,,,,,5.311,,,,,,,,,,,,""
14428399323,"9 mai 2025, 18:50:33",Passation BDS 1/2,Course à pied,"",146,"0,64",143.0,0,false,,,activities/15394309245.fit.gz,,,146.0,139.0,644.6,6.5,4.637,0.0,6.0,98.3,99.5,2.8,0.0,,,101.0,84.0,143.0,129.0,,,31.0,,,0.0,,,,,,,,,,,0.0,,0.0,,1.0,645.8,,,,,,,,,,,,,,,,,,,,,,,,,,0.0,4.415,597.0,,,,382.0,,,,,4.646,,,0.0,0.0,,,,0.0,,,,""
14406662852,"7 mai 2025, 15:18:14",Côtes en aisance avec manu,Course à pied,"On en profite pour gratter les local legends
Elle est pour vous celle là [strava://athletes/117309222/18]Baptiste DEMANECHE [strava://athletes/42343871/11]Manon Dales ",3604,"11,77",178.0,94,false,,Salomon DRX Bliss,activities/15371456481.fit.gz,,,3604.0,3506.0,11772.0,6.66,3.358,189.1,223.0,78.2,102.1,13.6,0.0,,,89.0,81.0,178.0,154.0,,,847.0,,,94.0,,,,,,,,,,,0.0,,0.0,,1.0,12199.4,,,,,,,,,,,,,,,,22066982.0,,,,,,,,,,0.0,3.266,798.8,,,,9340.0,,,,,3.48,,,,,,,,,,,,""
14385246682,"5 mai 2025, 12:24:52",EPS - CO,Course à pied,"Récup en détente, j'adore le sol dur ",3946,"5,19",174.0,18,false,,VJ Bold X,activities/15349011674.fit.gz,,,3946.0,2813.0,5191.6,4.98,1.846,67.0,186.0,89.3,125.1,16.7,0.0,,,122.0,76.0,174.0,133.0,,,462.0,,,18.0,,,,,,,,,,,0.0,,0.0,,1.0,5268.7,,,,,,,,,,,,,,,,11868232.0,,,,,,,,,,0.0,1.316,4395.5,,,,4762.0,,,,,1.873,,,,,,,,,,,,""
14371499998,"4 mai 2025, 06:19:57",CFC 2025 - leg 1 N4,Course à pied,"120 personnes dans un couloir de 5m de large, autant dire qu'il fallait courir.
Je prends 2 vols à la 3 et à la 8 c'est terrible je peux claquer la course en 23 min",1843,"4,70",195.0,61,false,,VJ Bold X,activities/15334531919.fit.gz,,,1843.0,1741.0,4703.0,5.36,2.701,110.2,160.0,19.9,51.4,28.2,0.0,,,111.0,75.0,195.0,162.0,,,410.0,,,61.0,,,,,,,,,,,0.0,,0.0,,1.0,5143.2,,,,,,,,,,,,,,,,11868232.0,,,,,,,,,,0.0,2.552,95.2,,,,4232.0,,,,,2.954,,,,,,,,,,,,media/c0d424ee-2203-49cb-b509-ceceaf57107e.mp4|media/8f9d2616-41a6-46a9-95c1-1c7c2bde9766.jpg
14366665921,"3 mai 2025, 14:34:59",CF MD 2025 - Open H21,Course à pied,"Gros vol à la 3 puis une course ok
Enfin de la visibilité bordel",3083,"7,21",200.0,190,false,,VJ Bold X,activities/15329403070.fit.gz,,,3083.0,2918.0,7212.8,6.18,2.472,138.3,339.0,15.7,43.2,34.2,-0.2,,,123.0,73.0,200.0,183.0,,,800.0,,,190.0,,,,,,,,,,,0.0,,0.0,,1.0,7690.9,,,,,,,,,,,,,,,,11868232.0,,,,,,,,,,0.0,2.34,0.0,,,,6944.0,,,,,2.636,,,,,,,,,,,,media/0f542cdc-a465-4dbf-842c-2750d38daa08.jpg
14353989686,"2 mai 2025, 11:07:02",MD crocroc,Course à pied,"J'ai réussi à résister aux grands méchants loups 🐺🐺
Bref une md bien brouillon, début de course mauvais jusqu'à la 6, et après ça a bien roulé",2866,"7,29",198.0,179,false,,VJ Bold X,activities/15316084355.fit.gz,,,2866.0,2698.0,7296.4,5.12,2.704,129.7,195.0,8.7,39.1,37.0,0.0,,,118.0,76.0,198.0,183.0,,,750.0,,,179.0,,,,,,,,,,,0.0,,0.0,,1.0,7921.9,,,,,,,,,,,,,,,,11868232.0,,,,,,,,,,0.0,2.546,7296.4,,,,6666.0,,,,,2.936,,,,,,,,,,,,media/eea753f3-379e-47fb-9e27-012cbc37edc8.jpg
14349052659,"1 mai 2025, 17:03:43",PDCALT avec Alban,Course à pied,"Beau terrain de jeu
En tenue de sprint ça piquote 😬😬",2503,"4,76",196.0,86,false,,Salomon DRX Bliss,activities/15310885200.fit.gz,,,2503.0,1799.0,4765.0,5.12,2.649,114.6,178.0,20.1,64.0,31.9,0.0,,,118.0,75.0,196.0,171.0,,,586.0,,,86.0,,,,,,,,,,,0.0,,0.0,,1.0,5164.4,,,,,,,,,,,,,,,,22066982.0,,,,,,,,,,0.0,1.904,1970.6,,,,4630.0,,,,,2.871,,,,,,,,,,,,media/94498bae-3b3b-4c64-be95-24954140d03f.jpg
14346077368,"1 mai 2025, 14:58:04",CFRS - Open sprint H21,Course à pied,"21'25"" - 63e sur environ 115
2 petites erreurs et une grosse mais ils avaient caché la 55 ces cons
",1288,"4,13",202.0,60,false,,Salomon DRX Bliss,activities/15307768427.fit.gz,,,1288.0,1243.0,4132.2,6.28,3.324,31.3,93.0,6.6,26.2,22.2,0.0,,,119.0,82.0,202.0,173.0,,,341.0,,,60.0,,,,,,,,,,,0.0,,0.0,,1.0,4221.8,,,,,,,,,,,,,,,,22066982.0,,,,,,,,,,0.0,3.208,75.9,,,,3236.0,,,,,3.396,,,,,,,,,,,,media/8d702ecf-55b2-4717-a5e3-0b3a2b627a77.jpg
14312847055,"28 avr. 2025, 12:09:23",🎯 Lac de St Cyr,Course à pied,"Bien long le retour
Mention spéciale au cimetière de Dissay pour son eau fraiche et sa belle citation",13098,"30,47",193.0,405,false,,Salomon DRX Bliss,activities/15273084140.fit.gz,,,13098.0,9705.0,30477.6,7.14,3.14,263.1,454.0,57.1,112.7,28.0,0.0,,,120.0,79.0,193.0,166.0,,,2245.0,,,405.0,,,,,,,,,,,0.0,,0.0,,1.0,30878.4,,,,,,,,,,,,,,,,22066982.0,,,,,,,,,,0.0,2.327,12277.2,,,,24954.0,,,,,3.182,,,,,,,,,,,,media/00673354-7ffe-494d-8bfd-621025324116.jpg|media/cb5f7a80-5574-49e3-a8e5-db7343975973.jpg
14284325896,"25 avr. 2025, 15:29:26",Ensmarathon ☀️,Course à pied,"",7202,"9,76",165.0,51,false,,Salomon DRX Bliss,activities/15243143073.fit.gz,,,7202.0,3674.0,9766.4,4.46,2.658,94.8,219.0,66.0,105.1,28.7,0.0,,,91.0,79.0,165.0,143.0,,,734.0,,,51.0,,,,,,,,,,,0.0,,0.0,,1.0,9919.4,,,,,,,,,,,,,,,,22066982.0,,,,,,,,,,0.0,1.356,2864.4,,,,9522.0,,,,,2.7,,,,,,,,,,,,""
14175957795,"14 avr. 2025, 16:02:04",Récup en bien,Course à pied,"",1443,"4,00",156.0,22,false,,Salomon DRX Bliss,activities/15129951043.fit.gz,,,1443.0,1443.0,4001.0,6.96,2.773,12.7,97.0,84.3,99.5,4.0,-0.1,,,82.0,78.0,156.0,144.0,,,292.0,,,22.0,,,,,,,,,,,0.0,,0.0,,1.0,4013.0,,,,,,,,,,,,,,,,22066982.0,,,,,,,,,,0.0,2.773,2104.7,,,,3718.0,,,,,2.781,,,,,,,,,,,,""
14162530162,"13 avr. 2025, 06:30:32",🎯 Semi-marathon de Poitiers,Course à pied,"Conditions parfaites 
J'ai fait connaissance avec le mur du 12e km
Objectif sub 1h30 raté ça sera pour la prochaine ⚡️⚡️
Content du pr quand même 🎯",5486,"21,32",195.0,342,false,,Salomon DRX Bliss,activities/15115879966.fit.gz,,,5486.0,5486.0,21319.1,10.02,3.886,89.2,380.0,66.2,120.0,7.0,-0.1,,,88.0,81.0,195.0,181.0,,2.0,1521.0,,,342.0,,,,,,,,,22.0,5487.0,0.0,,0.0,,1.0,21380.9,,,,,,,,,,,,,,,,22066982.0,,,,,,,,,,0.0,3.886,1434.5,,,,14862.0,,,2.0,13.0,3.897,,,,,,,,,,,,media/8dc08b74-fdd2-46ae-b5ad-cafcf43fc6a7.jpg|media/1ac31413-200e-4eaa-b2ed-bafacc23752c.jpg|media/e665a055-b9ec-4a5a-9bf0-f9d92bde32bd.mp4|media/d777bd8d-2050-40ba-ab8d-4af03d0d2f08.jpg
14153131607,"12 avr. 2025, 08:29:21",Veille de course,Course à pied,Ensmarathon sous la pluie,2229,"5,58",178.0,58,false,,Salomon DRX Bliss,activities/15105982567.fit.gz,,,2229.0,1855.0,5582.0,4.933,3.009,48.2,80.0,86.5,115.5,5.6,0.1,,,88.0,80.0,178.0,158.0,,,411.0,,,58.0,,,,,,,,,,,0.0,,0.0,,1.0,5654.1,,,,,,,,,,,,,,,,22066982.0,,,,,,,,,,0.0,2.504,456.6,,,,4936.0,,,,,3.048,,,,,,,,,,,,""
14127481602,"9 avr. 2025, 14:34:53",2000 ~4:10/km,Course à pied,"Dernière intensité avec le ☀️☀️
Semi j-4",1587,"4,98",189.0,49,false,,Salomon DRX Bliss,activities/15079212892.fit.gz,,,1587.0,1458.0,4984.5,5.88,3.419,25.4,97.0,84.3,101.9,20.9,-0.2,,,85.0,79.0,189.0,160.0,,,352.0,,,49.0,,,,,,,,,,,0.0,,0.0,,1.0,4998.9,,,,,,,,,,,,,,,,22066982.0,,,,,,,,,,0.0,3.141,1623.9,,,,3848.0,,,,,3.429,,,,,,,,,,,,""
14107573062,"7 avr. 2025, 14:11:19",Blabla footing avec le M,Course à pied,Semi j-6,4759,"11,12",178.0,101,false,,Salomon DRX Bliss,activities/15058533538.fit.gz,,,4759.0,3699.0,11124.7,10.283,3.007,111.5,315.0,66.1,107.5,32.0,0.0,,,85.0,79.0,178.0,155.0,,,813.0,,,101.0,,,,,,,,,,,0.0,,0.0,,1.0,11330.2,,,,,,,,,,,,,,,,22066982.0,,,,,,,,,,0.0,2.338,2995.8,,,,9730.0,,,,,3.063,,,,,,,,,,,,""
14086153184,"4 avr. 2025, 16:00:03",Footing,Course à pied,"Plus de batterie dans la montre
Semi j-9",3600,"11,50",,,false,,Salomon DRX Bliss,,,,3600.0,3600.0,11500.0,,3.194,0.0,,,,,0.0,,,,,,,,,1060.0,,,,,,,,,,,,,,0.0,,0.0,,0.0,,,,,,,,,,,,,,,,,22066982.0,,,,,,,,,,0.0,3.194,0.0,,,,,,,,,,,,,,,,,,,,,""
14061357692,"2 avr. 2025, 17:15:26",2*2000 ~4:10/km,Course à pied,"Début de l'affutage dans le vent 
Semi j-11",3684,"11,43",187.0,97,false,,Salomon DRX Bliss,activities/15009927314.fit.gz,,,3684.0,3504.0,11437.6,6.44,3.264,54.2,206.0,84.6,115.7,36.2,0.0,,,107.0,80.0,187.0,155.0,,,814.0,,,97.0,,,,,,,,,,,0.0,,0.0,,1.0,11517.5,,,,,,,,,,,,,,,,22066982.0,,,,,,,,,,0.0,3.105,5506.6,,,,9252.0,,,,,3.287,,,,,,,,,,,,""
14019027558,"29 mars 2025, 10:37:38",5*1500 ~ 3:55/km,Course à pied,Bon soleil mais vma dans le vent c'est non ❌️❌️,3854,"13,00",189.0,147,false,,Salomon DRX Bliss,activities/14964619519.fit.gz,,,3854.0,3775.0,13005.0,5.92,3.445,79.7,239.0,84.5,115.7,7.9,0.0,,,87.0,81.0,189.0,164.0,,,928.0,,,147.0,,,,,,,,,,,0.0,,0.0,,1.0,13108.7,,,,,,,,,,,,,,,,22066982.0,,,,,,,,,,0.0,3.374,3356.5,,,,10000.0,,,,,3.473,,,,,,,,,,,,""
14013067647,"28 mars 2025, 15:59:02",Footing ensmarathon,Course à pied,Sous la pluie ,3577,"10,66",166.0,74,false,,Salomon DRX Bliss,activities/14958192488.fit.gz,,,3577.0,3400.0,10660.4,5.86,3.135,93.0,195.0,70.9,115.7,10.6,0.0,,,88.0,80.0,166.0,149.0,,,775.0,,,74.0,,,,,,,,,,,0.0,,0.0,,1.0,10786.5,,,,,,,,,,,,,,,,22066982.0,,,,,,,,,,0.0,2.98,869.2,,,,9056.0,,,,,3.172,,,,,,,,,,,,""
13974942287,"24 mars 2025, 16:48:51",Footing ☀️☀️,Course à pied,Recup de ce week-end de fou,3166,"9,12",173.0,87,false,,Salomon DRX Bliss,activities/14917381007.fit.gz,,,3166.0,3166.0,9126.8,4.04,2.883,93.3,156.0,78.4,102.0,12.0,0.0,,,83.0,78.0,173.0,155.0,,,685.0,,,87.0,,,,,,,,,,,0.0,,0.0,,1.0,9297.4,,,,,,,,,,,,,,,,22066982.0,,,,,,,,,,0.0,2.883,2632.6,,,,8228.0,,,,,2.937,,,,,,,,,,,,""
13961478048,"23 mars 2025, 08:10:59","CFU LD ""raccourcie""",Course à pied,"pm poste 1 🤣🤣🤣 je lis 41 au lieu de 47 sur la def et je tombe sur la 41 la dinguerie
Sinon des erreurs un peu partout je suis bien guez
Marchand gagne en 49' 🤣🤣",5301,"12,78",195.0,249,false,,Salomon Speedcross 5,activities/14902906927.fit.gz,,,5301.0,4874.0,12784.0,5.86,2.623,272.6,590.0,90.6,195.9,26.4,0.0,,,122.0,75.0,195.0,172.0,,,1189.0,,,249.0,,,,,,,,,,,0.0,,0.0,,1.0,13685.9,,,,,,,,,,,,,,,,11868244.0,,,,,,,,,,0.0,2.412,9580.5,,,,11848.0,,,,,2.808,,,,,,,,,,,,""
13954668301,"22 mars 2025, 13:20:06",CFU Relais sprint,Course à pied,"Full speed 3 mistakes
Relais à 3 donc open, première experience de manu et ça c'est beau
Reprise de la compet en CO ça fait vraiment plaisir
",1101,"3,50",197.0,46,false,,Salomon Spectur,activities/14895525650.fit.gz,,,1101.0,1014.0,3501.7,7.3,3.453,18.4,128.0,35.5,43.4,5.7,0.1,,,120.0,84.0,197.0,170.0,,,279.0,,,46.0,,,,,,,,,,,0.0,,0.0,,1.0,3531.1,,,,,,,,,,,,,,,,11868224.0,,,,,,,,,,0.0,3.18,79.4,,,,2800.0,,,,,3.482,,,,,,,,,,,,media/c1e8eed8-9a62-4150-9232-734a6ff504c6.jpg
13926104077,"19 mars 2025, 11:45:24",2*3000 ~3:55/km,Course à pied,Dur dur celle là🥵🥵,3815,"12,02",198.0,158,false,,Salomon DRX Bliss,activities/14864694743.fit.gz,,,3815.0,3494.0,12021.8,4.98,3.441,100.4,147.0,78.4,110.3,11.6,0.0,,,108.0,80.0,198.0,170.0,,,852.0,,,158.0,,,,,,,,,,,0.0,,0.0,,1.0,12192.2,,,,,,,,,,,,,,,,22066982.0,,,,,,,,,,0.0,3.151,36.8,,,,9232.0,,,,,3.489,,,,,,,,,,,,""
13909150200,"17 mars 2025, 14:52:44",Récup,Course à pied,"",461,"1,22",155.0,4,false,,Salomon Speedcross 5,activities/14846376050.fit.gz,,,461.0,445.0,1224.8,4.34,2.752,11.9,39.0,111.8,124.7,5.9,0.0,,,85.0,80.0,155.0,138.0,,,93.0,,,4.0,,,,,,,,,,,0.0,,0.0,,1.0,1240.6,,,,,,,,,,,,,,,,11868244.0,,,,,,,,,,0.0,2.657,1056.9,,,,1152.0,,,,,2.788,,,,,,,,,,,,""
13909148533,"17 mars 2025, 13:20:58",EPS - Raid multisport,Course à pied,CO / laser run / run and bike ,4831,"8,41",188.0,78,false,,Salomon Speedcross 5,activities/14846374074.fit.gz,,,4831.0,3224.0,8412.2,7.1,2.609,87.5,230.0,106.8,125.7,33.3,0.0,,,122.0,79.0,188.0,158.0,,,684.0,,,78.0,,,,,,,,,,,0.0,,0.0,,1.0,8532.9,,,,,,,,,,,,,,,,11868244.0,,,,,,,,,,0.0,1.741,3791.8,,,,6310.0,,,,,2.647,,,,,,,,,,,,""
13889711588,"15 mars 2025, 14:06:48","""Cross"" EAG 2025",Course à pied,"Dans le wagon de [strava://athletes/96527967/12]Arthur MOREZ jusqu'aux 3k 
Content de la perf surtout avec la pluie toulousaine",1334,"5,76",195.0,84,false,,Salomon Spectur,activities/14825178861.fit.gz,,,1334.0,1334.0,5768.0,6.82,4.324,10.6,135.0,145.5,153.5,12.0,0.0,,,91.0,84.0,195.0,182.0,,,385.0,,,84.0,,,,,,,,,,,0.0,,0.0,,1.0,5782.7,,,,,,,,,,,,,,,,11868224.0,,,,,,,,,,0.0,4.324,504.5,,,,3706.0,,,,,4.335,,,,,,,,,,,,media/86318cc2-c55c-431d-bf5b-dd2fe2ddbe1a.jpg
13843988486,"10 mars 2025, 15:15:00",Retour,Course à pied,"",914,"2,73",175.0,26,false,,Salomon DRX Bliss,activities/14776489479.fit.gz,,,914.0,914.0,2729.1,3.96,2.986,18.4,63.0,78.4,110.4,6.0,-0.8,,,83.0,78.0,175.0,156.0,,,203.0,,,26.0,,,,,,,,,,,0.0,,0.0,,1.0,2721.3,,,,,,,,,,,,,,,,22066982.0,,,,,,,,,,0.0,2.986,25.1,,,,2356.0,,,,,2.977,,,,,,,,,,,,""
13843985759,"10 mars 2025, 13:08:16",EPS - Multisport,Vélo,Boucle de 6k en run and bike et un biathlon laser/course au top,5948,"11,82",186.0,63,false,"",,activities/14776486458.fit.gz,,,5948.0,3086.0,11823.8,7.3,3.831,106.1,144.0,78.4,123.1,11.6,0.2,,,120.0,81.0,186.0,154.0,,52.0,768.0,,,63.0,,,,,,,,,,,0.0,,0.0,,1.0,12024.6,,,,,,,,,,,,,,,,,,,,,,,,,,0.0,1.988,2180.1,,,,6914.0,,,,,3.792,,,,,,,,,,,,""
13815584940,"7 mars 2025, 15:09:24",2*5000 ~4:15/km,Course à pied,"Quel temps on est en mai ou quoi ☀️☀️☀️
Les chaussures et les jambes qui répondent bien ca commence à sentir bon pour le semi",5371,"17,00",193.0,212,false,,Salomon DRX Bliss,activities/14745533100.fit.gz,,,5371.0,4997.0,17005.0,5.02,3.403,105.9,224.0,78.4,116.0,7.6,0.0,,,91.0,80.0,193.0,167.0,,,1214.0,,,212.0,,,,,,,,,,,0.0,,0.0,,1.0,17095.2,,,,,,,,,,,,,,,,22066982.0,,,,,,,,,,0.0,3.166,1434.6,,,,13280.0,,,,,3.421,,,,,,,,,,,,""
13798406554,"5 mars 2025, 16:00:04",Long jog,Course à pied,Debut avec l'ensmarathon et la fin seul face au sunset ☀️☀️,8037,"17,12",173.0,138,false,,Salomon DRX Bliss,activities/14726927667.fit.gz,,,8037.0,5775.0,17122.9,5.34,2.965,139.8,288.0,78.4,124.0,12.0,0.0,,,106.0,79.0,173.0,151.0,,,1232.0,,,138.0,,,,,,,,,,,0.0,,0.0,,1.0,17273.9,,,,,,,,,,,,,,,,22066982.0,,,,,,,,,,0.0,2.131,1108.1,,,,15232.0,,,,,2.991,,,,,,,,,,,,""
13778114254,"3 mars 2025, 13:15:11",EPS CO,Course à pied,4 petits circuits sympa dans une zone bien technique ,6151,"11,38",183.0,95,false,,Salomon Speedcross 5,activities/14705028550.fit.gz,,,6151.0,5301.0,11384.0,5.06,2.148,158.4,368.0,91.5,128.7,40.0,0.0,,,116.0,77.0,183.0,152.0,,,971.0,,,95.0,,,,,,,,,,,0.0,,0.0,,1.0,11741.5,,,,,,,,,,,,,,,,11868244.0,,,,,,,,,,0.0,1.851,11223.9,,,,10170.0,,,,,2.215,,,,,,,,,,,,""
13771585670,"2 mars 2025, 16:58:22",Sunset frac ☀️,Course à pied,"Pour une fois qu'il fait beau
4*2000 ~4:05min/km
Baptême des nouvelles chaussures 💥",4731,"15,79",183.0,177,false,,Salomon DRX Bliss,activities/14697845213.fit.gz,,,4731.0,4650.0,15797.8,5.82,3.397,78.2,226.0,78.4,110.3,8.0,0.0,,,87.0,81.0,183.0,163.0,,,1138.0,,,177.0,,,,,,,,,,,0.0,,0.0,,1.0,15896.5,,,,,,,,,,,,,,,,22066982.0,,,,,,,,,,0.0,3.339,53.6,,,,12418.0,,,,,3.419,,,,,,,,,,,,""
13760793285,"1 mars 2025, 14:48:58",Trail en bonne compagnie 🦌🦌,Course à pied,Autour des ruines de lutz avec [strava://athletes/52060862/16]Clément BAILLIET et [strava://athletes/96089000/13]Ronan Jacquot ,5731,"12,23",182.0,85,false,,Scott Kinabalu ULTRA Rc,activities/14686086085.fit.gz,,,5731.0,4727.0,12229.6,4.62,2.587,377.0,496.0,229.4,430.9,46.7,0.0,,,120.0,79.0,182.0,146.0,,,906.0,,,85.0,,,,,,,,,,,0.0,,0.0,,1.0,14096.5,,,,,,,,,,,,,,,,20957754.0,,,,,,,,,,0.0,2.134,9882.2,,,,11690.0,,,,,2.982,,,,,,,,,,,,media/f0d14031-98b3-4b3d-90ff-51fa8a2ca635.jpg|media/1d788601-b425-46fe-8110-e019e2abfd57.mp4|media/3e19b4c8-202a-4326-ba6e-839525d18c29.jpg
13743157982,"27 févr. 2025, 14:38:31",VTT ☀️☀️,Vélo,De l'eau partout c'est de l'évitement de flaques à ce stade,9596,"29,24",194.0,135,false,,Lapierre ProRace900,activities/14666949495.fit.gz,,8.15,9596.0,6818.0,29246.0,12.64,4.29,585.6,730.0,291.3,526.8,38.8,0.0,,,,,194.0,147.0,,163.0,1090.0,,,135.0,,,,,,,,,,,0.0,,0.0,,1.0,,,,,,,,,,,,,,,,11713375.0,,,,,,,,,,,0.0,3.048,11653.2,,,,,,,,,,,,,,,,,,,,,media/06051c20-93f5-433c-a34f-d1adf760f506.jpg|media/70f96caf-29d7-4394-9646-791adc05af45.jpg|media/9025b53e-d7e1-46fc-8b54-f4d6ad720748.jpg
13718287321,"24 févr. 2025, 16:03:41",Solo trail 🦌🦌🦌,Course à pied,"Retour au bercail quel bonheur le dénivelé :))
",6614,"18,49",195.0,200,false,"",Scott Kinabalu ULTRA Rc,activities/14639959169.gpx.gz,,,6614.0,6143.0,18497.9,5.06,3.011,463.9,464.4,303.1,475.5,37.6,0.0,,,113.0,78.0,195.0,159.0,,,1874.0,,,200.0,,,,,,,,,,,,,0.0,,1.0,20332.7,,,,,,,,,,,,,,,,20957754.0,,,,,,,,,,0.0,2.797,7157.9,,,,,,,,,3.311,,,,,,,,,,,,""
13688828335,"21 févr. 2025, 16:45:41",Fractionné veille de vacances,Course à pied,"2*(5*600m ~3:35/km, r = 150m) R = 4'",4783,"14,01",194.0,119,false,,Salomon Spectur,activities/14607847474.fit.gz,,,4783.0,4378.0,14010.6,5.84,3.2,68.6,245.0,84.6,115.7,10.7,0.0,,,87.0,79.0,194.0,155.0,,,989.0,,,119.0,,,,,,,,,,,0.0,,0.0,,1.0,14111.0,,,,,,,,,,,,,,,,11868224.0,,,,,,,,,,0.0,2.929,5370.9,,,,11418.0,,,,,3.223,,,,,,,,,,,,""
13651343632,"17 févr. 2025, 13:21:24",EPS CO - Course au score,Course à pied,☀️☀️,3916,"10,02",179.0,98,false,,Salomon Spectur,activities/14566937060.fit.gz,,,3916.0,3471.0,10027.2,6.42,2.889,80.3,322.0,97.3,143.8,12.5,0.0,,,122.0,76.0,179.0,155.0,,,808.0,,,98.0,,,,,,,,,,,0.0,,0.0,,1.0,10165.2,,,,,,,,,,,,,,,,11868224.0,,,,,,,,,,0.0,2.561,6688.9,,,,8812.0,,,,,2.929,,,,,,,,,,,,""
13626741549,"14 févr. 2025, 16:02:37",Footing ensmarathon,Course à pied,Que demander de plus que ce beau soleil ,5488,"12,73",161.0,73,false,,Salomon Spectur,activities/14539842440.fit.gz,,,5488.0,4573.0,12736.3,5.68,2.785,97.6,264.0,66.1,104.9,30.0,0.0,,,92.0,79.0,161.0,144.0,,,945.0,,,73.0,,,,,,,,,,,0.0,,0.0,,1.0,12921.0,,,,,,,,,,,,,,,,11868224.0,,,,,,,,,,0.0,2.321,5198.4,,,,11934.0,,,,,2.825,,,,,,,,,,,,media/7c1f8e42-a337-4c73-99c4-8e31f0f20bc1.jpg
13609539957,"12 févr. 2025, 15:28:41",3 * 2500 ~ 4:15min/km,Course à pied,Le premier avec le M qui a mal aux pieds 🫣,4082,"13,14",193.0,140,false,,Salomon Spectur,activities/14521052860.fit.gz,,,4082.0,3999.0,13143.6,7.44,3.287,100.8,235.0,84.5,115.7,6.4,0.0,,,112.0,79.0,193.0,161.0,,,929.0,,,140.0,,,,,,,,,,,0.0,,0.0,,1.0,13294.1,,,,,,,,,,,,,,,,11868224.0,,,,,,,,,,0.0,3.22,1984.0,,,,10354.0,,,,,3.324,,,,,,,,,,,,""
13590749856,"10 févr. 2025, 13:18:26",EPS CO - Course au score,Course à pied,"Avec vikazimut, un peu de hors carte et on repart",4628,"8,81",183.0,78,false,,Salomon Speedcross 5,activities/14500588359.fit.gz,,,4628.0,3745.0,8817.0,5.74,2.354,51.2,460.0,103.3,126.7,16.7,0.0,,,122.0,73.0,183.0,150.0,,,844.0,,,78.0,,,,,,,,,,,0.0,,0.0,,1.0,8889.5,,,,,,,,,,,,,,,,11868244.0,,,,,,,,,,0.0,1.905,4650.4,,,,8986.0,,,,,2.374,,,,,,,,,,,,""
13558962271,"6 févr. 2025, 13:30:38",Qualif France CO universitaire,Course à pied,Avec vikazimut donc un peu le bordel mais course propre dans lensemble,3344,"7,47",189.0,82,false,,Salomon Speedcross 5,activities/14465621866.fit.gz,,,3344.0,2760.0,7474.3,5.16,2.708,103.8,232.0,92.5,127.1,20.0,0.0,,,117.0,75.0,189.0,157.0,,,698.0,,,82.0,,,,,,,,,,,0.0,,0.0,,1.0,7734.4,,,,,,,,,,,,,,,,11868244.0,,,,,,,,,,0.0,2.235,165.3,,,,6930.0,,,,,2.802,,,,,,,,,,,,""
13528692684,"3 févr. 2025, 13:11:00",EPS CO - récup en mode safari,Course à pied,"Des sangliers, marcassins, biches on a vu de tout",6078,"8,10",176.0,33,false,,Salomon Speedcross 5,activities/14432614643.fit.gz,,,6078.0,3793.0,8100.6,4.66,2.136,113.3,418.0,90.5,129.9,28.6,0.0,,,119.0,69.0,176.0,134.0,,,813.0,,,33.0,,,,,,,,,,,0.0,,0.0,,1.0,8362.2,,,,,,,,,,,,,,,,11868244.0,,,,,,,,,,0.0,1.333,486.8,,,,9322.0,,,,,2.205,,,,,,,,,,,,""
13509055804,"1 févr. 2025, 10:57:02",2*4000 allure semi avec martini,Course à pied,"le premier avec le vent ~4:14min/km
le deuxième vent de face ~4:20min/km",4272,"13,20",195.0,182,false,,Salomon Spectur,activities/14410984211.fit.gz,,,4272.0,3913.0,13207.6,5.18,3.375,90.8,189.0,78.4,115.8,18.8,0.0,,,86.0,81.0,195.0,170.0,,,942.0,,,182.0,,,,,,,,,,,0.0,,0.0,,1.0,13333.4,,,,,,,,,,,,,,,,11868224.0,,,,,,,,,,0.0,3.092,114.2,,,,10404.0,,,,,3.407,,,,,,,,,,,,""
13485866552,"29 janv. 2025, 16:23:23",Début footing,Course à pied,plus de batterie 😣😣,1164,"3,13",160.0,23,false,,Salomon Spectur,activities/14385767175.fit.gz,,,1164.0,1163.0,3129.5,4.02,2.691,10.6,39.0,88.5,99.9,5.7,0.3,,,83.0,80.0,160.0,147.0,,,239.0,,,23.0,,,,,,,,,,,0.0,,0.0,,1.0,3165.2,,,,,,,,,,,,,,,,11868224.0,,,,,,,,,,0.0,2.689,2402.0,,,,3104.0,,,,,2.722,,,,,,,,,,,,""
13485615460,"29 janv. 2025, 16:21:35",Footing ensmarathon 🌬🌬,Course à pied,au mamelon avec martini,3812,"8,12",,,false,,Salomon Spectur,activities/13485615460.fit,,,3812.0,2982.0,8124.5,5.12,2.725,38.6,118.0,86.7,115.7,4.4,0.0,,,,,,,,,751.0,,,,,,,,,,,,,,0.0,,0.0,,1.0,8150.4,,,,,,,,,,,,,,,,11868224.0,,,,,,,,,,0.0,2.131,3810.7,,,,,,,,,2.733,,,,,,,,,,,,""
13466124388,"27 janv. 2025, 12:22:30",EPS - fractionné long,Course à pied,aller + 3* 2000 ~4min/km + retour + petit local legend 🦍,9588,"21,01",184.0,228,false,,Salomon Spectur,activities/14364346989.fit.gz,,,9588.0,7061.0,21011.1,5.18,2.976,91.9,347.0,63.7,99.9,34.7,0.0,,,101.0,79.0,184.0,159.0,,,1563.0,,,228.0,,,,,,,,,,,0.0,,0.0,,1.0,21145.6,,,,,,,,,,,,,,,,11868224.0,,,,,,,,,,0.0,2.191,4980.7,,,,18228.0,,,,,2.995,,,,,,,,,,,,""
13440655389,"24 janv. 2025, 14:59:58",Footing ensmarathon,Course à pied,dans les champs 🥰🥰,3528,"8,45",186.0,113,false,,Salomon Spectur,activities/14336504307.fit.gz,,,3528.0,3079.0,8453.0,4.98,2.745,75.8,131.0,78.4,107.5,11.1,0.0,,,86.0,78.0,186.0,163.0,,,685.0,,,113.0,,,,,,,,,,,0.0,,0.0,,1.0,8556.0,,,,,,,,,,,,,,,,11868224.0,,,,,,,,,,0.0,2.396,3561.9,,,,7644.0,,,,,2.779,,,,,,,,,,,,""
13380376268,"17 janv. 2025, 16:08:02",Footing ensmarathon,Course à pied,"",3872,"10,99",175.0,110,false,,Salomon Spectur,activities/14271294234.fit.gz,,,3872.0,3788.0,10990.2,5.72,2.901,95.1,204.0,66.1,115.7,32.7,0.0,,,89.0,81.0,175.0,156.0,,,846.0,,,110.0,,,,,,,,,,,0.0,,0.0,,1.0,11115.0,,,,,,,,,,,,,,,,11868224.0,,,,,,,,,,0.0,2.838,1617.7,,,,10060.0,,,,,2.934,,,,,,,,,,,,""
13343628412,"13 janv. 2025, 13:09:57",EPS - CO,Course à pied,"4 petits circuits, avec un peu de pair-impair",6325,"10,47",194.0,79,false,,Salomon Speedcross 5,activities/14231900286.fit.gz,,,6325.0,5499.0,10475.4,5.26,1.905,78.3,323.0,101.0,126.6,33.3,0.0,,,124.0,76.0,194.0,150.0,,,972.0,,,79.0,,,,,,,,,,,0.0,,0.0,,1.0,10653.9,,,,,,,,,,,,,,,,11868244.0,,,,,,,,,,0.0,1.656,4325.7,,,,9674.0,,,,,1.937,,,,,,,,,,,,""
13336604409,"12 janv. 2025, 16:27:00",Footing avec le M,Course à pied,En aisance respiratoire sous ce vent de con,2037,"6,74",184.0,88,false,,Salomon Spectur,activities/14224284854.fit.gz,,,2037.0,2037.0,6744.4,7.34,3.311,38.8,122.0,86.7,115.7,4.5,0.0,,,86.0,80.0,184.0,166.0,,,497.0,,,88.0,,,,,,,,,,,0.0,,0.0,,1.0,6771.2,,,,,,,,,,,,,,,,11868224.0,,,,,,,,,,0.0,3.311,2504.7,,,,5442.0,,,,,3.324,,,,,,,,,,,,""
13317944283,"10 janv. 2025, 15:59:47",Côtes 🔫🔫,Course à pied,"2*(4*300m à bloc, r~2'30""),R=5'
Mission segment abandonnée je suis bien guez",4732,"9,18",183.0,98,false,,Salomon Spectur,activities/14204246997.fit.gz,,,4732.0,3366.0,9183.6,6.44,2.728,192.2,244.0,78.4,102.0,11.9,0.0,,,122.0,79.0,183.0,159.0,,,716.0,,,98.0,,,,,,,,,,,0.0,,0.0,,1.0,9636.9,,,,,,,,,,,,,,,,11868224.0,,,,,,,,,,0.0,1.941,48.4,,,,8028.0,,,,,2.863,,,,,,,,,,,,""
13282119855,"6 janv. 2025, 14:52:16",Footing 14km,Course à pied,On reprend des sensations ☀️,4369,"14,34",192.0,216,false,,Salomon Spectur,activities/14165884055.fit.gz,,,4369.0,4363.0,14345.1,8.14,3.288,89.8,206.0,78.4,124.0,5.9,0.0,,,86.0,80.0,192.0,170.0,,,1069.0,,,216.0,,,,,,,,,,,0.0,,0.0,,1.0,14464.1,,,,,,,,,,,,,,,,11868224.0,,,,,,,,,,0.0,3.283,2257.2,,,,11556.0,,,,,3.305,,,,,,,,,,,,""
13265580092,"4 janv. 2025, 14:04:01",La der avec la madre,Randonnée,jadore la neige ,7525,"9,25",131.0,21,false,,,activities/14147988407.fit.gz,,,7525.0,6874.0,9252.9,2.74,1.346,196.5,569.0,334.3,475.5,36.9,0.0,,,77.0,54.0,131.0,110.0,,,708.0,,,21.0,,,,,,,,,,,0.0,,0.0,,1.0,,,,,,,,,,,,,,,,,,,,,,,,,,,0.0,1.23,6880.8,,,,11194.0,,,,,,,,,,,,,,,,,media/3b3e0a02-873f-4856-844b-d281c3f80948.jpg|media/86edeae0-4e5c-46f1-9c94-cea3a14fd30c.jpg|media/48f0e96b-ffad-4a95-af71-5f63e8bce265.jpg
13256947760,"3 janv. 2025, 14:24:35",Décrassage avec laura,Natation,je suis une larve dans l'eau,5534,1 275,176.0,60,false,,,activities/14138744343.fit.gz,,,5534.0,1701.0,1275.0,20.0,0.75,0.0,0.0,0.0,0.0,0.0,0.0,,,,25.0,176.0,134.0,,,269.0,,,60.0,,,,,,,,,,,0.0,,0.0,,1.0,,,,,,,,,,,,,,,,,,,,,,,,,,,0.0,0.23,0.0,,,,,,25.0,,,,,,,,,,,,,,,""
13239698028,"1 janv. 2025, 14:17:34",Dans le vent du jour de l'an,Randonnée,wake up,4687,"6,25",154.0,14,false,,,activities/14120151409.fit.gz,,,4687.0,4452.0,6251.3,4.3,1.404,107.7,198.0,319.2,355.8,14.2,0.1,,,113.0,57.0,154.0,112.0,,,447.0,,,14.0,,,,,,,,,,,0.0,,0.0,,1.0,,,,,,,,,,,,,,,,,,,,,,,,,,,0.0,1.334,0.0,,,,8014.0,,,,,,,,,,,,,,,,,media/a0042d54-7e27-4ecc-8225-d89373179586.mp4
13233066603,"31 déc. 2024, 15:59:34",2*3000 ~ 4:20 min/km,Course à pied,Cest decidé j'y retourne plus cette année 🥶🥶,3214,"10,26",200.0,170,false,,Scott Kinabalu ULTRA Rc,activities/14112864480.fit.gz,,,3214.0,3159.0,10265.7,5.08,3.25,124.2,186.0,299.2,335.7,15.1,0.0,,,119.0,79.0,200.0,176.0,,,788.0,,,170.0,,,,,,,,,,,0.0,,0.0,,1.0,10418.2,,,,,,,,,,,,,,,,20957754.0,,,,,,,,,,0.0,3.194,0.0,,,,8018.0,,,,,3.298,,,,,,,,,,,,""
13201501941,"27 déc. 2024, 12:55:29",Trail Solo ☀️,Course à pied,22km écourtés batterie vide 🥲,6327,"12,38",195.0,155,false,,Scott Kinabalu ULTRA Rc,activities/14078781443.fit.gz,,,6327.0,5276.0,12382.1,5.36,2.347,381.4,532.0,256.0,501.6,49.6,0.0,,,120.0,75.0,195.0,160.0,,,1052.0,,,155.0,,,,,,,,,,,0.0,,0.0,,1.0,13976.3,,,,,,,,,,,,,,,,20957754.0,,,,,,,,,,0.0,1.957,4792.7,,,,11620.0,,,,,2.649,,,,,,,,,,,,media/3a3f34dd-0f7f-4235-a143-60b13fcc8e64.jpg|media/15a475f9-d796-4320-af67-7293b8f8e9d3.mp4
13186309907,"25 déc. 2024, 09:58:41",Reprise de Noël,Course à pied,"footing à jeun
test des nouvelles copines 😻",2011,"5,56",189.0,85,false,,Scott Kinabalu ULTRA Rc,activities/14062431875.fit.gz,,,2011.0,1925.0,5559.6,6.04,2.888,110.1,123.0,319.2,355.8,14.1,0.0,,,88.0,77.0,189.0,167.0,,,439.0,,,85.0,,,,,,,,,,,0.0,,0.0,,1.0,5810.4,,,,,,,,,,,,,,,,20957754.0,,,,,,,,,,0.0,2.765,0.0,,,,4832.0,,,,,3.018,,,,,,,,,,,,""
13174946391,"23 déc. 2024, 12:40:17",Snow walk ❄️❄️,Randonnée,"",7973,"8,21",138.0,18,false,,Scott SUPERTRACK RC,activities/14050240386.fit.gz,,,7973.0,6873.0,8211.6,3.057,1.195,251.6,707.0,342.4,553.4,27.1,0.0,,,122.0,56.0,138.0,102.0,,,712.0,,,18.0,,,,,,,,,,,0.0,,0.0,,1.0,,,,,,,,,,,,,,,,,14187896.0,,,,,,,,,,0.0,1.03,7417.0,,,,11556.0,,,,,,,,,,,,,,,,,media/e5e467ac-0613-4be4-a650-e293c84b3d1a.jpg|media/baba04c6-4b72-4a69-9c04-cde2daa542d9.jpg|media/49893262-adfc-4ce8-b337-8e2dc83654fe.jpg|media/941e2d4f-7936-4013-83f0-bd69cc2cc759.mp4
13128108287,"16 déc. 2024, 13:23:25",EPS CO,Course à pied,"",6601,"9,59",180.0,64,false,,Salomon Speedcross 5,activities/13999949290.fit.gz,,,6601.0,5393.0,9593.9,5.2,1.779,123.6,361.0,110.2,142.3,25.0,0.0,,,105.0,74.0,180.0,145.0,,,858.0,,,64.0,,,,,,,,,,,0.0,,0.0,,1.0,9855.2,,,,,,,,,,,,,,,,11868244.0,,,,,,,,,,0.0,1.453,7356.3,,,,9044.0,,,,,1.827,,,,,,,,,,,,""
13108302031,"13 déc. 2024, 15:57:54",Footing ensmarathon,Course à pied,"",5718,"6,48",158.0,28,false,,Salomon Spectur,activities/13978642817.fit.gz,,,5718.0,2274.0,6480.3,6.46,2.85,68.5,150.0,81.1,115.7,43.2,0.0,,,88.0,80.0,158.0,141.0,,,466.0,,,28.0,,,,,,,,,,,0.0,,0.0,,1.0,6561.9,,,,,,,,,,,,,,,,11868224.0,,,,,,,,,,0.0,1.133,95.9,,,,6016.0,,,,,2.886,,,,,,,,,,,,""
13079403946,"9 déc. 2024, 13:24:27",EPS CO,Course à pied,"Evaluation - course au score 
nouvelle forêt intéressante, 108/116 pts",3727,"9,01",196.0,135,false,,Salomon Speedcross 5,activities/13947753798.fit.gz,,,3727.0,3069.0,9011.2,5.76,2.936,123.0,324.0,97.3,143.8,28.6,0.0,,,119.0,77.0,196.0,169.0,,,854.0,,,135.0,,,,,,,,,,,0.0,,0.0,,1.0,9400.9,,,,,,,,,,,,,,,,11868244.0,,,,,,,,,,0.0,2.418,5341.9,,,,7828.0,,,,,3.063,,,,,,,,,,,,""
13010253499,"29 nov. 2024, 16:02:41",Ensmarathon long jog,Course à pied,"",5673,"14,74",166.0,65,false,,Salomon Spectur,activities/13873781097.fit.gz,,,5673.0,5210.0,14745.2,4.6,2.83,125.7,210.0,68.5,105.8,6.9,0.0,,,84.0,79.0,166.0,142.0,,,1074.0,,,65.0,,,,,,,,,,,0.0,,0.0,,1.0,14903.1,,,,,,,,,,,,,,,,11868224.0,,,,,,,,,,0.0,2.599,1671.5,,,,13608.0,,,,,2.86,,,,,,,,,,,,""
12980339373,"25 nov. 2024, 12:59:27",EPS côtes,Course à pied,3*(5*200m avec redescente) R = 5',7672,"15,67",186.0,154,false,"",Salomon Spectur,activities/13841808378.fit.gz,,,7672.0,4913.0,15674.0,6.96,3.19,206.2,341.0,63.7,99.4,40.2,0.0,,,110.0,79.0,186.0,159.0,,,1114.0,,,154.0,,,,,,,,,,,0.0,,0.0,,1.0,16119.2,,,,,,,,,,,,,,,,11868224.0,,,,,,,,,,0.0,2.043,7768.9,,,,12832.0,,,,,3.281,,,,,,,,,,,,""
12974624503,"24 nov. 2024, 16:24:33",Footing after volley,Course à pied,c'est quoi ce vent serieux ,2655,"7,94",186.0,94,false,,Salomon Spectur,activities/13835720686.fit.gz,,,2655.0,2620.0,7946.5,4.56,3.033,63.7,154.0,78.4,104.4,12.0,0.0,,,83.0,79.0,186.0,162.0,,,602.0,,,94.0,,,,,,,,,,,0.0,,0.0,,1.0,8029.5,,,,,,,,,,,,,,,,11868224.0,,,,,,,,,,0.0,2.993,2613.6,,,,6856.0,,,,,3.065,,,,,,,,,,,,""
12959407940,"22 nov. 2024, 16:15:15",8*400 ~ 3:30/km r = 1',Course à pied,"🥶🥶🥶🥶
La prochaine fois c'est local legend sens horaire",3178,"9,99",198.0,96,false,,Salomon Spectur,activities/13819561197.fit.gz,,,3178.0,3125.0,9991.8,5.86,3.197,14.9,158.0,89.3,101.7,4.3,0.0,,,86.0,78.0,198.0,157.0,,,715.0,,,96.0,,,,,,,,,,,0.0,,0.0,,1.0,10014.1,,,,,,,,,,,,,,,,11868224.0,,,,,,,,,,0.0,3.144,7304.6,,,,8034.0,,,,,3.205,,,,,,,,,,,,""
12875505714,"11 nov. 2024, 13:07:02",Séance fractionné,Course à pied,"2*(4*500m ~3'35""/km, r = 1'), R = 4'
échauffement 10' et récup 10'
(je suis éteint)",2798,"9,14",200.0,131,false,,Salomon Spectur,activities/13729587068.fit.gz,,,2798.0,2747.0,9145.4,6.46,3.329,55.5,119.0,86.7,115.7,6.6,0.0,,,93.0,79.0,200.0,170.0,,,670.0,,,131.0,,,,,,,,,,,0.0,,0.0,,1.0,9194.9,,,,,,,,,,,,,,,,11868224.0,,,,,,,,,,0.0,3.269,1094.2,,,,7190.0,,,,,3.347,,,,,,,,,,,,""
12853033468,"8 nov. 2024, 15:14:37",EF - 11k,Course à pied,aux carrières sous le soleil,3996,"11,27",190.0,124,false,,Salomon Spectur,activities/13705358910.fit.gz,,,3996.0,3720.0,11276.1,7.3,3.031,107.4,241.0,66.1,107.4,31.3,0.0,,,82.0,77.0,190.0,160.0,,,834.0,,,124.0,,,,,,,,,,,0.0,,0.0,,1.0,11470.5,,,,,,,,,,,,,,,,11868224.0,,,,,,,,,,0.0,2.822,2900.0,,,,9502.0,,,,,3.083,,,,,,,,,,,,""
12837908253,"6 nov. 2024, 15:27:47",5k allure semi,Course à pied,footing 25' - 5k à 4:15 - recup 10',3953,"11,88",186.0,139,false,,Salomon Spectur,activities/13689124968.fit.gz,,,3953.0,3631.0,11880.4,6.1,3.272,79.2,112.0,78.4,124.0,13.3,0.0,,,84.0,79.0,186.0,163.0,,,852.0,,,139.0,,,,,,,,,,,0.0,,0.0,,1.0,11968.6,,,,,,,,,,,,,,,,11868224.0,,,,,,,,,,0.0,3.005,4.7,,,,9388.0,,,,,3.296,,,,,,,,,,,,""
12821195799,"4 nov. 2024, 13:28:20",EPS CO,Course à pied,"",5070,"6,00",167.0,18,false,,Salomon Spectur,activities/13671240849.fit.gz,,,5070.0,4548.0,6002.9,6.373,1.32,75.6,341.0,100.5,124.6,20.0,0.0,,,117.0,72.0,167.0,133.0,,,622.0,,,18.0,,,,,,,,,,,0.0,,0.0,,1.0,6140.0,,,,,,,,,,,,,,,,11868224.0,,,,,,,,,,0.0,1.184,6005.1,,,,6056.0,,,,,1.35,,,,,,,,,,,,""
12820525840,"4 nov. 2024, 13:09:16",Afternoon Run,Course à pied,,714,"2,17",181.0,23,false,,Salomon Spectur,activities/13670516312.fit.gz,,,714.0,711.0,2176.0,4.68,3.06,20.8,58.0,100.7,114.2,10.4,0.0,,,84.0,79.0,181.0,159.0,,,163.0,,,23.0,,,,,,,,,,,,,0.0,,1.0,2218.6,,,,,,,,,,,,,,,,11868224.0,,,,,,,,,,0.0,3.048,2176.0,,,,1872.0,,,,,3.12,,,,,,,,,,,,""
12803229055,"2 nov. 2024, 09:59:34",Avec Emma,Course à pied,Reprise c'est dur ,2037,"3,61",160.0,21,false,,Salomon Spectur,activities/13651872455.fit.gz,,,2037.0,1786.0,3612.8,3.94,2.023,46.2,151.0,75.4,119.5,22.2,0.0,,,85.0,75.0,160.0,136.0,,,291.0,,,21.0,,,,,,,,,,,0.0,,0.0,,1.0,3747.0,,,,,,,,,,,,,,,,11868224.0,,,,,,,,,,0.0,1.774,1147.8,,,,4064.0,,,,,2.098,,,,,,,,,,,,""
12798596085,"1 nov. 2024, 15:58:02",EF avec l'ensmarathon,Course à pied,lendemain de soiree compliqué,3863,"10,07",173.0,80,false,,Salomon Spectur,activities/13646867002.fit.gz,,,3863.0,3496.0,10075.2,6.56,2.882,89.2,178.0,66.0,115.7,29.5,0.0,,,86.0,78.0,173.0,152.0,,,748.0,,,80.0,,,,,,,,,,,0.0,,0.0,,1.0,10209.4,,,,,,,,,,,,,,,,11868224.0,,,,,,,,,,0.0,2.608,2154.6,,,,9074.0,,,,,2.92,,,,,,,,,,,,""
12765569896,"28 oct. 2024, 13:07:54",EPS CO,Course à pied,Confrontations 1v1 sur 1 poste,5764,"7,07",190.0,82,false,,Salomon Speedcross 5,activities/13611393913.fit.gz,,,5764.0,3096.0,7075.3,5.22,2.285,91.4,210.0,99.5,117.2,36.2,0.0,,,124.0,76.0,190.0,159.0,,,586.0,,,82.0,,,,,,,,,,,0.0,,0.0,,1.0,7326.0,,,,,,,,,,,,,,,,11868244.0,,,,,,,,,,0.0,1.227,5733.5,,,,6662.0,,,,,2.366,,,,,,,,,,,,""
12741951523,"25 oct. 2024, 12:18:10",🎯 Donon ☀️☀️,Vélo,"On balade le canyon chill
(la descente qui carry les pr 🫣)",10890,"77,00",191.0,287,false,,Canyon Roadlite AL,activities/13585732820.fit.gz,,8.15,10890.0,10039.0,77005.8,18.04,7.671,954.7,1179.0,260.1,810.1,9.1,0.0,,,,,191.0,155.0,,156.0,1752.0,,,287.0,,,,,,,,,,,0.0,,0.0,,1.0,,,,,,,,,,,,,,,,12976174.0,,,,,,,,,,,0.0,7.071,0.0,,,,,,,,,,,,,,,,,,,,,media/c31f77d6-fec1-4a90-ac2c-d116b25019b2.jpg|media/94770bb8-3632-4294-aef8-f600be0692f0.jpg|media/2e484f84-dad4-45b9-8a20-89ad6973ee1b.jpg
12732962308,"24 oct. 2024, 08:40:22",Mont Ste Odile,Randonnée,"",12036,"6,44",,,false,,Scott SUPERTRACK RC,activities/12732962308.gpx,,,12036.0,6217.0,6440.2,3.712,1.036,177.6,169.5,713.9,823.6,40.6,0.1,,,,,,,,,593.0,,,,,,,,,,,,,,0.0,,0.0,,1.0,,,,,,,,,,,,,,,,,14187896.0,,,,,,,,,,0.0,0.535,5636.3,,,,,,,,,,,,,,,,,,,,,media/0db14482-4792-4bd5-ac80-f7f0348ea38c.jpg|media/63897d68-75c0-40f2-a5e0-3a7daf9493c7.jpg|media/c126325b-8859-445c-b43b-1ca0e563d4dc.jpg|media/b192950c-5a97-4d7c-832f-45bf7e0fb7cf.jpg
12701306063,"20 oct. 2024, 10:20:10",Rando Donon,Randonnée,Petit Donon -> grand Donon -> sentier des bunkers avec les nenettes 🤩,11848,"7,03",151.0,21,false,,Scott SUPERTRACK RC,activities/13542090849.fit.gz,,,11848.0,6774.0,7032.9,3.122,1.038,341.7,560.0,768.0,997.4,46.9,-0.1,,,118.0,53.0,151.0,110.0,,,700.0,,,21.0,,,,,,,,,,,0.0,,0.0,,1.0,,,,,,,,,,,,,,,,,14187896.0,,,,,,,,,,0.0,0.594,6858.8,,,,11040.0,,,,,,,,,,,,,,,,,media/2691351b-8618-4dec-832c-d12ceab96691.jpg|media/5eb8b376-cb13-43aa-8bb3-9b62920ea487.jpg|media/e73df1db-b906-4380-91fb-af903db09408.jpg|media/240d70d6-df93-4b99-b2eb-f5ac1a40eb6a.jpg
12694597595,"19 oct. 2024, 15:30:30",Les foulées du plan incliné 2024,Course à pied,"28/300 scratch, 11e espoir
Retour du déniv dans mes vosges préférées, entre les tunnels et les ponts bref que du plaisir 🥰",4151,"14,05",192.0,244,false,,Scott SUPERTRACK RC,activities/13534851577.fit.gz,,,4151.0,4123.0,14057.3,7.76,3.409,297.0,471.0,225.8,364.3,44.9,0.0,,,113.0,80.0,192.0,177.0,,,1071.0,,,244.0,,,,,,,,,,,0.0,,0.0,,1.0,15224.8,,,,,,,,,,,,,,,,14187896.0,,,,,,,,,,0.0,3.386,4110.3,,,,10948.0,,,,,3.695,,,,,,,,,,,,media/29611ac7-4661-4757-87ac-9718e91ce779.jpg|media/7bb80fb0-3e37-453a-8313-8352e29c3bae.jpg
12653594569,"14 oct. 2024, 12:13:56",EPS CO,Course à pied,"Toujours la même forêt, mais differents parcours
je commence à retrouver des sensations",5987,"10,23",202.0,165,false,,Salomon Speedcross 5,activities/13490985904.fit.gz,,,5987.0,4087.0,10237.6,5.26,2.505,102.6,392.0,96.7,117.9,14.8,0.0,,,122.0,75.0,202.0,169.0,,,934.0,,,165.0,,,,,,,,,,,0.0,,0.0,,1.0,10412.4,,,,,,,,,,,,,,,,11868244.0,,,,,,,,,,0.0,1.71,9484.7,,,,8978.0,,,,,2.548,,,,,,,,,,,,""
12643024294,"13 oct. 2024, 07:30:01",Les fondus 2024,Course à pied,"20km route - 1h30'12"" - 52e/210 scratch - 3e/8 espoir
PR sur 20k mais bon la course faisait 19,7🤬",5415,"19,74",194.0,368,false,,Salomon Spectur,activities/13479561873.fit.gz,,,5415.0,5410.0,19739.1,5.984,3.649,188.4,478.0,80.2,134.6,12.4,0.0,,,84.0,79.0,194.0,182.0,,0.0,1428.0,,,368.0,,,,,,,,,5.0,5415.0,0.0,,0.0,,1.0,20134.8,,,,,,,,,,,,,,,,11868224.0,,,,,,,,,,0.0,3.645,7366.6,,,,14264.0,,,0.0,3.0,3.722,,,,,,,,,,,,media/24c66bc7-efbf-47fc-b623-60725f2202bb.jpg
12630786848,"11 oct. 2024, 15:56:09",Footing ensmarathon,Course à pied,"Découverte d'un joli ptit coin
Récup de la veille en attendant les 20k de dimanche
",4789,"11,56",170.0,96,false,,Salomon Spectur,activities/13466323429.fit.gz,,,4789.0,4130.0,11566.8,5.954,2.801,96.6,218.0,66.5,105.5,20.3,0.0,,,99.0,78.0,170.0,151.0,,,872.0,,,96.0,,,,,,,,,,,0.0,,0.0,,1.0,11755.1,,,,,,,,,,,,,,,,11868224.0,,,,,,,,,,0.0,2.415,3563.3,,,,10658.0,,,,,2.846,,,,,,,,,,,,""
12622991754,"10 oct. 2024, 14:44:36","Record de l'heure - 21,7km",Course à pied,"Relais de 400m en equipe de 25
1er : 59""
2e : 1'03""
3e : 1'03""
pas de très bonnes sensations après le 2e (en même temps quelle distance de golmon)
",5850,"4,41",187.0,31,false,,Salomon Spectur,activities/13457944380.fit.gz,,,5850.0,1285.0,4418.6,7.648,3.439,0.0,47.0,112.5,114.5,3.1,0.0,,,118.0,81.0,187.0,152.0,,,267.0,,,31.0,,,,,,,,,,,0.0,,0.0,,1.0,4431.0,,,,,,,,,,,,,,,,11868224.0,,,,,,,,,,0.0,0.755,126.8,,,,3366.0,,,,,3.448,,,,,,,,,,,,media/3fedc6e4-e553-4f99-a829-6fcec2df1ac7.jpg
12597910392,"7 oct. 2024, 12:15:57",EPS CO,Course à pied,test de l'application Vikazimut = cest trop bien ,6121,"11,97",184.0,107,false,,Salomon Speedcross 5,activities/13431221236.fit.gz,,,6121.0,5524.0,11972.6,5.52,2.167,128.1,442.0,100.7,120.6,11.1,0.0,,,122.0,75.0,184.0,153.0,,,1049.0,,,107.0,,,,,,,,,,,0.0,,0.0,,1.0,12160.3,,,,,,,,,,,,,,,,11868244.0,,,,,,,,,,0.0,1.956,11662.7,,,,10412.0,,,,,2.201,,,,,,,,,,,,""
12592782179,"6 oct. 2024, 17:02:30",Petite sortie dominicale,Course à pied,"Footing + 4*300m en environ 1 min
Après les 4h de volley 🥵",4353,"10,06",183.0,72,false,,Salomon Spectur,activities/13425681588.fit.gz,,,4353.0,3780.0,10067.8,7.984,2.663,75.3,150.0,78.5,109.1,36.5,0.0,,,117.0,79.0,183.0,148.0,,,709.0,,,72.0,,,,,,,,,,,0.0,,0.0,,1.0,10194.2,,,,,,,,,,,,,,,,11868224.0,,,,,,,,,,0.0,2.313,614.4,,,,8844.0,,,,,2.697,,,,,,,,,,,,""
12573455730,"4 oct. 2024, 14:59:31",Footing ensmarathon,Course à pied,Petit segment au passage (bientot 1er),3201,"7,92",173.0,43,false,,Salomon Spectur,activities/13405813820.fit.gz,,,3201.0,2860.0,7923.8,6.76,2.771,65.7,122.0,70.0,105.0,7.9,0.0,,,113.0,79.0,173.0,144.0,,,589.0,,,43.0,,,,,,,,,,,0.0,,0.0,,1.0,8009.0,,,,,,,,,,,,,,,,11868224.0,,,,,,,,,,0.0,2.475,1895.6,,,,7352.0,,,,,2.8,,,,,,,,,,,,""
12557103710,"2 oct. 2024, 14:18:20",8*45/45 ~ 3:15 min/km,Course à pied,"avec Manu et Nathan, prépa pour le record de l'heure",2737,"6,17",173.0,37,false,,Salomon Spectur,activities/13388316815.fit.gz,,,2737.0,2011.0,6178.9,5.96,3.073,9.8,72.0,89.0,99.7,10.7,0.0,,,102.0,80.0,173.0,148.0,,,426.0,,,37.0,,,,,,,,,,,0.0,,0.0,,1.0,6195.1,,,,,,,,,,,,,,,,11868224.0,,,,,,,,,,0.0,2.258,4707.2,,,,5054.0,,,,,3.081,,,,,,,,,,,,""
12540190844,"30 sept. 2024, 11:43:30",EPS CO,Course à pied,"bon c'était gentil, pas de boussole ni balises, tout au gps et avec une appli sur téléphone",9425,"14,37",190.0,163,false,,Salomon Spectur,activities/13370272085.fit.gz,,,9425.0,4986.0,14372.2,4.94,2.883,71.4,258.0,89.0,102.3,32.0,0.0,,,92.0,80.0,190.0,163.0,,,1114.0,,,163.0,,,,,,,,,,,0.0,,0.0,,1.0,14492.2,,,,,,,,,,,,,,,,11868224.0,,,,,,,,,,0.0,1.525,5109.0,,,,11420.0,,,,,2.907,,,,,,,,,,,,""
12484353532,"23 sept. 2024, 14:28:27",3x2500 allure semi r=500m,Course à pied,Un vent d'enfer,2639,"9,00",197.0,153,false,,Salomon Spectur,activities/13310694051.fit.gz,,,2639.0,2618.0,9001.3,7.35,3.438,60.3,154.0,84.7,115.6,11.2,0.0,,,83.0,78.0,197.0,178.0,,,667.0,,,153.0,,,,,,,,,,,0.0,,0.0,,1.0,9083.0,,,,,,,,,,,,,,,,11868224.0,,,,,,,,,,0.0,3.411,1008.9,,,,6754.0,,,,,3.469,,,,,,,,,,,,""
12459387328,"20 sept. 2024, 14:18:25",Footing solo,Course à pied,On monte le volume tout doux,3615,"10,25",179.0,135,false,,Salomon Spectur,activities/13283941630.fit.gz,,,3615.0,3526.0,10251.8,4.626,2.907,70.4,137.0,78.5,124.1,17.8,0.0,,,84.0,78.0,179.0,164.0,,,788.0,,,135.0,,,,,,,,,,,0.0,,0.0,,1.0,10339.2,,,,,,,,,,,,,,,,11868224.0,,,,,,,,,,0.0,2.836,4.9,,,,8906.0,,,,,2.932,,,,,,,,,,,,""
12443113121,"18 sept. 2024, 14:59:22",Footing ensmarathon,Course à pied,Repérage du tour du lac 😈,5200,"13,69",186.0,157,false,,Salomon Spectur,activities/13266571403.fit.gz,,,5200.0,4267.0,13698.3,6.11,3.21,105.9,238.0,80.7,115.6,13.9,0.0,,,93.0,79.0,186.0,162.0,,,997.0,,,157.0,,,,,,,,,,,0.0,,0.0,,1.0,13813.0,,,,,,,,,,,,,,,,11868224.0,,,,,,,,,,0.0,2.634,5166.5,,,,11100.0,,,,,3.237,,,,,,,,,,,,""
12426318283,"16 sept. 2024, 16:11:46",Footing avec l'ensmarathon,Course à pied,"",4815,"13,38",197.0,205,false,,Salomon Spectur,activities/13248673471.fit.gz,,,4815.0,4259.0,13386.1,6.442,3.143,94.8,152.0,78.5,124.1,14.9,0.0,,,86.0,79.0,197.0,170.0,,,1043.0,,,205.0,,,,,,,,,,,0.0,,0.0,,1.0,13496.5,,,,,,,,,,,,,,,,11868224.0,,,,,,,,,,0.0,2.78,658.9,,,,11250.0,,,,,3.169,,,,,,,,,,,,""
12376188600,"10 sept. 2024, 15:21:53",Découverte avec l'ensmarathon,Course à pied,Ca va faire du champs cette année,3991,"9,03",198.0,86,false,,Salomon Spectur,activities/13194955595.fit.gz,,,3991.0,3016.0,9038.8,6.392,2.997,90.7,200.0,78.5,115.6,17.2,0.1,,,84.0,78.0,198.0,156.0,,,657.0,,,86.0,,,,,,,,,,,0.0,,0.0,,1.0,9183.1,,,,,,,,,,,,,,,,11868224.0,,,,,,,,,,0.0,2.265,817.3,,,,7770.0,,,,,3.045,,,,,,,,,,,,""
12315977446,"2 sept. 2024, 15:11:20",Footing dans nos belles Vosges,Course à pied,Malheureusement plus de batterie sur la fin,4580,"8,96",189.0,121,false,,Scott SUPERTRACK RC,activities/13129474547.fit.gz,,,4580.0,3919.0,8961.2,4.28,2.287,387.0,415.0,342.7,542.5,48.0,1.1,,,122.0,75.0,189.0,160.0,,,806.0,,,121.0,,,,,,,,,,,0.0,,0.0,,1.0,10841.2,,,,,,,,,,,,,,,,14187896.0,,,,,,,,,,0.0,1.957,8207.2,,,,9088.0,,,,,2.766,,,,,,,,,,,,media/dd78c99a-e4f3-44a3-a7b8-0df895c654ba.jpg|media/35b99314-594f-4b74-98e3-fc103cfd3477.jpg
12300841061,"1 sept. 2024, 17:08:34",Décrassage du peugeot,Vélo,Reprise en main de la machine avant le déménagement,2028,"15,32",185.0,56,false,,Peugeot legend,activities/13112732366.fit.gz,,8.15,2028.0,1996.0,15321.8,16.886,7.676,220.6,171.0,262.8,404.6,8.3,0.0,,,,,185.0,154.0,,167.0,421.0,,,56.0,,,,,,,,,,,0.0,,0.0,,1.0,,,,,,,,,,,,,,,,12538656.0,,,,,,,,,,,0.0,7.555,0.0,,,,,,,,,,,,,,,,,,,,,""
12292051584,"31 août 2024, 17:16:35",Séance côtes,Course à pied,Échauffement + 2*(8*1' r=1'15) + retour,4112,"10,13",198.0,197,false,,Salomon Spectur,activities/13103361861.fit.gz,,,4112.0,3591.0,10129.0,5.048,2.821,327.3,397.0,318.9,355.1,14.7,0.0,,,87.0,78.0,198.0,175.0,,,865.0,,,197.0,,,,,,,,,,,0.0,,0.0,,1.0,11314.3,,,,,,,,,,,,,,,,11868224.0,,,,,,,,,,0.0,2.463,0.0,,,,9094.0,,,,,3.151,,,,,,,,,,,,""
12254023815,"27 août 2024, 10:03:20",Nat avec alix,Natation,"(manque la moitié de la séance)
Tentative de séance spécialisée, on est vite revenu a qqch de simple😪",3174,1 050,167.0,41,false,,,activities/13063047770.fit.gz,,,3174.0,1368.0,1050.0,16.428,0.768,0.0,0.0,0.0,0.0,0.0,0.0,,,,26.0,167.0,130.0,,,236.0,,,41.0,,,,,,,,,,,0.0,,0.0,,1.0,,,,,,,,,,,,,,,,,,,,,,,,,,,0.0,0.331,0.0,,,,,,25.0,,,,,,,,,,,,,,,""
12229347323,"24 août 2024, 08:28:08",Solo ride au soleil,Vélo,Avec ravito à saverne merci papa maman,12885,"71,57",194.0,402,false,,Canyon Roadlite AL,activities/13037317870.fit.gz,,8.15,12885.0,9731.0,71577.1,17.672,7.356,1059.0,1194.0,186.1,667.1,10.7,0.0,,,,,194.0,165.0,,159.0,2033.0,,,402.0,,,,,,,,,,,0.0,,0.0,,1.0,,,,,,,,,,,,,,,,12976174.0,,,,,,,,,,,0.0,5.555,189.7,,,,,,,,,,,,,,,,,,,,,media/b0828af4-3d86-43c2-aaa8-4577006ed93d.jpg|media/b37b275b-ba6c-485b-bc7a-3d2425570962.jpg
12214961198,"22 août 2024, 12:07:15",VTT plouf avec chloé,Vélo,"",15393,"20,73",179.0,61,false,,Canyon Roadlite AL,activities/13022345380.fit.gz,,8.15,15393.0,4631.0,20731.2,13.557,4.477,358.6,420.0,274.1,439.5,25.7,0.0,,,,,179.0,137.0,,93.0,706.0,,,61.0,,,,,,,,,,,0.0,,0.0,,1.0,,,,,,,,,,,,,,,,12976174.0,,,,,,,,,,,0.0,1.347,4992.4,,,,,,,,,,,,,,,,,,,,,""
12189170187,"18 août 2024, 07:00:06",🎯 Trail des crêtes vosgiennes,Course à pied,"3h46 - 210e/800
Superbe parcours mais avec un temps de novembre malheureusement...
Merci [strava://athletes/19509696/13]Thomas Bachel pour l'opportunité 🥰
On reviendra pour les beaux paysages, mais quand même heureux d'avoir su gérer un effort aussi long, malgré les douleurs aux genoux et aux hanches.",14990,"33,02",,,false,,Salomon Speedcross 5,activities/12189170187.fit,,,14990.0,14572.0,33021.9,4.333,2.266,1226.1,1513.0,1100.6,1355.2,45.0,-0.2,,,,,,,,,3533.0,,,,,,,,,,,,,,0.0,,0.0,,1.0,38336.4,,,,,,,,,,,,,,,,11868244.0,,,,,,,,,,0.0,2.203,29847.8,,,,,0.0,,,,2.632,,,,,,,,,,,,media/5605b58c-0779-4e13-b2de-56483be7e77f.jpg|media/7775bf95-95b5-4904-a35e-cfb46877ed17.jpg|media/733229a7-2033-402c-a650-471d0f24c740.jpg
12145748281,"14 août 2024, 12:56:21",Afternoon Swim,Natation,,2310,1 100,165.0,30,false,,,activities/12945451472.fit.gz,,,2310.0,1511.0,1100.0,15.434,0.728,0.0,0.0,0.0,0.0,0.0,0.0,,,,26.0,165.0,130.0,,,238.0,,,30.0,,,,,,,,,,,,,0.0,,1.0,,,,,,,,,,,,,,,,,,,,,,,,,,,0.0,0.476,0.0,,,,,,25.0,,,,,,,,,,,,,,,""
12119827305,"11 août 2024, 08:21:09",Solo road ☀️☀️☀️,Vélo,"Haut-barr > col des pandours > Westhoffen
Sous gonflage des pneus + presque rien a manger = derniers 10 km en souffrance totale",16135,"75,60",196.0,337,false,,Canyon Roadlite AL,activities/12918266746.fit.gz,,8.15,16135.0,11189.0,75599.2,16.672,6.757,1264.1,1437.0,195.4,663.7,43.5,0.0,,,,,196.0,156.0,,140.0,2021.0,,,337.0,,,,,,,,,,,0.0,,0.0,,1.0,,,,,,,,,,,,,,,,12976174.0,,,,,,,,,,,0.0,4.685,399.1,,,,,,,,,,,,,,,,,,,,,media/086cc265-eac7-4af5-826b-0b7950749e5e.jpg
12097822667,"8 août 2024, 17:35:29",St Léon en soirée,Course à pied,Blabla trail avec roro,5185,"9,83",183.0,81,false,,Scott SUPERTRACK RC,activities/12895132629.fit.gz,,,5185.0,4046.0,9835.5,4.44,2.431,299.1,486.0,305.1,492.9,39.3,0.0,,,110.0,73.0,183.0,148.0,,,796.0,,,81.0,,,,,,,,,,,0.0,,0.0,,1.0,11017.6,,,,,,,,,,,,,,,,14187896.0,,,,,,,,,,0.0,1.897,8473.5,,,,9602.0,,,,,2.723,,,,,,,,,,,,media/56ea34b9-8357-4cc6-bce3-35025b10e792.jpg
12078094988,"6 août 2024, 14:01:13",30/30 avec Emma,Course à pied,Reprise difficile sous cette canicule,4485,"6,46",176.0,43,false,,Scott SUPERTRACK RC,activities/12874530534.fit.gz,,,4485.0,2599.0,6468.4,7.036,2.489,15.8,273.0,131.2,143.7,11.1,0.0,,,113.0,76.0,176.0,147.0,,,482.0,,,43.0,,,,,,,,,,,0.0,,0.0,,1.0,6495.7,,,,,,,,,,,,,,,,14187896.0,,,,,,,,,,0.0,1.442,483.1,,,,6062.0,,,,,2.499,,,,,,,,,,,,""
12034094047,"1 août 2024, 07:56:21",Sous la menace 🌩,Vélo,Explosé dans le St Léon malheureusement,5231,"39,94",197.0,296,false,,Canyon Roadlite AL,activities/12828548726.fit.gz,,8.15,5231.0,4939.0,39947.9,18.677,8.088,339.9,411.0,256.5,446.3,8.7,0.0,,,,,197.0,178.0,,162.0,1256.0,,,296.0,,,,,,,,,,,0.0,,0.0,,1.0,,,,,,,,,,,,,,,,12976174.0,,,,,,,,,,,0.0,7.637,78.5,,,,,,,,,,,,,,,,,,,,,""
11994566858,"27 juil. 2024, 13:30:01",Reco running nider,Course à pied,Perdu un peu,3781,"12,00",200.0,211,false,,Salomon Spectur,activities/12787428883.fit.gz,,,3781.0,3738.0,12008.9,5.21,3.213,148.4,263.0,260.5,330.8,19.9,0.0,,,107.0,78.0,200.0,176.0,,,926.0,,,211.0,,,,,,,,,,,0.0,,0.0,,1.0,12312.4,,,,,,,,,,,,,,,,11868224.0,,,,,,,,,,0.0,3.176,162.7,,,,9496.0,,,,,3.294,,,,,,,,,,,,""
11969551164,"24 juil. 2024, 12:37:42",Afternoon ride,Vélo,Moitié du tour avec maman motorisée,6022,"42,79",201.0,201,false,,Canyon Roadlite AL,activities/12761434351.fit.gz,,8.15,6022.0,5485.0,42797.1,18.178,7.803,385.8,510.0,256.5,446.4,13.1,0.0,,,,,201.0,163.0,,155.0,1051.0,,,201.0,,,,,,,,,,,0.0,,0.0,,1.0,,,,,,,,,,,,,,,,12976174.0,,,,,,,,,,,0.0,7.107,35.8,,,,,,,,,,,,,,,,,,,,,media/b6309af2-f01c-494b-b8d4-c60092473b1b.jpg
11946176238,"21 juil. 2024, 15:19:27",Trail dominical,Course à pied,En solo 👊👊,8345,"19,53",193.0,348,false,,Salomon Speedcross 5,activities/12737195323.fit.gz,,,8345.0,7490.0,19529.8,5.06,2.607,587.3,784.0,296.5,548.0,48.6,-0.1,,,122.0,74.0,193.0,170.0,,,1687.0,,,348.0,,,,,,,,,,,0.0,,0.0,,1.0,22198.1,,,,,,,,,,,,,,,,11868244.0,,,,,,,,,,0.0,2.34,13295.2,,,,17978.0,,,,,2.963,,,,,,,,,,,,media/ff1516b1-65a9-449a-8afc-e092820a1ce1.jpg
11928113095,"19 juil. 2024, 13:02:50",Aprem rando avec Emma,Marche,"",7727,"9,92",141.0,24,false,,,activities/12718397224.fit.gz,,,7727.0,7349.0,9928.3,4.814,1.351,28.3,348.0,134.7,144.9,9.5,0.0,,,98.0,53.0,141.0,114.0,,,698.0,,,24.0,,,,,,,,,,,0.0,,0.0,,1.0,,,,,,,,,,,,,,,,,,,,,,,,,,,0.0,1.285,2718.1,,,,12372.0,,,,,,,,,,,,,,,,,""
11908660838,"17 juil. 2024, 07:25:58",Morning Swim,Natation,,2060,900,166.0,46,false,,,activities/12698239854.fit.gz,,,2060.0,1356.0,900.0,5.87,0.664,0.0,0.0,0.0,0.0,0.0,0.0,,,,24.0,166.0,144.0,,,187.0,,,46.0,,,,,,,,,,,,,0.0,,1.0,,,,,,,,,,,,,,,,,,,,,,,,,,,0.0,0.437,0.0,,,,,,25.0,,,,,,,,,,,,,,,""
11887988381,"14 juil. 2024, 09:19:40",34km du trail de dabo,Course à pied,On a galéré à trouver le chemin à partir des 20k mais finalement on s'en tire avec 4km de plus.,25713,"36,63",196.0,542,false,,Salomon Speedcross 5,activities/12676832770.fit.gz,,,25713.0,18898.0,36630.1,5.46,1.938,1389.3,2020.0,272.5,803.5,50.0,0.0,,,122.0,68.0,196.0,157.0,,,3426.0,,,542.0,,,,,,,,,,,0.0,,0.0,,1.0,42844.8,,,,,,,,,,,,,,,,11868244.0,,,,,,,,,,0.0,1.425,26431.7,,,,40046.0,,,,,2.267,,,,,,,,,,,,media/39710aaa-929a-43a4-9fce-b376ca1fb00b.jpg|media/03253186-15fe-4df7-a506-dab5cf49a53f.jpg|media/cca45884-3237-41a3-8664-ea3b6189b72b.jpg|media/329ca659-6ee3-4f71-a60f-d4fefb1ddb6a.jpg
11814925759,"5 juil. 2024, 13:02:18",VTT avec laura,Vélo,Balade tranquille + top 10 sur un segment route 🥵,6960,"16,69",149.0,16,false,,Lapierre ProRace900,activities/12601224975.fit.gz,,8.15,6960.0,4462.0,16689.7,14.62,3.74,308.6,351.0,291.1,416.8,50.0,0.0,,,,,149.0,115.0,,125.0,529.0,,,16.0,,,,,,,,,,,0.0,,0.0,,1.0,,,,,,,,,,,,,,,,11713375.0,,,,,,,,,,,0.0,2.398,3347.1,,,,,,,,,,,,,,,,,,,,,""
11808165045,"4 juil. 2024, 14:14:35",Rando avec emmou,Marche,On a vu un chevreuil 🥰🥰,3622,"4,44",160.0,9,false,,Scott SUPERTRACK RC,activities/12594229409.fit.gz,,,3622.0,2984.0,4440.5,14.373,1.488,96.1,247.0,477.1,553.6,47.7,-0.3,,,79.0,55.0,160.0,105.0,,,344.0,,,9.0,,,,,,,,,,,0.0,,0.0,,1.0,,,,,,,,,,,,,,,,,14187896.0,,,,,,,,,,0.0,1.226,4094.4,,,,5324.0,,,,,,,,,,,,,,,,,media/72a6b610-ea76-4c4b-a52e-cec064ead6fc.jpg|media/3641b837-2ac4-4efd-81b1-da3bcfc6854b.jpg
11798591410,"3 juil. 2024, 12:57:41",Nat avec emmou,Natation,C'est dur heureusement quelle est meilleure que moi ,3678,1 300,167.0,36,false,,,activities/12584364220.fit.gz,,,3678.0,1868.0,1300.0,10.518,0.696,0.0,0.0,0.0,0.0,0.0,0.0,,,,26.0,167.0,121.0,,,289.0,,,36.0,,,,,,,,,,,0.0,,0.0,,1.0,,,,,,,,,,,,,,,,,,,,,,,,,,,0.0,0.353,0.0,,,,,,,,,,,,,,,,,,,,,""
11788292212,"2 juil. 2024, 08:38:09",Footing à jeun,Course à pied,"",2072,"6,60",200.0,136,false,,Scott SUPERTRACK RC,activities/12573759789.fit.gz,,,2072.0,2065.0,6599.4,4.43,3.196,86.2,119.0,286.3,346.7,15.5,0.0,,,86.0,79.0,200.0,184.0,,,536.0,,,136.0,,,,,,,,,,,0.0,,0.0,,1.0,6735.6,,,,,,,,,,,,,,,,14187896.0,,,,,,,,,,0.0,3.185,0.0,,,,5372.0,,,,,3.262,,,,,,,,,,,,""
11765678003,"29 juin 2024, 07:22:52",Solo ride,Vélo,Obli montre il manque 8km de côte 😮‍💨,9292,"54,74",197.0,416,false,,Canyon Roadlite AL,activities/12550377495.fit.gz,,8.15,9292.0,6972.0,54748.6,17.392,7.853,818.3,911.0,214.8,667.1,10.5,0.0,,,,,197.0,178.0,,164.0,1680.0,,,416.0,,,,,,,,,,,0.0,,0.0,,1.0,,,,,,,,,,,,,,,,12976174.0,,,,,,,,,,,0.0,5.892,0.0,,,,,,,,,,,,,,,,,,,,,""
11747125765,"26 juin 2024, 18:56:04",Sortie du soir avec slip,Vélo,Il a eu le droit à mon vélo 🤯🤯,3586,"14,65",183.0,39,false,,Lapierre ProRace900,activities/12531238892.fit.gz,,8.15,3586.0,3016.0,14654.0,15.114,4.859,204.7,278.0,273.7,355.9,14.1,-0.1,,,,,183.0,139.0,,148.0,556.0,,,39.0,,,,,,,,,,,0.0,,0.0,,1.0,,,,,,,,,,,,,,,,11713375.0,,,,,,,,,,,0.0,4.086,1687.5,,,,,,,,,,,,,,,,,,,,,""
11722729598,"23 juin 2024, 15:40:18",Reprise de la forêt 🌲🌲,Vélo,"",10444,"29,47",182.0,107,false,,Lapierre ProRace900,activities/12506261503.fit.gz,,8.15,10444.0,7467.0,29472.2,15.18,3.947,650.1,860.0,290.6,554.3,43.9,0.0,,,,,182.0,140.0,,142.0,1271.0,,,107.0,,,,,,,,,,,0.0,,0.0,,1.0,,,,,,,,,,,,,,,,11713375.0,,,,,,,,,,,0.0,2.822,16386.0,,,,,,,,,,,,,,,,,,,,,media/3e34099d-1a2a-444f-bbc7-12792c9d2e8a.jpg
11687688674,"19 juin 2024, 08:29:28",Tentative de perf sur le 10k,Course à pied,Le temps en a voulu autrement ,3114,"10,91",195.0,205,false,,Salomon Spectur,activities/12470161680.fit.gz,,,3114.0,3105.0,10914.5,10.028,3.515,8.1,265.0,138.6,142.2,6.8,0.0,,,82.0,80.0,195.0,184.0,,,817.0,,,205.0,,,,,,,,,,,0.0,,0.0,,1.0,10932.7,,,,,,,,,,,,,,,,11868224.0,,,,,,,,,,0.0,3.505,929.7,,,,8240.0,,,,,3.521,,,,,,,,,,,,""
11628054734,"11 juin 2024, 15:11:24",Afternoon run,Course à pied,Lievre pour log (pr sur 10k),4264,"12,51",194.0,205,false,,Salomon Spectur,activities/12408765745.fit.gz,,,4264.0,3539.0,12510.7,9.2,3.535,13.6,329.0,137.7,144.0,5.4,0.0,,,82.0,79.0,194.0,176.0,,0.0,907.0,,,205.0,,,,,,,,,10.0,3617.0,0.0,,0.0,,1.0,12531.4,1718118016.0,3.0,19.0,17.9,5.4,0.41,1015.9,2.5,6.0,318.0,0.0,1718076416.0,1718134272.0,0.125,,11868224.0,0.21,5.0,0.77,23452.0,2.0,,,,,0.0,2.934,3550.5,,,,9228.0,,,0.0,6.0,3.541,,,,,,,,,,,,""
11614243693,"9 juin 2024, 16:53:14",Pyra avec les boyz,Course à pied,"2*(30""/1'/1'30""/2'/1'30""/1'/30"") ",3543,"8,39",175.0,57,false,,Salomon Spectur,activities/12394541769.fit.gz,,,3543.0,2708.0,8391.5,6.55,3.099,0.0,79.0,135.6,138.3,4.5,0.0,,,98.0,77.0,175.0,150.0,,,564.0,,,57.0,,,,,,,,,,,0.0,,0.0,,1.0,8413.9,1717948800.0,3.0,22.6,22.2,12.2,0.52,1006.5,2.1,6.5,354.0,0.0,1717903616.0,1717961344.0,0.125,,11868224.0,0.47,5.0,0.88,29699.0,2.0,,,,,0.0,2.368,0.0,,,,6736.0,,,,,3.107,,,,,,,,,,,,""
11599218112,"7 juin 2024, 16:54:26",Evening Swim,Natation,,1695,1 275,164.0,39,false,,,activities/12379030078.fit.gz,,,1695.0,1374.0,1275.0,3.126,0.928,0.0,0.0,0.0,0.0,0.0,0.0,,,,31.0,164.0,142.0,,,338.0,,,39.0,,,,,,,,,,,,,0.0,,1.0,,,,,,,,,,,,,,,,,,,,,,,,,,,0.0,0.752,0.0,,,,,,,,,,,,,,,,,,,,,""
11588110858,"6 juin 2024, 12:14:01",Reprise détente,Course à pied,À la recherche de fraicheur et de forêt par ce si beau temps 🌞,5309,"15,05",,,false,,Salomon Spectur,activities/11588110858.fit,,,5309.0,5043.0,15055.8,4.594,2.985,29.0,29.0,135.6,143.4,29.2,0.0,,,,,,,,,1399.0,,,,,,,,,,,,,,0.0,,0.0,,1.0,15177.5,1717675264.0,2.0,24.1,24.2,14.0,0.53,1016.1,2.3,5.3,255.0,0.1,1717644544.0,1717702016.0,0.875,,11868224.0,0.21,5.0,0.45,18811.0,5.0,,,,,0.0,2.836,5224.0,,,,,,,,,3.01,,,,,,,,,,,,""
11553638568,"2 juin 2024, 07:29:47",🎯 Trail de Dabo 2024,Course à pied,"Trail de la Zorn 17km 680D+
25/370 scratch, 6/13 ESM
Boue + brouillard = un vrai cross",6549,"17,64",197.0,408,false,,Salomon Speedcross 5,activities/12332198544.fit.gz,,,6549.0,6371.0,17643.5,13.74,2.769,688.1,1189.0,272.4,647.1,49.0,0.0,,,122.0,76.0,197.0,181.0,,,1616.0,,,408.0,,,,,,,,,,,0.0,,0.0,,1.0,20985.0,1717311616.0,3.0,14.1,13.9,12.9,0.92,1019.1,2.3,5.7,350.0,0.3,1717299200.0,1717356416.0,0.875,,11868244.0,0.72,5.0,0.94,6647.0,2.0,,,,,0.0,2.694,10303.0,,,,16230.0,,,,,3.297,,,,,,,,,,,,media/ceff6450-81c0-4e52-be98-ccfc7ee4ad19.jpg|media/365f523c-2f99-450b-be08-5915d410b3ad.jpg
11534231934,"30 mai 2024, 12:24:18",🎯 Petit ballon,Course à pied,Trail chill avec les psi*,13840,"23,28",187.0,180,false,,Scott SUPERTRACK RC,activities/12312189907.fit.gz,,,13840.0,10566.0,23286.5,5.86,2.204,1106.1,1211.0,340.7,1267.8,46.2,0.0,,,114.0,68.0,187.0,145.0,,,1816.0,,,180.0,,,,,,,,,,,0.0,,0.0,,1.0,28591.4,1717070336.0,2.0,17.2,16.8,10.8,0.66,1006.9,3.0,8.7,284.0,0.2,1717040256.0,1717096960.0,0.625,,14187896.0,0.91,5.0,0.57,18847.0,5.0,,,,,0.0,1.683,12739.0,,,,23018.0,,,,,2.706,,,,,,,,,,,,media/debf9eba-e8e6-4804-811f-6adc5694c022.jpg|media/4f181b5b-a3ab-495d-97ca-a1858e8e8726.mp4|media/bd506bdc-a80a-4d39-9a13-003f30cbbdf4.jpg
11525914584,"29 mai 2024, 12:19:17",🎯 Hohneck,Vélo,Vent de zinzin et brume de fou en haut = on a abrégé la sortie,11907,"26,19",168.0,44,false,,Lapierre ProRace900,activities/12303635992.fit.gz,,8.15,11907.0,7615.0,26197.5,13.38,3.44,769.1,1004.0,353.4,993.7,21.2,0.0,,,,,168.0,125.0,,130.0,895.0,,,44.0,,,,,,,,,,,0.0,,0.0,,1.0,,1716984064.0,3.0,16.9,16.6,12.1,0.74,1015.1,2.5,6.2,228.0,0.6,1716953856.0,1717010432.0,0.625,11713375.0,,0.7,5.0,0.86,19770.0,4.0,,,,,0.0,2.2,11940.3,,,,,,,,,,,,,,,,,,,,,media/582b7c45-999c-4ef0-9597-4c0d5a314de0.jpg|media/2538e01e-111a-439f-a214-953c39767736.jpg
11517703997,"28 mai 2024, 12:17:32",Rando PSI*,Randonnée,"",12733,"9,40",163.0,25,false,,Scott SUPERTRACK RC,activities/12295165175.fit.gz,,,12733.0,6321.0,9405.8,5.033,1.488,437.2,678.0,494.9,933.5,46.8,0.0,,,119.0,54.0,163.0,114.0,,,708.0,,,25.0,,,,,,,,,,,0.0,,0.0,,1.0,,1716897536.0,3.0,16.1,15.2,5.6,0.5,1020.3,1.4,5.3,257.0,0.0,1716867584.0,1716924032.0,0.625,,14187896.0,0.32,5.0,0.69,23055.0,4.0,,,,,0.0,0.739,6758.0,,,,11372.0,,,,,,,,,,,,,,,,,media/c5732931-af23-4a5a-928c-88383a8823b9.jpg|media/588a12b9-fca9-45f9-be41-8c1a9c4713e6.jpg
11510565111,"27 mai 2024, 15:35:30",Petit délice du soir,Course à pied,Des bons layons pentus comme on aime,3385,"8,29",195.0,114,false,,Salomon Spectur,activities/12287822128.fit.gz,,,3385.0,3282.0,8296.9,5.82,2.528,311.1,500.0,431.9,667.4,48.6,-0.5,,,113.0,75.0,195.0,163.0,,,743.0,,,114.0,,,,,,,,,,,0.0,,0.0,,1.0,9974.0,1716822016.0,3.0,18.6,18.1,11.1,0.62,1016.5,2.2,6.3,272.0,0.2,1716781184.0,1716837504.0,0.625,,11868224.0,0.67,5.0,0.87,23061.0,2.0,,,,,0.0,2.451,6364.3,,,,7744.0,,,,,3.039,,,,,,,,,,,,media/a11384cc-7507-492d-9cea-ba47079c6c84.mp4
11509072202,"26 mai 2024, 16:04:57",Ptit test du vélo,Vélo,"",516,"1,32",,,false,,Lapierre ProRace900,activities/11509072202.fit,,13.0,516.0,376.0,1321.8,15.1,3.515,81.7,62.0,354.0,430.8,30.9,1.6,,,,,,,,263.0,110.0,,,,,,,,,,,,,,0.0,,0.0,,1.0,,1716739200.0,3.0,18.7,18.3,11.7,0.64,1017.7,2.1,5.1,221.0,0.0,1716694784.0,1716751104.0,0.625,11713375.0,,0.27,5.0,0.96,24510.0,1.0,,,,,0.0,2.562,0.0,,,,,,,,,,,,,,,,,,,,,""
11449124391,"19 mai 2024, 14:53:31",Prise de chrono sur 10k,Course à pied,La boue s'est tout simplement transformée en eau,4674,"13,73",196.0,225,false,,Scott SUPERTRACK RC,activities/12224476614.fit.gz,,,4674.0,4054.0,13735.8,5.3,3.388,122.5,217.0,260.1,334.8,46.3,0.0,,,83.0,78.0,196.0,176.0,,,1024.0,,,225.0,,,,,,,,,,,0.0,,0.0,,1.0,13921.9,1716127232.0,3.0,17.0,16.7,12.2,0.73,1011.4,3.0,7.5,261.0,0.2,1716090368.0,1716145920.0,0.375,,14187896.0,0.57,5.0,0.78,19573.0,3.0,,,,,0.0,2.939,2404.0,,,,10476.0,,,,,3.434,,,,,,,,,,,,""
11402951041,"13 mai 2024, 14:51:47",Virée chez les deutsch,Course à pied,Cool down de mines ponts c'était nécessaire,5813,"12,20",197.0,155,false,,Salomon Spectur,activities/12176965001.fit.gz,,,5813.0,3795.0,12202.3,6.298,3.215,42.7,286.0,136.1,149.8,47.3,0.0,,,98.0,79.0,197.0,166.0,,0.0,890.0,,,155.0,,,,,,,,,9.0,3813.0,0.0,,0.0,,1.0,12297.0,1715608832.0,3.0,24.1,23.9,12.7,0.49,1010.7,1.0,4.6,191.0,0.0,1715572224.0,1715626880.0,0.125,,11868224.0,0.4,5.0,0.63,23140.0,4.0,,,,,0.0,2.099,1388.1,,,,9852.0,,,0.0,5.0,3.24,,,,,,,,,,,,""
11379577469,"10 mai 2024, 17:22:04",Coucher de soleil 😵,Marche,"",7012,"2,93",126.0,6,false,,Salomon Spectur,activities/12152834157.fit.gz,,,7012.0,2433.0,2933.6,2.113,1.206,110.3,245.0,475.3,543.4,32.1,-0.1,,,118.0,54.0,126.0,100.0,,,246.0,,,6.0,,,,,,,,,,,0.0,,0.0,,1.0,,1715360384.0,1.0,18.9,18.2,8.9,0.52,1020.0,3.0,6.5,65.0,0.0,1715313408.0,1715367552.0,0.125,,11868224.0,0.0,1.0,0.15,27735.0,1.0,,,,,0.0,0.418,1516.7,,,,4018.0,,,,,,,,,,,,,,,,,media/f1675771-9d62-4d04-94df-a456aab41df3.jpg|media/09b57a83-f687-4730-84ad-961b7dacf766.jpg|media/1b850144-f5df-4be6-86a1-ff5f2c0bb5f0.jpg
11367671985,"9 mai 2024, 08:34:57",Run and bike Walscheid 2024,Course à pied,"1h27 en détente 17/31 scratch 
Un plaisir de reprendre le VTT merci alix",5235,"15,90",198.0,246,false,,Scott SUPERTRACK RC,activities/12140580950.fit.gz,,,5235.0,5092.0,15908.8,10.54,3.124,454.8,637.0,304.7,487.3,23.7,0.0,,,107.0,75.0,198.0,171.0,,,1234.0,,,246.0,,,,,,,,,,,0.0,,0.0,,1.0,17616.5,1715241600.0,1.0,13.3,12.6,8.0,0.7,1025.9,3.8,9.7,71.0,0.0,1715227136.0,1715281152.0,0.125,,14187896.0,0.0,1.0,0.18,26485.0,3.0,,,,,0.0,3.039,8102.6,,,,10304.0,,,,,3.458,,,,,,,,,,,,""
11362439894,"8 mai 2024, 14:52:07",Afternoon ride,Vélo,On fait tourner les jambes sous le soleil,6251,"49,17",187.0,179,false,,Canyon Roadlite AL,activities/12135213671.fit.gz,,8.15,6251.0,6251.0,49177.9,17.936,7.867,562.7,641.0,256.3,547.6,9.1,0.0,,,,,187.0,155.0,,164.0,1130.0,,,179.0,,,,,,,,,,,0.0,,0.0,,1.0,,1715176832.0,3.0,16.9,16.1,7.8,0.55,1024.2,4.1,8.2,38.0,0.0,1715140736.0,1715194624.0,0.0,12976174.0,,0.2,5.0,0.67,28952.0,3.0,,,,,0.0,7.867,22.8,,,,,,,,,,,,,,,,,,,,,""
11340483158,"5 mai 2024, 17:05:56",Fractionné précentrale,Course à pied,"4*1'30"" + 4*1' r=30""",1726,"5,61",198.0,88,false,,Salomon Spectur,activities/12112656559.fit.gz,,,1726.0,1617.0,5618.8,6.058,3.475,0.0,94.0,135.5,137.8,4.4,0.0,,,88.0,77.0,198.0,175.0,,,410.0,,,88.0,,,,,,,,,,,0.0,,0.0,,1.0,5640.2,1714928384.0,3.0,19.1,18.9,12.8,0.67,1009.4,1.6,3.7,303.0,0.1,1714881792.0,1714935040.0,0.875,,11868224.0,0.87,5.0,0.86,19327.0,0.0,,,,,0.0,3.255,0.0,,,,3988.0,,,,,3.488,,,,,,,,,,,,""
11332516432,"4 mai 2024, 17:20:50",Midcentrale,Course à pied,"W/ gustou, logou et cypoux",4171,"10,43",185.0,145,false,,Salomon Spectur,activities/12104440742.fit.gz,,,4171.0,3284.0,10436.6,7.802,3.178,14.2,191.0,138.2,143.4,9.0,0.0,,,86.0,78.0,185.0,167.0,,,793.0,,,145.0,,,,,,,,,,,0.0,,0.0,,1.0,10464.5,1714841984.0,3.0,17.9,17.2,9.3,0.57,1011.5,2.2,5.2,191.0,0.0,1714795392.0,1714848512.0,0.875,,11868224.0,0.43,5.0,0.93,27513.0,0.0,,,,,0.0,2.502,1779.8,,,,8450.0,,,,,3.187,,,,,,,,,,,,""
11292646418,"29 avr. 2024, 16:05:41",Retour sur la route 😵,Vélo,Je me souvenais même plus de la dernière fois que jai sorti le canyon,5775,"42,71",191.0,241,false,,Canyon Roadlite AL,activities/12063453915.fit.gz,,8.15,5775.0,5504.0,42716.1,16.864,7.761,610.4,671.0,263.0,547.8,16.0,0.0,,,,,191.0,166.0,,184.0,1190.0,,,241.0,,,,,,,,,,,0.0,,0.0,,1.0,,1714406400.0,3.0,18.1,17.6,10.4,0.61,1019.1,2.0,4.5,59.0,0.0,1714364032.0,1714416256.0,0.625,12976174.0,,0.22,5.0,0.76,28291.0,1.0,,,,,0.0,7.397,0.0,,,,,,,,,,,,,,,,,,,,,""
11281354874,"28 avr. 2024, 08:06:40",Décrassage sous la pluie,Course à pied,"",4512,"12,58",195.0,218,false,,Scott SUPERTRACK RC,activities/12051889468.fit.gz,,,4512.0,4468.0,12585.0,5.51,2.817,182.9,323.0,274.0,334.8,46.5,0.1,,,120.0,77.0,195.0,172.0,,,1028.0,,,218.0,,,,,,,,,,,0.0,,0.0,,1.0,13007.8,1714291200.0,3.0,11.1,10.5,8.3,0.83,1012.4,5.0,8.9,216.0,0.5,1714277760.0,1714329728.0,0.625,,14187896.0,0.64,5.0,0.97,19769.0,2.0,,,,,0.0,2.789,2401.9,,,,10954.0,,,,,2.911,,,,,,,,,,,,""
11273248852,"23 avr. 2024, 17:05:05",Evening run,Course à pied,Pu de batterie dans la montre...,1800,"6,20",,,false,,Salomon Spectur,,,,1800.0,1800.0,6206.9,,3.448,,,,,,0.0,,,,,,,,,572.0,,,,,,,,,,,,,,0.0,,0.0,,0.0,,,,,,,,,,,,,,,,,11868224.0,,,,,,,,,,0.0,3.448,0.0,,,,,,,,,,,,,,,,,,,,,""
11226211697,"20 avr. 2024, 16:45:08",Evening Run,Course à pied,Avec logou et gustou,3908,"11,05",179.0,116,false,,Salomon Spectur,activities/11994821091.fit.gz,,,3908.0,3472.0,11054.8,6.94,3.184,14.2,270.0,138.2,143.4,5.5,0.0,,,94.0,80.0,179.0,160.0,,,807.0,,,116.0,,,,,,,,,,,0.0,,0.0,,1.0,11085.2,1713628800.0,3.0,8.6,7.7,5.0,0.78,1021.1,1.9,4.4,318.0,0.0,1713587328.0,1713637760.0,0.375,,11868224.0,0.61,5.0,0.74,20178.0,1.0,,,,,0.0,2.829,889.0,,,,9110.0,,,,,3.193,,,,,,,,,,,,""
11218439336,"19 avr. 2024, 16:02:59",Footing avec le E,Course à pied,🌧🌧🌧🌧,1955,"5,50",182.0,63,false,,Salomon Spectur,activities/11986808850.fit.gz,,,1955.0,1810.0,5503.3,5.352,3.041,12.3,138.0,138.7,143.1,6.9,0.0,,,118.0,78.0,182.0,161.0,,,421.0,,,63.0,,,,,,,,,,,0.0,,0.0,,1.0,5523.9,1713542400.0,5.0,9.3,6.7,6.1,0.81,1011.8,4.8,10.6,243.0,1.8,1713501056.0,1713551232.0,0.375,,11868224.0,0.84,5.0,0.99,8292.0,1.0,,,,,0.0,2.815,0.0,,,,4690.0,,,,,3.052,,,,,,,,,,,,""
11195689087,"16 avr. 2024, 14:34:13",Afternoon Run,Course à pied,Après un sujet de SI d'anthologie 🤯🤯,3033,"10,01",194.0,179,false,,Salomon Spectur,activities/11963497468.fit.gz,,,3033.0,2777.0,10010.4,10.872,3.605,19.1,247.0,137.7,145.4,33.0,0.0,,,120.0,80.0,194.0,182.0,,,731.0,,,179.0,,,,,,,,,,,0.0,,0.0,,1.0,10063.4,1713276032.0,3.0,12.3,11.4,4.9,0.61,1009.3,6.4,12.8,254.0,0.8,1713242112.0,1713291776.0,0.25,,11868224.0,0.78,5.0,0.85,17919.0,2.0,,,,,0.0,3.301,2921.0,,,,7374.0,,,,,3.624,,,,,,,,,,,,""
11167058756,"12 avr. 2024, 19:32:13",Trail de nuit,Course à pied,Ptit coup de tete avec le ron's,4122,"9,95",194.0,162,false,,Scott SUPERTRACK RC,activities/11933970625.fit.gz,,,4122.0,3535.0,9949.7,4.3,2.815,217.2,397.0,305.9,444.4,35.8,0.0,,,98.0,77.0,194.0,169.0,,,823.0,,,162.0,,,,,,,,,,,0.0,,0.0,,1.0,10587.0,,,,,,,,,,,,,,,,14187896.0,,,,,,,,,,0.0,2.414,7716.1,,,,8906.0,,,,,2.995,,,,,,,,,,,,media/5e0fcea5-8c71-4049-8fab-d6866d3adf0e.jpg
11150688502,"10 avr. 2024, 15:55:41",Mercredi footing avec le bosseur,Course à pied,"2*(8*40""/30"") r=2'",1937,"6,16",201.0,71,false,,Salomon Spectur,activities/11917180635.fit.gz,,,1937.0,1826.0,6166.1,6.116,3.377,0.0,94.0,135.5,138.2,4.4,0.0,,,105.0,79.0,201.0,167.0,,,434.0,,,71.0,,,,,,,,,,,0.0,,0.0,,1.0,6183.7,,,,,,,,,,,,,,,,11868224.0,,,,,,,,,,0.0,3.183,0.0,,,,4418.0,,,,,3.386,,,,,,,,,,,,""
11135803189,"8 avr. 2024, 16:07:10",Avec logarithme,Course à pied,"",3402,"9,66",196.0,118,false,,Salomon Spectur,activities/11901940999.fit.gz,,,3402.0,2998.0,9661.3,7.06,3.223,7.3,261.0,137.5,143.4,9.6,0.0,,,96.0,79.0,196.0,164.0,,,715.0,,,118.0,,,,,,,,,,,0.0,,0.0,,1.0,9687.1,,,,,,,,,,,,,,,,11868224.0,,,,,,,,,,0.0,2.84,2373.1,,,,7876.0,,,,,3.231,,,,,,,,,,,,""
11129368344,"7 avr. 2024, 16:40:40",5k tout doux avec le E,Course à pied,"",1876,"5,11",167.0,52,false,,Salomon Spectur,activities/11895222102.fit.gz,,,1876.0,1853.0,5112.2,4.568,2.759,5.3,252.0,137.7,143.1,12.6,0.0,,,89.0,78.0,167.0,155.0,,,408.0,,,52.0,,,,,,,,,,,0.0,,0.0,,1.0,5123.8,,,,,,,,,,,,,,,,11868224.0,,,,,,,,,,0.0,2.725,540.7,,,,4812.0,,,,,2.765,,,,,,,,,,,,""
11121569187,"6 avr. 2024, 16:54:36",W/ logarithme,Course à pied,"",3937,"10,89",186.0,187,false,,Salomon Spectur,activities/11887150444.fit.gz,,,3937.0,3446.0,10898.0,5.254,3.163,12.6,312.0,137.1,143.4,17.5,0.0,,,81.0,77.0,186.0,173.0,,0.0,836.0,,,187.0,,,,,,,,,1.0,3449.0,0.0,,0.0,,1.0,10943.1,,,,,,,,,,,,,,,,11868224.0,,,,,,,,,,0.0,2.768,2722.2,,,,8824.0,,,0.0,1.0,3.176,,,,,,,,,,,,""
11099202945,"3 avr. 2024, 16:06:43",Mercredi running,Course à pied,Avec le logarithme,3693,"10,22",189.0,131,false,,Salomon Spectur,activities/11864140032.fit.gz,,,3693.0,3074.0,10227.3,8.806,3.327,22.4,275.0,137.7,146.3,6.0,0.0,,,86.0,78.0,189.0,166.0,,,746.0,,,131.0,,,,,,,,,,,0.0,,0.0,,1.0,10270.3,,,,,,,,,,,,,,,,11868224.0,,,,,,,,,,0.0,2.769,2294.0,,,,8036.0,,,,,,,,,,,,,,,,,""
11085551192,"1 avr. 2024, 17:19:35",Fractionné avec cyp,Course à pied,Tentative de dépense du repas de pâques,2150,"6,42",185.0,83,false,,Salomon Spectur,activities/11849869166.fit.gz,,,2150.0,1936.0,6422.3,6.368,3.317,0.0,129.0,135.6,140.9,13.1,-0.1,,,106.0,79.0,,167.0,,,447.0,,,83.0,,,,,,,,,,,0.0,,0.0,,1.0,6431.7,,,,,,,,,,,,,,,,11868224.0,,,,,,,,,,0.0,2.987,117.6,,,,4658.0,,,,,,,,,,,,,,,,,""
11049499181,"27 mars 2024, 15:28:36",Mercredi footing,Course à pied,"",3149,"9,58",186.0,91,false,,Salomon Spectur,activities/11811290703.fit.gz,,,3149.0,2930.0,9580.2,5.49,3.27,10.1,243.0,137.7,143.1,9.7,0.0,,,89.0,79.0,,158.0,,,689.0,,,91.0,,,,,,,,,,,0.0,,0.0,,1.0,9603.5,,,,,,,,,,,,,,,,11868224.0,,,,,,,,,,0.0,3.042,594.3,,,,7676.0,,,,,,,,,,,,,,,,,""
11023287163,"23 mars 2024, 17:23:24",Footing,Course à pied,Chill avec logou et gustou,3566,"10,21",177.0,114,false,,Salomon Spectur,activities/11783815113.fit.gz,,,3566.0,3275.0,10214.5,6.208,3.119,16.2,266.0,137.7,146.2,15.0,0.0,,,88.0,79.0,,162.0,,,756.0,,,114.0,,,,,,,,,,,0.0,,0.0,,1.0,10274.7,,,,,,,,,,,,,,,,11868224.0,,,,,,,,,,0.0,2.864,3420.5,,,,8646.0,,,,,,,,,,,,,,,,,""
11002105495,"20 mars 2024, 17:15:39",Mercredi footing,Course à pied,"Ça lievre pour cypou, obj 3km en 12 min",2203,"6,54",200.0,69,false,"",Salomon Spectur,activities/11762027890.fit.gz,,,2203.0,2028.0,6539.2,5.906,3.224,7.9,266.0,138.8,145.5,7.3,-0.1,,,108.0,77.0,,163.0,,,486.0,,,69.0,,,,,,,,,,,0.0,,0.0,,1.0,6551.5,,,,,,,,,,,,,,,,11868224.0,,,,,,,,,,0.0,2.968,570.8,,,,5386.0,,,,,,,,,,,,,,,,,""
10973840838,"16 mars 2024, 17:15:42",Reprise pepere,Course à pied,"Avec les copaing, toujours mal au genou 😬",3959,"9,26",184.0,83,false,,Salomon Spectur,activities/11732351072.fit.gz,,,3959.0,3140.0,9267.5,10.175,2.951,9.3,384.0,137.7,142.6,4.6,0.0,,,122.0,79.0,,156.0,,,682.0,,,83.0,,,,,,,,,,,0.0,,0.0,,1.0,9284.5,,,,,,,,,,,,,,,,11868224.0,,,,,,,,,,0.0,2.341,2696.6,,,,8026.0,,,,,,,,,,,,,,,,,""
10929720850,"10 mars 2024, 08:30:06",🎯 Trail du Haut-bar,Course à pied,"29 km, 1300 d+ - 3h19'38"" - 109e/425 scratch - 4e/9 espoir ",11976,"29,12",205.0,680,false,,Salomon Speedcross 5,activities/11686683812.fit.gz,,,11976.0,11737.0,29121.3,5.56,2.481,1286.7,1601.0,197.6,615.3,39.8,-0.2,,,117.0,69.0,,176.0,,,2568.0,,,680.0,,,,,,,,,,,0.0,,0.0,,1.0,35203.9,,,,,,,,,,,,,,,,11868244.0,,,,,,,,,,0.0,2.432,27003.5,,,,27276.0,,,,,,,,,,,,,,,,,media/720965aa-929c-40f9-b98b-886718a62190.jpg|media/ba5a1288-f1e4-435c-8a8f-6d6ad13b2934.jpg|media/c5d00af8-c080-4e4b-92dd-81ef551d8b82.jpg
10908139311,"7 mars 2024, 08:36:48",Morning Run,Course à pied,Dans le vent et le soleil,1289,"4,00",197.0,74,false,,Salomon Speedcross 5,activities/11664190035.fit.gz,,,1289.0,1273.0,3999.9,4.212,3.142,57.6,64.0,310.1,346.6,11.7,0.0,,,111.0,77.0,,179.0,,,321.0,,,74.0,,,,,,,,,,,0.0,,0.0,,1.0,4107.9,,,,,,,,,,,,,,,,11868244.0,,,,,,,,,,0.0,3.103,0.0,,,,3234.0,,,,,,,,,,,,,,,,,""
10876042631,"2 mars 2024, 15:07:25",Trail w/ Roro,Course à pied,Derniere longue avant haut bar,9480,"20,49",180.0,166,false,,Salomon Speedcross 5,activities/11624846818.fit.gz,,,9480.0,8230.0,20496.7,4.4,2.49,569.9,943.0,332.3,588.4,28.7,0.0,,,122.0,73.0,,149.0,,,1658.0,,,166.0,,,,,,,,,,,0.0,,0.0,,1.0,22593.5,,,,,,,,,,,,,,,,11868244.0,,,,,,,,,,0.0,2.162,12035.0,,,,20002.0,,,,,,,,,,,,,,,,,media/ef2718c6-ae5c-4ba2-9c7b-ac005279071f.jpg|media/77f1e3eb-0723-4d9a-8f80-d274d3b15819.jpg
10862550058,"29 févr. 2024, 15:46:19",Afternoon run,Course à pied,"Au feeling, ça me manque la forêt ",6246,"16,00",,,false,,Salomon Speedcross 5,activities/11610948416.fit.gz,,,6246.0,5637.0,16005.2,5.26,2.839,339.1,506.0,290.7,405.7,47.1,0.0,,,125.0,76.0,,,,,1276.0,,,,,,,,,,,,,,0.0,,0.0,,1.0,17175.0,,,,,,,,,,,,,,,,11868244.0,,,,,,,,,,0.0,2.562,4706.8,,,,,,,,,,,,,,,,,,,,,""
10829015027,"24 févr. 2024, 17:54:26",Footing surprise,Course à pied,J'ai pas eu le choix,1720,"4,39",,,false,,Scott SUPERTRACK RC,activities/11576278403.fit.gz,,,1720.0,1433.0,4396.3,5.162,3.068,68.1,83.0,312.0,352.9,12.5,0.0,,,86.0,78.0,,,,,344.0,,,,,,,,,,,,,,0.0,,0.0,,1.0,4517.5,,,,,,,,,,,,,,,,14187896.0,,,,,,,,,,0.0,2.556,102.5,,,,,,,,,,,,,,,,,,,,,""
10821477371,"23 févr. 2024, 16:52:45","12*30""/30"" en speed",Course à pied,"",1207,"4,19",,,false,,Salomon Spectur,activities/11568518576.fit.gz,,,1207.0,1201.0,4190.9,6.15,3.49,0.0,70.0,135.4,137.2,4.1,0.0,,,103.0,78.0,,,,,305.0,,,,,,,,,,,,,,0.0,,0.0,,1.0,4203.1,,,,,,,,,,,,,,,,11868224.0,,,,,,,,,,0.0,3.472,0.0,,,,,,,,,,,,,,,,,,,,,""
10808469431,"21 févr. 2024, 15:28:03",Mercredi long jog,Course à pied,"",4858,"15,11",,,false,,Salomon Spectur,activities/11555150251.fit.gz,,,4858.0,4804.0,15116.1,8.216,3.147,16.6,355.0,137.7,143.3,4.8,0.0,,,85.0,78.0,,,,,1117.0,,,,,,,,,,,,,,0.0,,0.0,,1.0,15144.1,,,,,,,,,,,,,,,,11868224.0,,,,,,,,,,0.0,3.112,1745.1,,,,,,,,,,,,,,,,,,,,,""
10789192552,"18 févr. 2024, 17:44:15",Test VMA,Course à pied,"",650,"2,14",,,false,,Salomon Spectur,activities/11535294985.fit.gz,,,650.0,601.0,2142.7,5.878,3.565,3.9,18.0,138.5,142.8,4.8,0.1,,,86.0,80.0,,,,,158.0,,,,,,,,,,,,,,0.0,,0.0,,1.0,2154.8,,,,,,,,,,,,,,,,11868224.0,,,,,,,,,,0.0,3.296,0.0,,,,,,,,,,,,,,,,,,,,,""
10789191321,"18 févr. 2024, 17:13:15",Footing pluvieux,Course à pied,"",1836,"6,11",,,false,,Salomon Spectur,activities/11535293663.fit.gz,,,1836.0,1802.0,6117.5,6.818,3.395,14.3,192.0,136.0,146.2,4.4,-0.1,,,83.0,78.0,,,,,467.0,,,,,,,,,,,,,,0.0,,0.0,,1.0,6135.2,,,,,,,,,,,,,,,,11868224.0,,,,,,,,,,0.0,3.332,14.1,,,,,,,,,,,,,,,,,,,,,""
10774115341,"16 févr. 2024, 15:30:54",Footing psi*,Course à pied,"",3942,"10,76",,,false,,Salomon Spectur,activities/11519675343.fit.gz,,,3942.0,3172.0,10764.6,8.906,3.394,15.6,221.0,137.7,143.9,6.7,0.0,,,87.0,78.0,,,,,809.0,,,,,,,,,,,,,,0.0,,0.0,,1.0,10800.9,,,,,,,,,,,,,,,,11868224.0,,,,,,,,,,0.0,2.731,3026.8,,,,,,,,,,,,,,,,,,,,,""
10761695778,"14 févr. 2024, 17:08:34",Mercredi footing,Course à pied,Avec momo,1609,"6,00",,,false,,Salomon Spectur,activities/11506905798.fit.gz,,,1609.0,1532.0,6004.2,5.204,3.919,12.5,132.0,138.2,146.2,4.3,0.0,,,87.0,80.0,,,,,419.0,,,,,,,,,,,,,,0.0,,0.0,,1.0,6014.3,,,,,,,,,,,,,,,,11868224.0,,,,,,,,,,0.0,3.732,0.0,,,,,,,,,,,,,,,,,,,,,""
10738709642,"11 févr. 2024, 08:19:25",Morning Run,Course à pied,,4487,"11,90",,,false,,Salomon Spectur,activities/11483227621.fit.gz,,,4487.0,3624.0,11904.9,8.262,3.285,19.9,307.0,139.1,146.7,15.2,0.0,,,90.0,79.0,,,,,838.0,,,,,,,,,,,,,,,,0.0,,1.0,11950.3,,,,,,,,,,,,,,,,11868224.0,,,,,,,,,,0.0,2.653,539.3,,,,,,,,,,,,,,,,,,,,,""
10735064771,"10 févr. 2024, 15:16:30",Run du samedi,Course à pied,Avec le logarithme décimal + top7 surprise,4383,"10,00",,,false,,Salomon Spectur,activities/11479437591.fit.gz,,,4383.0,3081.0,10002.1,4.946,3.246,9.5,195.0,137.7,141.6,16.5,0.0,,,86.0,78.0,,,,,730.0,,,,,,,,,,,,,,0.0,,0.0,,1.0,10023.8,,,,,,,,,,,,,,,,11868224.0,,,,,,,,,,0.0,2.282,523.3,,,,,,,,,,,,,,,,,,,,,""
10728268437,"9 févr. 2024, 15:30:47",Footing psi*,Course à pied,Ptite douche,3846,"12,02",,,false,,Salomon Spectur,activities/11472435756.fit.gz,,,3846.0,3602.0,12020.9,5.92,3.337,12.7,258.0,135.9,143.2,6.9,0.0,,,83.0,77.0,,,,,896.0,,,,,,,,,,,,,,0.0,,0.0,,1.0,12034.0,,,,,,,,,,,,,,,,11868224.0,,,,,,,,,,0.0,3.126,1250.2,,,,,,,,,,,,,,,,,,,,,""
10716016728,"7 févr. 2024, 17:11:08",Mercredi running,Course à pied,"",1899,"6,78",,,false,,Salomon Spectur,activities/11459847378.fit.gz,,,1899.0,1845.0,6779.3,9.368,3.674,6.9,238.0,137.7,142.5,3.8,0.0,,,85.0,78.0,,,,,504.0,,,,,,,,,,,,,,0.0,,0.0,,1.0,6790.5,,,,,,,,,,,,,,,,11868224.0,,,,,,,,,,0.0,3.57,492.5,,,,,,,,,,,,,,,,,,,,,""
10688793921,"3 févr. 2024, 14:38:41",Sortie trail avec le rons,Course à pied,"",4949,"11,00",,,false,,Salomon Speedcross 5,activities/11431605688.fit.gz,,,4949.0,4169.0,11002.4,5.42,2.639,411.6,474.0,325.2,461.2,46.3,0.0,,,103.0,76.0,,,,,851.0,,,,,,,,,,,,,,0.0,,0.0,,1.0,13021.0,,,,,,,,,,,,,,,,11868244.0,,,,,,,,,,0.0,2.223,3571.6,,,,,,,,,,,,,,,,,,,,,""
10667926929,"31 janv. 2024, 14:17:13",Mercredi running w/ clemou,Course à pied,Flitrun #9 - seance VMA,2198,"6,50",,,false,,Salomon Spectur,activities/11410175091.fit.gz,,,2198.0,1805.0,6500.7,5.576,3.602,3.6,109.0,135.4,140.7,6.7,0.0,,,113.0,78.0,,,,,457.0,,,,,,,,,,,,,,0.0,,0.0,,1.0,6510.9,,,,,,,,,,,,,,,,11868224.0,,,,,,,,,,0.0,2.958,0.0,,,,,,,,,,,,,,,,,,,,,""
10634206344,"26 janv. 2024, 15:36:41",Footing psi*,Course à pied,Martin voulait le rhin 🤷‍♂️,5446,"16,03",,,false,,Salomon Spectur,activities/11375188672.fit.gz,,,5446.0,5151.0,16029.9,6.6,3.112,49.7,406.0,138.2,149.7,15.1,0.0,,,85.0,78.0,,,,,1200.0,,,,,,,,,,,,,,0.0,,0.0,,1.0,16117.2,,,,,,,,,,,,,,,,11868224.0,,,,,,,,,,0.0,2.943,429.5,,,,,,,,,,,,,,,,,,,,,""
10621581302,"24 janv. 2024, 16:34:03",Mercredi footing,Course à pied,Flitrun #8 - fractionné court,2580,"6,56",,,false,,Salomon Spectur,activities/11362257618.fit.gz,,,2580.0,2108.0,6568.5,5.68,3.116,2.7,140.0,134.7,140.9,11.8,-0.1,,,84.0,77.0,,,,,486.0,,,,,,,,,,,,,,0.0,,0.0,,1.0,6586.2,,,,,,,,,,,,,,,,11868224.0,,,,,,,,,,0.0,2.546,0.0,,,,,,,,,,,,,,,,,,,,,""
10589183428,"19 janv. 2024, 15:29:00",Afternoon Run,Course à pied,Flitrun #7 - basse intensité,3915,"9,46",,,false,,Salomon Spectur,activities/11328944872.fit.gz,,,3915.0,2927.0,9467.0,10.054,3.234,17.9,232.0,137.8,143.7,7.1,0.0,,,84.0,77.0,,,,,707.0,,,,,,,,,,,,,,0.0,,0.0,,1.0,9500.1,,,,,,,,,,,,,,,,11868224.0,,,,,,,,,,0.0,2.418,560.4,,,,,,,,,,,,,,,,,,,,,""
10578938397,"17 janv. 2024, 16:08:37",Mercredi running,Course à pied,Flitrun #6 - fractionné court,2445,"6,00",,,false,,Salomon Spectur,activities/11318335563.fit.gz,,,2445.0,1860.0,6002.5,5.16,3.227,0.0,90.0,135.6,142.1,2.7,0.0,,,83.0,77.0,,,,,476.0,,,,,,,,,,,,,,0.0,,0.0,,1.0,6008.6,,,,,,,,,,,,,,,,11868224.0,,,,,,,,,,0.0,2.455,0.0,,,,,,,,,,,,,,,,,,,,,""
10554632199,"14 janv. 2024, 07:28:16",Footing dominical,Course à pied,Flitrun #5 - endurance fonda,4470,"11,16",,,false,,Salomon Spectur,activities/11293113835.fit.gz,,,4470.0,3808.0,11162.6,6.732,2.931,11.9,407.0,139.1,143.2,8.8,0.0,,,82.0,76.0,,,,,859.0,,,,,,,,,,,,,,0.0,,0.0,,1.0,11183.6,,,,,,,,,,,,,,,,11868224.0,,,,,,,,,,0.0,2.497,3535.7,,,,,,,,,,,,,,,,,,,,,""
10544544907,"12 janv. 2024, 15:30:11",Footing Psi*,Course à pied,Flitrun #4 - Basse intensité,4356,"9,70",,,false,,Salomon Spectur,activities/11282616894.fit.gz,,,4356.0,3181.0,9702.7,9.574,3.05,26.3,203.0,138.1,145.4,32.6,0.0,,,86.0,78.0,,,,,733.0,,,,,,,,,,,,,,0.0,,0.0,,1.0,9780.8,,,,,,,,,,,,,,,,11868224.0,,,,,,,,,,0.0,2.227,3292.3,,,,,,,,,,,,,,,,,,,,,""
10532336524,"10 janv. 2024, 17:18:34",Mercredi running,Course à pied,Flitrun #3 - Fractionné court,1650,"5,44",,,false,,Salomon Spectur,activities/11269553777.fit.gz,,,1650.0,1617.0,5441.2,5.248,3.365,2.0,124.0,138.8,141.2,4.4,0.0,,,114.0,78.0,,,,,410.0,,,,,,,,,,,,,,0.0,,0.0,,1.0,5450.4,,,,,,,,,,,,,,,,11868224.0,,,,,,,,,,0.0,3.298,66.2,,,,,,,,,,,,,,,,,,,,,""
10504909319,"6 janv. 2024, 12:21:37",Afternoon Run,Course à pied,Flitrun #2,3232,"10,38",,,false,,Scott SUPERTRACK RC,activities/11240967717.fit.gz,,,3232.0,3224.0,10385.3,5.354,3.221,161.6,234.0,278.7,355.5,16.0,0.0,,,84.0,77.0,,,,,773.0,,,,,,,,,,,,,,0.0,,0.0,,1.0,10753.3,,,,,,,,,,,,,,,,14187896.0,,,,,,,,,,0.0,3.213,3093.5,,,,,,,,,,,,,,,,,,,,,""
10493314046,"4 janv. 2024, 15:57:37",Côtes nocturnes,Course à pied,"Premier essai de Flitrun - 3*1' + 5*45""  r=1'30""/1'",2304,"6,50",,,false,"",Scott SUPERTRACK RC,activities/11228675671.fit.gz,,,2304.0,2281.0,6503.5,4.788,2.851,161.6,190.0,317.9,351.5,14.7,0.0,,,109.0,77.0,,,,,563.0,,,,,,,,,,,,,,0.0,,0.0,,1.0,7003.2,,,,,,,,,,,,,,,,14187896.0,,,,,,,,,,0.0,2.823,0.0,,,,,,,,,,,,,,,,,,,,,""
10455553803,"29 déc. 2023, 11:37:41",Lunch Run - à jeun,Course à pied,Ça décrasse ,1233,"4,17",,,false,,Scott SUPERTRACK RC,activities/11189457535.fit.gz,,,1233.0,1225.0,4175.8,4.9,3.409,64.6,99.0,312.6,352.9,12.6,0.0,,,83.0,78.0,,,,,307.0,,,,,,,,,,,,,,0.0,,0.0,,1.0,4280.6,,,,,,,,,,,,,,,,14187896.0,,,,,,,,,,0.0,3.387,0.0,,,,,,,,,,,,,,,,,,,,,""
10445703730,"27 déc. 2023, 14:29:48",Afternoon Ride,Vélo,🥶🥶🥶 (pourquoi il fait nuit aussi tôt),5004,"24,12",,,false,,Canyon Roadlite AL,activities/11179239645.fit.gz,,8.15,5004.0,3151.0,24119.2,16.463,7.654,294.4,327.0,297.3,456.7,16.4,0.0,,,,,,,,164.0,556.0,,,,,,,,,,,,,,0.0,,0.0,,1.0,,,,,,,,,,,,,,,,12976174.0,,,,,,,,,,,0.0,4.82,0.0,,,,,,,,,,,,,,,,,,,,,media/ba8b0c77-2b41-41e6-a006-627b7386ba3e.mp4
10440419801,"26 déc. 2023, 15:20:25",Footing entre 2 fêtes,Course à pied,Dieu qu'est ce que la forêt m'avait manqué,4325,"12,72",,,false,,Scott SUPERTRACK RC,activities/11173750293.fit.gz,,,4325.0,3987.0,12723.5,6.4,3.191,213.1,299.0,272.1,337.5,12.3,0.0,,,86.0,77.0,,,,,1013.0,,,,,,,,,,,,,,0.0,,0.0,,1.0,13169.2,,,,,,,,,,,,,,,,14187896.0,,,,,,,,,,0.0,2.942,5160.5,,,,,,,,,,,,,,,,,,,,,""
10410852562,"20 déc. 2023, 17:12:28",Mercredi running,Course à pied,"",1480,"5,00",,,false,,Salomon Spectur,activities/11143327386.fit.gz,,,1480.0,1436.0,5006.4,13.494,3.486,10.5,134.0,137.7,145.9,33.3,0.0,,,87.0,79.0,,,,,374.0,,,,,,,,,,,,,,0.0,,0.0,,1.0,5037.0,,,,,,,,,,,,,,,,11868224.0,,,,,,,,,,0.0,3.383,489.1,,,,,,,,,,,,,,,,,,,,,""
10384782599,"15 déc. 2023, 15:19:36",Fast footing psi*,Course à pied,"",4808,"14,32",,,false,,Salomon Spectur,activities/11116092423.fit.gz,,,4808.0,4151.0,14320.1,9.494,3.45,14.6,279.0,137.7,143.3,6.4,0.0,,,92.0,78.0,,,,,1085.0,,,,,,,,,,,,,,0.0,,0.0,,1.0,14345.6,,,,,,,,,,,,,,,,11868224.0,,,,,,,,,,0.0,2.978,1053.9,,,,,,,,,,,,,,,,,,,,,""
10380111425,"14 déc. 2023, 17:20:36",Mercredi footing (décalé),Course à pied,Le top segment qui tombe 😆,1796,"6,01",,,false,,Salomon Spectur,activities/11111215399.fit.gz,,,1796.0,1659.0,6009.8,5.324,3.623,13.7,237.0,138.8,146.2,24.7,0.0,,,82.0,79.0,,,,,438.0,,,,,,,,,,,,,,0.0,,0.0,,1.0,6041.4,,,,,,,,,,,,,,,,11868224.0,,,,,,,,,,0.0,3.346,162.3,,,,,,,,,,,,,,,,,,,,,""
10348688224,"8 déc. 2023, 15:39:34",Footing psi*,Course à pied,"",3107,"10,09",,,false,,Salomon Spectur,activities/11078392796.fit.gz,,,3107.0,3037.0,10098.5,6.41,3.325,13.4,182.0,137.5,143.6,8.5,0.0,,,85.0,78.0,,,,,773.0,,,,,,,,,,,,,,0.0,,0.0,,1.0,10114.8,,,,,,,,,,,,,,,,11868224.0,,,,,,,,,,0.0,3.25,1470.9,,,,,,,,,,,,,,,,,,,,,""
10338843818,"6 déc. 2023, 17:14:23",Mercredi running,Course à pied,"",1930,"6,79",,,false,,Salomon Spectur,activities/11068202187.fit.gz,,,1930.0,1827.0,6792.3,5.734,3.718,8.6,254.0,137.9,141.5,5.8,0.0,,,83.0,78.0,,,,,497.0,,,,,,,,,,,,,,0.0,,0.0,,1.0,6807.3,,,,,,,,,,,,,,,,11868224.0,,,,,,,,,,0.0,3.519,0.0,,,,,,,,,,,,,,,,,,,,,""
10311923381,"1 déc. 2023, 15:25:10",Footing psi*,Course à pied,"",3903,"12,00",,,false,,Salomon Spectur,activities/11040209429.fit.gz,,,3903.0,3816.0,12007.3,8.89,3.147,13.9,295.0,137.6,143.6,22.6,0.0,,,84.0,78.0,,,,,902.0,,,,,,,,,,,,,,0.0,,0.0,,1.0,12040.9,,,,,,,,,,,,,,,,11868224.0,,,,,,,,,,0.0,3.076,562.6,,,,,,,,,,,,,,,,,,,,,""
10301967206,"29 nov. 2023, 17:11:42",Mercredi running,Course à pied,"",1376,"5,26",,,false,,Salomon Spectur,activities/11029904338.fit.gz,,,1376.0,1340.0,5267.2,6.924,3.931,19.9,155.0,137.8,146.1,15.3,0.0,,,84.0,79.0,,,,,392.0,,,,,,,,,,,,,,0.0,,0.0,,1.0,5295.4,,,,,,,,,,,,,,,,11868224.0,,,,,,,,,,0.0,3.828,480.4,,,,,,,,,,,,,,,,,,,,,""
10274432708,"24 nov. 2023, 15:32:08",Footing psi*,Course à pied,"Partis a 9, fini a 5 lol",4383,"11,65",,,false,,Salomon Spectur,activities/11001326284.fit.gz,,,4383.0,3514.0,11650.2,5.432,3.315,14.9,401.0,137.8,144.0,4.7,0.0,,,85.0,79.0,,,,,852.0,,,,,,,,,,,,,,0.0,,0.0,,1.0,11672.4,,,,,,,,,,,,,,,,11868224.0,,,,,,,,,,0.0,2.658,540.7,,,,,,,,,,,,,,,,,,,,,""
10263765609,"22 nov. 2023, 17:12:57",Combattre la maladie par le froid,Course à pied,J'ai retrouvé mon lièvre 😄,1450,"5,68",,,false,,Salomon Spectur,activities/10990212266.fit.gz,,,1450.0,1426.0,5686.3,6.284,3.988,12.9,165.0,138.2,146.1,5.7,0.0,,,85.0,79.0,,,,,384.0,,,,,,,,,,,,,,0.0,,0.0,,1.0,5695.0,,,,,,,,,,,,,,,,11868224.0,,,,,,,,,,0.0,3.922,0.0,,,,,,,,,,,,,,,,,,,,,""
10252313939,"20 nov. 2023, 17:15:52",Evening Run,Course à pied,,2385,"7,14",,,false,,Salomon Spectur,activities/10978333254.fit.gz,,,2385.0,2067.0,7146.4,13.114,3.457,20.7,193.0,139.1,144.8,4.6,0.0,,,90.0,78.0,,,,,510.0,,,,,,,,,,,,,,,,0.0,,1.0,7170.1,,,,,,,,,,,,,,,,11868224.0,,,,,,,,,,0.0,2.996,3081.3,,,,,,,,,,,,,,,,,,,,,""
10226957386,"16 nov. 2023, 05:56:44",A la fraîche,Course à pied,Rattrapage de hier,1445,"4,78",,,false,,Salomon Spectur,activities/10951941080.fit.gz,,,1445.0,1417.0,4783.4,5.268,3.376,10.5,298.0,138.2,146.1,5.8,0.0,,,84.0,78.0,,,,,377.0,,,,,,,,,,,,,,0.0,,0.0,,1.0,4792.1,,,,,,,,,,,,,,,,11868224.0,,,,,,,,,,0.0,3.31,0.0,,,,,,,,,,,,,,,,,,,,,""
10200945300,"11 nov. 2023, 15:56:03",Sortie du soir,Course à pied,"",3617,"11,89",,,false,"",Scott SUPERTRACK RC,activities/10924909974.fit.gz,,,3617.0,3278.0,11891.0,6.22,3.628,108.6,199.0,266.8,351.8,38.1,0.0,,,92.0,79.0,,,,,859.0,,,,,,,,,,,,,,0.0,,0.0,,1.0,12079.0,,,,,,,,,,,,,,,,14187896.0,,,,,,,,,,0.0,3.288,2258.9,,,,,,,,,,,,,,,,,,,,,""
10183948821,"8 nov. 2023, 17:16:40",Evening Run,Course à pied,,1650,"5,44",,,false,,Salomon Spectur,activities/10907318525.fit.gz,,,1650.0,1608.0,5440.5,7.288,3.383,10.8,135.0,139.1,144.8,5.1,0.0,,,95.0,78.0,,,,,432.0,,,,,,,,,,,,,,,,0.0,,1.0,5449.3,,,,,,,,,,,,,,,,11868224.0,,,,,,,,,,0.0,3.297,2040.5,,,,,,,,,,,,,,,,,,,,,""
10154025456,"3 nov. 2023, 13:00:18",VTT fin de vac avec roro,Vélo,"",11365,"30,48",,,false,,Lapierre ProRace900,activities/10876026117.fit.gz,,8.15,11365.0,8985.0,30480.2,11.08,3.392,685.0,858.0,285.0,554.3,48.2,-0.1,,,,,,,,121.0,1193.0,,,,,,,,,,,,,,0.0,,0.0,,1.0,,,,,,,,,,,,,,,,11713375.0,,,,,,,,,,,0.0,2.682,18621.3,,,,,,,,,,,,,,,,,,,,,""
10114518178,"27 oct. 2023, 16:59:56",Octobre rose Sarrebourg,Course à pied,"",2333,"6,33",,,false,,Scott SUPERTRACK RC,activities/10834570746.fit.gz,,,2333.0,2190.0,6330.3,5.558,2.891,67.7,166.0,246.4,276.0,12.0,0.0,,,80.0,75.0,,,,,512.0,,,,,,,,,,,,,,0.0,,0.0,,1.0,6510.7,,,,,,,,,,,,,,,,14187896.0,,,,,,,,,,0.0,2.713,536.4,,,,,,,,,,,,,,,,,,,,,""
10108781785,"26 oct. 2023, 15:46:26",La dernière avant les vac,Course à pied,With lolo,2787,"7,64",,,false,,Salomon Spectur,activities/10828588949.fit.gz,,,2787.0,2361.0,7639.4,6.976,3.236,21.2,162.0,137.8,146.1,11.4,0.0,,,98.0,77.0,,,,,575.0,,,,,,,,,,,,,,0.0,,0.0,,1.0,7666.2,,,,,,,,,,,,,,,,11868224.0,,,,,,,,,,0.0,2.741,1355.7,,,,,,,,,,,,,,,,,,,,,""
10062301338,"18 oct. 2023, 16:16:30",Mercredi footing,Course à pied,"",1725,"4,04",,,false,,Salomon Spectur,activities/10780213547.fit.gz,,,1725.0,1414.0,4044.1,5.336,2.86,18.6,113.0,136.6,146.2,14.1,0.0,,,88.0,77.0,,,,,302.0,,,,,,,,,,,,,,0.0,,0.0,,1.0,4076.3,,,,,,,,,,,,,,,,11868224.0,,,,,,,,,,0.0,2.344,0.0,,,,,,,,,,,,,,,,,,,,,""
10042532819,"15 oct. 2023, 09:01:56",Retour sur la route,Vélo,Niveau en baisse mais ça fait du bieng ,6940,"41,81",,,false,,Canyon Roadlite AL,activities/10759641168.fit.gz,,8.15,6940.0,5389.0,41810.5,18.642,7.758,609.9,658.0,217.7,427.4,18.6,0.0,,,,,,,,179.0,902.0,,,,,,,,,,,,,,0.0,,0.0,,1.0,,,,,,,,,,,,,,,,12976174.0,,,,,,,,,,,0.0,6.025,59.6,,,,,,,,,,,,,,,,,,,,,media/fcbcca2b-91ca-4da4-bebc-f1a6565ff84c.jpg
10029031827,"13 oct. 2023, 04:49:44",A la fraîche,Course à pied,Comment bien commencer un vendredi 13,1812,"6,15",,,false,,Salomon Spectur,activities/10745564890.fit.gz,,,1812.0,1699.0,6150.2,5.948,3.62,10.7,153.0,139.5,144.8,4.0,0.0,,,88.0,78.0,,,,,441.0,,,,,,,,,,,,,,0.0,,0.0,,1.0,6164.0,,,,,,,,,,,,,,,,11868224.0,,,,,,,,,,0.0,3.394,2778.9,,,,,,,,,,,,,,,,,,,,,""
10020484284,"11 oct. 2023, 16:19:50",Mercredi running,Course à pied,A la recherche de nouveaux trajets,4326,"7,76",,,false,,Salomon Spectur,activities/10736702547.fit.gz,,,4326.0,2490.0,7768.2,6.738,3.12,25.1,428.0,139.4,150.2,46.8,0.0,,,86.0,77.0,,,,,536.0,,,,,,,,,,,,,,0.0,,0.0,,1.0,7822.7,,,,,,,,,,,,,,,,11868224.0,,,,,,,,,,0.0,1.796,165.3,,,,,,,,,,,,,,,,,,,,,""
10002024562,"8 oct. 2023, 16:42:20",Course du soir,Course à pied,Ambition 3×1000 mais mauvaises sensations ,1065,"3,22",,,false,,Salomon Spectur,activities/10717519247.fit.gz,,,1065.0,855.0,3223.5,5.727,3.77,0.0,20.0,135.4,137.2,3.2,0.0,,,84.0,78.0,,,,,212.0,,,,,,,,,,,,,,0.0,,0.0,,1.0,3231.8,,,,,,,,,,,,,,,,11868224.0,,,,,,,,,,0.0,3.027,0.0,,,,,0.0,,,,,,,,,,,,,,,,""
9996766645,"7 oct. 2023, 17:09:58",Retour rapide avec lolo,Course à pied,Il commence à reprendre du poil de la bête le frero,709,"2,67",,,false,,Salomon Spectur,activities/10712019147.fit.gz,,,709.0,681.0,2671.9,5.706,3.924,2.1,33.0,138.7,144.9,3.5,-0.2,,,87.0,79.0,,,,,175.0,,,,,,,,,,,,,,0.0,,0.0,,1.0,2666.3,,,,,,,,,,,,,,,,11868224.0,,,,,,,,,,0.0,3.769,0.0,,,,,,,,,,,,,,,,,,,,,""
9996765983,"7 oct. 2023, 15:44:06","Blabla footing avec lolo, jojo et perrine",Course à pied,On a du aider deux meufs a faire un créneau à la fin...,4987,"6,07",,,false,,Salomon Spectur,activities/10712018474.fit.gz,,,4987.0,2143.0,6077.2,5.712,2.836,26.5,157.0,138.3,147.0,49.5,0.1,,,84.0,77.0,,,,,448.0,,,,,,,,,,,,,,0.0,,0.0,,1.0,6194.5,,,,,,,,,,,,,,,,11868224.0,,,,,,,,,,0.0,1.219,1102.6,,,,,,,,,,,,,,,,,,,,,""
9977885237,"4 oct. 2023, 16:44:29",Octobre rose raccourci,Course à pied,Les nenettes n'avaient plus rien dans les gambettes...,3444,"6,65",,,false,,Salomon Spectur,activities/10692332218.fit.gz,,,3444.0,2449.0,6658.8,8.094,2.719,8.4,147.0,138.9,144.9,4.8,0.0,,,106.0,76.0,,,,,479.0,,,,,,,,,,,,,,0.0,,0.0,,1.0,6665.5,,,,,,,,,,,,,,,,11868224.0,,,,,,,,,,0.0,1.933,509.9,,,,,,,,,,,,,,,,,,,,,""
9957690085,"1 oct. 2023, 16:00:15",Fractionné long,Course à pied,Échauff + 5*500m + rac,1277,"4,23",,,false,,Salomon Spectur,activities/10671148868.fit.gz,,,1277.0,1160.0,4229.9,5.598,3.646,0.0,42.0,135.4,137.2,3.9,0.0,,,95.0,77.0,,,,,297.0,,,,,,,,,,,,,,0.0,,0.0,,1.0,4243.1,,,,,,,,,,,,,,,,11868224.0,,,,,,,,,,0.0,3.312,0.0,,,,,,,,,,,,,,,,,,,,,""
9950839302,"30 sept. 2023, 16:12:45",Sortie du soir sous gros papotage,Course à pied,Top 4 sur le segment à côté du lycée jsuis heureux ,3029,"5,61",,,false,,Salomon Spectur,activities/10663952555.fit.gz,,,3029.0,1882.0,5618.5,7.988,2.985,15.3,104.0,137.7,147.0,30.3,0.0,,,93.0,77.0,,,,,380.0,,,,,,,,,,,,,,0.0,,0.0,,1.0,5679.3,,,,,,,,,,,,,,,,11868224.0,,,,,,,,,,0.0,1.855,1373.0,,,,,,,,,,,,,,,,,,,,,""
9938286132,"28 sept. 2023, 16:16:23",sub 4 🎯,Course à pied,"",2043,"7,18",,,false,"",Salomon Spectur,activities/10650865935.fit.gz,,,2043.0,1702.0,7182.0,6.564,4.22,5.5,117.0,137.7,143.3,6.8,0.0,,,90.0,79.0,,,,,483.0,,,,,,,,,,,,,,0.0,,0.0,,1.0,7195.7,,,,,,,,,,,,,,,,11868224.0,,,,,,,,,,0.0,3.515,594.8,,,,,,,,,,,,,,,,,,,,,""
9931936824,"27 sept. 2023, 16:11:59",Footing + seuil,Course à pied,"La montre m'a laché
~10km en tout",2135,"4,92",,,false,,Salomon Spectur,activities/10644250545.fit.gz,,,2135.0,1660.0,4919.3,7.904,2.963,17.1,159.0,138.3,145.4,16.3,0.0,,,81.0,76.0,,,,,347.0,,,,,,,,,,,,,,0.0,,0.0,,1.0,4959.0,,,,,,,,,,,,,,,,11868224.0,,,,,,,,,,0.0,2.304,29.8,,,,,,,,,,,,,,,,,,,,,""
9906784596,"23 sept. 2023, 13:42:32",VTT decompressage avec le ron's,Vélo,"",12949,"21,27",,,false,,Lapierre ProRace900,activities/10617798073.fit.gz,,8.15,12949.0,5916.0,21278.4,12.9,3.597,704.7,796.0,279.1,608.9,49.5,0.6,,,,,,,,138.0,852.0,,,,,,,,,,,,,,0.0,,0.0,,1.0,,,,,,,,,,,,,,,,11713375.0,,,,,,,,,,,0.0,1.643,16909.6,,,,,,,,,,,,,,,,,,,,,media/96ffe15a-f989-473c-89f6-2405a4312b3d.jpg|media/b63ef307-d0b9-4212-b505-7d1b4fe39db4.jpg|media/2b32127b-52ff-424f-bcbe-27df1a9e9f72.jpg
9890504663,"21 sept. 2023, 04:48:59",Morning Run,Course à pied,"",1286,"2,84",,,false,,Salomon Spectur,activities/10600735010.fit.gz,,,1286.0,1021.0,2848.5,4.992,2.79,14.7,90.0,139.4,147.1,4.5,0.0,,,83.0,77.0,,,,,207.0,,,,,,,,,,,,,,0.0,,0.0,,1.0,2852.9,,,,,,,,,,,,,,,,11868224.0,,,,,,,,,,0.0,2.215,0.0,,,,,,,,,,,,,,,,,,,,,""
9886742804,"20 sept. 2023, 14:29:04",Mercredi footing,Course à pied,Blabla run avec les nenettes,2231,"7,34",,,false,,Salomon Spectur,activities/10596828522.fit.gz,,,2231.0,2193.0,7347.6,6.992,3.35,9.8,180.0,138.8,147.0,26.9,0.0,,,94.0,77.0,,,,,554.0,,,,,,,,,,,,,,0.0,,0.0,,1.0,7390.3,,,,,,,,,,,,,,,,11868224.0,,,,,,,,,,0.0,3.293,1529.0,,,,,,,,,,,,,,,,,,,,,""
9868234735,"17 sept. 2023, 14:00:19",Footing avec les pcsi(es),Course à pied,+12*30/30 solo sur la piste du lycée lol,3860,"7,60",,,false,,Salomon Spectur,activities/10577423865.fit.gz,,,3860.0,2321.0,7609.0,7.148,3.278,9.7,149.0,135.7,143.3,17.4,0.0,,,109.0,76.0,,,,,523.0,,,,,,,,,,,,,,0.0,,0.0,,1.0,7645.7,,,,,,,,,,,,,,,,11868224.0,,,,,,,,,,0.0,1.971,525.6,,,,,,,,,,,,,,,,,,,,,""
9862835196,"16 sept. 2023, 16:16:46",Footing avec les *,Course à pied,Xens c'est pas pour tout de suite logan,2847,"5,15",,,false,,Salomon Spectur,activities/10571734545.fit.gz,,,2847.0,1689.0,5150.7,7.416,3.05,5.8,150.0,136.2,142.5,5.5,0.0,,,83.0,77.0,,,,,375.0,,,,,,,,,,,,,,0.0,,0.0,,1.0,5166.9,,,,,,,,,,,,,,,,11868224.0,,,,,,,,,,0.0,1.809,602.5,,,,,,,,,,,,,,,,,,,,,""
9835668327,"12 sept. 2023, 16:21:27",Mercredi footing,Course à pied,"",1914,"6,35",,,false,,Salomon Spectur,activities/10543285734.fit.gz,,,1914.0,1859.0,6356.0,4.538,3.419,9.8,147.0,137.1,143.3,6.6,0.0,,,82.0,78.0,,,,,493.0,,,,,,,,,,,,,,0.0,,0.0,,1.0,6374.6,,,,,,,,,,,,,,,,11868224.0,,,,,,,,,,0.0,3.321,545.9,,,,,,,,,,,,,,,,,,,,,""
9822993747,"10 sept. 2023, 15:39:52",Afternoon Run,Course à pied,"",1712,"5,73",,,false,,Salomon Spectur,activities/10529908957.fit.gz,,,1712.0,1586.0,5734.4,5.724,3.616,112.5,111.0,317.7,354.6,24.3,0.0,,,85.0,78.0,,,,,432.0,,,,,,,,,,,,,,0.0,,0.0,,1.0,6013.6,,,,,,,,,,,,,,,,11868224.0,,,,,,,,,,0.0,3.35,2180.1,,,,,,,,,,,,,,,,,,,,,""
9796289309,"6 sept. 2023, 16:11:05",Reprise du mercredi footing,Course à pied,Durdur la reprise🥲,1899,"5,94",,,false,,Salomon Spectur,activities/10501787906.fit.gz,,,1899.0,1813.0,5945.2,5.196,3.279,18.6,150.0,137.7,146.3,9.2,0.0,,,80.0,77.0,,,,,454.0,,,,,,,,,,,,,,0.0,,0.0,,1.0,5962.7,,,,,,,,,,,,,,,,11868224.0,,,,,,,,,,0.0,3.131,497.1,,,,,,,,,,,,,,,,,,,,,""
9768773082,"2 sept. 2023, 11:47:48",Dernière avant la rentrée 😑,Vélo,Avec popo et moman 😍,9028,"53,53",,,false,"",Canyon Roadlite AL,activities/10472723556.fit.gz,,8.15,9028.0,7619.0,53538.6,18.156,7.027,577.8,821.0,255.3,545.6,10.3,0.0,,,,,,,,134.0,1015.0,,,,,,,,,,,,,,0.0,,0.0,,1.0,,,,,,,,,,,,,,,,12976174.0,,,,,,,,,,,0.0,5.93,72.9,,,,,,,,,,,,,,,,,,,,,""
9755909980,"31 août 2023, 06:12:54",🎯 100k,Vélo,Sortie à plat avec les loulous du 5e étage ,25375,"110,77",,,false,,Canyon Roadlite AL,activities/10459098898.fit.gz,,8.15,25375.0,16207.0,110771.8,19.394,6.835,949.1,1128.0,217.1,365.8,25.3,0.0,,,,,,,,123.0,1936.0,,,,,,,,,,,,,,0.0,,0.0,,1.0,,,,,,,,,,,,,,,,12976174.0,,,,,,,,,,,0.0,4.365,59.9,,,,,,,,,,,,,,,,,,,,,""
9749770877,"30 août 2023, 13:59:13",Pistoche avec alix,Natation,Road to tri #3,3451,925,,,false,,,activities/10452558026.fit.gz,,,3451.0,1226.0,925.0,15.384,0.754,0.0,0.0,0.0,0.0,0.0,0.0,,,,26.0,,,,,186.0,,,,,,,,,,,,,,0.0,,0.0,,1.0,,,,,,,,,,,,,,,,,,,,,,,,,,,0.0,0.268,0.0,,,,,,,,,,,,,,,,,,,,,""
9747862220,"30 août 2023, 08:13:40",Test footing à jeun 🤨,Course à pied,"",1464,"5,00",,,false,,Scott SUPERTRACK RC,activities/10450531960.fit.gz,,,1464.0,1464.0,5002.0,4.692,3.417,66.8,93.0,299.3,345.3,14.9,0.1,,,84.0,78.0,,,,,377.0,,,,,,,,,,,,,,0.0,,0.0,,1.0,5124.0,,,,,,,,,,,,,,,,14187896.0,,,,,,,,,,0.0,3.417,172.2,,,,,,,,,,,,,,,,,,,,,""
9735892389,"28 août 2023, 10:56:38",Retour pistoche,Vélo,"",2342,"13,89",,,true,,Lapierre ProRace900,activities/10437867043.fit.gz,,8.15,2342.0,2342.0,13893.8,9.918,5.932,116.2,96.0,247.3,334.7,7.7,0.5,,,,,,,,196.0,398.0,,,,,,,,,,,,,,0.0,,1.0,,1.0,,,,,,,,,,,,,,,,11713375.0,,,,,,,,,,,0.0,5.932,3026.3,,,,,,,,,,,,,,,,,,,,,""
9735595395,"28 août 2023, 09:34:17",Pistoche avec alix,Natation,Road to tri #2,4219,900,,,false,,,activities/10437555796.fit.gz,,,4219.0,1218.0,900.0,11.25,0.739,0.0,0.0,0.0,0.0,0.0,0.0,,,,27.0,,,,,183.0,,,,,,,,,,,,,,0.0,,0.0,,1.0,,,,,,,,,,,,,,,,,,,,,,,,,,,0.0,0.213,0.0,,,,,,,,,,,,,,,,,,,,,""
9735228572,"28 août 2023, 08:49:31",Aller pistoche,Vélo,"",1985,"14,06",,,true,,Lapierre ProRace900,activities/10437169783.fit.gz,,8.15,1985.0,1895.0,14068.0,11.675,7.424,44.2,138.0,247.3,334.8,5.7,-0.5,,,,,,,,216.0,430.0,,,,,,,,,,,,,,0.0,,1.0,,1.0,,,,,,,,,,,,,,,,11713375.0,,,,,,,,,,,0.0,7.087,3085.4,,,,,,,,,,,,,,,,,,,,,""
9732821151,"27 août 2023, 16:49:49",Dimanche footing,Course à pied,"Échauffement avec la sis'
+12x30/30 à plat
+6km seuil",4196,"12,86",,,false,,Scott SUPERTRACK RC,activities/10434608024.fit.gz,,,4196.0,3839.0,12864.2,6.152,3.351,147.4,288.0,269.4,355.2,15.5,0.0,,,89.0,78.0,,,,,943.0,,,,,,,,,,,,,,0.0,,0.0,,1.0,13217.5,,,,,,,,,,,,,,,,14187896.0,,,,,,,,,,0.0,3.066,3812.3,,,,,,,,,,,,,,,,,,,,,""
9726342777,"26 août 2023, 14:09:06",VTT avec ron's,Vélo,Remake des castors et baptêmes de son nouveau bike,15999,"36,12",,,false,,Lapierre ProRace900,activities/10427704199.fit.gz,,8.15,15999.0,9252.0,36124.6,15.063,3.905,852.9,1042.0,284.7,553.9,48.4,0.0,,,,,,,,142.0,1019.0,,,,,,,,,,,,,,0.0,,0.0,,1.0,,,,,,,,,,,,,,,,11713375.0,,,,,,,,,,,0.0,2.258,18548.4,,,,,,,,,,,,,,,,,,,,,media/edd86720-a174-4c19-9772-08685ec34c99.jpg|media/419e9fd1-91f6-443b-b7d4-155ac89cac2f.jpg|media/f94eab4c-c90c-4a31-98ce-3c63604d200a.jpg
9718916626,"25 août 2023, 15:03:50",Afternoon Ride,Vélo,"",3652,"15,32",,,false,,Lapierre ProRace900,activities/10419864652.fit.gz,,8.15,3652.0,3061.0,15325.0,13.38,5.007,236.8,208.0,266.2,361.3,10.7,0.4,,,,,,,,176.0,519.0,,,,,,,,,,,,,,0.0,,0.0,,1.0,,,,,,,,,,,,,,,,11713375.0,,,,,,,,,,,0.0,4.196,2922.5,,,,,,,,,,,,,,,,,,,,,""
9718914658,"25 août 2023, 13:21:14",Afternoon Ride,Vélo,"",967,"6,50",,,false,,Lapierre ProRace900,activities/10419862534.fit.gz,,8.15,967.0,967.0,6508.1,9.917,6.73,21.8,96.0,266.2,337.8,5.1,-1.0,,,,,,,,172.0,180.0,,,,,,,,,,,,,,0.0,,0.0,,1.0,,,,,,,,,,,,,,,,11713375.0,,,,,,,,,,,0.0,6.73,660.7,,,,,,,,,,,,,,,,,,,,,""
9697748727,"22 août 2023, 11:07:22",Retour pistoche,Vélo,"",2087,"14,01",,,true,,Canyon Roadlite AL,activities/10397462149.fit.gz,,8.15,2087.0,2087.0,14018.4,11.04,6.717,116.3,101.0,247.2,334.6,7.8,0.5,,,,,,,,121.0,344.0,,,,,,,,,,,,,,0.0,,1.0,,1.0,,,,,,,,,,,,,,,,12976174.0,,,,,,,,,,,0.0,6.717,3159.2,,,,,,,,,,,,,,,,,,,,,""
9697375500,"22 août 2023, 09:38:01",Pistoche avec alix,Natation,Road to triathlon #1,1640,375,,,false,,,activities/10397065331.fit.gz,,,1640.0,596.0,375.0,10.576,0.629,0.0,0.0,0.0,0.0,0.0,0.0,,,,23.0,,,,,75.0,,,,,,,,,,,,,,0.0,,0.0,,1.0,,,,,,,,,,,,,,,,,,,,,,,,,,,0.0,0.229,0.0,,,,,,,,,,,,,,,,,,,,,""
9696926159,"22 août 2023, 08:50:22",Aller pistoche,Vélo,"",1899,"14,13",,,true,,Canyon Roadlite AL,activities/10396579764.fit.gz,,8.15,1899.0,1875.0,14137.6,10.4,7.54,44.5,143.0,247.2,334.7,6.2,-0.5,,,,,,,,104.0,335.0,,,,,,,,,,,,,,0.0,,1.0,,1.0,,,,,,,,,,,,,,,,12976174.0,,,,,,,,,,,0.0,7.445,3068.3,,,,,,,,,,,,,,,,,,,,,""
9691952096,"21 août 2023, 12:50:02",Entraînement CO,Course à pied,"Relais à 2 avec Céline
Compliqué...",1445,"3,16",,,false,,VJ Bold X,activities/10391294394.fit.gz,,,1445.0,1319.0,3164.9,5.94,2.399,98.9,153.0,376.7,465.7,49.0,0.0,,,105.0,71.0,,,,,336.0,,,,,,,,,,,,,,0.0,,0.0,,1.0,3812.7,,,,,,,,,,,,,,,,11868232.0,,,,,,,,,,0.0,2.19,3164.9,,,,,,,,,,,,,,,,,,,,,media/5873f8b3-5e04-47f2-8114-391ee28ae10f.mp4|media/6a95ee02-8ee6-4c50-b523-b9ba67a4aa81.jpg
9690597798,"21 août 2023, 09:15:40",Entraînement CO,Course à pied,"",3495,"6,37",,,false,,VJ Bold X,activities/10389848326.fit.gz,,,3495.0,2636.0,6369.3,5.7,2.416,179.4,810.0,377.3,466.1,50.0,0.0,,,125.0,72.0,,,,,688.0,,,,,,,,,,,,,,0.0,,0.0,,1.0,7228.6,,,,,,,,,,,,,,,,11868232.0,,,,,,,,,,0.0,1.822,5182.6,,,,,,,,,,,,,,,,,,,,,media/fc3dcf75-c537-440b-91e3-7a4d47246fdc.jpg
9690334263,"21 août 2023, 09:02:38",Entraînement CO,Course à pied,Échauffement- Mémo 2 ,222,"0,59",,,false,,VJ Bold X,activities/10389561112.fit.gz,,,222.0,204.0,592.7,4.82,2.905,18.4,25.0,440.8,462.1,18.2,0.2,,,123.0,76.0,,,,,41.0,,,,,,,,,,,,,,0.0,,0.0,,1.0,670.0,,,,,,,,,,,,,,,,11868232.0,,,,,,,,,,0.0,2.67,0.0,,,,,,,,,,,,,,,,,,,,,""
9684559437,"20 août 2023, 06:36:59",Rando des castors 30k VTT,Vélo,"1ere moitié avec team fz puis solo, crevaison au bout de 20km....
Heureusement fab était là !",14924,"37,56",,,false,"",Lapierre ProRace900,activities/10383255290.fit.gz,,8.15,14924.0,8553.0,37567.7,16.587,4.392,936.7,1084.0,284.8,534.9,46.2,0.0,,,,,,,,180.0,1411.0,,,,,,,,,,,,,,0.0,,0.0,,1.0,,,,,,,,,,,,,,,,11713375.0,,,,,,,,,,,0.0,2.517,19026.2,,,,,,,,,,,,,,,,,,,,,media/d520ead4-303b-4925-9cfa-c5558bc9d055.jpg
9680201814,"19 août 2023, 13:56:44",Sortie avec alix's family,Vélo,2e fois à la hoube c'est dur,8780,"54,78",,,false,,Canyon Roadlite AL,activities/10378331314.fit.gz,,8.15,8780.0,7852.0,54782.5,17.17,6.977,745.2,890.0,200.6,619.4,21.8,0.1,,,,,,,,142.0,1012.0,,,,,,,,,,,,,,0.0,,0.0,,1.0,,,,,,,,,,,,,,,,12976174.0,,,,,,,,,,,0.0,6.239,4602.6,,,,,,,,,,,,,,,,,,,,,""
9674262107,"18 août 2023, 13:30:23",Mont Sainte-Odile 🎯,Vélo,"Un iti plus que douteux agrémenté de routes barrées et de détours, mais qu'est ce que c'est beau l'Alsace 🫶

+ bonus la montre qui s'éteint à 5 km de la maison...",12569,"74,77",,,false,"",Canyon Roadlite AL,activities/10372062996.fit.gz,,8.15,12569.0,9789.0,74778.7,18.46,7.639,799.9,889.0,147.2,759.7,10.8,0.0,,,,,,,,157.0,1897.0,,,,,,,,,,,,,,0.0,,0.0,,1.0,,,,,,,,,,,,,,,,12976174.0,,,,,,,,,,,0.0,5.949,491.4,,,,,,,,,,,,,,,,,,,,,media/6cc6fa39-63a5-4630-b1c8-0a8622704493.jpg|media/130af25a-c4de-473a-be86-13b96c475d14.jpg
9671338880,"18 août 2023, 08:55:26",Morning Walk,Marche,,2521,"1,68",,,false,,Salomon Spectur,activities/10368951407.fit.gz,,,2521.0,1799.0,1686.8,2.332,0.938,7.7,63.0,141.8,149.5,7.6,0.4,,,86.0,50.0,,,,,148.0,,,,,,,,,,,,,,,,0.0,,1.0,,,,,,,,,,,,,,,,,11868224.0,,,,,,,,,,0.0,0.669,1456.9,,,,,,,,,,,,,,,,,,,,,""
9661411077,"16 août 2023, 17:29:14",Velo chez mamie #1,Vélo,J'ai perdu un bouchon de cintre...,4392,"32,45",,,false,,Canyon Roadlite AL,activities/10358500442.fit.gz,,8.15,4392.0,3775.0,32449.2,12.393,8.596,34.0,140.0,147.2,176.9,3.6,0.0,,,,,,,,159.0,708.0,,,,,,,,,,,,,,0.0,,0.0,,1.0,,,,,,,,,,,,,,,,12976174.0,,,,,,,,,,,0.0,7.388,0.0,,,,,,,,,,,,,,,,,,,,,media/c73913e4-83af-4f63-b2ce-12a5e0cd38a4.jpg
9648238171,"14 août 2023, 19:29:51",Running sous les étoiles,Course à pied,"41e scratch 2e junior + PR au 10k 🤯
Parti trop vite, mais ça passe quand même :)",3249,"12,16",,,false,,Scott SUPERTRACK RC,activities/10344663334.fit.gz,,,3249.0,3242.0,12160.9,5.76,3.751,155.2,268.0,260.0,324.8,19.8,0.0,,,109.0,80.0,,,,,902.0,,,,,,,,,,,,,,0.0,,0.0,,1.0,12494.7,,,,,,,,,,,,,,,,14187896.0,,,,,,,,,,0.0,3.743,1107.7,,,,,,,,,,,,,,,,,,,,,""
9644456471,"14 août 2023, 07:51:14",Morning Walk,Marche,"",7745,"10,66",,,false,,Scott SUPERTRACK RC,activities/10340695923.fit.gz,,,7745.0,7054.0,10664.5,2.866,1.512,253.8,516.0,396.1,497.3,45.7,0.0,,,114.0,57.0,,,,,818.0,,,,,,,,,,,,,,0.0,,0.0,,1.0,,,,,,,,,,,,,,,,,14187896.0,,,,,,,,,,0.0,1.377,7199.0,,,,,,,,,,,,,,,,,,,,,""
9639546053,"13 août 2023, 12:17:31",Afternoon Ride,Vélo,"",5066,"36,16",,,false,,Canyon Roadlite AL,activities/10335500166.fit.gz,,8.15,5066.0,4516.0,36166.9,18.607,8.009,493.3,572.0,278.4,545.6,9.9,0.0,,,,,,,,184.0,876.0,,,,,,,,,,,,,,0.0,,0.0,,1.0,,,,,,,,,,,,,,,,12976174.0,,,,,,,,,,,0.0,7.139,0.0,,,,,,,,,,,,,,,,,,,,,""
9634272249,"12 août 2023, 16:11:33",Fractionné en côte,Course à pied,"Footing + 2 x ( 8*45"", r=30"" ) + Retour maison",3113,"9,25",,,false,"",Scott SUPERTRACK RC,activities/10329910550.fit.gz,,,3113.0,2928.0,9258.1,6.022,3.162,250.3,282.0,311.8,354.6,16.3,0.1,,,90.0,78.0,,,,,722.0,,,,,,,,,,,,,,0.0,,0.0,,1.0,10046.8,,,,,,,,,,,,,,,,14187896.0,,,,,,,,,,0.0,2.974,5990.2,,,,,,,,,,,,,,,,,,,,,""
9625209750,"11 août 2023, 07:50:15",60k du matin,Vélo,La hoube c'est un col hors catégorie ou quoi?,8343,"58,38",,,false,,Canyon Roadlite AL,activities/10320344448.fit.gz,,8.15,8343.0,7259.0,58383.6,21.694,8.043,787.3,888.0,217.3,619.2,28.7,0.0,,,,,,,,181.0,1441.0,,,,,,,,,,,,,,0.0,,0.0,,1.0,,,,,,,,,,,,,,,,12976174.0,,,,,,,,,,,0.0,6.998,2326.2,,,,,,,,,,,,,,,,,,,,,""
9607718533,"8 août 2023, 12:35:35",Blabladonon w/ Chloé,Vélo,"Petite ""remise en jambe"" pour le C (un peu longue javoue)",16387,"85,49",,,false,,Canyon Roadlite AL,activities/10301870677.fit.gz,,8.15,16387.0,12139.0,85492.1,19.513,7.043,943.2,1279.0,273.7,807.8,18.4,0.0,,,,,,,,132.0,1519.0,,,,,,,,,,,,,,0.0,,0.0,,1.0,,,,,,,,,,,,,,,,12976174.0,,,,,,,,,,,0.0,5.217,0.0,,,,,,,,,,,,,,,,,,,,,media/a1469d6b-ccce-4ed3-bd2d-0f79aef41fd6.mp4|media/dcc08b01-9f3e-4851-a26e-ad72b212658d.jpg
9595871064,"6 août 2023, 17:01:31",Inter 5*500m r = 1',Course à pied,Entraînement suggéré par garmin 🤷‍♂️,2072,"7,07",,,false,,Salomon Spectur,activities/10289366816.fit.gz,,,2072.0,1947.0,7073.8,6.25,3.633,85.9,111.0,303.3,340.0,16.4,0.0,,,111.0,79.0,,,,,527.0,,,,,,,,,,,,,,0.0,,0.0,,1.0,7196.1,,,,,,,,,,,,,,,,11868224.0,,,,,,,,,,0.0,3.414,0.0,,,,,,,,,,,,,,,,,,,,,""
9594056361,"5 août 2023, 12:52:46",Afternoon Walk,Marche,,6445,"7,98",,,false,,Salomon Spectur,activities/10287456768.fit.gz,,,6445.0,5401.0,7981.3,2.468,1.478,217.8,406.0,304.9,443.8,15.8,0.9,,,85.0,56.0,,,,,658.0,,,,,,,,,,,,,,,,0.0,,1.0,,,,,,,,,,,,,,,,,11868224.0,,,,,,,,,,0.0,1.238,7765.0,,,,,,,,,,,,,,,,,,,,,""
9586276362,"5 août 2023, 09:43:28",Lunch ride,Vélo,Un rayon de soleil = vite sur le vélo ,1776,"15,30",,,false,,Canyon Roadlite AL,activities/10279209199.fit.gz,,8.15,1776.0,1776.0,15300.8,15.56,8.615,215.3,243.0,262.9,403.4,8.6,0.0,,,,,,,,201.0,426.0,,,,,,,,,,,,,,0.0,,0.0,,1.0,,,,,,,,,,,,,,,,12976174.0,,,,,,,,,,,0.0,8.615,0.0,,,,,,,,,,,,,,,,,,,,,""
9582553903,"4 août 2023, 15:48:41",Sortie rodage de la nouvelle machine 😍😍,Vélo,Chillax avec papa maman,3731,"24,56",,,false,,Canyon Roadlite AL,activities/10275273120.fit.gz,,10.5,3731.0,3389.0,24562.5,20.166,7.248,159.4,235.0,264.5,360.6,13.6,0.0,,,,,,,,133.0,443.0,,,,,,,,,,,,,,0.0,,0.0,,1.0,,,,,,,,,,,,,,,,12976174.0,,,,,,,,,,,0.0,6.583,21.2,,,,,,,,,,,,,,,,,,,,,media/01e40d41-5ae8-4edf-8eef-cb9739c937ea.jpg
9563149401,"1 août 2023, 14:20:41",Blabla trail avec Chloé,Course à pied,"",6895,"10,60",,,false,,Salomon Speedcross 5,activities/10254795685.fit.gz,,,6895.0,4491.0,10603.6,4.7,2.361,350.9,476.0,342.5,555.3,49.5,0.0,,,120.0,75.0,,,,,846.0,,,,,,,,,,,,,,0.0,,0.0,,1.0,12341.6,,,,,,,,,,,,,,,,11868244.0,,,,,,,,,,0.0,1.538,9049.8,,,,,,,,,,,,,,,,,,,,,""
9551679469,"30 juil. 2023, 15:54:57",Run and bike w/ sista,Course à pied,"",6707,"14,66",,,false,"",Scott SUPERTRACK RC,activities/10242567442.fit.gz,,,6707.0,4150.0,14665.7,5.684,3.534,367.9,377.0,278.6,389.7,48.2,0.0,,,102.0,80.0,,,,,1032.0,,,,,,,,,,,,,,0.0,,0.0,,1.0,15529.0,,,,,,,,,,,,,,,,14187896.0,,,,,,,,,,0.0,2.187,3198.3,,,,,,,,,,,,,,,,,,,,,""
9513178293,"24 juil. 2023, 15:44:18",Sortie après la pluie 🌧,Course à pied,Mes mollets sont des poutres. (On recup comme on peut),2940,"10,01",,,false,,Scott SUPERTRACK RC,activities/10202016229.fit.gz,,,2940.0,2863.0,10009.5,5.92,3.496,137.4,261.0,269.4,338.5,47.1,0.0,,,83.0,80.0,,,,,745.0,,,,,,,,,,,,,,0.0,,0.0,,1.0,10274.9,,,,,,,,,,,,,,,,14187896.0,,,,,,,,,,0.0,3.405,3782.4,,,,,,,,,,,,,,,,,,,,,""
9501954846,"22 juil. 2023, 17:30:19",10km//Ronde des globules,Course à pied,"Parti trop vite, le deniv qui casse les jambes bref un calvaire (27e scratch, 2e junior)",2945,"10,19",,,false,,Salomon Spectur,activities/10190072941.fit.gz,,,2945.0,2938.0,10192.6,5.82,3.469,198.5,313.0,249.4,355.4,26.8,-0.1,,,89.0,80.0,,,,,836.0,,,,,,,,,,,,,,0.0,,0.0,,1.0,10678.1,,,,,,,,,,,,,,,,11868224.0,,,,,,,,,,0.0,3.461,5425.1,,,,,,,,,,,,,,,,,,,,,media/d5a63084-2d0c-490b-a76c-740cc79448ea.jpg
9490264830,"20 juil. 2023, 13:57:08",Sortie reco VTT,Vélo,"Quelques pentes bien raides, mais au moins je me suis pas perdu :)",11744,"31,10",,,false,"",Lapierre ProRace900,activities/10177622258.gpx.gz,,10.5,11744.0,6350.0,31100.7,13.389,4.898,685.3,684.8,281.2,473.3,32.5,0.0,,,,,,,,174.0,1235.0,,,,,,,,,,,,,,0.0,,0.0,,1.0,,,,,,,,,,,,,,,,11713375.0,,,,,,,,,,,0.0,2.648,13230.0,,,,,,,,,,,,,,,,,,,,,media/1ebabea6-b683-4371-bcaa-2c122e0bae5d.jpg|media/42f61310-ee07-4de0-8d31-1b67380f3de1.jpg|media/5ec54d85-f658-4159-8a62-d9b3dd043341.jpg
9469864107,"17 juil. 2023, 17:45:35",VTT avec e-mamounette,Vélo,"",3267,"14,46",,,false,,Lapierre ProRace900,activities/10156199627.fit.gz,,10.5,3267.0,2932.0,14463.3,17.46,4.933,216.2,268.0,278.9,396.2,32.5,0.0,,,,,,,,157.0,413.0,,,,,,,,,,,,,,0.0,,0.0,,1.0,,,,,,,,,,,,,,,,11713375.0,,,,,,,,,,,0.0,4.427,5364.7,,,,,,,,,,,,,,,,,,,,,""
9462664851,"16 juil. 2023, 08:59:21",Sortie avec les ptis vieux,Vélo,Crevaison au bout de 40km... bon jvais changer de vélo,8649,"38,41",,,false,,Peugeot legend,activities/10148572377.fit.gz,,10.5,8649.0,5021.0,38410.1,14.25,7.65,205.7,374.0,249.9,334.7,10.2,-0.2,,,,,,,,131.0,986.0,,,,,,,,,,,,,,0.0,,0.0,,1.0,,,,,,,,,,,,,,,,12538656.0,,,,,,,,,,,0.0,4.441,3667.6,,,,,,,,,,,,,,,,,,,,,media/b50c33ad-c9b8-49d9-ad68-040ee14a3698.jpg|media/1d5aa786-1cd2-4116-a9bb-de84c5bfb265.jpg
9448528158,"14 juil. 2023, 09:23:18",Sortie express,Course à pied,"",1440,"5,18",,,false,,Salomon Spectur,activities/10133585415.fit.gz,,,1440.0,1440.0,5186.0,5.286,3.601,73.0,96.0,309.4,353.2,15.3,0.0,,,83.0,79.0,,,,,386.0,,,,,,,,,,,,,,0.0,,0.0,,1.0,5327.6,,,,,,,,,,,,,,,,11868224.0,,,,,,,,,,0.0,3.601,908.2,,,,,,,,,,,,,,,,,,,,,""
9437570913,"12 juil. 2023, 13:24:16",Trempette dans l'étang du stock,Natation,"",4268,500,,,false,,,activities/10122085181.fit.gz,,,4268.0,590.0,500.0,20.0,0.847,0.0,,,,0.0,0.0,,,,30.0,,,,,121.0,,,,,,,,,,,,,,0.0,,0.0,,1.0,,,,,,,,,,,,,,,,,,,,,,,,,,,0.0,0.117,0.0,,,,,,,,,,,,,,,,,,,,,""
9431783933,"11 juil. 2023, 16:13:46",Road to triathlon,Natation,Ça va être dur...,2132,450,,,false,,,activities/10115999044.fit.gz,,,2132.0,408.0,450.0,1.668,1.103,0.0,,,,0.0,0.0,,,,29.0,,,,,108.0,,,,,,,,,,,,,,0.0,,0.0,,1.0,,,,,,,,,,,,,,,,,,,,,,,,,,,0.0,0.211,0.0,,,,,,,,,,,,,,,,,,,,,""
9424499459,"10 juil. 2023, 11:45:00",Donon avec le thoms,Vélo,"",9342,"60,02",,,false,,Peugeot legend,activities/10108340823.fit.gz,,10.5,9342.0,8600.0,60022.7,18.416,6.979,1027.4,1209.0,297.4,807.7,11.4,0.0,,,,,,,,154.0,1434.0,,,,,,,,,,,,,,0.0,,0.0,,1.0,,,,,,,,,,,,,,,,12538656.0,,,,,,,,,,,0.0,6.425,0.0,,,,,,,,,,,,,,,,,,,,,""
9406746469,"7 juil. 2023, 15:50:53",Plan d'eau abresch ,Natation,"",3130,175,,,false,,,activities/10089483021.fit.gz,,,3130.0,168.0,175.0,1.192,1.042,0.0,,,,0.0,0.0,,,,31.0,,,,,41.0,,,,,,,,,,,,,,0.0,,0.0,,1.0,,,,,,,,,,,,,,,,,,,,,,,,,,,0.0,0.056,0.0,,,,,,,,,,,,,,,,,,,,,""
9400612989,"6 juil. 2023, 14:22:25",Sortie sous le soleil,Vélo,"Pas les jambes pour defoncer le donon, donc on tape des petites côtes..",5795,"44,35",,,false,,Peugeot legend,activities/10083028122.fit.gz,,10.5,5795.0,5420.0,44357.8,17.252,8.184,425.9,525.0,255.9,445.7,14.4,0.0,,,,,,,,172.0,1146.0,,,,,,,,,,,,,,0.0,,0.0,,1.0,,,,,,,,,,,,,,,,12538656.0,,,,,,,,,,,0.0,7.654,79.0,,,,,,,,,,,,,,,,,,,,,""
9388078264,"4 juil. 2023, 16:09:36",Sortie d'après tdf,Course à pied,A défaut de faire du vélo avec ce temps...,3545,"11,92",,,false,,Salomon Speedcross 5,activities/10069836045.fit.gz,,,3545.0,3416.0,11922.3,5.5,3.49,185.7,244.0,278.8,355.7,27.3,0.0,,,86.0,80.0,,,,,907.0,,,,,,,,,,,,,,0.0,,0.0,,1.0,12348.7,,,,,,,,,,,,,,,,11868244.0,,,,,,,,,,0.0,3.363,4474.8,,,,,,,,,,,,,,,,,,,,,""
9376099003,"2 juil. 2023, 15:04:02",VTT chill avec sœurette,Vélo,"",6801,"18,61",,,false,,Lapierre ProRace900,activities/10057202192.fit.gz,,,6801.0,4906.0,18615.3,9.82,3.794,349.6,431.0,281.8,449.6,39.0,0.0,,,109.0,61.0,,,,121.0,916.0,,,,,,,,,,,,,,0.0,,0.0,,1.0,19551.3,,,,,,,,,,,,,,,11713375.0,,,,,,,,,,,0.0,2.737,8289.9,,,,,,,,,,,,,,,,,,,,,""
9330362637,"25 juin 2023, 07:30:24",🎯 Trail de Dabo 2023,Course à pied,"Trail de la Zorn 19 km, 880D+
On passe sous les 2 heures, 1er junior 🥳🥳🥳",7154,"19,16",,,false,,Salomon Speedcross 5,activities/10008388886.fit.gz,,,7154.0,6998.0,19163.6,5.9,2.738,725.2,1003.0,271.3,630.1,45.7,0.0,,,118.0,75.0,,,,,1755.0,,,,,,,,,,,,,,0.0,,0.0,,1.0,22850.5,,,,,,,,,,,,,,,,11868244.0,,,,,,,,,,0.0,2.679,12818.0,,,,,,,,,,,,,,,,,,,,,media/85df9d90-1cfe-4298-96c4-f590a2a1939f.jpg
9321023110,"23 juin 2023, 18:11:33",Evening Ride,Vélo,,875,"4,37",,,false,,Peugeot legend,activities/9998482846.fit.gz,,10.5,875.0,875.0,4370.0,11.588,4.994,83.5,42.0,271.1,334.8,8.4,1.2,,,,,,,,109.0,200.0,,,,,,,,,,,,,,,,0.0,,1.0,,,,,,,,,,,,,,,,12538656.0,,,,,,,,,,,0.0,4.994,3345.4,,,,,,,,,,,,,,,,,,,,,""
9320693281,"23 juin 2023, 16:30:05",Entraînement CO ,Course à pied,Physiquement OK mais carnage techniquement (la trace parle),2931,"5,39",,,false,,Salomon Spectur,activities/9998134741.fit.gz,,,2931.0,2045.0,5398.3,5.02,2.64,100.8,226.0,276.3,334.0,16.1,0.0,,,98.0,76.0,,,,,520.0,,,,,,,,,,,,,,0.0,,0.0,,1.0,5711.9,,,,,,,,,,,,,,,,11868224.0,,,,,,,,,,0.0,1.842,0.0,,,,,,,,,,,,,,,,,,,,,""
9320687783,"23 juin 2023, 15:47:55",Afternoon Ride,Vélo,,591,"4,15",,,false,,Peugeot legend,activities/9998129123.fit.gz,,10.5,591.0,564.0,4150.0,12.607,7.358,34.5,83.0,273.7,338.7,13.6,-1.1,,,,,,,,114.0,105.0,,,,,,,,,,,,,,,,0.0,,1.0,,,,,,,,,,,,,,,,12538656.0,,,,,,,,,,,0.0,7.022,2994.5,,,,,,,,,,,,,,,,,,,,,""
9303259896,"20 juin 2023, 17:55:55",Quart de finale,Football,Perdu mais la tête haute..,4478,"6,31",,,false,,,activities/9979731513.fit.gz,,,4478.0,3799.0,6315.5,5.24,1.662,0.0,131.0,132.2,134.2,4.0,0.0,,,122.0,66.0,,,,,609.0,,,,,,,,,,,,,,0.0,,0.0,,1.0,6347.2,,,,,,,,,,,,,,,,,,,,,,,,,,0.0,1.41,0.0,,,,,,,,,,,,,,,,,,,,,""
9271765554,"15 juin 2023, 16:46:34",Intervalles post gouter,Course à pied,Échauffement + 2*(8*30/30) r = 4',2164,"4,39",,,false,,Salomon Spectur,activities/9946169335.fit.gz,,,2164.0,1110.0,4396.9,7.244,3.961,0.0,88.0,135.4,137.1,2.5,0.0,,,105.0,81.0,,,,,273.0,,,,,,,,,,,,,,0.0,,0.0,,1.0,4414.7,,,,,,,,,,,,,,,,11868224.0,,,,,,,,,,0.0,2.032,0.0,,,,,,,,,,,,,,,,,,,,,""
9266340151,"14 juin 2023, 18:30:34",Evening Run,Football,"",3566,"5,25",,,false,,,activities/9940454147.fit.gz,,,3566.0,2999.0,5249.5,6.188,1.75,2.1,88.0,131.4,134.3,6.2,0.0,,,124.0,66.0,,,,,456.0,,,,,,,,,,,,,,0.0,,0.0,,1.0,5337.5,,,,,,,,,,,,,,,,,,,,,,,,,,0.0,1.472,0.0,,,,,,,,,,,,,,,,,,,,,""
9247478647,"11 juin 2023, 15:45:44",Route decompressage,Vélo,"On essaye de tenir les 30, craquage sur le ptit deniv de fin..",7913,"56,49",,,false,,Peugeot legend,activities/9920556194.fit.gz,,10.5,7913.0,6953.0,56495.0,17.722,8.125,292.2,438.0,250.4,357.0,13.4,0.0,,,,,,,,154.0,1433.0,,,,,,,,,,,,,,0.0,,0.0,,1.0,,,,,,,,,,,,,,,,12538656.0,,,,,,,,,,,0.0,7.14,7602.4,,,,,,,,,,,,,,,,,,,,,""
9239882638,"10 juin 2023, 14:09:23",Décrassage avec El famoso madré,Vélo,"",4057,"19,82",,,false,,Peugeot legend,activities/9912485405.fit.gz,,10.5,4057.0,3193.0,19828.6,17.98,6.21,131.3,229.0,268.4,356.9,7.7,0.0,,,,,,,,90.0,405.0,,,,,,,,,,,,,,0.0,,0.0,,1.0,,,,,,,,,,,,,,,,12538656.0,,,,,,,,,,,0.0,4.888,3426.3,,,,,,,,,,,,,,,,,,,,,""
9234679110,"9 juin 2023, 15:04:19",Match amical contre les 2e année ,Course à pied,"",4182,"2,86",,,false,,Salomon Spectur,activities/9906972612.fit.gz,,,4182.0,1374.0,2867.3,5.228,2.087,0.0,46.0,133.2,135.7,3.9,-0.1,,,118.0,69.0,,,,,258.0,,,,,,,,,,,,,,0.0,,0.0,,1.0,2871.8,,,,,,,,,,,,,,,,11868224.0,,,,,,,,,,0.0,0.686,0.0,,,,,,,,,,,,,,,,,,,,,""
9196626267,"3 juin 2023, 18:22:13",Footing w/Mastu,Course à pied,"",3325,"8,16",,,false,,Salomon Spectur,activities/9866849698.fit.gz,,,3325.0,2666.0,8161.5,8.1,3.061,38.7,308.0,131.5,146.1,39.2,0.0,,,81.0,78.0,,,,,577.0,,,,,,,,,,,,,,0.0,,0.0,,1.0,8237.4,1685815168.0,1.0,24.0,23.3,10.3,0.42,1014.5,3.9,8.3,42.0,0.0,1685763072.0,1685820288.0,0.5,,11868224.0,0.0,1.0,0.05,32244.1,0.0,,,,,0.0,2.455,1026.8,,,,,,,,,,,,,,,,,,,,,""
9183666133,"1 juin 2023, 16:40:25",Inter avec gugus,Course à pied,"Échauffement + 2*(8*30""/30"") r = 4'",2200,"4,22",,,false,,Salomon Spectur,activities/9853134813.fit.gz,,,2200.0,1077.0,4220.4,8.818,3.919,0.0,37.0,136.3,138.0,2.9,0.0,,,101.0,82.0,,,,,257.0,,,,,,,,,,,,,,0.0,,0.0,,1.0,4236.6,1685635200.0,2.0,26.9,26.0,9.5,0.34,1014.7,3.7,8.1,24.0,0.0,1685590272.0,1685647360.0,0.375,,11868224.0,0.0,1.0,0.46,31567.2,2.0,,,,,0.0,1.918,0.0,,,,,,,,,,,,,,,,,,,,,media/764fdda7-3b5f-42e7-b13f-24002dd5e9f6.jpg
9171567236,"30 mai 2023, 18:50:22",Sortie du soir with merlich,Course à pied,On était parti pour un 'petit footing' mais on a dérapé...,2375,"8,54",,,false,,Salomon Spectur,activities/9840390513.fit.gz,,,2375.0,2300.0,8540.3,5.608,3.713,9.5,193.0,137.6,144.9,4.8,0.0,,,82.0,79.0,,,,,621.0,,,,,,,,,,,,,,0.0,,0.0,,1.0,8561.0,1685469568.0,1.0,22.5,21.5,7.5,0.38,1019.0,4.7,9.5,36.0,0.0,1685417600.0,1685474432.0,0.375,,11868224.0,0.0,1.0,0.09,31868.6,0.0,,,,,0.0,3.596,1543.4,,,,,,,,,,,,,,,,,,,,,""
9161599612,"29 mai 2023, 08:17:27",Sortie sous le soleil,Vélo,40k chill jusqu'au château de lutz,6199,"40,02",,,false,,Peugeot legend,activities/9829843206.fit.gz,,10.5,6199.0,5424.0,40028.9,17.064,7.38,490.2,577.0,214.0,420.1,28.2,0.0,,,,,,,,159.0,1146.0,,,,,,,,,,,,,,0.0,,0.0,,1.0,,1685347200.0,1.0,18.0,17.3,9.1,0.56,1018.4,3.7,8.2,60.0,0.0,1685331328.0,1685388160.0,0.375,12538656.0,,0.0,1.0,0.0,28628.1,4.0,,,,,0.0,6.457,1031.2,,,,,,,,,,,,,,,,,,,,,media/c78ff394-438b-4179-a72e-6685d3fab4c2.jpg
9152209832,"27 mai 2023, 18:01:01",Sortie test après réparation du Peugeot,Vélo,"",1034,"8,97",,,false,,Peugeot legend,activities/9819783633.fit.gz,,13.0,1034.0,1034.0,8971.8,13.868,8.677,104.3,94.0,263.2,356.9,6.0,0.0,,,,,,,,194.0,185.0,,,,,,,,,,,,,,0.0,,0.0,,1.0,,1685210368.0,1.0,20.9,20.1,9.0,0.46,1018.9,3.6,7.7,68.0,0.0,1685158656.0,1685215232.0,0.25,12538656.0,,0.0,1.0,0.0,29732.9,0.0,,,,,0.0,8.677,0.0,,,,,,,,,,,,,,,,,,,,,""
9134090609,"24 mai 2023, 18:34:54",Match 3 - Poules,Football,Défaite 2-1 c'est terrible,4230,"4,65",,,false,,,activities/9799317688.fit.gz,,,4230.0,2851.0,4654.3,6.02,1.633,0.0,113.0,131.8,134.3,4.1,0.0,,,119.0,67.0,,,,,473.0,,,,,,,,,,,,,,0.0,,0.0,,1.0,4674.1,1684951168.0,1.0,15.6,14.5,4.3,0.47,1019.8,4.4,9.1,27.0,0.0,1684899456.0,1684955648.0,0.125,,,0.0,1.0,0.33,27229.9,0.0,,,,,0.0,1.1,0.0,,,,,,,,,,,,,,,,,,,,,""
9112525779,"21 mai 2023, 05:31:29",CFC - N3 relais 2 (40min),Course à pied,Plantage de la 1 et 8.. je peux tuer la course en 45 min quoi,3319,"6,88",,,false,,Salomon Speedcross 5,activities/9775216461.fit.gz,,,3319.0,2992.0,6883.5,5.76,2.301,231.8,335.0,1197.3,1282.3,32.1,0.0,,,122.0,70.0,,,,,636.0,,,,,,,,,,,,,,0.0,,0.0,,1.0,7952.9,1684645248.0,3.0,9.4,8.7,7.0,0.85,1012.5,0.6,1.7,62.0,0.0,1684641536.0,1684696192.0,0.125,,11868244.0,0.38,5.0,0.92,20835.0,0.0,,,,,0.0,2.074,6883.5,,,,,,,,,,,,,,,,,,,,,media/8a132bd4-a93a-420c-96ce-482530f1c7d5.jpg
9107746879,"20 mai 2023, 13:22:00",CFMD - Open H20,Course à pied,"Carnages sur 2-5-10-15, bref le noir c'est pas pour moi ",4106,"6,93",,,false,,Salomon Speedcross 5,activities/9770128451.fit.gz,,,4106.0,3340.0,6934.1,7.9,2.076,212.3,369.0,1171.4,1275.2,29.3,0.5,,,124.0,71.0,,,,,740.0,,,,,,,,,,,,,,0.0,,0.0,,1.0,7902.3,1684587648.0,3.0,16.4,15.7,8.6,0.6,1011.4,1.3,5.0,11.0,0.0,1684555136.0,1684609664.0,0.0,,11868244.0,0.41,5.0,0.95,23745.3,4.0,,,,,0.0,1.689,0.0,,,,,,,,,,,,,,,,,,,,,""
9093052668,"18 mai 2023, 08:30:27",Run and bike w/roro,Course à pied,"8e de la caté duo hommes, pas mal pour une première contre des triathlonneurs",4439,"15,78",,,false,,Salomon Speedcross 5,activities/9754611864.fit.gz,,,4439.0,4379.0,15787.0,9.02,3.605,451.9,554.0,304.1,486.7,24.9,0.0,,,94.0,78.0,,,,,1014.0,,,,,,,,,,,,,,0.0,,0.0,,1.0,17414.5,1684396800.0,1.0,10.3,9.3,3.4,0.62,1024.0,4.4,10.1,63.0,0.0,1684381696.0,1684436992.0,0.0,,11868244.0,0.0,1.0,0.18,23059.3,3.0,,,,,0.0,3.556,10523.6,,,,,,,,,,,,,,,,,,,,,""
9063561201,"13 mai 2023, 12:44:07",Entraînement CO,Course à pied,"",2470,"5,01",,,false,,VJ Bold X,activities/9723299766.fit.gz,,,2470.0,2129.0,5012.5,5.696,2.354,148.2,266.0,474.6,565.4,35.9,0.4,,,96.0,74.0,,,,,531.0,,,,,,,,,,,,,,0.0,,0.0,,1.0,5721.9,1683979264.0,3.0,14.6,13.9,7.8,0.64,1017.8,4.4,10.9,66.0,0.0,1683950080.0,1684004608.0,0.875,,11868232.0,0.0,1.0,0.89,26593.4,4.0,,,,,0.0,2.029,2985.2,,,,,,,,,,,,,,,,,,,,,""
9060027582,"12 mai 2023, 17:42:24",Match 2 - Poules,Football,On s'incline 1-0 mais on reviendra plus forts!,3534,"5,51",,,false,,,activities/9719580004.fit.gz,,,3534.0,3255.0,5512.3,6.3,1.693,2.5,117.0,131.8,135.1,5.1,0.0,,,122.0,70.0,,,,,493.0,,,,,,,,,,,,,,0.0,,0.0,,1.0,5552.4,1683910784.0,3.0,16.9,16.3,10.0,0.64,1013.6,4.0,7.6,26.0,0.0,1683863552.0,1683917952.0,0.875,,,0.78,5.0,0.82,27251.8,1.0,,,,,0.0,1.56,0.0,,,,,,,,,,,,,,,,,,,,,""
9004336683,"3 mai 2023, 16:18:13",Sortie express solo avant l'induction,Course à pied,"",1495,"5,33",,,false,,Salomon Spectur,activities/9660593965.fit.gz,,,1495.0,1396.0,5334.2,7.036,3.821,5.7,110.0,137.6,143.4,9.3,0.0,,,88.0,80.0,,,,,361.0,,,,,,,,,,,,,,0.0,,0.0,,1.0,5349.2,,,,,,,,,,,,,,,,11868224.0,,,,,,,,,,0.0,3.568,168.1,,,,,,,,,,,,,,,,,,,,,""
8989917837,"1 mai 2023, 10:30:22",Aller retour walsch - retour,Vélo,"",1475,"8,50",,,false,,Lapierre ProRace900,activities/9645325508.fit.gz,,13.0,1475.0,1475.0,8501.8,14.088,5.764,151.3,187.0,292.6,422.7,13.5,-0.4,,,,,,,,198.0,267.0,,,,,,,,,,,,,,0.0,,0.0,,1.0,,,,,,,,,,,,,,,,11713375.0,,,,,,,,,,,0.0,5.764,2070.4,,,,,,,,,,,,,,,,,,,,,""
8989916977,"1 mai 2023, 08:11:10",Reco run and bike en full bike,Vélo,Super circuit ça va être que du kiff🤩 ,6647,"16,03",,,false,,Lapierre ProRace900,activities/9645324522.fit.gz,,13.0,6647.0,4483.0,16037.0,15.063,3.577,464.2,570.0,304.1,486.7,34.8,0.0,,,,,,,,140.0,595.0,,,,,,,,,,,,,,0.0,,0.0,,1.0,,,,,,,,,,,,,,,,11713375.0,,,,,,,,,,,0.0,2.413,10609.1,,,,,,,,,,,,,,,,,,,,,""
8989913541,"1 mai 2023, 07:34:25",Aller retour walsch - aller,Vélo,Le seul con qui se trompe de point de rdv ? C moi,1805,"9,75",,,false,,Lapierre ProRace900,activities/9645320934.fit.gz,,13.0,1805.0,1606.0,9754.0,14.762,6.073,143.8,121.0,295.9,361.0,28.2,0.3,,,,,,,,227.0,342.0,,,,,,,,,,,,,,0.0,,0.0,,1.0,,,,,,,,,,,,,,,,11713375.0,,,,,,,,,,,0.0,5.404,1401.7,,,,,,,,,,,,,,,,,,,,,""
8980514643,"29 avr. 2023, 12:57:08",Aller retour city 🤩,Vélo,"",14195,"15,54",,,false,,Lapierre ProRace900,activities/9635280441.fit.gz,,13.0,14195.0,2197.0,15544.1,12.272,7.075,127.4,180.0,266.0,334.8,7.6,0.0,,,,,,,,236.0,473.0,,,,,,,,,,,,,,0.0,,0.0,,1.0,,,,,,,,,,,,,,,,11713375.0,,,,,,,,,,,0.0,1.095,6086.0,,,,,,,,,,,,,,,,,,,,,""
8955240900,"25 avr. 2023, 14:39:29",VTT solo,Vélo,J'ai vu un chevreuil :),5455,"18,30",,,false,,Lapierre ProRace900,activities/9608519502.fit.gz,,13.0,5455.0,3799.0,18305.0,13.086,4.818,326.5,360.0,281.8,444.1,30.1,0.0,,,,,,,,164.0,460.0,,,,,,,,,,,,,,0.0,,0.0,,1.0,,,,,,,,,,,,,,,,11713375.0,,,,,,,,,,,0.0,3.356,4579.5,,,,,,,,,,,,,,,,,,,,,media/81bdff1a-3822-4337-8fc5-09946fb6b03e.jpg
8949451281,"24 avr. 2023, 16:12:51",Petit 10k - Entraînement run and bike,Course à pied,C'est moins facile quand c'est pas le bitume plat de stras...,3019,"10,01",,,false,,Salomon Spectur,activities/9602405695.fit.gz,,,3019.0,2791.0,10010.6,5.66,3.587,157.8,213.0,284.6,352.3,18.9,0.0,,,86.0,80.0,,,,,721.0,,,,,,,,,,,,,,0.0,,0.0,,1.0,10314.3,,,,,,,,,,,,,,,,11868224.0,,,,,,,,,,0.0,3.316,2904.2,,,,,,,,,,,,,,,,,,,,,""
8931728895,"21 avr. 2023, 12:16:31",Afternoon Ride,Vélo,"",1495,"7,63",,,false,,Lapierre ProRace900,activities/9583299055.fit.gz,,13.0,1495.0,1427.0,7636.9,11.838,5.352,36.7,126.0,269.3,334.7,5.5,-0.7,,,,,,,,122.0,210.0,,,,,,,,,,,,,,0.0,,0.0,,1.0,,,,,,,,,,,,,,,,11713375.0,,,,,,,,,,,0.0,5.108,2941.5,,,,,,,,,,,,,,,,,,,,,""
8913508050,"18 avr. 2023, 12:16:02",Mardi VTT,Vélo,Avec mon deux roux préféré ,14238,"30,00",,,false,,Lapierre ProRace900,activities/9564127729.fit.gz,,13.0,14238.0,6970.0,30004.3,16.733,4.305,499.6,674.0,278.7,457.9,38.4,0.0,,,,,,,,143.0,884.0,,,,,,,,,,,,,,0.0,,0.0,,1.0,,,,,,,,,,,,,,,,11713375.0,,,,,,,,,,,0.0,2.107,11951.9,,,,,,,,,,,,,,,,,,,,,""
8855036322,"8 avr. 2023, 14:01:03",Entraînement run and bike,Vélo,Partie vélo + rentrée,7547,"25,09",,,false,,Lapierre ProRace900,activities/9501564929.fit.gz,,13.0,7547.0,5369.0,25091.1,13.04,4.673,305.1,311.0,250.1,325.8,11.1,0.2,,,,,,,,143.0,675.0,,,,,,,,,,,,,,0.0,,0.0,,1.0,,,,,,,,,,,,,,,,11713375.0,,,,,,,,,,,0.0,3.325,5059.6,,,,,,,,,,,,,,,,,,,,,""
8854008503,"8 avr. 2023, 13:05:50",Entraînement run and bike,Course à pied,Parti run chill,2221,"6,97",,,false,,Salomon Speedcross 5,activities/9500481752.fit.gz,,,2221.0,2217.0,6974.5,4.263,3.146,15.8,82.0,260.8,269.0,4.5,0.0,,,81.0,78.0,,,,,491.0,,,,,,,,,,,,,,0.0,,0.0,,1.0,6990.2,,,,,,,,,,,,,,,,11868244.0,,,,,,,,,,0.0,3.14,0.0,,,,,,,,,,,,,,,,,,,,,""
8853667132,"8 avr. 2023, 12:46:44",Afternoon Ride,Vélo,"",999,"6,02",,,false,,Lapierre ProRace900,activities/9500121809.fit.gz,,13.0,999.0,817.0,6019.5,11.811,7.368,5.8,89.0,266.0,334.6,1.7,-1.1,,,,,,,,187.0,171.0,,,,,,,,,,,,,,0.0,,0.0,,1.0,,,,,,,,,,,,,,,,11713375.0,,,,,,,,,,,0.0,6.026,1842.0,,,,,,,,,,,,,,,,,,,,,""
8821020965,"2 avr. 2023, 14:51:21",Sortie vidage de crâne avec le crack,Course à pied,"",2298,"7,72",,,false,,Salomon Spectur,activities/9465797642.fit.gz,,,2298.0,2120.0,7719.5,5.171,3.641,15.0,213.0,134.1,145.2,10.1,0.0,,,113.0,80.0,,,,,571.0,,,,,,,,,,,,,,0.0,,0.0,,1.0,7750.3,,,,,,,,,,,,,,,,11868224.0,,,,,,,,,,0.0,3.359,80.6,,,,,,,,,,,,,,,,,,,,,""
8797720356,"29 mars 2023, 14:24:05",Sortie du mercredi avec clemou,Course à pied,En pleine crise d'asthme mais on reste debout,2222,"7,37",,,false,,Salomon Spectur,activities/9441250579.fit.gz,,,2222.0,2011.0,7371.3,7.309,3.665,8.6,202.0,137.6,143.1,4.1,0.0,,,83.0,79.0,,,,,528.0,,,,,,,,,,,,,,0.0,,0.0,,1.0,7383.3,,,,,,,,,,,,,,,,11868224.0,,,,,,,,,,0.0,3.317,904.6,,,,,,,,,,,,,,,,,,,,,""
8759613498,"22 mars 2023, 17:07:48",Footing post mines ponts,Course à pied,Première de l'année en t-shirt 🤩,987,"3,84",,,false,,Salomon Spectur,activities/9401072647.fit.gz,,,987.0,950.0,3840.1,6.124,4.042,10.6,88.0,138.4,146.4,3.6,0.0,,,83.0,80.0,,,,,263.0,,,,,,,,,,,,,,0.0,,0.0,,1.0,3843.7,,,,,,,,,,,,,,,,11868224.0,,,,,,,,,,0.0,3.891,0.0,,,,,,,,,,,,,,,,,,,,,""
8736736323,"18 mars 2023, 16:06:43",Route sous le soleil,Vélo,Le câble a vitesses qui lâche dans une big montée 😪,5673,"34,92",,,false,,Lapierre ProRace900,activities/9377029073.fit.gz,,13.0,5673.0,4596.0,34927.6,17.073,7.6,353.3,416.0,256.0,445.7,48.1,0.0,,,,,,,,279.0,922.0,,,,,,,,,,,,,,0.0,,0.0,,1.0,,,,,,,,,,,,,,,,11713375.0,,,,,,,,,,,0.0,6.157,1783.8,,,,,,,,,,,,,,,,,,,,,""
8721383243,"15 mars 2023, 17:19:02",Footing d'après DS avec danielou,Course à pied,"",1775,"5,99",,,false,,Salomon Spectur,activities/9360843077.fit.gz,,,1775.0,1657.0,5995.0,6.303,3.618,7.0,120.0,137.6,142.5,9.3,0.0,,,89.0,80.0,,,,,433.0,,,,,,,,,,,,,,0.0,,0.0,,1.0,6017.3,,,,,,,,,,,,,,,,11868224.0,,,,,,,,,,0.0,3.377,104.0,,,,,,,,,,,,,,,,,,,,,""
8681827793,"8 mars 2023, 17:10:13",Sortie du mercredi,Course à pied,On teste des parcours avec clemou,1544,"5,59",,,false,,Salomon Spectur,activities/9319173591.fit.gz,,,1544.0,1466.0,5598.3,6.528,3.819,10.9,177.0,139.4,148.0,16.3,0.0,,,85.0,81.0,,,,,394.0,,,,,,,,,,,,,,0.0,,0.0,,1.0,5646.1,,,,,,,,,,,,,,,,11868224.0,,,,,,,,,,0.0,3.626,1005.0,,,,,,,,,,,,,,,,,,,,,""
8642959754,"1 mars 2023, 17:18:36",Sortie rapide du mercredi avec Clemou,Course à pied,Fontainebleau ça donne de la caisse :),906,"3,53",,,false,,Salomon Spectur,activities/9277882312.fit.gz,,,906.0,902.0,3530.1,6.294,3.914,0.0,123.0,138.6,140.8,2.0,0.0,,,91.0,80.0,,,,,224.0,,,,,,,,,,,,,,0.0,,0.0,,1.0,3532.8,,,,,,,,,,,,,,,,11868224.0,,,,,,,,,,0.0,3.896,48.7,,,,,,,,,,,,,,,,,,,,,""
8619454655,"25 févr. 2023, 10:07:37",Stage Ftbl J4 - Relais à 3,Course à pied,"Parti en tête sur le circuit long, je me fais rattraper par le coach puis plusieurs erreurs stratégiques...",2489,"5,37",,,false,,Salomon Speedcross 5,activities/9253154273.fit.gz,,,2489.0,2120.0,5370.8,5.836,2.533,72.5,192.0,104.9,139.5,22.6,0.0,,,109.0,74.0,,,,,442.0,,,,,,,,,,,,,,0.0,,0.0,,1.0,5620.2,,,,,,,,,,,,,,,,11868244.0,,,,,,,,,,0.0,2.158,3945.6,,,,,,,,,,,,,,,,,,,,,""
8618183807,"25 févr. 2023, 08:24:16",Stage Ftbl J4 - pose du relais,Course à pied,"",1636,"1,37",,,false,,Salomon Speedcross 5,activities/9251818843.fit.gz,,,1636.0,535.0,1370.3,4.26,2.561,7.2,48.0,133.2,138.6,15.9,0.0,,,90.0,72.0,,,,,226.0,,,,,,,,,,,,,,0.0,,0.0,,1.0,1388.5,,,,,,,,,,,,,,,,11868244.0,,,,,,,,,,0.0,0.838,1370.3,,,,,,,,,,,,,,,,,,,,,""
8615686269,"24 févr. 2023, 16:07:30",Stage Ftbl J3 - Sprint poursuite 2,Course à pied,Petite erreur en entrée de sprint mais poursuite plutôt clean (sauf la 1 grr),2755,"3,11",,,false,,VJ Bold X,activities/9249183691.fit.gz,,,2755.0,1210.0,3116.4,10.038,2.576,63.7,113.0,78.4,127.2,23.1,0.1,,,120.0,75.0,,,,,228.0,,,,,,,,,,,,,,0.0,,0.0,,1.0,3358.9,,,,,,,,,,,,,,,,11868232.0,,,,,,,,,,0.0,1.131,1811.5,,,,,,,,,,,,,,,,,,,,,""
8615684036,"24 févr. 2023, 15:15:00",Stage Ftbl J3 - Sprint poursuite 1,Course à pied,"Partie poursuite, des cochonneries à tous les postes pairs ... 2e au sprint derrière Élise",922,"1,96",,,false,,VJ Bold X,activities/9249181237.fit.gz,,,922.0,814.0,1962.2,5.176,2.411,36.5,86.0,78.9,111.6,17.8,-0.1,,,122.0,72.0,,,,,146.0,,,,,,,,,,,,,,0.0,,0.0,,1.0,2065.5,,,,,,,,,,,,,,,,11868232.0,,,,,,,,,,0.0,2.128,1962.2,,,,,,,,,,,,,,,,,,,,,""
8615682250,"24 févr. 2023, 14:47:37",Stage Ftbl J3 - Sprint poursuite 1,Course à pied,Partie sprint (parti dernier donc easy win),320,"0,90",,,false,,VJ Bold X,activities/9249179322.fit.gz,,,320.0,316.0,899.9,4.44,2.848,11.3,27.0,80.8,98.7,9.4,-0.4,,,82.0,73.0,,,,,58.0,,,,,,,,,,,,,,0.0,,0.0,,1.0,925.3,,,,,,,,,,,,,,,,11868232.0,,,,,,,,,,0.0,2.812,0.0,,,,,,,,,,,,,,,,,,,,,""
8613636653,"24 févr. 2023, 09:11:08",Stage Ftbl J3 - boussole + suivi,Course à pied,2 circuits boussole à fond puis un petit suivi à faible allure,2671,"3,96",,,false,,VJ Bold X,activities/9247025534.fit.gz,,,2671.0,1486.0,3963.2,5.077,2.667,24.9,122.0,74.7,84.9,10.3,0.0,,,105.0,75.0,,,,,346.0,,,,,,,,,,,,,,0.0,,0.0,,1.0,4005.1,,,,,,,,,,,,,,,,11868232.0,,,,,,,,,,0.0,1.484,3196.0,,,,,,,,,,,,,,,,,,,,,""
8613636224,"24 févr. 2023, 08:43:31",Stage Ftbl J3 - pose,Course à pied,"",984,"1,13",,,false,,VJ Bold X,activities/9247025051.fit.gz,,,984.0,452.0,1131.2,5.05,2.503,11.0,1.0,74.6,82.6,11.7,0.0,,,86.0,70.0,,,,,167.0,,,,,,,,,,,,,,0.0,,0.0,,1.0,1162.5,,,,,,,,,,,,,,,,11868232.0,,,,,,,,,,0.0,1.15,1132.1,,,,,,,,,,,,,,,,,,,,,""
8609944553,"23 févr. 2023, 14:58:14",Stage Ftbl J2 - balise humaine chill à 5,Course à pied,"",3595,"5,51",,,false,,Salomon Speedcross 5,activities/9243145949.fit.gz,,,3595.0,2082.0,5515.6,5.64,2.649,106.8,210.0,91.3,138.3,38.3,0.0,,,113.0,73.0,,,,,571.0,,,,,,,,,,,,,,0.0,,0.0,,1.0,5881.1,,,,,,,,,,,,,,,,11868244.0,,,,,,,,,,0.0,1.534,4586.7,,,,,,,,,,,,,,,,,,,,,""
8609942549,"23 févr. 2023, 14:24:10",Stage Ftbl J2 - pose,Course à pied,"",976,"0,96",,,false,,Salomon Speedcross 5,activities/9243143899.fit.gz,,,976.0,389.0,962.4,4.54,2.474,2.7,34.0,133.0,138.4,3.4,-0.1,,,83.0,67.0,,,,,163.0,,,,,,,,,,,,,,0.0,,0.0,,1.0,964.1,,,,,,,,,,,,,,,,11868244.0,,,,,,,,,,0.0,0.986,962.4,,,,,,,,,,,,,,,,,,,,,""
8608609076,"23 févr. 2023, 11:01:34",Dépose pépère avec lisenn + photos 🤩,Course à pied,"",1462,"2,77",,,false,,Salomon Speedcross 5,activities/9241737960.fit.gz,,,1462.0,1033.0,2772.2,4.419,2.684,14.2,60.0,120.4,135.5,12.7,0.0,,,84.0,76.0,,,,,237.0,,,,,,,,,,,,,,0.0,,0.0,,1.0,2809.0,,,,,,,,,,,,,,,,11868244.0,,,,,,,,,,0.0,1.896,2551.9,,,,,,,,,,,,,,,,,,,,,media/72688109-a1b8-4b0b-944a-07d474a36fc3.jpg|media/dc4cd6fb-7f5b-4de4-856d-c8c8d7e67691.jpg
8608400826,"23 févr. 2023, 10:18:58",Stage Ftbl J2 - Long-court,Course à pied,Satellisé à la 1 mais le reste ça envoie,1533,"4,42",,,false,,Salomon Speedcross 5,activities/9241518845.fit.gz,,,1533.0,1464.0,4426.5,6.48,3.024,32.7,115.0,118.5,135.0,13.9,0.0,,,86.0,77.0,,,,,329.0,,,,,,,,,,,,,,0.0,,0.0,,1.0,4482.1,,,,,,,,,,,,,,,,11868244.0,,,,,,,,,,0.0,2.887,3133.7,,,,,,,,,,,,,,,,,,,,,""
8608087774,"23 févr. 2023, 08:51:49",Stage Ftbl J2 - pose,Course à pied,"",1159,"1,66",,,false,"",Salomon Speedcross 5,activities/9241180904.fit.gz,,,1159.0,569.0,1664.6,4.647,2.926,5.1,47.0,129.7,135.0,6.1,0.0,,,82.0,75.0,,,,,175.0,,,,,,,,,,,,,,0.0,,0.0,,1.0,1672.9,,,,,,,,,,,,,,,,11868244.0,,,,,,,,,,0.0,1.436,1452.8,,,,,,,,,,,,,,,,,,,,,media/f8560ceb-1f9d-4910-8c7f-851e24d4c101.jpg
8604085545,"22 févr. 2023, 12:56:28",Stage Ftbl J1 - PDCALT,Course à pied,Pose+2 parcours violet on se remet dedans tranquilou,4604,"9,02",,,false,"",VJ Bold X,activities/9236976240.fit.gz,,,4604.0,3268.0,9025.9,5.514,2.762,138.4,328.0,86.9,145.4,20.6,0.0,,,120.0,75.0,,,,,872.0,,,,,,,,,,,,,,0.0,,0.0,,1.0,9546.0,,,,,,,,,,,,,,,,11868232.0,,,,,,,,,,0.0,1.96,8763.7,,,,,,,,,,,,,,,,,,,,,""
8582193243,"18 févr. 2023, 13:57:04",Sortie avec chlo et ses toutous,Vélo,"",7067,"10,18",,,false,,Lapierre ProRace900,activities/9213623605.fit.gz,,13.0,7067.0,2038.0,10185.4,12.169,4.998,116.6,153.0,267.4,334.8,9.0,0.0,,,,,,,,162.0,377.0,,,,,,,,,,,,,,0.0,,0.0,,1.0,,,,,,,,,,,,,,,,11713375.0,,,,,,,,,,,0.0,1.441,3820.1,,,,,,,,,,,,,,,,,,,,,""
8566084967,"15 févr. 2023, 14:24:30",Sortie chill avec la sis,Vélo,"",4888,"14,93",,,false,"",Lapierre ProRace900,activities/9195998336.fit.gz,,13.0,4888.0,3801.0,14935.7,15.484,3.929,270.6,356.0,278.8,410.4,15.3,0.0,,,,,,,,119.0,463.0,,,,,,,,,,,,,,0.0,,0.0,,1.0,,,,,,,,,,,,,,,,11713375.0,,,,,,,,,,,0.0,3.056,6794.7,,,,,,,,,,,,,,,,,,,,,media/a25c3096-53cf-482e-8f25-1cb01b4164fe.jpg
8550649333,"12 févr. 2023, 16:45:38",Coucher de soleil chill avec chlo,Vélo,"",3526,"5,76",,,true,,Lapierre ProRace900,activities/9178799433.fit.gz,,13.0,3526.0,1796.0,5760.1,7.88,3.207,65.6,81.0,311.1,352.3,5.9,0.0,,,,,,,,76.0,306.0,,,,,,,,,,,,,,0.0,,1.0,,1.0,,,,,,,,,,,,,,,,11713375.0,,,,,,,,,,,0.0,1.634,4290.3,,,,,,,,,,,,,,,,,,,,,""
8527012449,"8 févr. 2023, 15:26:06",Sortie du mercredi avec Clemou et Danielou,Course à pied,En attendant Fontainebleau 🙄,1806,"6,46",,,false,,Salomon Spectur,activities/9152501616.fit.gz,,,1806.0,1706.0,6462.5,6.087,3.788,14.5,174.0,137.6,144.9,6.4,0.0,,,87.0,80.0,,,,,453.0,,,,,,,,,,,,,,0.0,,0.0,,1.0,6490.0,,,,,,,,,,,,,,,,11868224.0,,,,,,,,,,0.0,3.578,848.4,,,,,,,,,,,,,,,,,,,,,""
8488623981,"1 févr. 2023, 17:08:56",Sortie du mercredi avec mon lièvre,Course à pied,Heureusement j'ai fait du vélo dimanche 😆,1500,"5,55",,,false,,Salomon Spectur,activities/9109721681.fit.gz,,,1500.0,1468.0,5558.1,5.637,3.786,17.2,123.0,137.6,146.0,3.9,0.0,,,84.0,79.0,,,,,403.0,,,,,,,,,,,,,,0.0,,0.0,,1.0,5576.8,,,,,,,,,,,,,,,,11868224.0,,,,,,,,,,0.0,3.705,73.7,,,,,,,,,,,,,,,,,,,,,""
8450672805,"25 janv. 2023, 17:09:40",Footing du mercredi w/ momo,Course à pied,"",1241,"4,57",,,false,,Salomon Spectur,activities/9066547090.fit.gz,,,1241.0,1235.0,4570.9,4.804,3.701,21.2,122.0,138.5,146.4,5.2,0.0,,,84.0,79.0,,,,,325.0,,,,,,,,,,,,,,0.0,,0.0,,1.0,4588.4,,,,,,,,,,,,,,,,11868224.0,,,,,,,,,,0.0,3.683,0.0,,,,,,,,,,,,,,,,,,,,,""
8412733135,"18 janv. 2023, 15:23:25",Sortie longue du mercredi à 6,Course à pied,Petit coup de chaud on a perdu eliott à la fin 🥶🥶,2464,"7,03",,,false,,Salomon Spectur,activities/9024529748.fit.gz,,,2464.0,1981.0,7029.3,4.906,3.548,10.9,118.0,137.6,142.7,5.4,0.0,,,84.0,78.0,,,,,516.0,,,,,,,,,,,,,,0.0,,0.0,,1.0,7047.0,,,,,,,,,,,,,,,,11868224.0,,,,,,,,,,0.0,2.853,94.6,,,,,,,,,,,,,,,,,,,,,""
8375632712,"11 janv. 2023, 17:16:04",Sortie du mercredi avec Clemou,Course à pied,Point de côté fulgurant à la fin... comme quoi parler au goat n'est pas bon pour les perfs...,1292,"4,54",,,false,,Salomon Spectur,activities/8983350304.fit.gz,,,1292.0,1219.0,4548.1,5.183,3.731,10.4,101.0,138.5,146.4,4.2,0.0,,,83.0,79.0,,,,,330.0,,,,,,,,,,,,,,0.0,,0.0,,1.0,4555.5,,,,,,,,,,,,,,,,11868224.0,,,,,,,,,,0.0,3.52,0.0,,,,,,,,,,,,,,,,,,,,,""
8353652758,"7 janv. 2023, 15:53:37",Footing chill,Course à pied,A la recherche de nouveaux parcours dans la plus belle ville du monde,1712,"5,68",,,false,,Salomon Spectur,activities/8958818888.fit.gz,,,1712.0,1688.0,5684.1,4.316,3.367,7.6,88.0,137.3,143.2,4.5,0.0,,,80.0,78.0,,,,,429.0,,,,,,,,,,,,,,0.0,,0.0,,1.0,5697.3,,,,,,,,,,,,,,,,11868224.0,,,,,,,,,,0.0,3.32,209.9,,,,,,,,,,,,,,,,,,,,,""
8337785273,"4 janv. 2023, 17:10:39",Reprise compliquée avec clemou,Course à pied,"",1320,"4,71",,,false,,Salomon Spectur,activities/8941112706.fit.gz,,,1320.0,1263.0,4712.1,5.293,3.731,20.2,79.0,138.3,146.2,4.6,0.0,,,82.0,79.0,,,,,347.0,,,,,,,,,,,,,,0.0,,0.0,,1.0,4727.6,,,,,,,,,,,,,,,,11868224.0,,,,,,,,,,0.0,3.57,0.0,,,,,,,,,,,,,,,,,,,,,""
8301768035,"28 déc. 2022, 09:43:36",Morning Walk,Marche,,7006,"6,87",,,false,,Salomon Spectur,activities/8900007059.fit.gz,,,7006.0,5368.0,6870.3,4.138,1.28,133.9,334.0,846.5,915.7,45.0,-0.1,,,108.0,53.0,,,,,615.0,,,,,,,,,,,,,,,,0.0,,1.0,,,,,,,,,,,,,,,,,11868224.0,,,,,,,,,,0.0,0.981,3704.5,,,,,,,,,,,,,,,,,,,,,""
8220048281,"7 déc. 2022, 17:12:42",Sortie du mercredi,Course à pied,Même malade le clem il me souleve,1140,"4,56",,,false,,Salomon Spectur,activities/8807353362.fit.gz,,,1140.0,1140.0,4559.6,5.073,4.0,20.2,77.0,138.3,146.2,4.6,0.0,,,83.0,80.0,,,,,313.0,,,,,,,,,,,,,,0.0,,0.0,,1.0,4574.7,,,,,,,,,,,,,,,,11868224.0,,,,,,,,,,0.0,4.0,0.0,,,,,,,,,,,,,,,,,,,,,""
8197601524,"2 déc. 2022, 13:03:10",Échauffement + pyra à 5°C,Course à pied,Avec le coco jojo et mastuu😱😱,1968,"5,16",,,false,,Salomon Spectur,activities/8782023724.fit.gz,,,1968.0,1454.0,5162.3,5.98,3.55,5.0,64.0,137.7,144.7,7.6,0.0,,,88.0,80.0,,,,,359.0,,,,,,,,,,,,,,0.0,,0.0,,1.0,5184.4,,,,,,,,,,,,,,,,11868224.0,,,,,,,,,,0.0,2.623,0.0,,,,,,,,,,,,,,,,,,,,,""
8189998928,"30 nov. 2022, 17:11:53",Sortie du mercredi avec clemou,Course à pied,"",1213,"4,72",,,false,,Salomon Spectur,activities/8773539485.fit.gz,,,1213.0,1203.0,4725.0,4.968,3.928,20.2,92.0,138.3,146.2,5.0,0.0,,,83.0,79.0,,,,,318.0,,,,,,,,,,,,,,0.0,,0.0,,1.0,4738.2,,,,,,,,,,,,,,,,11868224.0,,,,,,,,,,0.0,3.895,0.0,,,,,,,,,,,,,,,,,,,,,""
8176420255,"27 nov. 2022, 15:01:45",Retour à la casa pepere,Course à pied,"",898,"2,25",,,false,,Salomon Spectur,activities/8758305998.fit.gz,,,898.0,898.0,2257.6,3.138,2.514,55.8,26.0,278.9,326.4,7.2,2.0,,,83.0,79.0,,,,,184.0,,,,,,,,,,,,,,0.0,,0.0,,1.0,2433.9,,,,,,,,,,,,,,,,11868224.0,,,,,,,,,,0.0,2.514,0.0,,,,,,,,,,,,,,,,,,,,,""
8176417422,"27 nov. 2022, 13:59:23",10k,Course à pied,"",2910,"10,01",,,false,,Salomon Spectur,activities/8758302886.fit.gz,,,2910.0,2684.0,10011.7,5.295,3.73,78.4,208.0,266.5,355.7,12.3,-0.6,,,86.0,81.0,,,,,689.0,,,,,,,,,,,,,,0.0,,0.0,,1.0,10106.6,,,,,,,,,,,,,,,,11868224.0,,,,,,,,,,0.0,3.44,3593.9,,,,,,,,,,,,,,,,,,,,,""
8158497334,"23 nov. 2022, 17:24:25",Pyramide avec clemou,Course à pied,"",1385,"4,44",,,false,,Salomon Spectur,activities/8738067293.fit.gz,,,1385.0,1292.0,4444.1,5.393,3.44,0.0,118.0,135.4,137.1,2.1,0.0,,,85.0,79.0,,,,,321.0,,,,,,,,,,,,,,0.0,,0.0,,1.0,4455.4,,,,,,,,,,,,,,,,11868224.0,,,,,,,,,,0.0,3.209,0.0,,,,,,,,,,,,,,,,,,,,,""
8140668682,"19 nov. 2022, 15:47:06",Sortie du soir pour décompresser,Course à pied,Semaine de ds je suis mort,1197,"4,59",,,false,,Salomon Spectur,activities/8717842283.fit.gz,,,1197.0,1197.0,4591.5,5.614,3.836,19.8,177.0,138.7,146.2,5.1,0.0,,,85.0,79.0,,,,,311.0,,,,,,,,,,,,,,0.0,,0.0,,1.0,4607.3,,,,,,,,,,,,,,,,11868224.0,,,,,,,,,,0.0,3.836,0.0,,,,,,,,,,,,,,,,,,,,,""
8131478861,"17 nov. 2022, 16:33:12","Pyra 30""/1'/1'30""/2'/1'30""/1'/30""",Course à pied,"",2364,"5,49",,,false,,Salomon Spectur,activities/8707507156.fit.gz,,,2364.0,1572.0,5494.7,6.353,3.495,0.0,79.0,135.4,137.2,3.8,0.0,,,91.0,79.0,,,,,379.0,,,,,,,,,,,,,,0.0,,0.0,,1.0,5508.5,,,,,,,,,,,,,,,,11868224.0,,,,,,,,,,0.0,2.324,0.0,,,,,,,,,,,,,,,,,,,,,""
8072961083,"5 nov. 2022, 13:14:21",VTT détente w/ roro,Vélo,"Ça va me manquer 😪
(Oui j'ai des longs bras)",9606,"28,29",,,false,,Lapierre ProRace900,activities/8641226308.fit.gz,,,9606.0,6465.0,28294.8,13.98,4.377,494.0,549.0,271.7,460.2,31.2,0.0,,,,,,,,149.0,1015.0,,,,,,,,,,,,,,0.0,,0.0,,1.0,,,,,,,,,,,,,,,,11713375.0,,,,,,,,,,,0.0,2.946,16619.6,,,,,,,,,,,,,,,,,,,,,media/e5809576-312c-4d08-af55-85344bdd4c3a.jpg|media/9afb39bc-51c5-4ae2-9097-2a4293df07a1.jpg|media/9edec1be-070f-41c1-b78a-cee567fea5e1.jpg
8058497015,"2 nov. 2022, 14:30:19",Sortie VTT avec roro,Vélo,"Découverte de certains endroits de la forêt de Hesse
J'ai oublié de remettre la montre sur la grosse montée de Voyer 🥲",8521,"19,47",,,false,,Lapierre ProRace900,activities/8624919226.fit.gz,,,8521.0,5019.0,19477.9,11.76,3.881,290.4,425.0,265.7,391.7,26.3,0.0,,,,,,,,106.0,762.0,,,,,,,,,,,,,,0.0,,0.0,,1.0,,,,,,,,,,,,,,,,11713375.0,,,,,,,,,,,0.0,2.286,4381.4,,,,,,,,,,,,,,,,,,,,,media/28b654fd-8fd2-4946-88ca-b61d16b57fdf.mp4
8049475009,"31 oct. 2022, 19:47:02",CF Nuit - H18,Course à pied,Des approches trop approximatives  et quelques erreurs de lucidité... 20e au final,3917,"9,88",,,false,,VJ Bold X,activities/8614715707.fit.gz,,,3917.0,3640.0,9885.9,5.495,2.716,40.7,303.0,106.5,121.0,10.9,0.0,,,89.0,77.0,,,,,941.0,,,,,,,,,,,,,,0.0,,0.0,,1.0,9941.0,,,,,,,,,,,,,,,,11868232.0,,,,,,,,,,0.0,2.524,9551.7,,,,,,,,,,,,,,,,,,,,,""
8040674598,"30 oct. 2022, 07:48:02",CNE 2022// hommes // relais 4,Course à pied,Course très peu propre en 43min 😪,2637,"7,04",,,false,,VJ Bold X,activities/8604564874.fit.gz,,,2637.0,2526.0,7043.1,5.484,2.788,67.3,199.0,106.8,138.9,12.3,0.0,,,111.0,78.0,,,,,624.0,,,,,,,,,,,,,,0.0,,0.0,,1.0,7178.5,,,,,,,,,,,,,,,,11868232.0,,,,,,,,,,0.0,2.671,7043.1,,,,,,,,,,,,,,,,,,,,,""
8036117981,"29 oct. 2022, 10:09:57",Open sprint à Orléans,Course à pied,Une ou deux erreurs et dur physiquement...,1294,"4,17",,,false,,,activities/8599348144.fit.gz,,,1294.0,1260.0,4178.4,5.57,3.316,16.6,175.0,111.4,122.8,11.1,-0.1,,,93.0,81.0,,,,,335.0,,,,,,,,,,,,,,0.0,,0.0,,1.0,4206.9,,,,,,,,,,,,,,,,,,,,,,,,,,0.0,3.229,637.0,,,,,,,,,,,,,,,,,,,,,""
8032635354,"28 oct. 2022, 15:23:00",Footing de décrassage,Course à pied,"",1145,"3,66",,,false,,,activities/8595417858.fit.gz,,,1145.0,1072.0,3667.3,5.324,3.421,9.2,31.0,120.1,126.8,3.9,0.0,,,84.0,79.0,,,,,274.0,,,,,,,,,,,,,,0.0,,0.0,,1.0,3674.3,,,,,,,,,,,,,,,,,,,,,,,,,,0.0,3.203,0.0,,,,,,,,,,,,,,,,,,,,,""
8017717463,"25 oct. 2022, 15:46:50",Sortie du soir en vue du CF de sprint,Course à pied,"",1727,"5,82",,,false,,Salomon Spectur,activities/8578596933.fit.gz,,,1727.0,1635.0,5824.0,5.007,3.562,72.7,79.0,303.5,340.6,8.1,0.0,,,83.0,79.0,,,,,431.0,,,,,,,,,,,,,,0.0,,0.0,,1.0,5930.9,,,,,,,,,,,,,,,,11868224.0,,,,,,,,,,0.0,3.372,247.4,,,,,,,,,,,,,,,,,,,,,""
8002781675,"22 oct. 2022, 14:08:50",Sortie début de vacances avec la madré,Vélo,(madré motorisée cela dit),5711,"32,18",,,false,,Peugeot legend,activities/8561545598.fit.gz,,,5711.0,5130.0,32179.2,13.835,6.273,227.5,311.0,255.9,361.6,13.3,0.0,,,,,,,,98.0,611.0,,,,,,,,,,,,,,0.0,,0.0,,1.0,,,,,,,,,,,,,,,,12538656.0,,,,,,,,,,,0.0,5.635,45.9,,,,,,,,,,,,,,,,,,,,,""
7968822333,"15 oct. 2022, 08:37:56",Entraînement CO,Course à pied,Ou comment tomber malade la veille d'une semaine de DS,1975,"4,03",,,false,,,activities/8522208533.fit.gz,,,1975.0,1651.0,4036.6,4.232,2.445,60.8,128.0,275.0,306.2,19.1,0.3,,,96.0,73.0,,,,,498.0,,,,,,,,,,,,,,0.0,,0.0,,1.0,4206.0,,,,,,,,,,,,,,,,,,,,,,,,,,0.0,2.044,0.0,,,,,,,,,,,,,,,,,,,,,""
7953200854,"12 oct. 2022, 16:22:52",Evening Run,Course à pied,"",1504,"5,55",,,false,,Salomon Spectur,activities/8504597896.fit.gz,,,1504.0,1405.0,5553.3,6.894,3.953,10.5,217.0,138.4,146.9,10.2,-0.1,,,84.0,80.0,,,,,385.0,,,,,,,,,,,,,,0.0,,0.0,,1.0,5573.6,,,,,,,,,,,,,,,,11868224.0,,,,,,,,,,0.0,3.692,24.3,,,,,,,,,,,,,,,,,,,,,""
7936735191,"9 oct. 2022, 13:59:16",Afternoon Run,Course à pied,"",1553,"5,47",,,false,,Salomon Spectur,activities/8485995058.fit.gz,,,1553.0,1480.0,5477.7,5.022,3.701,11.7,65.0,143.6,150.8,3.8,0.0,,,85.0,80.0,,,,,390.0,,,,,,,,,,,,,,0.0,,0.0,,1.0,5493.3,,,,,,,,,,,,,,,,11868224.0,,,,,,,,,,0.0,3.527,977.7,,,,,,,,,,,,,,,,,,,,,""
7926054880,"7 oct. 2022, 15:16:34",Sortie du vendredi avec flo,Course à pied,"",1922,"4,93",,,false,,,activities/8473882976.fit.gz,,,1922.0,1866.0,4935.7,4.366,2.645,15.7,142.0,138.4,144.9,5.6,0.0,,,82.0,77.0,,,,,378.0,,,,,,,,,,,,,,0.0,,0.0,,1.0,4958.0,,,,,,,,,,,,,,,,,,,,,,,,,,0.0,2.568,606.9,,,,,,,,,,,,,,,,,,,,,""
7890151014,"30 sept. 2022, 14:38:31",10x200m r = 1',Course à pied,On en avait besoin après cette semaine eclatax,3356,"6,35",,,false,,,activities/8433393494.fit.gz,,,3356.0,1814.0,6357.0,7.022,3.504,43.1,115.0,130.8,143.4,21.6,0.0,,,92.0,79.0,,,,,502.0,,,,,,,,,,,,,,0.0,,0.0,,1.0,6443.0,,,,,,,,,,,,,,,,,,,,,,,,,,0.0,1.894,47.6,,,,,,,,,,,,,,,,,,,,,""
7880833133,"28 sept. 2022, 16:17:11",Sortie avec Nathan chill,Course à pied,Fallait se vider la tête là ,1749,"4,37",,,false,,,activities/8422941004.fit.gz,,,1749.0,1640.0,4371.5,6.242,2.666,3.7,134.0,139.6,143.5,3.7,0.0,,,82.0,73.0,,,,,323.0,,,,,,,,,,,,,,0.0,,0.0,,1.0,4377.5,,,,,,,,,,,,,,,,,,,,,,,,,,0.0,2.499,1330.9,,,,,,,,,,,,,,,,,,,,,""
7833588124,"19 sept. 2022, 14:46:13",Footing poussé à 3,Course à pied,Enfin trouvé un parcours avec moins de 4 passages piétons...,2564,"7,34",,,false,,,activities/8369787520.fit.gz,,,2564.0,1968.0,7347.4,6.052,3.733,25.1,163.0,138.4,148.0,13.4,0.0,,,86.0,78.0,,,,,525.0,,,,,,,,,,,,,,0.0,,0.0,,1.0,7393.3,,,,,,,,,,,,,,,,,,,,,,,,,,0.0,2.866,643.0,,,,,,,,,,,,,,,,,,,,,""
7817235958,"16 sept. 2022, 12:26:09",Footing du vendredi,Course à pied,"",2246,"7,04",,,false,,,activities/8351255148.fit.gz,,,2246.0,1975.0,7045.9,7.336,3.568,47.4,252.0,130.9,153.2,31.8,0.0,,,83.0,77.0,,,,,531.0,,,,,,,,,,,,,,0.0,,0.0,,1.0,7185.9,,,,,,,,,,,,,,,,,,,,,,,,,,0.0,3.137,814.4,,,,,,,,,,,,,,,,,,,,,""
7796617747,"12 sept. 2022, 15:20:18",Footing du lundi,Course à pied,"",1920,"5,42",,,false,,,activities/8328202098.fit.gz,,,1920.0,1867.0,5425.2,5.076,2.906,10.6,166.0,139.2,144.1,16.0,0.0,,,80.0,76.0,,,,,434.0,,,,,,,,,,,,,,0.0,,0.0,,1.0,5444.5,,,,,,,,,,,,,,,,,,,,,,,,,,0.0,2.826,908.4,,,,,,,,,,,,,,,,,,,,,""
7748197753,"3 sept. 2022, 14:33:14",Sortie famille pour décompresser,Vélo,"",3259,"11,89",,,false,,Lapierre ProRace900,activities/8273365888.fit.gz,,,3259.0,2627.0,11890.7,13.701,4.526,111.1,156.0,266.5,334.7,8.0,0.1,,,,,,,,131.0,411.0,,,,,,,,,,,,,,0.0,,0.0,,1.0,,,,,,,,,,,,,,,,11713375.0,,,,,,,,,,,0.0,3.649,4116.2,,,,,,,,,,,,,,,,,,,,,""
7720582366,"29 août 2022, 15:33:00",Récup du we,Course à pied,"",1496,"4,94",,,false,,,activities/8242316259.fit.gz,,,1496.0,1433.0,4942.6,4.983,3.449,70.4,132.0,304.7,339.3,9.8,0.0,,,84.0,79.0,,,,,392.0,,,,,,,,,,,,,,0.0,,0.0,,1.0,5057.3,,,,,,,,,,,,,,,,,,,,,,,,,,0.0,3.304,1933.3,,,,,,,,,,,,,,,,,,,,,""
7713300321,"28 août 2022, 07:17:53",CF LD - H18,Course à pied,Top 20 à 30 min du 1er... ,5602,"10,63",,,false,,VJ Bold X,activities/8234044739.fit.gz,,,5602.0,5001.0,10637.3,7.242,2.127,390.6,867.0,1847.4,2283.6,46.7,-3.3,,,122.0,67.0,,,,,1258.0,,,,,,,,,,,,,,0.0,,0.0,,1.0,13114.5,,,,,,,,,,,,,,,,11868232.0,,,,,,,,,,0.0,1.899,6176.9,,,,,,,,,,,,,,,,,,,,,""
7708038738,"27 août 2022, 09:49:08",CF relais - H20,Course à pied,Finish après Raphaël et Romain (malheureusement à 2min du top 4),2388,"4,96",,,false,,VJ Bold X,activities/8228059955.fit.gz,,,2388.0,2214.0,4959.7,7.688,2.24,246.3,294.0,1876.2,2056.4,42.5,-0.3,,,95.0,67.0,,,,,518.0,,,,,,,,,,,,,,0.0,,0.0,,1.0,6485.8,,,,,,,,,,,,,,,,11868232.0,,,,,,,,,,0.0,2.077,4737.6,,,,,,,,,,,,,,,,,,,,,media/7cd28365-fca8-492b-8880-ea4a4fca3b3d.jpg
7705075259,"26 août 2022, 17:11:24",Jog du soir avec Maël,Course à pied,On en profite pour un PDCALT express sous la pluie ,1073,"2,89",,,false,,,activities/8224744314.fit.gz,,,1073.0,1015.0,2895.6,4.781,2.853,98.1,116.0,1842.8,1933.4,18.2,-0.1,,,84.0,77.0,,,,,235.0,,,,,,,,,,,,,,0.0,,0.0,,1.0,3247.1,,,,,,,,,,,,,,,,,,,,,,,,,,0.0,2.699,1067.3,,,,,,,,,,,,,,,,,,,,,""
7671079489,"20 août 2022, 13:48:14",Aller retour express ,Vélo,"",4098,"6,47",,,true,,Lapierre ProRace900,activities/8186253804.fit.gz,,,4098.0,962.0,6478.2,11.555,6.734,77.9,85.0,265.4,326.2,6.7,0.0,,,,,,,,222.0,129.0,,,,,,,,,,,,,,0.0,,1.0,,1.0,,,,,,,,,,,,,,,,11713375.0,,,,,,,,,,,0.0,1.581,0.0,,,,,,,,,,,,,,,,,,,,,""
7643151725,"15 août 2022, 08:17:13",Sortie de jour férié avec les co🥖,Vélo,Orage au milieu de la balade mais bon on a changé de décor et ça allait direct mieux,27914,"46,85",,,false,,Lapierre ProRace900,activities/8155085517.fit.gz,,,27914.0,10040.0,46854.3,13.278,4.667,392.3,629.0,256.0,399.5,49.1,0.0,,,,,,,,141.0,1465.0,,,,,,,,,,,,,,0.0,,0.0,,1.0,,,,,,,,,,,,,,,,11713375.0,,,,,,,,,,,0.0,1.679,9579.8,,,,,,,,,,,,,,,,,,,,,""
7613618902,"10 août 2022, 09:15:58",Inter 5*500m r=1',Course à pied,"",1620,"5,33",,,false,,,activities/8122145037.fit.gz,,,1620.0,1573.0,5335.2,5.01,3.392,46.5,75.0,311.7,339.3,5.2,0.0,,,86.0,78.0,,,,,392.0,,,,,,,,,,,,,,0.0,,0.0,,1.0,5396.3,,,,,,,,,,,,,,,,,,,,,,,,,,0.0,3.293,4062.5,,,,,,,,,,,,,,,,,,,,,""
7603473936,"8 août 2022, 13:30:10","Aprem chill avec laura
",Vélo,"",4789,"12,29",,,false,,Lapierre ProRace900,activities/8110951880.fit.gz,,,4789.0,3037.0,12293.1,10.44,4.048,102.8,165.0,267.3,352.8,20.0,-0.1,,,,,,,,109.0,472.0,,,,,,,,,,,,,,0.0,,0.0,,1.0,,,,,,,,,,,,,,,,11713375.0,,,,,,,,,,,0.0,2.567,1964.9,,,,,,,,,,,,,,,,,,,,,""
7599339786,"7 août 2022, 16:27:39",Entretien du soir,Course à pied,Du mieux physiquement,1305,"4,68",,,false,,,activities/8106276285.fit.gz,,,1305.0,1265.0,4686.5,4.897,3.705,57.6,63.0,284.5,340.5,9.9,0.2,,,83.0,79.0,,,,,332.0,,,,,,,,,,,,,,0.0,,0.0,,1.0,4783.1,,,,,,,,,,,,,,,,,,,,,,,,,,0.0,3.591,116.9,,,,,,,,,,,,,,,,,,,,,""
7593783250,"6 août 2022, 15:15:14",Sortie détente avec la famille,Vélo,"",5147,"21,30",,,false,,Peugeot legend,activities/8099973429.fit.gz,,,5147.0,3796.0,21303.5,12.085,5.612,179.3,318.0,269.3,355.2,8.7,0.0,,,,,,,,94.0,522.0,,,,,,,,,,,,,,0.0,,0.0,,1.0,,,,,,,,,,,,,,,,12538656.0,,,,,,,,,,,0.0,4.139,6620.6,,,,,,,,,,,,,,,,,,,,,""
7586969106,"5 août 2022, 12:54:25",Entraînement relais finlandais 4 boucles,Course à pied,Compliqué physiquement et techniquement 😔😔,4309,"6,12",,,false,,,activities/8092380275.fit.gz,,,4309.0,2672.0,6122.9,4.61,2.292,192.8,313.0,460.8,548.8,43.5,-0.2,,,123.0,73.0,,,,,676.0,,,,,,,,,,,,,,0.0,,0.0,,1.0,7255.8,,,,,,,,,,,,,,,,,,,,,,,,,,0.0,1.421,1682.7,,,,,,,,,,,,,,,,,,,,,""
7559648929,"31 juil. 2022, 09:35:58",VTT avec les jacquot's,Vélo,"",12734,"30,72",,,false,,Lapierre ProRace900,activities/8062079581.fit.gz,,,12734.0,9649.0,30720.7,10.18,3.184,669.3,898.0,306.4,653.0,38.3,0.0,,,,,,,,111.0,1720.0,,,,,,,,,,,,,,0.0,,0.0,,1.0,,,,,,,,,,,,,,,,11713375.0,,,,,,,,,,,0.0,2.412,26863.2,,,,,,,,,,,,,,,,,,,,,""
7556282646,"30 juil. 2022, 17:14:45",Evening Ride,Vélo,"",994,"6,89",,,true,,Lapierre ProRace900,activities/8058319809.fit.gz,,,994.0,994.0,6890.5,10.38,6.932,24.4,73.0,265.7,331.9,30.8,-0.9,,,,,,,,181.0,211.0,,,,,,,,,,,,,,0.0,,1.0,,1.0,,,,,,,,,,,,,,,,11713375.0,,,,,,,,,,,0.0,6.932,877.7,,,,,,,,,,,,,,,,,,,,,""
7544046857,"28 juil. 2022, 14:55:49",Sortie de l'aprem avec mamounette,Vélo,"",8287,"22,00",,,false,,Lapierre ProRace900,activities/8044692438.fit.gz,,,8287.0,5814.0,22004.0,9.633,3.785,213.9,336.0,255.9,335.7,11.9,0.0,,,,,,,,94.0,540.0,,,,,,,,,,,,,,0.0,,0.0,,1.0,,,,,,,,,,,,,,,,11713375.0,,,,,,,,,,,0.0,2.655,4466.9,,,,,,,,,,,,,,,,,,,,,""
7516288256,"23 juil. 2022, 15:53:54",Un petit tour avec la montre après le contre-la-montre du tour,Course à pied,"Reprise en vue du CFRC 
Compliquée niveau cardio 😣😣",1428,"4,64",,,false,,,activities/8013830338.fit.gz,,,1428.0,1397.0,4646.7,4.722,3.326,67.4,164.0,307.9,352.9,8.8,0.0,,,83.0,77.0,,,,,374.0,,,,,,,,,,,,,,0.0,,0.0,,1.0,4763.1,,,,,,,,,,,,,,,,,,,,,,,,,,0.0,3.254,2006.8,,,,,,,,,,,,,,,,,,,,,""
7489777634,"18 juil. 2022, 14:37:53",Aller retour plan d'eau,Vélo,"",8781,"21,81",,,true,,Lapierre ProRace900,activities/7984646053.fit.gz,,,8781.0,3985.0,21812.3,14.538,5.474,197.4,271.0,269.5,361.6,16.5,0.0,,,,,,,,168.0,659.0,,,,,,,,,,,,,,0.0,,1.0,,1.0,,,,,,,,,,,,,,,,11713375.0,,,,,,,,,,,0.0,2.484,3985.0,,,,,,,,,,,,,,,,,,,,,""
7436590968,"8 juil. 2022, 18:28:14",Dépose pépère avec le tom,Course à pied,"",1332,"1,39",,,false,,,activities/7926027332.fit.gz,,,1332.0,722.0,1392.1,3.334,1.928,58.4,109.0,275.9,345.1,31.2,-0.8,,,118.0,64.0,,,,,188.0,,,,,,,,,,,,,,0.0,,0.0,,1.0,1755.9,,,,,,,,,,,,,,,,,,,,,,,,,,0.0,1.045,1392.1,,,,,,,,,,,,,,,,,,,,,""
7436415129,"8 juil. 2022, 17:21:21",Relais - Grand circuit,Course à pied,"2e temps du circuit, un mauvais choix et plus de jus sur la fin pour la côte 🥵🥵",3129,"3,85",,,false,,,activities/7925833456.fit.gz,,,3129.0,1746.0,3857.0,5.697,2.209,111.7,205.0,272.8,360.2,39.0,-0.5,,,124.0,72.0,,,,,325.0,,,,,,,,,,,,,,0.0,,0.0,,1.0,4349.8,,,,,,,,,,,,,,,,,,,,,,,,,,0.0,1.233,2653.3,,,,,,,,,,,,,,,,,,,,,""
7430487788,"7 juil. 2022, 14:44:18",Retour de chez pineco ,Vélo,"",1866,"14,17",,,true,,Peugeot legend,activities/7919350835.fit.gz,,,1866.0,1866.0,14170.3,13.134,7.594,138.7,139.0,266.0,334.7,7.8,0.2,,,,,,,,149.0,373.0,,,,,,,,,,,,,,0.0,,1.0,,1.0,,,,,,,,,,,,,,,,12538656.0,,,,,,,,,,,0.0,7.594,2946.7,,,,,,,,,,,,,,,,,,,,,""
7429602577,"7 juil. 2022, 11:13:06",Aller chez pineco,Vélo,"",3423,"14,07",,,true,,Peugeot legend,activities/7918389483.fit.gz,,,3423.0,2297.0,14077.4,12.92,6.129,79.5,133.0,255.9,334.7,24.6,-0.2,,,,,,,,92.0,313.0,,,,,,,,,,,,,,0.0,,1.0,,1.0,,,,,,,,,,,,,,,,12538656.0,,,,,,,,,,,0.0,4.113,2950.4,,,,,,,,,,,,,,,,,,,,,""
7387920497,"29 juin 2022, 06:33:51",Sortie vélo educative en compagnie de la classe,Vélo,"",30329,"61,18",,,false,,Lapierre ProRace900,activities/7872715355.fit.gz,,,30329.0,11780.0,61180.9,15.5,5.194,625.2,773.0,235.7,334.7,18.1,0.0,,,,,,,,157.0,1431.0,,,,,,,,,,,,,,0.0,,0.0,,1.0,,,,,,,,,,,,,,,,11713375.0,,,,,,,,,,,0.0,2.017,5870.1,,,,,,,,,,,,,,,,,,,,,""
7333665194,"19 juin 2022, 09:23:49",LD nationale NE,Course à pied,Un choix qui me prend 29 min au lieu de 20 + des erreurs sur les longs choix...,6324,"13,04",,,false,,,activities/7813285283.fit.gz,,,6324.0,5482.0,13047.9,6.47,2.38,421.7,729.0,405.6,526.5,31.4,-0.1,,,123.0,72.0,,,,,1368.0,,,,,,,,,,,,,,0.0,,0.0,,1.0,14883.3,,,,,,,,,,,,,,,,,,,,,,,,,,0.0,2.063,12057.1,,,,,,,,,,,,,,,,,,,,,""
7329302469,"18 juin 2022, 13:48:50",MD nationale NE,Course à pied,"",3496,"6,41",,,false,,,activities/7808455113.fit.gz,,,3496.0,2628.0,6416.0,7.28,2.441,116.8,266.0,293.7,326.2,45.9,0.0,,,118.0,73.0,,,,,808.0,,,,,,,,,,,,,,0.0,,0.0,,1.0,6844.5,,,,,,,,,,,,,,,,,,,,,,,,,,0.0,1.835,4679.4,,,,,,,,,,,,,,,,,,,,,""
7317413183,"16 juin 2022, 06:18:02",Vélo route avec roro,Vélo,Ma montre qui s'est pas lancée sur la plus grosse côte du circuit 😔,12909,"56,05",,,false,,Peugeot legend,activities/7795435383.fit.gz,,,12909.0,8664.0,56056.6,17.196,6.47,709.9,880.0,223.1,445.4,15.1,0.0,,,,,,,,113.0,1174.0,,,,,,,,,,,,,,0.0,,0.0,,1.0,,,,,,,,,,,,,,,,12538656.0,,,,,,,,,,,0.0,4.342,3247.1,,,,,,,,,,,,,,,,,,,,,""
7258362733,"5 juin 2022, 07:31:26",20km du club vosgien,Vélo,"",6748,"22,33",,,false,,Lapierre ProRace900,activities/7731054475.fit.gz,,,6748.0,5309.0,22337.0,12.073,4.207,477.5,575.0,275.1,412.8,43.0,0.0,,,,,,,,142.0,714.0,,,,,,,,,,,,,,0.0,,0.0,,1.0,,,,,,,,,,,,,,,,11713375.0,,,,,,,,,,,0.0,3.31,10343.4,,,,,,,,,,,,,,,,,,,,,""
7258359207,"5 juin 2022, 06:29:21",On va en speed chez Ronan,Vélo,"",861,"6,42",,,true,,Lapierre ProRace900,activities/7731050772.fit.gz,,,861.0,861.0,6424.3,12.02,7.461,20.8,79.0,259.8,326.1,10.8,-0.9,,,,,,,,205.0,163.0,,,,,,,,,,,,,,0.0,,1.0,,1.0,,,,,,,,,,,,,,,,11713375.0,,,,,,,,,,,0.0,7.461,1990.2,,,,,,,,,,,,,,,,,,,,,""
7254261614,"4 juin 2022, 13:30:16",Entraînement CO,Course à pied,"",2055,"3,62",,,false,,,activities/7726553451.fit.gz,,,2055.0,1790.0,3621.2,4.174,2.023,142.4,229.0,407.9,481.1,44.1,0.1,,,100.0,68.0,,,,,408.0,,,,,,,,,,,,,,0.0,,0.0,,1.0,4426.3,,,,,,,,,,,,,,,,,,,,,,,,,,0.0,1.762,2180.6,,,,,,,,,,,,,,,,,,,,,""
7254260050,"4 juin 2022, 12:12:47",Entraînement CO,Course à pied,"",4034,"3,87",,,false,,,activities/7726551785.fit.gz,,,4034.0,1991.0,3870.8,5.09,1.944,65.5,281.0,412.9,481.0,42.4,-0.4,,,89.0,61.0,,,,,464.0,,,,,,,,,,,,,,0.0,,0.0,,1.0,4104.4,,,,,,,,,,,,,,,,,,,,,,,,,,0.0,0.96,3276.7,,,,,,,,,,,,,,,,,,,,,""
7238519069,"1 juin 2022, 08:19:35",Reprise de la salle après les épreuves ,Course à pied,"",758,"2,50",,,false,,,activities/7709468425.fit.gz,,,758.0,758.0,2507.3,4.432,3.308,0.0,,,,0.0,0.0,,,85.0,80.0,,,,,195.0,,,,,,,,,,,,,,0.0,,0.0,,1.0,,,,,,,,,,,,,,,,,,,,,,,,,,,0.0,3.308,0.0,,,,,,,,,,,,,,,,,,,,,""
7224174079,"29 mai 2022, 08:03:46",CFC 2022 - Leg 5,Course à pied,Speed frein à main no mistakes 😊,2519,"5,82",,,false,,,activities/7693784690.fit.gz,,,2519.0,2172.0,5826.8,6.882,2.683,143.5,208.0,598.3,636.9,37.0,-0.1,,,120.0,76.0,,,,,475.0,,,,,,,,,,,,,,0.0,,0.0,,1.0,6345.7,,,,,,,,,,,,,,,,,,,,,,,,,,0.0,2.313,0.0,,,,,,,,,,,,,,,,,,,,,""
7217724741,"28 mai 2022, 08:09:33",CFMD - partie 2,Course à pied,"",1302,"2,38",,,false,,,activities/7686659986.fit.gz,,,1302.0,1105.0,2386.8,6.393,2.16,52.0,173.0,528.1,560.1,24.1,0.3,,,95.0,73.0,,,,,302.0,,,,,,,,,,,,,,0.0,,0.0,,1.0,2583.8,,,,,,,,,,,,,,,,,,,,,,,,,,0.0,1.833,0.0,,,,,,,,,,,,,,,,,,,,,""
7217723501,"28 mai 2022, 07:42:51",CFMD - Partie 1,Course à pied,"Course avec 3h de sommeil, donc il fallait juste pas se blesser et reconnaître le type de terrain",1588,"2,88",,,false,,,activities/7686658684.fit.gz,,,1588.0,1441.0,2880.5,4.227,1.999,92.1,149.0,512.4,555.0,25.2,0.0,,,82.0,69.0,,,,,240.0,,,,,,,,,,,,,,0.0,,0.0,,1.0,3400.6,,,,,,,,,,,,,,,,,,,,,,,,,,0.0,1.814,0.0,,,,,,,,,,,,,,,,,,,,,""
7197205991,"24 mai 2022, 12:26:18",Descente en speedrun du château du Neuschwanstein,Marche,"",2914,"2,03",,,false,,,activities/7664325545.fit.gz,,,2914.0,1405.0,2035.7,4.435,1.449,7.7,196.0,821.6,932.9,19.4,-5.4,,,68.0,56.0,,,,,158.0,,,,,,,,,,,,,,0.0,,0.0,,1.0,,,,,,,,,,,,,,,,,,,,,,,,,,,0.0,0.699,97.5,,,,,,,,,,,,,,,,,,,,,""
7178739346,"21 mai 2022, 12:13:39",Entraînement CO Full speed no mistakes ,Course à pied,"",2936,"6,98",,,false,,,activities/7644188146.fit.gz,,,2936.0,2516.0,6982.4,5.18,2.775,93.4,256.0,285.2,340.5,15.8,0.0,,,119.0,74.0,,,,,693.0,,,,,,,,,,,,,,0.0,,0.0,,1.0,7171.5,,,,,,,,,,,,,,,,,,,,,,,,,,0.0,2.378,5689.5,,,,,,,,,,,,,,,,,,,,,""
7118238735,"9 mai 2022, 16:46:09",Entraînement CO//coatching des jeunes pour les championnats de France,Course à pied,Course très propre dans une forêt pas très propre,1579,"4,03",,,false,,,activities/7578437465.fit.gz,,,1579.0,1426.0,4037.2,5.458,2.831,69.6,135.0,275.7,324.3,18.2,0.0,,,117.0,76.0,,,,,395.0,,,,,,,,,,,,,,0.0,,0.0,,1.0,4221.4,,,,,,,,,,,,,,,,,,,,,,,,,,0.0,2.557,0.0,,,,,,,,,,,,,,,,,,,,,""
7118237599,"9 mai 2022, 15:09:41",Retour des révisions pour un petit entraînement CO,Vélo,"",3752,"11,49",,,true,,Lapierre ProRace900,activities/7578435401.fit.gz,,,3752.0,1842.0,11493.1,8.934,6.239,37.4,70.0,246.8,275.1,5.0,0.2,,,,,,,,192.0,351.0,,,,,,,,,,,,,,0.0,,1.0,,1.0,,,,,,,,,,,,,,,,11713375.0,,,,,,,,,,,0.0,3.063,297.5,,,,,,,,,,,,,,,,,,,,,""
7118235429,"9 mai 2022, 07:04:44",Velo + révisions bac,Vélo,"",2996,"13,29",,,true,,Lapierre ProRace900,activities/7578433799.fit.gz,,,2996.0,1934.0,13289.9,11.938,6.872,37.6,157.0,246.8,334.8,5.4,-0.6,,,,,,,,199.0,393.0,,,,,,,,,,,,,,0.0,,1.0,,1.0,,,,,,,,,,,,,,,,11713375.0,,,,,,,,,,,0.0,4.436,2896.3,,,,,,,,,,,,,,,,,,,,,""
7106924692,"8 mai 2022, 06:46:16",Marche du cœur Walsheid ,Marche,Circuit 12km avec maman 🥰,10082,"13,00",,,false,,,activities/7566111255.fit.gz,,,10082.0,9200.0,13007.2,3.0,1.414,338.6,720.0,324.2,470.6,42.4,-0.1,,,110.0,53.0,,,,,884.0,,,,,,,,,,,,,,0.0,,0.0,,1.0,,,,,,,,,,,,,,,,,,,,,,,,,,,0.0,1.29,5877.6,,,,,,,,,,,,,,,,,,,,,""
7097915083,"6 mai 2022, 14:10:22",EPS séance d'évaluation,Course à pied,"",1569,"4,59",,,false,,,activities/7556257913.fit.gz,,,1569.0,1264.0,4593.4,6.628,3.634,87.6,55.0,257.9,263.9,10.4,0.1,,,90.0,79.0,,,,,370.0,,,,,,,,,,,,,,0.0,,0.0,,1.0,4786.4,,,,,,,,,,,,,,,,,,,,,,,,,,0.0,2.928,0.0,,,,,,,,,,,,,,,,,,,,,""
7097914132,"6 mai 2022, 14:00:36",EPS échauffement ,Course à pied,"",362,"1,20",,,false,,,activities/7556256788.fit.gz,,,362.0,362.0,1205.1,4.21,3.329,22.4,20.0,260.0,265.7,8.1,0.3,,,82.0,77.0,,,,,83.0,,,,,,,,,,,,,,0.0,,0.0,,1.0,1251.9,,,,,,,,,,,,,,,,,,,,,,,,,,0.0,3.329,0.0,,,,,,,,,,,,,,,,,,,,,""
7076894483,"2 mai 2022, 16:22:54",Evening Run,Course à pied,"",2488,"8,37",,,false,,,activities/7533472597.fit.gz,,,2488.0,2292.0,8370.9,5.418,3.652,105.2,143.0,278.6,353.2,32.0,0.0,,,85.0,79.0,,,,,573.0,,,,,,,,,,,,,,0.0,,0.0,,1.0,8560.4,,,,,,,,,,,,,,,,,,,,,,,,,,0.0,3.365,3176.2,,,,,,,,,,,,,,,,,,,,,""
7072605170,"1 mai 2022, 11:51:37",Dépose du relais,Course à pied,"",2662,"2,16",,,false,,,activities/7528773519.fit.gz,,,2662.0,1035.0,2166.7,4.573,2.093,97.8,175.0,341.9,422.9,49.8,-0.1,,,107.0,72.0,,,,,387.0,,,,,,,,,,,,,,0.0,,0.0,,1.0,2906.3,,,,,,,,,,,,,,,,,,,,,,,,,,0.0,0.814,427.6,,,,,,,,,,,,,,,,,,,,,""
7072603392,"1 mai 2022, 05:42:53",Pose du relais,Course à pied,"",2878,"4,46",,,false,,,activities/7528771581.fit.gz,,,2878.0,1785.0,4460.2,8.46,2.499,174.9,292.0,341.9,463.3,48.9,0.0,,,85.0,72.0,,,,,509.0,,,,,,,,,,,,,,0.0,,0.0,,1.0,5542.1,,,,,,,,,,,,,,,,,,,,,,,,,,0.0,1.55,292.9,,,,,,,,,,,,,,,,,,,,,""
7065557088,"30 avr. 2022, 13:00:54",Pose pépère ,Course à pied,"",3167,"2,52",,,false,,,activities/7521071665.fit.gz,,,3167.0,1297.0,2528.9,3.494,1.95,108.3,237.0,343.3,422.1,49.5,-0.6,,,123.0,64.0,,,,,535.0,,,,,,,,,,,,,,0.0,,0.0,,1.0,3186.9,,,,,,,,,,,,,,,,,,,,,,,,,,0.0,0.799,290.8,,,,,,,,,,,,,,,,,,,,,""
7065555204,"30 avr. 2022, 10:11:47",Ouverture violet long,Course à pied,"",3786,"6,83",,,false,,,activities/7521069723.fit.gz,,,3786.0,3104.0,6838.0,7.353,2.203,273.1,427.0,309.7,451.1,34.1,-0.1,,,122.0,70.0,,,,,860.0,,,,,,,,,,,,,,0.0,,0.0,,1.0,8209.8,,,,,,,,,,,,,,,,,,,,,,,,,,0.0,1.806,951.3,,,,,,,,,,,,,,,,,,,,,""
7061053802,"29 avr. 2022, 06:35:50",POV: T'as pas de bus le matin,Vélo,"",1309,"7,44",,,true,,Lapierre ProRace900,activities/7516187461.fit.gz,,,1309.0,1138.0,7439.5,13.131,6.537,53.1,103.0,254.2,326.2,15.4,-0.8,,,,,,,,194.0,211.0,,,,,,,,,,,,,,0.0,,1.0,,1.0,,,,,,,,,,,,,,,,11713375.0,,,,,,,,,,,0.0,5.683,0.0,,,,,,,,,,,,,,,,,,,,,""
7023470742,"22 avr. 2022, 15:27:08",Entraînement CO,Course à pied,Nouveau concept biathlon-CO avec du tir laser. Verdict: le tir c'est pas pour moi,3166,"6,34",,,false,,,activities/7475438405.fit.gz,,,3166.0,2613.0,6342.2,6.09,2.427,220.6,336.0,285.8,398.3,36.2,0.0,,,111.0,72.0,,,,,743.0,,,,,,,,,,,,,,0.0,,0.0,,1.0,7512.6,,,,,,,,,,,,,,,,,,,,,,,,,,0.0,2.003,3700.1,,,,,,,,,,,,,,,,,,,,,""
7008147000,"19 avr. 2022, 16:58:18",Retour solo,Vélo,"",1982,"13,72",,,true,,Lapierre ProRace900,activities/7458892057.fit.gz,,,1982.0,1982.0,13723.9,12.212,6.924,115.2,66.0,247.6,334.7,8.0,0.6,,,,,,,,251.0,359.0,,,,,,,,,,,,,,0.0,,1.0,,1.0,,,,,,,,,,,,,,,,11713375.0,,,,,,,,,,,0.0,6.924,3403.3,,,,,,,,,,,,,,,,,,,,,""
7008145618,"19 avr. 2022, 13:03:09",Aller solo pour rejoindre les copains,Vélo,"",2135,"14,66",,,true,,Lapierre ProRace900,activities/7458890579.fit.gz,,,2135.0,1854.0,14659.4,18.788,7.907,47.4,424.0,246.0,334.7,9.3,-0.5,,,,,,,,242.0,312.0,,,,,,,,,,,,,,0.0,,1.0,,1.0,,,,,,,,,,,,,,,,11713375.0,,,,,,,,,,,0.0,6.866,4785.4,,,,,,,,,,,,,,,,,,,,,""
7000722013,"18 avr. 2022, 09:34:51",Alsace jour 3,Course à pied,MD good speed/2 mistakes,2573,"5,86",,,false,,,activities/7450810451.fit.gz,,,2573.0,2283.0,5864.9,5.424,2.569,189.9,434.0,241.7,474.5,43.9,-2.7,,,102.0,73.0,,,,,500.0,,,,,,,,,,,,,,0.0,,0.0,,1.0,7115.8,,,,,,,,,,,,,,,,,,,,,,,,,,0.0,2.279,261.2,,,,,,,,,,,,,,,,,,,,,""
6996195313,"17 avr. 2022, 07:21:53",Alsace jour 2,Course à pied,LD compliquée physiquement ,6028,"12,14",,,false,,,activities/7445851226.fit.gz,,,6028.0,5322.0,12143.6,7.181,2.282,503.7,783.0,287.3,587.4,48.4,-1.0,,,122.0,71.0,,,,,1267.0,,,,,,,,,,,,,,0.0,,0.0,,1.0,15348.7,,,,,,,,,,,,,,,,,,,,,,,,,,0.0,2.015,4852.2,,,,,,,,,,,,,,,,,,,,,""
6990589437,"16 avr. 2022, 11:25:52",Alsace jour 1,Course à pied,"MD pas dingue, deniv 🥵",2674,"4,93",,,false,,,activities/7439736745.fit.gz,,,2674.0,2255.0,4931.0,6.39,2.187,208.5,472.0,267.8,535.9,47.7,-4.3,,,95.0,68.0,,,,,502.0,,,,,,,,,,,,,,0.0,,0.0,,1.0,6598.9,,,,,,,,,,,,,,,,,,,,,,,,,,0.0,1.844,688.8,,,,,,,,,,,,,,,,,,,,,""
6986686849,"15 avr. 2022, 16:07:39",Footing recup,Course à pied,Visite du beau village de Kaysersberg,1713,"4,64",,,false,,,activities/7435487705.fit.gz,,,1713.0,1701.0,4644.1,4.258,2.73,67.4,119.0,245.4,297.1,29.5,0.0,,,94.0,75.0,,,,,375.0,,,,,,,,,,,,,,0.0,,0.0,,1.0,4962.7,,,,,,,,,,,,,,,,,,,,,,,,,,0.0,2.711,793.0,,,,,,,,,,,,,,,,,,,,,""
6985585437,"15 avr. 2022, 12:58:51",Alsace prologue,Course à pied,No speed + mistakes...,1329,"4,06",,,false,,,activities/7434301608.fit.gz,,,1329.0,1158.0,4067.5,5.687,3.513,15.1,78.0,219.0,229.6,3.8,0.1,,,92.0,81.0,,,,,354.0,,,,,,,,,,,,,,0.0,,0.0,,1.0,4085.9,,,,,,,,,,,,,,,,,,,,,,,,,,0.0,3.061,442.4,,,,,,,,,,,,,,,,,,,,,""
6971953670,"12 avr. 2022, 19:02:50",Retour de nuit avec les copains,Vélo,"",2572,"7,99",,,true,,Lapierre ProRace900,activities/7419554929.fit.gz,,,2572.0,2060.0,7995.9,9.274,3.882,93.1,123.0,265.9,334.8,19.4,0.8,,,,,,,,113.0,308.0,,,,,,,,,,,,,,0.0,,1.0,,1.0,,,,,,,,,,,,,,,,11713375.0,,,,,,,,,,,0.0,3.109,3111.0,,,,,,,,,,,,,,,,,,,,,""
6969778452,"12 avr. 2022, 12:47:00",Direction city ,Vélo,"",1810,"8,17",,,true,,Lapierre ProRace900,activities/7417207153.fit.gz,,,1810.0,1585.0,8170.3,14.506,5.155,30.8,128.0,268.8,333.1,5.3,-0.6,,,,,,,,112.0,247.0,,,,,,,,,,,,,,0.0,,1.0,,1.0,,,,,,,,,,,,,,,,11713375.0,,,,,,,,,,,0.0,4.514,3180.9,,,,,,,,,,,,,,,,,,,,,""
6965710892,"11 avr. 2022, 16:18:47",Retour city Bettborn,Vélo,"",2688,"14,49",,,true,,Peugeot legend,activities/7412817533.fit.gz,,,2688.0,2688.0,14498.6,11.736,5.394,149.4,125.0,239.0,325.7,7.1,0.4,,,,,,,,87.0,359.0,,,,,,,,,,,,,,0.0,,1.0,,1.0,,,,,,,,,,,,,,,,12538656.0,,,,,,,,,,,0.0,5.394,0.0,,,,,,,,,,,,,,,,,,,,,""
6964002947,"11 avr. 2022, 09:46:44",City Bettborn,Vélo,"",1442,"6,92",,,true,,Peugeot legend,activities/7410961405.fit.gz,,,1442.0,923.0,6919.4,16.334,7.497,36.2,129.0,253.2,326.0,13.6,-1.0,,,,,,,,113.0,205.0,,,,,,,,,,,,,,0.0,,1.0,,1.0,,,,,,,,,,,,,,,,12538656.0,,,,,,,,,,,0.0,4.798,0.0,,,,,,,,,,,,,,,,,,,,,""
6960576353,"10 avr. 2022, 14:23:20",St Léon en solo,Vélo,"",3071,"19,01",,,false,,Peugeot legend,activities/7407200469.fit.gz,,,3071.0,2791.0,19012.7,16.576,6.812,281.3,325.0,296.6,445.4,22.5,0.0,,,,,,,,146.0,446.0,,,,,,,,,,,,,,0.0,,0.0,,1.0,,,,,,,,,,,,,,,,12538656.0,,,,,,,,,,,0.0,6.191,0.0,,,,,,,,,,,,,,,,,,,,,""
6951293372,"8 avr. 2022, 13:40:49",Afternoon Run,Course à pied,,1202,"3,55",,,false,,,activities/7397155190.fit.gz,,,1202.0,830.0,3558.8,6.57,4.288,64.4,44.0,257.8,263.8,20.4,0.0,,,92.0,83.0,,,,,255.0,,,,,,,,,,,,,,,,0.0,,1.0,3729.6,,,,,,,,,,,,,,,,,,,,,,,,,,0.0,2.961,0.0,,,,,,,,,,,,,,,,,,,,,""
6951292528,"8 avr. 2022, 13:29:13",EPS sous la pluie,Course à pied,12x100m à 120% + 2x750m à 90%,455,"1,58",,,false,,,activities/7397154316.fit.gz,,,455.0,455.0,1579.5,4.528,3.472,28.8,14.0,257.8,263.8,9.8,0.0,,,84.0,80.0,,,,,105.0,,,,,,,,,,,,,,0.0,,0.0,,1.0,1635.3,,,,,,,,,,,,,,,,,,,,,,,,,,0.0,3.472,0.0,,,,,,,,,,,,,,,,,,,,,""
6939839247,"6 avr. 2022, 08:32:23",Tapis 3*2' r=1',Course à pied,,541,"2,03",,,false,,,activities/7384801340.fit.gz,,,541.0,541.0,2036.5,4.176,3.764,0.0,,,,0.0,0.0,,,83.0,81.0,,,,,139.0,,,,,,,,,,,,,,0.0,,0.0,,1.0,,,,,,,,,,,,,,,,,,,,,,,,,,,0.0,3.764,0.0,,,,,,,,,,,,,,,,,,,,,""
6915998370,"1 avr. 2022, 13:41:46",EPS 30' à 60% de VMA,Course à pied,Vent et pluie pour cette séance 😬,1800,"5,88",,,false,,,activities/7358959029.fit.gz,,,1800.0,1800.0,5887.9,5.091,3.271,91.8,144.0,259.9,275.1,9.4,0.0,,,84.0,79.0,,,,,440.0,,,,,,,,,,,,,,0.0,,0.0,,1.0,6070.5,,,,,,,,,,,,,,,,,,,,,,,,,,0.0,3.271,0.0,,,,,,,,,,,,,,,,,,,,,""
6915997543,"1 avr. 2022, 13:23:36",EPS échauffement,Course à pied,,603,"2,24",,,false,,,activities/7358958093.fit.gz,,,603.0,600.0,2248.2,4.4,3.747,41.4,28.0,260.1,265.8,9.6,0.2,,,83.0,79.0,,,,,144.0,,,,,,,,,,,,,,0.0,,0.0,,1.0,2331.5,,,,,,,,,,,,,,,,,,,,,,,,,,0.0,3.728,0.0,,,,,,,,,,,,,,,,,,,,,""
6906521696,"30 mars 2022, 12:42:35",CO-UNSS Académique ,Course à pied,"Répartition de poste à 4 -> 2e de la course, mais premiers au général 🥇🥇🥇🥇",1563,"2,88",,,false,,,activities/7348699576.fit.gz,,,1563.0,1077.0,2882.2,7.358,2.676,87.2,182.0,311.4,393.8,49.2,-1.2,,,113.0,73.0,,,,,272.0,,,,,,,,,,,,,,0.0,,0.0,,1.0,3290.6,,,,,,,,,,,,,,,,,,,,,,,,,,0.0,1.844,1920.6,,,,,,,,,,,,,,,,,,,,,""
6905866425,"30 mars 2022, 10:06:19",CO-UNSS Académique ,Course à pied,Relais à 4 -> Premiers du relais (meilleur temps sur le circuit 4 du relais 😎),2525,"2,38",,,false,,,activities/7347988666.fit.gz,,,2525.0,1035.0,2382.2,6.884,2.302,72.6,156.0,320.6,389.0,41.7,-1.0,,,114.0,70.0,,,,,181.0,,,,,,,,,,,,,,0.0,,0.0,,1.0,2836.9,,,,,,,,,,,,,,,,,,,,,,,,,,0.0,0.943,523.3,,,,,,,,,,,,,,,,,,,,,""
6892938953,"27 mars 2022, 09:40:57",Championnat Ligue GE LD,Course à pied,Des petites erreurs mais bonne course quand même :),4504,"9,86",,,false,,,activities/7333855341.fit.gz,,,4504.0,3907.0,9868.1,7.054,2.526,306.7,526.0,217.6,383.9,44.5,-0.6,,,107.0,71.0,,,,,1072.0,,,,,,,,,,,,,,0.0,,0.0,,1.0,11254.7,,,,,,,,,,,,,,,,,,,,,,,,,,0.0,2.191,7649.1,,,,,,,,,,,,,,,,,,,,,media/cf703969-181e-40a3-bc8a-39c9a105d0af.jpg
6880683873,"25 mars 2022, 15:14:25",EPS pyramide ,Course à pied,1'/2'/3'/2'/1' r=1',777,"2,81",,,false,,,activities/7320502886.fit.gz,,,777.0,707.0,2812.3,5.66,3.978,52.0,18.0,257.8,263.7,9.5,0.0,,,86.0,79.0,,,,,185.0,,,,,,,,,,,,,,0.0,,0.0,,1.0,2930.9,,,,,,,,,,,,,,,,,,,,,,,,,,0.0,3.619,0.0,,,,,,,,,,,,,,,,,,,,,""
6880680500,"25 mars 2022, 14:43:43",EPS 10' à 80% VMA,Course à pied,,595,"2,44",,,false,,,activities/7320499237.fit.gz,,,595.0,595.0,2446.5,5.018,4.112,44.7,17.0,258.0,263.8,9.1,0.2,,,81.0,79.0,,,,,155.0,,,,,,,,,,,,,,0.0,,0.0,,1.0,2538.8,,,,,,,,,,,,,,,,,,,,,,,,,,0.0,4.112,0.0,,,,,,,,,,,,,,,,,,,,,""
6848078331,"19 mars 2022, 09:48:15",Entraînement CO ,Course à pied,"4,9km sans chemins sur la carte et avec un début de grippe, un pur plaisir!",2923,"6,18",,,false,,,activities/7285253286.fit.gz,,,2923.0,2467.0,6180.4,4.313,2.505,77.4,183.0,262.4,304.1,11.7,0.0,,,101.0,74.0,,,,,572.0,,,,,,,,,,,,,,0.0,,0.0,,1.0,6331.1,,,,,,,,,,,,,,,,,,,,,,,,,,0.0,2.114,0.0,,,,,,,,,,,,,,,,,,,,,""
6843479910,"18 mars 2022, 14:49:51",EPS 20' à 90% VMA,Course à pied,,1201,"5,02",,,false,,,activities/7280297951.fit.gz,,,1201.0,1198.0,5027.9,5.294,4.197,97.8,63.0,257.9,263.8,11.1,0.1,,,82.0,81.0,,,,,324.0,,,,,,,,,,,,,,0.0,,0.0,,1.0,5278.7,,,,,,,,,,,,,,,,,,,,,,,,,,0.0,4.186,0.0,,,,,,,,,,,,,,,,,,,,,""
6843478580,"18 mars 2022, 14:39:46",EPS échauffement ,Course à pied,,360,"1,25",,,false,,,activities/7280296564.fit.gz,,,360.0,357.0,1255.0,4.492,3.515,23.5,19.0,257.9,263.7,12.0,0.0,,,89.0,80.0,,,,,81.0,,,,,,,,,,,,,,0.0,,0.0,,1.0,1319.9,,,,,,,,,,,,,,,,,,,,,,,,,,0.0,3.486,0.0,,,,,,,,,,,,,,,,,,,,,""
6817389452,"13 mars 2022, 10:39:56",Championnat de ligue GE - MD,Course à pied,🥇😎,2424,"6,25",,,false,,,activities/7252227152.fit.gz,,,2424.0,2141.0,6252.1,6.31,2.92,62.0,221.0,378.5,420.0,9.3,0.1,,,122.0,77.0,,,,,461.0,,,,,,,,,,,,,,0.0,,0.0,,1.0,6351.0,,,,,,,,,,,,,,,,,,,,,,,,,,0.0,2.579,6252.1,,,,,,,,,,,,,,,,,,,,,""
6812393887,"12 mars 2022, 09:24:25",Entraînement CO,Course à pied,Mistake sur la dernière 😫,2502,"4,95",,,false,,,activities/7246811176.fit.gz,,,2502.0,2099.0,4957.6,5.982,2.362,139.1,273.0,301.8,404.5,45.6,0.0,,,110.0,71.0,,,,,601.0,,,,,,,,,,,,,,0.0,,0.0,,1.0,5745.4,,,,,,,,,,,,,,,,,,,,,,,,,,0.0,1.981,3917.9,,,,,,,,,,,,,,,,,,,,,""
6807772546,"11 mars 2022, 15:46:19",Recup ,Course à pied,,170,"0,64",,,false,,,activities/7241835058.fit.gz,,,170.0,162.0,640.3,4.68,3.952,12.9,21.0,258.0,265.2,9.7,1.0,,,82.0,79.0,,,,,38.0,,,,,,,,,,,,,,0.0,,0.0,,1.0,682.1,,,,,,,,,,,,,,,,,,,,,,,,,,0.0,3.766,0.0,,,,,,,,,,,,,,,,,,,,,""
6807772311,"11 mars 2022, 15:29:37","EPS 9*30"" à 110% VMA r=30"" à 40%",Course à pied,(Jugez pas c'est la prof qui impose...),546,"1,88",,,false,,,activities/7241834777.fit.gz,,,546.0,546.0,1880.3,6.35,3.444,33.6,21.0,258.0,263.8,10.6,0.0,,,92.0,79.0,,,,,125.0,,,,,,,,,,,,,,0.0,,0.0,,1.0,1961.8,,,,,,,,,,,,,,,,,,,,,,,,,,0.0,3.444,0.0,,,,,,,,,,,,,,,,,,,,,""
6807771842,"11 mars 2022, 14:59:37",EPS 2*3' à 90% VMA r= 2',Course à pied,"",1408,"3,00",,,false,,,activities/7241834284.fit.gz,,,1408.0,812.0,3002.5,7.826,3.698,55.9,22.0,257.9,265.4,19.8,0.2,,,102.0,78.0,,,,,214.0,,,,,,,,,,,,,,0.0,,0.0,,1.0,3175.4,,,,,,,,,,,,,,,,,,,,,,,,,,0.0,2.132,0.0,,,,,,,,,,,,,,,,,,,,,""
6797210582,"9 mars 2022, 09:27:18",Morning Run,Course à pied,,702,"2,64",,,false,,,activities/7230444019.fit.gz,,,702.0,702.0,2644.9,4.627,3.768,0.0,,,,0.0,0.0,,,84.0,81.0,,,,,162.0,,,,,,,,,,,,,,,,0.0,,1.0,,,,,,,,,,,,,,,,,,,,,,,,,,,0.0,3.768,0.0,,,,,,,,,,,,,,,,,,,,,""
6792225614,"8 mars 2022, 14:24:31",Tapis 4*2' r=1',Course à pied,,721,"3,07",,,false,,,activities/7225087552.fit.gz,,,721.0,721.0,3069.1,5.215,4.257,0.0,,,,0.0,0.0,,,84.0,81.0,,,,,165.0,,,,,,,,,,,,,,0.0,,0.0,,1.0,,,,,,,,,,,,,,,,,,,,,,,,,,,0.0,4.257,0.0,,,,,,,,,,,,,,,,,,,,,""
6773148513,"4 mars 2022, 14:46:56",EPS Test VMA ,Course à pied,,2472,"7,03",,,false,,,activities/7204462108.fit.gz,,,2472.0,2128.0,7030.6,5.702,3.304,135.5,89.0,257.9,264.1,19.2,0.0,,,107.0,77.0,,,,,530.0,,,,,,,,,,,,,,0.0,,0.0,,1.0,7378.9,,,,,,,,,,,,,,,,,,,,,,,,,,0.0,2.844,0.0,,,,,,,,,,,,,,,,,,,,,""
6762543980,"2 mars 2022, 14:43:48",Tour de l'aprem avec Chloé,Vélo,"",8528,"36,02",,,false,,Peugeot legend,activities/7193066617.fit.gz,,,8528.0,5726.0,36019.8,16.714,6.291,357.7,497.0,273.4,445.4,43.0,0.0,,,,,,,,110.0,653.0,,,,,,,,,,,,,,0.0,,0.0,,1.0,,,,,,,,,,,,,,,,12538656.0,,,,,,,,,,,0.0,4.224,13.9,,,,,,,,,,,,,,,,,,,,,""
6761589011,"2 mars 2022, 09:29:39",Morning Run,Course à pied,,606,"3,21",,,false,,,activities/7192045177.fit.gz,,,606.0,606.0,3211.3,6.43,5.299,0.0,,,,0.0,0.0,,,86.0,82.0,,,,,144.0,,,,,,,,,,,,,,,,0.0,,1.0,,,,,,,,,,,,,,,,,,,,,,,,,,,0.0,5.299,0.0,,,,,,,,,,,,,,,,,,,,,""
6757398929,"1 mars 2022, 16:46:51",Afternoon Run,Course à pied,"",1423,"5,20",,,false,,,activities/7187538556.fit.gz,,,1423.0,1395.0,5199.6,5.949,3.727,85.2,88.0,325.7,352.8,9.3,-0.1,,,88.0,80.0,,,,,346.0,,,,,,,,,,,,,,0.0,,0.0,,1.0,5339.0,,,,,,,,,,,,,,,,,,,,,,,,,,0.0,3.654,3828.9,,,,,,,,,,,,,,,,,,,,,""
6744775601,"27 févr. 2022, 08:34:40",LD CN à Toul (circuit violet long),Course à pied,Course plutôt propre sauf pour une 7 un peu hésitante...,4371,"11,41",,,false,,,activities/7173846179.fit.gz,,,4371.0,3978.0,11415.1,6.38,2.87,119.1,339.0,209.1,235.1,15.3,0.0,,,91.0,74.0,,,,,924.0,,,,,,,,,,,,,,0.0,,0.0,,1.0,11645.5,,,,,,,,,,,,,,,,,,,,,,,,,,0.0,2.612,2632.9,,,,,,,,,,,,,,,,,,,,,""
6741517040,"26 févr. 2022, 13:24:47",Sortie chill sous le soleil,Vélo,"",6996,"19,55",,,false,,Lapierre ProRace900,activities/7170295742.fit.gz,,,6996.0,3550.0,19558.6,13.788,5.509,178.8,249.0,247.0,345.5,8.7,-0.2,,,,,,,,157.0,486.0,,,,,,,,,,,,,,0.0,,0.0,,1.0,,,,,,,,,,,,,,,,11713375.0,,,,,,,,,,,0.0,2.796,0.0,,,,,,,,,,,,,,,,,,,,,""
6727145429,"23 févr. 2022, 16:24:56",Retour ,Course à pied,,667,"0,92",,,false,,,activities/7154823306.fit.gz,,,667.0,240.0,925.2,4.805,3.855,2.3,28.0,325.9,340.2,5.8,-1.2,,,84.0,81.0,,,,,53.0,,,,,,,,,,,,,,0.0,,0.0,,1.0,906.9,,,,,,,,,,,,,,,,,,,,,,,,,,0.0,1.387,0.0,,,,,,,,,,,,,,,,,,,,,""
6727144930,"23 févr. 2022, 15:37:54",sortie sous le soleil avec Theo,Course à pied,(Il est en reprise post covid),2043,"6,89",,,false,,,activities/7154822699.fit.gz,,,2043.0,1992.0,6896.9,4.973,3.462,86.1,113.0,293.5,353.2,9.7,-0.1,,,84.0,79.0,,,,,484.0,,,,,,,,,,,,,,0.0,,0.0,,1.0,7006.5,,,,,,,,,,,,,,,,,,,,,,,,,,0.0,3.376,2918.5,,,,,,,,,,,,,,,,,,,,,""
6725273689,"23 févr. 2022, 09:30:20",Tapis 4*2' r=1',Course à pied,,705,"2,09",,,false,,,activities/7152784869.fit.gz,,,705.0,705.0,2094.4,4.196,2.971,0.0,,,,0.0,0.0,,,84.0,79.0,,,,,177.0,,,,,,,,,,,,,,0.0,,0.0,,1.0,,,,,,,,,,,,,,,,,,,,,,,,,,,0.0,2.971,0.0,,,,,,,,,,,,,,,,,,,,,""
6672659156,"12 févr. 2022, 15:51:40",Aller retour pour chercher ptite soeur,Vélo,"",2538,"8,75",,,false,,Lapierre ProRace900,activities/7096106294.fit.gz,,,2538.0,1924.0,8750.1,14.08,4.548,166.9,181.0,292.2,360.9,49.0,0.0,,,,,,,,152.0,220.0,,,,,,,,,,,,,,0.0,,0.0,,1.0,,,,,,,,,,,,,,,,11713375.0,,,,,,,,,,,0.0,3.448,0.0,,,,,,,,,,,,,,,,,,,,,""
6671572212,"12 févr. 2022, 12:26:34",Aller retour pour emmener ptite soeur,Vélo,"",1513,"5,22",,,false,,Lapierre ProRace900,activities/7094941354.fit.gz,,,1513.0,1437.0,5220.7,12.517,3.633,100.4,101.0,316.5,355.6,14.9,0.0,,,,,,,,114.0,194.0,,,,,,,,,,,,,,0.0,,0.0,,1.0,,,,,,,,,,,,,,,,11713375.0,,,,,,,,,,,0.0,3.451,4610.0,,,,,,,,,,,,,,,,,,,,,""
6661932821,"10 févr. 2022, 13:29:07",VTT avec roro,Vélo,Ça pique 800m de D+ 😐,12333,"34,03",,,false,,Lapierre ProRace900,activities/7084595153.fit.gz,,,12333.0,8228.0,34031.1,15.3,4.136,755.9,886.0,278.7,553.5,48.0,0.0,,,,,,,,145.0,971.0,,,,,,,,,,,,,,0.0,,0.0,,1.0,,,,,,,,,,,,,,,,11713375.0,,,,,,,,,,,0.0,2.759,20897.9,,,,,,,,,,,,,,,,,,,,,media/e4584b6a-3080-4be0-8b6a-5eb122227029.jpg|media/4b533aec-9dfa-4f7f-b31c-dbfbff98271b.jpg
6656913861,"9 févr. 2022, 12:34:39",Petite sortie tranquille avec roro et le fumeur,Vélo,Beaucoup de boue mais aussi beaucoup de soleil 😎😎,17321,"40,15",,,false,,Lapierre ProRace900,activities/7079223880.fit.gz,,,17321.0,8406.0,40153.8,13.98,4.777,441.7,502.0,246.9,364.1,12.5,0.0,,,,,,,,137.0,999.0,,,,,,,,,,,,,,0.0,,0.0,,1.0,,,,,,,,,,,,,,,,11713375.0,,,,,,,,,,,0.0,2.318,10323.6,,,,,,,,,,,,,,,,,,,,,""
6651875480,"8 févr. 2022, 10:59:56",Dépose surprise avec Maël,Course à pied,,1433,"1,89",,,false,,,activities/7073839655.fit.gz,,,1433.0,839.0,1898.8,4.52,2.263,51.4,90.0,94.1,143.3,41.2,-0.3,,,113.0,68.0,,,,,187.0,,,,,,,,,,,,,,0.0,,0.0,,1.0,2092.0,,,,,,,,,,,,,,,,,,,,,,,,,,0.0,1.325,1898.8,,,,,,,,,,,,,,,,,,,,,""
6651874484,"8 févr. 2022, 10:02:40",Stage J4,Course à pied,Relais avec les Lemercier (pas mal d'erreurs de ma part...),1883,"3,50",,,false,,,activities/7073838563.fit.gz,,,1883.0,1551.0,3507.0,5.918,2.261,77.4,154.0,91.6,145.1,19.3,-0.1,,,104.0,73.0,,,,,244.0,,,,,,,,,,,,,,0.0,,0.0,,1.0,3834.3,,,,,,,,,,,,,,,,,,,,,,,,,,0.0,1.862,3507.0,,,,,,,,,,,,,,,,,,,,,""
6646179425,"7 févr. 2022, 15:14:24",Stage J3 après midi,Course à pied,Exercice pair-impair tranquille avec Maël,3938,"6,55",,,false,,,activities/7067768232.fit.gz,,,3938.0,2588.0,6555.2,5.628,2.533,92.1,299.0,79.3,121.0,21.2,0.0,,,122.0,72.0,,,,,640.0,,,,,,,,,,,,,,0.0,,0.0,,1.0,6894.7,,,,,,,,,,,,,,,,,,,,,,,,,,0.0,1.665,6285.2,,,,,,,,,,,,,,,,,,,,,""
6646171273,"7 févr. 2022, 14:38:03",Pose de laprem ,Course à pied,,1619,"1,82",,,false,,,activities/7067759648.fit.gz,,,1619.0,795.0,1827.9,5.026,2.299,50.7,108.0,81.6,130.3,21.7,0.1,,,107.0,69.0,,,,,275.0,,,,,,,,,,,,,,0.0,,0.0,,1.0,2092.3,,,,,,,,,,,,,,,,,,,,,,,,,,0.0,1.129,1827.9,,,,,,,,,,,,,,,,,,,,,""
6644802353,"7 févr. 2022, 10:55:40","Petit moulin avec Tom, Élise, Lucas et Maël ",Course à pied,Petite erreur tout en bas pour ma part 😬,1730,"2,93",,,false,,,activities/7066289107.fit.gz,,,1730.0,1147.0,2931.0,4.884,2.555,36.8,136.0,117.1,137.7,10.9,0.0,,,99.0,75.0,,,,,280.0,,,,,,,,,,,,,,0.0,,0.0,,1.0,2997.6,,,,,,,,,,,,,,,,,,,,,,,,,,0.0,1.694,2543.0,,,,,,,,,,,,,,,,,,,,,""
6644801544,"7 févr. 2022, 10:07:14",Stage J3 matin,Course à pied,"Petite partie des 4 départs en masse ""type premier relais""",1979,"2,05",,,false,,,activities/7066288242.fit.gz,,,1979.0,882.0,2051.6,4.67,2.326,66.8,79.0,99.8,135.4,30.0,1.6,,,105.0,73.0,,,,,223.0,,,,,,,,,,,,,,0.0,,0.0,,1.0,2414.1,,,,,,,,,,,,,,,,,,,,,,,,,,0.0,1.037,1089.5,,,,,,,,,,,,,,,,,,,,,""
6641753524,"6 févr. 2022, 14:40:22",Stage J2 après midi ,Course à pied,Balise vivante dans les cailloux,3273,"6,23",,,false,,,activities/7062984046.fit.gz,,,3273.0,2427.0,6232.2,5.734,2.568,140.9,297.0,90.4,138.9,49.2,0.0,,,113.0,73.0,,,,,740.0,,,,,,,,,,,,,,0.0,,0.0,,1.0,6765.6,,,,,,,,,,,,,,,,,,,,,,,,,,0.0,1.904,4214.9,,,,,,,,,,,,,,,,,,,,,""
6641733827,"6 févr. 2022, 11:02:20",Dépose,Course à pied,,800,"1,88",,,false,,,activities/7062962998.fit.gz,,,800.0,638.0,1886.4,5.389,2.957,11.7,42.0,128.0,141.2,7.4,0.4,,,84.0,75.0,,,,,143.0,,,,,,,,,,,,,,0.0,,0.0,,1.0,1915.5,,,,,,,,,,,,,,,,,,,,,,,,,,0.0,2.358,1548.8,,,,,,,,,,,,,,,,,,,,,""
6641732041,"6 févr. 2022, 10:35:31",Lunch Run,Course à pied,,1230,"1,77",,,false,,,activities/7062961065.fit.gz,,,1230.0,814.0,1774.4,4.425,2.18,7.1,68.0,133.4,138.3,4.2,0.3,,,86.0,69.0,,,,,194.0,,,,,,,,,,,,,,,,0.0,,1.0,1790.3,,,,,,,,,,,,,,,,,,,,,,,,,,0.0,1.443,1774.4,,,,,,,,,,,,,,,,,,,,,""
6641709984,"6 févr. 2022, 09:44:12",Stage J2,Course à pied,"",561,"1,49",,,false,,,activities/7062937480.fit.gz,,,561.0,467.0,1493.0,5.28,3.197,10.6,136.0,132.9,138.4,10.6,0.2,,,84.0,78.0,,,,,110.0,,,,,,,,,,,,,,0.0,,0.0,,1.0,1515.3,,,,,,,,,,,,,,,,,,,,,,,,,,0.0,2.661,1094.8,,,,,,,,,,,,,,,,,,,,,""
6641705893,"6 févr. 2022, 09:00:19",Stage J2,Course à pied,"",1264,"1,51",,,false,,,activities/7062933038.fit.gz,,,1264.0,598.0,1512.6,3.985,2.529,4.7,51.0,132.8,138.5,4.2,-0.2,,,108.0,73.0,,,,,223.0,,,,,,,,,,,,,,0.0,,0.0,,1.0,1522.3,,,,,,,,,,,,,,,,,,,,,,,,,,0.0,1.197,1513.7,,,,,,,,,,,,,,,,,,,,,""
6636329379,"5 févr. 2022, 14:55:39",Dépose à la cool dans les rochers,Course à pied,,1727,"3,25",,,false,,,activities/7057147221.fit.gz,,,1727.0,1228.0,3255.4,4.832,2.651,70.2,154.0,89.9,146.1,19.6,0.1,,,83.0,71.0,,,,,251.0,,,,,,,,,,,,,,0.0,,0.0,,1.0,3512.3,,,,,,,,,,,,,,,,,,,,,,,,,,0.0,1.885,3255.4,,,,,,,,,,,,,,,,,,,,,""
6636326746,"5 févr. 2022, 14:20:03",Stage J1 - circuit 1,Course à pied,Manque de concentration sur mes visées +grosse bourde pour rentrer à l'arrivée 😬,1834,"4,40",,,false,,,activities/7057144314.fit.gz,,,1834.0,1459.0,4399.7,5.186,3.016,11.8,183.0,84.8,91.4,5.4,0.0,,,81.0,76.0,,,,,386.0,,,,,,,,,,,,,,0.0,,0.0,,1.0,4412.4,,,,,,,,,,,,,,,,,,,,,,,,,,0.0,2.399,2054.9,,,,,,,,,,,,,,,,,,,,,""
6636325728,"5 févr. 2022, 13:49:50",Stage J1 - circuit 2 court,Course à pied,La montre déclenchée au bout de 300m on garde les bonnes habitudes,1129,"2,20",,,false,,,activities/7057143197.fit.gz,,,1129.0,850.0,2206.1,5.01,2.595,38.6,94.0,89.0,120.6,12.2,0.1,,,122.0,75.0,,,,,203.0,,,,,,,,,,,,,,0.0,,0.0,,1.0,2315.1,,,,,,,,,,,,,,,,,,,,,,,,,,0.0,1.954,2209.9,,,,,,,,,,,,,,,,,,,,,""
6622238264,"2 févr. 2022, 09:26:25",Morning Run,Course à pied,,761,"2,71",,,false,,,activities/7042078055.fit.gz,,,761.0,761.0,2710.1,4.887,3.561,0.0,,,,0.0,0.0,,,83.0,79.0,,,,,188.0,,,,,,,,,,,,,,,,0.0,,1.0,,,,,,,,,,,,,,,,,,,,,,,,,,,0.0,3.561,0.0,,,,,,,,,,,,,,,,,,,,,""
6599384981,"29 janv. 2022, 13:26:08",CO- départ en masse,Course à pied,,1583,"4,49",,,false,,,activities/7017642031.fit.gz,,,1583.0,1505.0,4497.4,5.561,2.988,61.7,117.0,319.5,359.5,16.9,0.0,,,124.0,76.0,,,,,380.0,,,,,,,,,,,,,,0.0,,0.0,,1.0,4633.5,,,,,,,,,,,,,,,,,,,,,,,,,,0.0,2.841,0.0,,,,,,,,,,,,,,,,,,,,,""
6583497963,"26 janv. 2022, 09:22:25",Morning Run,Course à pied,,577,"2,31",,,false,,,activities/7000660186.fit.gz,,,577.0,577.0,2310.7,4.787,4.005,0.0,,,,0.0,0.0,,,83.0,79.0,,,,,145.0,,,,,,,,,,,,,,,,0.0,,1.0,,,,,,,,,,,,,,,,,,,,,,,,,,,0.0,4.005,0.0,,,,,,,,,,,,,,,,,,,,,""
6495193957,"9 janv. 2022, 10:24:12",Reprise d'asthmatique mais on est là,Course à pied,,1303,"3,53",,,false,,,activities/6906195851.fit.gz,,,1303.0,1062.0,3533.1,4.744,3.327,53.5,71.0,325.6,353.7,14.3,0.0,,,111.0,76.0,,,,,259.0,,,,,,,,,,,,,,0.0,,0.0,,1.0,3624.2,,,,,,,,,,,,,,,,,,,,,,,,,,0.0,2.712,1431.9,,,,,,,,,,,,,,,,,,,,,""
6475362620,"5 janv. 2022, 09:44:17",Tapis 2*4' r=1',Course à pied,,587,"2,20",,,false,,,activities/6884948986.fit.gz,,,587.0,587.0,2204.1,4.271,3.755,0.0,,,,0.0,0.0,,,83.0,81.0,,,,,146.0,,,,,,,,,,,,,,0.0,,0.0,,1.0,,,,,,,,,,,,,,,,,,,,,,,,,,,0.0,3.755,0.0,,,,,,,,,,,,,,,,,,,,,""
6461955534,"2 janv. 2022, 14:44:59",10k décrassage d'après fêtes,Course à pied,,3396,"10,05",,,false,,,activities/6870549904.fit.gz,,,3396.0,2977.0,10049.1,5.3,3.376,146.7,231.0,274.6,355.7,27.6,-0.1,,,111.0,77.0,,,,,700.0,,,,,,,,,,,,,,0.0,,0.0,,1.0,10379.1,,,,,,,,,,,,,,,,,,,,,,,,,,0.0,2.959,5684.2,,,,,,,,,,,,,,,,,,,,,""
6429098739,"26 déc. 2021, 11:58:12",Lunch Walk,Marche,,2612,"3,14",,,false,,,activities/6835039636.fit.gz,,,2612.0,2235.0,3139.0,4.364,1.404,64.6,229.0,431.1,472.3,19.0,-0.2,,,113.0,56.0,,,,,240.0,,,,,,,,,,,,,,,,0.0,,1.0,,,,,,,,,,,,,,,,,,,,,,,,,,,0.0,1.202,862.0,,,,,,,,,,,,,,,,,,,,,""
6411442156,"21 déc. 2021, 12:42:38",Sortie soleil avec les roues (+les roux),Vélo,🥶🥶🥶🥶🥶🥶🥶🥶🥶🥶🥶🥶🥶🥶🥶🥶,11203,"41,53",,,false,,Peugeot legend,activities/6815917471.fit.gz,,,11203.0,6776.0,41531.6,15.418,6.129,400.5,550.0,273.5,445.0,28.6,0.0,,,,,,,,107.0,772.0,,,,,,,,,,,,,,0.0,,0.0,,1.0,,,,,,,,,,,,,,,,12538656.0,,,,,,,,,,,0.0,3.707,0.0,,,,,,,,,,,,,,,,,,,,,""
6398432918,"18 déc. 2021, 12:52:35",Entraînement CO ,Course à pied,Gros deniv sous le soleil,2169,"4,92",,,false,,,activities/6801896994.fit.gz,,,2169.0,1945.0,4920.7,6.214,2.53,144.6,222.0,406.5,477.8,48.5,-0.1,,,117.0,73.0,,,,,511.0,,,,,,,,,,,,,,0.0,,0.0,,1.0,5723.3,,,,,,,,,,,,,,,,,,,,,,,,,,0.0,2.269,991.9,,,,,,,,,,,,,,,,,,,,,""
6386170918,"15 déc. 2021, 09:28:35",Tapis (1'/2'/3'/4'/5') r = 1',Course à pied,,1283,"4,62",,,false,,,activities/6788704543.fit.gz,,,1283.0,1283.0,4622.4,4.259,3.603,0.0,,,,0.0,0.0,,,84.0,80.0,,,,,312.0,,,,,,,,,,,,,,0.0,,0.0,,1.0,,,,,,,,,,,,,,,,,,,,,,,,,,,0.0,3.603,0.0,,,,,,,,,,,,,,,,,,,,,""
6370684127,"11 déc. 2021, 14:01:31",Afternoon Run,Course à pied,,2766,"8,78",,,false,,,activities/6771914089.fit.gz,,,2766.0,2504.0,8784.9,4.948,3.508,99.1,148.0,278.7,353.2,28.8,-0.1,,,110.0,80.0,,,,,580.0,,,,,,,,,,,,,,,,0.0,,1.0,8983.7,,,,,,,,,,,,,,,,,,,,,,,,,,0.0,3.176,1944.7,,,,,,,,,,,,,,,,,,,,,""
6358694666,"8 déc. 2021, 09:28:45",Tapis 4*4' r=1',Course à pied,,1200,"4,01",,,false,,,activities/6758982174.fit.gz,,,1200.0,1200.0,4018.2,4.554,3.348,0.0,,,,0.0,0.0,,,84.0,78.0,,,,,282.0,,,,,,,,,,,,,,0.0,,0.0,,1.0,,,,,,,,,,,,,,,,,,,,,,,,,,,0.0,3.348,0.0,,,,,,,,,,,,,,,,,,,,,""
6329072229,"1 déc. 2021, 09:37:10",Tapis 4*4' r=1',Course à pied,,1179,"5,13",,,false,,,activities/6727060998.fit.gz,,,1179.0,1179.0,5133.9,5.358,4.354,0.0,,,,0.0,0.0,,,86.0,81.0,,,,,284.0,,,,,,,,,,,,,,0.0,,0.0,,1.0,,,,,,,,,,,,,,,,,,,,,,,,,,,0.0,4.354,0.0,,,,,,,,,,,,,,,,,,,,,""
6322399671,"29 nov. 2021, 17:15:38",Sortie du soir sous la neige avec Théo,Course à pied,,3534,"10,70",,,false,,,activities/6719929560.fit.gz,,,3534.0,3200.0,10700.6,5.548,3.344,104.4,182.0,311.4,340.3,17.2,0.0,,,88.0,79.0,,,,,742.0,,,,,,,,,,,,,,0.0,,0.0,,1.0,10848.6,,,,,,,,,,,,,,,,,,,,,,,,,,0.0,3.028,3890.1,,,,,,,,,,,,,,,,,,,,,""
6313615941,"27 nov. 2021, 14:04:10",Dépose footing avec le coach ,Course à pied,,1347,"1,90",,,false,,,activities/6710459065.fit.gz,,,1347.0,946.0,1903.0,5.608,2.012,95.0,142.0,363.4,450.3,44.4,0.2,,,103.0,69.0,,,,,189.0,,,,,,,,,,,,,,0.0,,0.0,,1.0,2475.1,,,,,,,,,,,,,,,,,,,,,,,,,,0.0,1.413,0.0,,,,,,,,,,,,,,,,,,,,,""
6313613537,"27 nov. 2021, 12:56:54",Entraînement CO,Course à pied,"Déniv 🥵🥵🥵
Température 🥶🥶🥶",2265,"4,12",,,false,,,activities/6710456499.fit.gz,,,2265.0,1849.0,4125.6,5.808,2.231,191.7,230.0,352.0,481.7,49.9,-0.1,,,122.0,70.0,,,,,319.0,,,,,,,,,,,,,,0.0,,0.0,,1.0,5296.6,,,,,,,,,,,,,,,,,,,,,,,,,,0.0,1.821,865.9,,,,,,,,,,,,,,,,,,,,,""
6309579583,"26 nov. 2021, 14:39:03",Afternoon Swim,Natation,,2708,100,,,false,,,activities/6706109226.fit.gz,,,2708.0,133.0,100.0,0.895,0.752,0.0,,,,0.0,0.0,,,,31.0,,,,,24.0,,,,,,,,,,,,,,,,0.0,,1.0,,,,,,,,,,,,,,,,,,,,,,,,,,,0.0,0.037,0.0,,,,,,,,,,,,,,,,,,,,,""
6300279116,"24 nov. 2021, 09:35:37",Tapis 5*4' r:1',Course à pied,,1483,"4,90",,,false,,,activities/6696129114.fit.gz,,,1483.0,1483.0,4905.4,5.279,3.308,0.0,,,,0.0,0.0,,,87.0,81.0,,,,,341.0,,,,,,,,,,,,,,0.0,,0.0,,1.0,,,,,,,,,,,,,,,,,,,,,,,,,,,0.0,3.308,0.0,,,,,,,,,,,,,,,,,,,,,""
6287699656,"21 nov. 2021, 09:13:47",O'Picardie longue distance,Course à pied,Violet très long - 8e 😎,5516,"11,56",,,false,,,activities/6682586937.fit.gz,,,5516.0,4984.0,11559.0,6.35,2.319,407.6,621.0,85.1,167.2,48.9,-0.3,,,122.0,70.0,,,,,823.0,,,,,,,,,,,,,,0.0,,0.0,,1.0,13982.3,,,,,,,,,,,,,,,,,,,,,,,,,,0.0,2.096,10041.7,,,,,,,,,,,,,,,,,,,,,""
6284901332,"20 nov. 2021, 18:47:50",O'Picardie Nuit,Course à pied,4e du circuit violet court ,2793,"5,90",,,false,,,activities/6679582749.fit.gz,,,2793.0,2329.0,5903.5,6.234,2.535,189.0,250.0,65.8,169.0,36.4,0.0,,,124.0,74.0,,,,,548.0,,,,,,,,,,,,,,0.0,,0.0,,1.0,6804.3,,,,,,,,,,,,,,,,,,,,,,,,,,0.0,2.114,2582.2,,,,,,,,,,,,,,,,,,,,,""
6284899528,"20 nov. 2021, 14:23:42",O'Picardie sprint HE,Course à pied,Petite 9e place ,1263,"4,29",,,false,,,activities/6679580771.fit.gz,,,1263.0,1233.0,4296.4,5.71,3.484,26.3,57.0,73.1,92.8,7.0,0.0,,,85.0,79.0,,,,,315.0,,,,,,,,,,,,,,0.0,,0.0,,1.0,4337.9,,,,,,,,,,,,,,,,,,,,,,,,,,0.0,3.402,0.0,,,,,,,,,,,,,,,,,,,,,""
6279205771,"19 nov. 2021, 14:33:09",EPS natation ,Natation,3*150m + échauffement ,2919,975,,,false,,,activities/6673481747.fit.gz,,,2919.0,1153.0,975.0,2.5,0.846,0.0,,,,0.0,0.0,,,,26.0,,,,,229.0,,,,,,,,,,,,,,0.0,,0.0,,1.0,,,,,,,,,,,,,,,,,,,,,,,,,,,0.0,0.334,0.0,,,,,,,,,,,,,,,,,,,,,""
6270184718,"17 nov. 2021, 09:23:19",Tapis 2*6' r:2',Course à pied,Pas le temps ni motivation de faire +,1188,"4,06",,,false,,,activities/6663842842.fit.gz,,,1188.0,1188.0,4064.0,4.84,3.421,0.0,,,,0.0,0.0,,,86.0,81.0,,,,,270.0,,,,,,,,,,,,,,0.0,,0.0,,1.0,,,,,,,,,,,,,,,,,,,,,,,,,,,0.0,3.421,0.0,,,,,,,,,,,,,,,,,,,,,""
6252521218,"13 nov. 2021, 13:37:41",Entraînement  CO,Course à pied,"Petite erreur de pose sur la 4, mais reste du parcours vraiment propre ",3515,"7,05",,,false,,,activities/6644947981.fit.gz,,,3515.0,2789.0,7057.3,7.2,2.53,204.2,312.0,473.4,544.8,36.1,0.0,,,119.0,71.0,,,,,495.0,,,,,,,,,,,,,,0.0,,0.0,,1.0,7925.1,,,,,,,,,,,,,,,,,,,,,,,,,,0.0,2.008,2537.3,,,,,,,,,,,,,,,,,,,,,""
6247705778,"12 nov. 2021, 14:56:42",Afternoon Swim,Natation,,1431,150,,,false,,,activities/6639806239.fit.gz,,,1431.0,232.0,150.0,10.0,0.647,0.0,,,,0.0,0.0,,,,30.0,,,,,29.0,,,,,,,,,,,,,,,,0.0,,1.0,,,,,,,,,,,,,,,,,,,,,,,,,,,0.0,0.105,0.0,,,,,,,,,,,,,,,,,,,,,""
6243212888,"11 nov. 2021, 13:01:34",Vtt dans le brouillard w/ Roro,Vélo,Ronan qui casse son dérailleur au premier tiers du parcours... = retour en voiture :),5723,"13,18",,,false,,Lapierre ProRace900,activities/6635019301.fit.gz,,,5723.0,2926.0,13179.2,13.896,4.504,216.7,221.0,278.6,446.4,13.0,0.2,,,,,,,,150.0,415.0,,,,,,,,,,,,,,0.0,,0.0,,1.0,,,,,,,,,,,,,,,,11713375.0,,,,,,,,,,,0.0,2.303,8143.4,,,,,,,,,,,,,,,,,,,,,""
6239004418,"10 nov. 2021, 09:29:01",Morning Run,Course à pied,Tapis Intervalles 6*2/1,1038,"2,98",,,false,,,activities/6630549730.fit.gz,,,1038.0,1038.0,2980.9,4.622,2.872,0.0,,,,0.0,0.0,,,86.0,77.0,,,,,215.0,,,,,,,,,,,,,,0.0,,0.0,,1.0,,,,,,,,,,,,,,,,,,,,,,,,,,,0.0,2.872,0.0,,,,,,,,,,,,,,,,,,,,,""
6234924575,"9 nov. 2021, 17:21:35",Evening Run,Course à pied,"Sortie du soir ""tranquille "" pour la reprise du grand Théo fou",3459,"8,57",,,false,,,activities/6626202781.fit.gz,,,3459.0,2598.0,8571.5,5.48,3.299,114.3,136.0,299.2,353.2,15.6,0.0,,,88.0,78.0,,,,,552.0,,,,,,,,,,,,,,0.0,,0.0,,1.0,8763.2,,,,,,,,,,,,,,,,,,,,,,,,,,0.0,2.478,4441.1,,,,,,,,,,,,,,,,,,,,,""
6227801555,"7 nov. 2021, 12:36:49",Dépose Faulquemont ,Course à pied,"",2132,"3,03",,,false,,,activities/6618598513.fit.gz,,,2132.0,1102.0,3038.4,5.262,2.757,38.1,83.0,316.6,343.0,29.2,0.0,,,122.0,75.0,,,,,326.0,,,,,,,,,,,,,,0.0,,0.0,,1.0,3105.7,,,,,,,,,,,,,,,,,,,,,,,,,,0.0,1.425,3025.1,,,,,,,,,,,,,,,,,,,,,""
6215011719,"5 nov. 2021, 13:14:19",Entraînement CO,Course à pied,Je lance ma montre qu'à la balise 1 😬,1981,"4,36",,,false,,,activities/6604878899.fit.gz,,,1981.0,1640.0,4368.5,5.796,2.664,86.5,166.0,293.3,345.5,23.5,0.1,,,91.0,75.0,,,,,409.0,,,,,,,,,,,,,,0.0,,0.0,,1.0,4699.9,,,,,,,,,,,,,,,,,,,,,,,,,,0.0,2.205,0.0,,,,,,,,,,,,,,,,,,,,,""
6212764580,"31 oct. 2021, 08:24:39",CNE 2021// hommes // relais 4,Course à pied,"",2180,"5,00",,,false,,,activities/6602453546.fit.gz,,,2180.0,1813.0,5004.1,7.822,2.76,63.4,144.0,756.3,791.6,42.6,-0.1,,,,,,,,,476.0,,,,,,,,,,,,,,0.0,,0.0,,1.0,5186.2,,,,,,,,,,,,,,,,,,,,,,,,,,0.0,2.295,0.0,,,,,,,,,,,,,,,,,,,,,""
6212764451,"30 oct. 2021, 08:50:40",Open sprint Béziers,Course à pied,,1064,"3,28",,,false,,,activities/6602453513.fit.gz,,,1064.0,993.0,3284.5,7.644,3.308,85.0,104.0,38.5,74.1,48.8,0.6,,,,,,,,,260.0,,,,,,,,,,,,,,0.0,,0.0,,1.0,3760.7,,,,,,,,,,,,,,,,,,,,,,,,,,0.0,3.087,0.0,,,,,,,,,,,,,,,,,,,,,""
6212764453,"29 oct. 2021, 10:04:54",CO sprint ravines dans le larzac,Course à pied,,1952,"3,74",,,false,,,activities/6602453516.fit.gz,,,1952.0,1572.0,3747.1,7.15,2.384,68.7,93.0,145.8,176.0,37.6,0.2,,,,,,,,,438.0,,,,,,,,,,,,,,0.0,,0.0,,1.0,3969.6,,,,,,,,,,,,,,,,,,,,,,,,,,0.0,1.92,0.0,,,,,,,,,,,,,,,,,,,,,""
6212764760,"28 oct. 2021, 18:27:59",CO CF Nuit,Course à pied,Gros jardinage pour la 10 😬,7489,"13,06",,,false,,,activities/6602453541.fit.gz,,,7489.0,5603.0,13068.7,5.8,2.332,266.3,429.0,749.1,822.2,46.5,0.1,,,,,,,,,1343.0,,,,,,,,,,,,,,0.0,,0.0,,1.0,14070.5,,,,,,,,,,,,,,,,,,,,,,,,,,0.0,1.745,0.0,,,,,,,,,,,,,,,,,,,,,""
6212764398,"26 oct. 2021, 16:37:52",HIIT salle,Entraînement,,1302,0,,,false,,,activities/6602453495.fit.gz,,,1302.0,1302.0,0.0,0.0,0.0,0.0,,,,0.0,0.0,,,,,,,,,305.0,,,,,,,,,,,,,,0.0,,0.0,,1.0,,,,,,,,,,,,,,,,,,,,,,,,,,,0.0,0.0,0.0,,,,,,,,,,,,,,,,,,,,,""
6212764679,"23 oct. 2021, 17:05:52",Entraînement CO nuit,Course à pied,,3620,"6,42",,,false,,,activities/6602453510.fit.gz,,,3620.0,2732.0,6419.6,6.164,2.35,100.8,238.0,281.8,325.1,19.1,0.0,,,122.0,72.0,,,,,631.0,,,,,,,,,,,,,,0.0,,0.0,,1.0,6710.0,,,,,,,,,,,,,,,,,,,,,,,,,,0.0,1.773,3984.2,,,,,,,,,,,,,,,,,,,,,""
6212764423,"22 oct. 2021, 13:38:50",Afternoon Swim,Natation,,2493,325,,,false,,,activities/6602453487.fit.gz,,,2493.0,343.0,325.0,15.0,0.948,0.0,,,,0.0,0.0,,,,21.0,,,,,75.0,,,,,,,,,,,,,,0.0,,0.0,,1.0,,,,,,,,,,,,,,,,,,,,,,,,,,,0.0,0.13,0.0,,,,,,,,,,,,,,,,,,,,,""
6212764549,"22 oct. 2021, 09:33:24",Tapis,Course à pied virtuelle,,1282,"4,93",,,false,,,activities/6602453509.fit.gz,,,1282.0,1282.0,4933.5,5.04,3.848,0.0,,,,0.0,0.0,,,86.0,82.0,,,,,304.0,,,,,,,,,,,,,,0.0,,0.0,,1.0,,,,,,,,,,,,,,,,,,,,,,,,,,,0.0,3.848,0.0,,,,,,,,,,,,,,,,,,,,,""
6212764530,"20 oct. 2021, 08:28:34",Tapis,Course à pied,Pas motivé ,732,"2,89",,,false,,,activities/6602453500.fit.gz,,,732.0,732.0,2889.1,5.416,3.947,0.0,,,,0.0,0.0,,,87.0,81.0,,,,,174.0,,,,,,,,,,,,,,0.0,,0.0,,1.0,,,,,,,,,,,,,,,,,,,,,,,,,,,0.0,3.947,0.0,,,,,,,,,,,,,,,,,,,,,""
6212764629,"16 oct. 2021, 16:01:47",Evening Run,Course à pied,,2394,"7,72",,,false,,,activities/6602453519.fit.gz,,,2394.0,2247.0,7724.2,6.198,3.438,145.6,175.0,283.2,355.7,25.5,0.0,,,112.0,78.0,,,,,521.0,,,,,,,,,,,,,,,,0.0,,1.0,8090.4,,,,,,,,,,,,,,,,,,,,,,,,,,0.0,3.226,2350.5,,,,,,,,,,,,,,,,,,,,,""
6212764529,"15 oct. 2021, 13:38:56",Afternoon Swim,Natation,,2497,125,,,false,,,activities/6602453552.fit.gz,,,2497.0,103.0,125.0,10.0,1.214,0.0,,,,0.0,0.0,,,,38.0,,,,,24.0,,,,,,,,,,,,,,,,0.0,,1.0,,,,,,,,,,,,,,,,,,,,,,,,,,,0.0,0.05,0.0,,,,,,,,,,,,,,,,,,,,,""
6212764473,"15 oct. 2021, 08:34:56",Tapis,Course à pied virtuelle,,1251,"3,82",,,false,,,activities/6602453518.fit.gz,,,1251.0,1251.0,3828.3,3.9,3.06,0.0,,,,0.0,0.0,,,88.0,81.0,,,,,289.0,,,,,,,,,,,,,,0.0,,0.0,,1.0,,,,,,,,,,,,,,,,,,,,,,,,,,,0.0,3.06,0.0,,,,,,,,,,,,,,,,,,,,,""
6212764449,"13 oct. 2021, 14:49:11",Afternoon Run,Course à pied,,2845,"7,86",,,false,,,activities/6602453507.fit.gz,,,2845.0,2520.0,7861.1,4.77,3.119,89.6,182.0,277.0,332.5,10.7,0.0,,,82.0,77.0,,,,,550.0,,,,,,,,,,,,,,,,0.0,,1.0,8022.7,,,,,,,,,,,,,,,,,,,,,,,,,,0.0,2.763,0.0,,,,,,,,,,,,,,,,,,,,,""
6212764560,"13 oct. 2021, 14:35:43",Afternoon Ride,Vélo,"",555,"3,90",,,false,,Lapierre ProRace900,activities/6602453544.fit.gz,,,555.0,555.0,3899.7,14.59,7.027,25.5,71.0,279.0,334.8,6.1,-1.3,,,,,,,,199.0,102.0,,,,,,,,,,,,,,0.0,,0.0,,1.0,,,,,,,,,,,,,,,,11713375.0,,,,,,,,,,,0.0,7.027,3167.6,,,,,,,,,,,,,,,,,,,,,""
6212764690,"9 oct. 2021, 13:49:28",Entraînement CO,Course à pied,,3754,"3,19",,,false,,,activities/6602453531.fit.gz,,,3754.0,1557.0,3196.1,4.774,2.053,142.7,302.0,360.9,478.0,49.2,0.1,,,95.0,63.0,,,,,446.0,,,,,,,,,,,,,,0.0,,0.0,,1.0,4068.1,,,,,,,,,,,,,,,,,,,,,,,,,,0.0,0.851,0.0,,,,,,,,,,,,,,,,,,,,,""
6212764654,"9 oct. 2021, 12:32:58",Entraînement CO,Course à pied,,2574,"4,85",,,false,,,activities/6602453520.fit.gz,,,2574.0,2140.0,4858.3,5.229,2.27,125.1,304.0,360.9,485.2,33.3,-1.2,,,113.0,71.0,,,,,530.0,,,,,,,,,,,,,,0.0,,0.0,,1.0,5529.4,,,,,,,,,,,,,,,,,,,,,,,,,,0.0,1.887,0.0,,,,,,,,,,,,,,,,,,,,,""
6212764512,"8 oct. 2021, 13:36:51",Afternoon Swim,Natation,,2211,500,,,false,,,activities/6602453498.fit.gz,,,2211.0,534.0,500.0,7.222,0.936,0.0,,,,0.0,0.0,,,,24.0,,,,,109.0,,,,,,,,,,,,,,0.0,,0.0,,1.0,,,,,,,,,,,,,,,,,,,,,,,,,,,0.0,0.226,0.0,,,,,,,,,,,,,,,,,,,,,""
6212764426,"7 oct. 2021, 16:33:28",Evening Run,Course à pied,,1754,"4,24",,,false,,,activities/6602453501.fit.gz,,,1754.0,1265.0,4239.5,5.66,3.351,67.0,87.0,325.7,353.7,16.1,0.0,,,84.0,76.0,,,,,285.0,,,,,,,,,,,,,,,,0.0,,1.0,4370.7,,,,,,,,,,,,,,,,,,,,,,,,,,0.0,2.417,1405.2,,,,,,,,,,,,,,,,,,,,,""
6212764733,"6 oct. 2021, 08:22:53",Tapis,Course à pied virtuelle,,1188,"5,02",,,false,,,activities/6602453560.fit.gz,,,1188.0,1188.0,5022.2,4.54,4.227,0.0,,,,0.0,0.0,,,87.0,84.0,,,,,297.0,,,,,,,,,,,,,,0.0,,0.0,,1.0,,,,,,,,,,,,,,,,,,,,,,,,,,,0.0,4.227,0.0,,,,,,,,,,,,,,,,,,,,,""
6212764517,"5 oct. 2021, 16:25:38",Evening Run,Course à pied,,3025,"8,48",,,false,,,activities/6602453508.fit.gz,,,3025.0,2754.0,8483.3,5.216,3.08,113.4,139.0,293.3,353.2,12.6,0.0,,,122.0,77.0,,,,,601.0,,,,,,,,,,,,,,,,0.0,,1.0,8667.0,,,,,,,,,,,,,,,,,,,,,,,,,,0.0,2.804,3044.2,,,,,,,,,,,,,,,,,,,,,""
6212764432,"2 oct. 2021, 12:27:17",Entraînement CO,Course à pied,,2385,"4,69",,,false,,,activities/6602453497.fit.gz,,,2385.0,2026.0,4689.3,5.33,2.315,181.7,258.0,376.3,448.1,39.9,0.1,,,108.0,69.0,,,,,658.0,,,,,,,,,,,,,,0.0,,0.0,,1.0,5652.1,,,,,,,,,,,,,,,,,,,,,,,,,,0.0,1.966,1560.4,,,,,,,,,,,,,,,,,,,,,""
