<?xml version="1.0" encoding="UTF-8"?>
<gpx creator="StravaGPX" version="1.1" xmlns="http://www.topografix.com/GPX/1/1" xmlns:xsi="http://www.w3.org/2001/XMLSchema-instance" xsi:schemaLocation="http://www.topografix.com/GPX/1/1 http://www.topografix.com/GPX/1/1/gpx.xsd">
 <metadata>
  <time>2024-08-19T15:46:28Z</time>
 </metadata>
 <trk>
  <name>Course à pied le soir</name>
  <type>running</type>
  <trkseg>
   <trkpt lat="46.1615110" lon="-1.1782710">
    <ele>15.7</ele>
    <time>2024-08-19T15:46:28Z</time>
   </trkpt>
   <trkpt lat="46.1615110" lon="-1.1782710">
    <ele>15.7</ele>
    <time>2024-08-19T15:46:29Z</time>
   </trkpt>
   <trkpt lat="46.1615540" lon="-1.1783180">
    <ele>15.5</ele>
    <time>2024-08-19T15:46:44Z</time>
   </trkpt>
   <trkpt lat="46.1615540" lon="-1.1783180">
    <ele>15.5</ele>
    <time>2024-08-19T15:46:45Z</time>
   </trkpt>
   <trkpt lat="46.1615450" lon="-1.1783440">
    <ele>15.4</ele>
    <time>2024-08-19T15:46:46Z</time>
   </trkpt>
   <trkpt lat="46.1615480" lon="-1.1783660">
    <ele>15.4</ele>
    <time>2024-08-19T15:46:47Z</time>
   </trkpt>
   <trkpt lat="46.1615540" lon="-1.1784050">
    <ele>15.3</ele>
    <time>2024-08-19T15:46:48Z</time>
   </trkpt>
   <trkpt lat="46.1615580" lon="-1.1784520">
    <ele>15.2</ele>
    <time>2024-08-19T15:46:49Z</time>
   </trkpt>
   <trkpt lat="46.1615640" lon="-1.1784950">
    <ele>15.1</ele>
    <time>2024-08-19T15:46:50Z</time>
   </trkpt>
   <trkpt lat="46.1615690" lon="-1.1785380">
    <ele>15.1</ele>
    <time>2024-08-19T15:46:51Z</time>
   </trkpt>
   <trkpt lat="46.1615710" lon="-1.1785930">
    <ele>15.0</ele>
    <time>2024-08-19T15:46:52Z</time>
   </trkpt>
   <trkpt lat="46.1615700" lon="-1.1786120">
    <ele>15.0</ele>
    <time>2024-08-19T15:46:53Z</time>
   </trkpt>
   <trkpt lat="46.1615650" lon="-1.1786510">
    <ele>15.0</ele>
    <time>2024-08-19T15:46:54Z</time>
   </trkpt>
   <trkpt lat="46.1615670" lon="-1.1786940">
    <ele>14.9</ele>
    <time>2024-08-19T15:46:55Z</time>
   </trkpt>
   <trkpt lat="46.1615720" lon="-1.1787490">
    <ele>14.9</ele>
    <time>2024-08-19T15:46:56Z</time>
   </trkpt>
   <trkpt lat="46.1615740" lon="-1.1788060">
    <ele>14.8</ele>
    <time>2024-08-19T15:46:57Z</time>
   </trkpt>
   <trkpt lat="46.1615610" lon="-1.1788580">
    <ele>14.7</ele>
    <time>2024-08-19T15:46:58Z</time>
   </trkpt>
   <trkpt lat="46.1615380" lon="-1.1789050">
    <ele>14.5</ele>
    <time>2024-08-19T15:46:59Z</time>
   </trkpt>
   <trkpt lat="46.1615080" lon="-1.1789410">
    <ele>14.5</ele>
    <time>2024-08-19T15:47:00Z</time>
   </trkpt>
   <trkpt lat="46.1614740" lon="-1.1789690">
    <ele>14.6</ele>
    <time>2024-08-19T15:47:01Z</time>
   </trkpt>
   <trkpt lat="46.1614350" lon="-1.1789900">
    <ele>14.6</ele>
    <time>2024-08-19T15:47:02Z</time>
   </trkpt>
   <trkpt lat="46.1613940" lon="-1.1790060">
    <ele>14.6</ele>
    <time>2024-08-19T15:47:03Z</time>
   </trkpt>
   <trkpt lat="46.1613540" lon="-1.1790170">
    <ele>14.7</ele>
    <time>2024-08-19T15:47:04Z</time>
   </trkpt>
   <trkpt lat="46.1613100" lon="-1.1790270">
    <ele>14.7</ele>
    <time>2024-08-19T15:47:05Z</time>
   </trkpt>
   <trkpt lat="46.1612690" lon="-1.1790340">
    <ele>14.8</ele>
    <time>2024-08-19T15:47:06Z</time>
   </trkpt>
   <trkpt lat="46.1612260" lon="-1.1790430">
    <ele>14.8</ele>
    <time>2024-08-19T15:47:07Z</time>
   </trkpt>
   <trkpt lat="46.1611880" lon="-1.1790540">
    <ele>14.9</ele>
    <time>2024-08-19T15:47:08Z</time>
   </trkpt>
   <trkpt lat="46.1611590" lon="-1.1790690">
    <ele>14.9</ele>
    <time>2024-08-19T15:47:09Z</time>
   </trkpt>
   <trkpt lat="46.1611250" lon="-1.1790920">
    <ele>14.9</ele>
    <time>2024-08-19T15:47:10Z</time>
   </trkpt>
   <trkpt lat="46.1610890" lon="-1.1791190">
    <ele>14.9</ele>
    <time>2024-08-19T15:47:11Z</time>
   </trkpt>
   <trkpt lat="46.1610580" lon="-1.1791370">
    <ele>15.0</ele>
    <time>2024-08-19T15:47:12Z</time>
   </trkpt>
   <trkpt lat="46.1610250" lon="-1.1791510">
    <ele>15.0</ele>
    <time>2024-08-19T15:47:13Z</time>
   </trkpt>
   <trkpt lat="46.1609890" lon="-1.1791630">
    <ele>15.0</ele>
    <time>2024-08-19T15:47:14Z</time>
   </trkpt>
   <trkpt lat="46.1609550" lon="-1.1791750">
    <ele>15.0</ele>
    <time>2024-08-19T15:47:15Z</time>
   </trkpt>
   <trkpt lat="46.1609200" lon="-1.1791870">
    <ele>15.0</ele>
    <time>2024-08-19T15:47:16Z</time>
   </trkpt>
   <trkpt lat="46.1608850" lon="-1.1792010">
    <ele>15.0</ele>
    <time>2024-08-19T15:47:17Z</time>
   </trkpt>
   <trkpt lat="46.1608510" lon="-1.1792150">
    <ele>15.0</ele>
    <time>2024-08-19T15:47:18Z</time>
   </trkpt>
   <trkpt lat="46.1608120" lon="-1.1792250">
    <ele>15.0</ele>
    <time>2024-08-19T15:47:19Z</time>
   </trkpt>
   <trkpt lat="46.1607730" lon="-1.1792350">
    <ele>15.0</ele>
    <time>2024-08-19T15:47:20Z</time>
   </trkpt>
   <trkpt lat="46.1607410" lon="-1.1792410">
    <ele>15.0</ele>
    <time>2024-08-19T15:47:21Z</time>
   </trkpt>
   <trkpt lat="46.1607090" lon="-1.1792480">
    <ele>15.0</ele>
    <time>2024-08-19T15:47:22Z</time>
   </trkpt>
   <trkpt lat="46.1606760" lon="-1.1792590">
    <ele>15.0</ele>
    <time>2024-08-19T15:47:23Z</time>
   </trkpt>
   <trkpt lat="46.1606360" lon="-1.1792760">
    <ele>15.1</ele>
    <time>2024-08-19T15:47:24Z</time>
   </trkpt>
   <trkpt lat="46.1605960" lon="-1.1792980">
    <ele>15.1</ele>
    <time>2024-08-19T15:47:25Z</time>
   </trkpt>
   <trkpt lat="46.1605600" lon="-1.1793080">
    <ele>15.1</ele>
    <time>2024-08-19T15:47:26Z</time>
   </trkpt>
   <trkpt lat="46.1605250" lon="-1.1793150">
    <ele>15.0</ele>
    <time>2024-08-19T15:47:27Z</time>
   </trkpt>
   <trkpt lat="46.1604880" lon="-1.1793210">
    <ele>15.0</ele>
    <time>2024-08-19T15:47:28Z</time>
   </trkpt>
   <trkpt lat="46.1604560" lon="-1.1793280">
    <ele>15.1</ele>
    <time>2024-08-19T15:47:29Z</time>
   </trkpt>
   <trkpt lat="46.1604280" lon="-1.1793380">
    <ele>15.2</ele>
    <time>2024-08-19T15:47:30Z</time>
   </trkpt>
   <trkpt lat="46.1604000" lon="-1.1793490">
    <ele>15.2</ele>
    <time>2024-08-19T15:47:31Z</time>
   </trkpt>
   <trkpt lat="46.1603670" lon="-1.1793630">
    <ele>15.3</ele>
    <time>2024-08-19T15:47:32Z</time>
   </trkpt>
   <trkpt lat="46.1603560" lon="-1.1793680">
    <ele>15.3</ele>
    <time>2024-08-19T15:47:33Z</time>
   </trkpt>
   <trkpt lat="46.1603200" lon="-1.1793860">
    <ele>15.4</ele>
    <time>2024-08-19T15:47:34Z</time>
   </trkpt>
   <trkpt lat="46.1603060" lon="-1.1793930">
    <ele>15.4</ele>
    <time>2024-08-19T15:47:35Z</time>
   </trkpt>
   <trkpt lat="46.1602810" lon="-1.1794080">
    <ele>15.4</ele>
    <time>2024-08-19T15:47:36Z</time>
   </trkpt>
   <trkpt lat="46.1602440" lon="-1.1794250">
    <ele>15.4</ele>
    <time>2024-08-19T15:47:37Z</time>
   </trkpt>
   <trkpt lat="46.1602310" lon="-1.1794300">
    <ele>15.4</ele>
    <time>2024-08-19T15:47:38Z</time>
   </trkpt>
   <trkpt lat="46.1602060" lon="-1.1794490">
    <ele>15.5</ele>
    <time>2024-08-19T15:47:39Z</time>
   </trkpt>
   <trkpt lat="46.1601790" lon="-1.1794640">
    <ele>15.5</ele>
    <time>2024-08-19T15:47:40Z</time>
   </trkpt>
   <trkpt lat="46.1601490" lon="-1.1794620">
    <ele>15.5</ele>
    <time>2024-08-19T15:47:41Z</time>
   </trkpt>
   <trkpt lat="46.1601090" lon="-1.1794630">
    <ele>15.5</ele>
    <time>2024-08-19T15:47:42Z</time>
   </trkpt>
   <trkpt lat="46.1600940" lon="-1.1794610">
    <ele>15.5</ele>
    <time>2024-08-19T15:47:43Z</time>
   </trkpt>
   <trkpt lat="46.1600640" lon="-1.1794620">
    <ele>15.5</ele>
    <time>2024-08-19T15:47:44Z</time>
   </trkpt>
   <trkpt lat="46.1600340" lon="-1.1794640">
    <ele>15.5</ele>
    <time>2024-08-19T15:47:45Z</time>
   </trkpt>
   <trkpt lat="46.1600050" lon="-1.1794680">
    <ele>15.5</ele>
    <time>2024-08-19T15:47:46Z</time>
   </trkpt>
   <trkpt lat="46.1599770" lon="-1.1794730">
    <ele>15.5</ele>
    <time>2024-08-19T15:47:47Z</time>
   </trkpt>
   <trkpt lat="46.1599480" lon="-1.1794840">
    <ele>15.5</ele>
    <time>2024-08-19T15:47:48Z</time>
   </trkpt>
   <trkpt lat="46.1599200" lon="-1.1794930">
    <ele>15.5</ele>
    <time>2024-08-19T15:47:49Z</time>
   </trkpt>
   <trkpt lat="46.1598910" lon="-1.1795080">
    <ele>15.5</ele>
    <time>2024-08-19T15:47:50Z</time>
   </trkpt>
   <trkpt lat="46.1598600" lon="-1.1795200">
    <ele>15.5</ele>
    <time>2024-08-19T15:47:51Z</time>
   </trkpt>
   <trkpt lat="46.1598290" lon="-1.1795370">
    <ele>15.5</ele>
    <time>2024-08-19T15:47:52Z</time>
   </trkpt>
   <trkpt lat="46.1597990" lon="-1.1795500">
    <ele>15.5</ele>
    <time>2024-08-19T15:47:53Z</time>
   </trkpt>
   <trkpt lat="46.1597700" lon="-1.1795610">
    <ele>15.5</ele>
    <time>2024-08-19T15:47:54Z</time>
   </trkpt>
   <trkpt lat="46.1597420" lon="-1.1795730">
    <ele>15.5</ele>
    <time>2024-08-19T15:47:55Z</time>
   </trkpt>
   <trkpt lat="46.1597150" lon="-1.1795820">
    <ele>15.5</ele>
    <time>2024-08-19T15:47:56Z</time>
   </trkpt>
   <trkpt lat="46.1596860" lon="-1.1795880">
    <ele>15.4</ele>
    <time>2024-08-19T15:47:57Z</time>
   </trkpt>
   <trkpt lat="46.1596540" lon="-1.1795910">
    <ele>15.4</ele>
    <time>2024-08-19T15:47:58Z</time>
   </trkpt>
   <trkpt lat="46.1596440" lon="-1.1795920">
    <ele>15.4</ele>
    <time>2024-08-19T15:47:59Z</time>
   </trkpt>
   <trkpt lat="46.1596120" lon="-1.1795950">
    <ele>15.4</ele>
    <time>2024-08-19T15:48:00Z</time>
   </trkpt>
   <trkpt lat="46.1596010" lon="-1.1795960">
    <ele>15.4</ele>
    <time>2024-08-19T15:48:01Z</time>
   </trkpt>
   <trkpt lat="46.1595700" lon="-1.1796000">
    <ele>15.4</ele>
    <time>2024-08-19T15:48:02Z</time>
   </trkpt>
   <trkpt lat="46.1595410" lon="-1.1796010">
    <ele>15.4</ele>
    <time>2024-08-19T15:48:03Z</time>
   </trkpt>
   <trkpt lat="46.1595130" lon="-1.1795980">
    <ele>15.3</ele>
    <time>2024-08-19T15:48:04Z</time>
   </trkpt>
   <trkpt lat="46.1594830" lon="-1.1795990">
    <ele>15.3</ele>
    <time>2024-08-19T15:48:05Z</time>
   </trkpt>
   <trkpt lat="46.1594540" lon="-1.1796000">
    <ele>15.3</ele>
    <time>2024-08-19T15:48:06Z</time>
   </trkpt>
   <trkpt lat="46.1594200" lon="-1.1796010">
    <ele>15.3</ele>
    <time>2024-08-19T15:48:07Z</time>
   </trkpt>
   <trkpt lat="46.1593880" lon="-1.1796020">
    <ele>15.3</ele>
    <time>2024-08-19T15:48:08Z</time>
   </trkpt>
   <trkpt lat="46.1593580" lon="-1.1796000">
    <ele>15.2</ele>
    <time>2024-08-19T15:48:09Z</time>
   </trkpt>
   <trkpt lat="46.1593280" lon="-1.1796010">
    <ele>15.2</ele>
    <time>2024-08-19T15:48:10Z</time>
   </trkpt>
   <trkpt lat="46.1593010" lon="-1.1796070">
    <ele>15.2</ele>
    <time>2024-08-19T15:48:11Z</time>
   </trkpt>
   <trkpt lat="46.1592620" lon="-1.1796270">
    <ele>15.1</ele>
    <time>2024-08-19T15:48:12Z</time>
   </trkpt>
   <trkpt lat="46.1592460" lon="-1.1796350">
    <ele>15.1</ele>
    <time>2024-08-19T15:48:13Z</time>
   </trkpt>
   <trkpt lat="46.1592190" lon="-1.1796430">
    <ele>15.1</ele>
    <time>2024-08-19T15:48:14Z</time>
   </trkpt>
   <trkpt lat="46.1591810" lon="-1.1796450">
    <ele>15.0</ele>
    <time>2024-08-19T15:48:15Z</time>
   </trkpt>
   <trkpt lat="46.1591680" lon="-1.1796450">
    <ele>15.0</ele>
    <time>2024-08-19T15:48:16Z</time>
   </trkpt>
   <trkpt lat="46.1591290" lon="-1.1796490">
    <ele>15.0</ele>
    <time>2024-08-19T15:48:17Z</time>
   </trkpt>
   <trkpt lat="46.1591150" lon="-1.1796510">
    <ele>14.9</ele>
    <time>2024-08-19T15:48:18Z</time>
   </trkpt>
   <trkpt lat="46.1590740" lon="-1.1796580">
    <ele>14.9</ele>
    <time>2024-08-19T15:48:19Z</time>
   </trkpt>
   <trkpt lat="46.1590590" lon="-1.1796610">
    <ele>14.9</ele>
    <time>2024-08-19T15:48:20Z</time>
   </trkpt>
   <trkpt lat="46.1590280" lon="-1.1796660">
    <ele>14.8</ele>
    <time>2024-08-19T15:48:21Z</time>
   </trkpt>
   <trkpt lat="46.1589940" lon="-1.1796730">
    <ele>14.7</ele>
    <time>2024-08-19T15:48:22Z</time>
   </trkpt>
   <trkpt lat="46.1589590" lon="-1.1796780">
    <ele>14.7</ele>
    <time>2024-08-19T15:48:23Z</time>
   </trkpt>
   <trkpt lat="46.1589190" lon="-1.1796820">
    <ele>14.6</ele>
    <time>2024-08-19T15:48:24Z</time>
   </trkpt>
   <trkpt lat="46.1588790" lon="-1.1796860">
    <ele>14.5</ele>
    <time>2024-08-19T15:48:25Z</time>
   </trkpt>
   <trkpt lat="46.1588400" lon="-1.1796890">
    <ele>14.5</ele>
    <time>2024-08-19T15:48:26Z</time>
   </trkpt>
   <trkpt lat="46.1588060" lon="-1.1796930">
    <ele>14.4</ele>
    <time>2024-08-19T15:48:27Z</time>
   </trkpt>
   <trkpt lat="46.1587670" lon="-1.1796970">
    <ele>14.3</ele>
    <time>2024-08-19T15:48:28Z</time>
   </trkpt>
   <trkpt lat="46.1587320" lon="-1.1797020">
    <ele>14.3</ele>
    <time>2024-08-19T15:48:29Z</time>
   </trkpt>
   <trkpt lat="46.1586990" lon="-1.1797060">
    <ele>14.2</ele>
    <time>2024-08-19T15:48:30Z</time>
   </trkpt>
   <trkpt lat="46.1586700" lon="-1.1797110">
    <ele>14.1</ele>
    <time>2024-08-19T15:48:31Z</time>
   </trkpt>
   <trkpt lat="46.1586300" lon="-1.1797190">
    <ele>14.0</ele>
    <time>2024-08-19T15:48:32Z</time>
   </trkpt>
   <trkpt lat="46.1586170" lon="-1.1797210">
    <ele>14.0</ele>
    <time>2024-08-19T15:48:33Z</time>
   </trkpt>
   <trkpt lat="46.1585900" lon="-1.1797240">
    <ele>14.0</ele>
    <time>2024-08-19T15:48:34Z</time>
   </trkpt>
   <trkpt lat="46.1585600" lon="-1.1797240">
    <ele>13.9</ele>
    <time>2024-08-19T15:48:35Z</time>
   </trkpt>
   <trkpt lat="46.1585290" lon="-1.1797240">
    <ele>13.8</ele>
    <time>2024-08-19T15:48:36Z</time>
   </trkpt>
   <trkpt lat="46.1584970" lon="-1.1797230">
    <ele>13.8</ele>
    <time>2024-08-19T15:48:37Z</time>
   </trkpt>
   <trkpt lat="46.1584630" lon="-1.1797220">
    <ele>13.7</ele>
    <time>2024-08-19T15:48:38Z</time>
   </trkpt>
   <trkpt lat="46.1584240" lon="-1.1797260">
    <ele>13.6</ele>
    <time>2024-08-19T15:48:39Z</time>
   </trkpt>
   <trkpt lat="46.1584100" lon="-1.1797270">
    <ele>13.6</ele>
    <time>2024-08-19T15:48:40Z</time>
   </trkpt>
   <trkpt lat="46.1583770" lon="-1.1797290">
    <ele>13.5</ele>
    <time>2024-08-19T15:48:41Z</time>
   </trkpt>
   <trkpt lat="46.1583460" lon="-1.1797310">
    <ele>13.4</ele>
    <time>2024-08-19T15:48:42Z</time>
   </trkpt>
   <trkpt lat="46.1583150" lon="-1.1797350">
    <ele>13.3</ele>
    <time>2024-08-19T15:48:43Z</time>
   </trkpt>
   <trkpt lat="46.1582830" lon="-1.1797380">
    <ele>13.2</ele>
    <time>2024-08-19T15:48:44Z</time>
   </trkpt>
   <trkpt lat="46.1582530" lon="-1.1797450">
    <ele>13.1</ele>
    <time>2024-08-19T15:48:45Z</time>
   </trkpt>
   <trkpt lat="46.1582230" lon="-1.1797520">
    <ele>13.0</ele>
    <time>2024-08-19T15:48:46Z</time>
   </trkpt>
   <trkpt lat="46.1581930" lon="-1.1797620">
    <ele>12.9</ele>
    <time>2024-08-19T15:48:47Z</time>
   </trkpt>
   <trkpt lat="46.1581640" lon="-1.1797720">
    <ele>12.8</ele>
    <time>2024-08-19T15:48:48Z</time>
   </trkpt>
   <trkpt lat="46.1581360" lon="-1.1797810">
    <ele>12.7</ele>
    <time>2024-08-19T15:48:49Z</time>
   </trkpt>
   <trkpt lat="46.1581060" lon="-1.1797850">
    <ele>12.6</ele>
    <time>2024-08-19T15:48:50Z</time>
   </trkpt>
   <trkpt lat="46.1580760" lon="-1.1797870">
    <ele>12.5</ele>
    <time>2024-08-19T15:48:51Z</time>
   </trkpt>
   <trkpt lat="46.1580440" lon="-1.1797870">
    <ele>12.4</ele>
    <time>2024-08-19T15:48:52Z</time>
   </trkpt>
   <trkpt lat="46.1580120" lon="-1.1797900">
    <ele>12.3</ele>
    <time>2024-08-19T15:48:53Z</time>
   </trkpt>
   <trkpt lat="46.1579820" lon="-1.1797990">
    <ele>12.3</ele>
    <time>2024-08-19T15:48:54Z</time>
   </trkpt>
   <trkpt lat="46.1579430" lon="-1.1798150">
    <ele>12.1</ele>
    <time>2024-08-19T15:48:55Z</time>
   </trkpt>
   <trkpt lat="46.1579050" lon="-1.1798290">
    <ele>12.0</ele>
    <time>2024-08-19T15:48:56Z</time>
   </trkpt>
   <trkpt lat="46.1578760" lon="-1.1798420">
    <ele>11.9</ele>
    <time>2024-08-19T15:48:57Z</time>
   </trkpt>
   <trkpt lat="46.1578480" lon="-1.1798550">
    <ele>11.8</ele>
    <time>2024-08-19T15:48:58Z</time>
   </trkpt>
   <trkpt lat="46.1578150" lon="-1.1798710">
    <ele>11.7</ele>
    <time>2024-08-19T15:48:59Z</time>
   </trkpt>
   <trkpt lat="46.1577810" lon="-1.1798880">
    <ele>11.6</ele>
    <time>2024-08-19T15:49:00Z</time>
   </trkpt>
   <trkpt lat="46.1577480" lon="-1.1799010">
    <ele>11.4</ele>
    <time>2024-08-19T15:49:01Z</time>
   </trkpt>
   <trkpt lat="46.1577200" lon="-1.1799100">
    <ele>11.3</ele>
    <time>2024-08-19T15:49:02Z</time>
   </trkpt>
   <trkpt lat="46.1576940" lon="-1.1799200">
    <ele>11.2</ele>
    <time>2024-08-19T15:49:03Z</time>
   </trkpt>
   <trkpt lat="46.1576660" lon="-1.1799290">
    <ele>11.1</ele>
    <time>2024-08-19T15:49:04Z</time>
   </trkpt>
   <trkpt lat="46.1576370" lon="-1.1799430">
    <ele>11.0</ele>
    <time>2024-08-19T15:49:05Z</time>
   </trkpt>
   <trkpt lat="46.1576050" lon="-1.1799560">
    <ele>10.8</ele>
    <time>2024-08-19T15:49:06Z</time>
   </trkpt>
   <trkpt lat="46.1575710" lon="-1.1799700">
    <ele>10.7</ele>
    <time>2024-08-19T15:49:07Z</time>
   </trkpt>
   <trkpt lat="46.1575370" lon="-1.1799810">
    <ele>10.5</ele>
    <time>2024-08-19T15:49:08Z</time>
   </trkpt>
   <trkpt lat="46.1575030" lon="-1.1799900">
    <ele>10.3</ele>
    <time>2024-08-19T15:49:09Z</time>
   </trkpt>
   <trkpt lat="46.1574700" lon="-1.1799990">
    <ele>10.2</ele>
    <time>2024-08-19T15:49:10Z</time>
   </trkpt>
   <trkpt lat="46.1574350" lon="-1.1800100">
    <ele>10.0</ele>
    <time>2024-08-19T15:49:11Z</time>
   </trkpt>
   <trkpt lat="46.1573940" lon="-1.1800310">
    <ele>9.8</ele>
    <time>2024-08-19T15:49:12Z</time>
   </trkpt>
   <trkpt lat="46.1573560" lon="-1.1800500">
    <ele>9.6</ele>
    <time>2024-08-19T15:49:13Z</time>
   </trkpt>
   <trkpt lat="46.1573210" lon="-1.1800640">
    <ele>9.5</ele>
    <time>2024-08-19T15:49:14Z</time>
   </trkpt>
   <trkpt lat="46.1572880" lon="-1.1800730">
    <ele>9.4</ele>
    <time>2024-08-19T15:49:15Z</time>
   </trkpt>
   <trkpt lat="46.1572570" lon="-1.1800780">
    <ele>9.3</ele>
    <time>2024-08-19T15:49:16Z</time>
   </trkpt>
   <trkpt lat="46.1572260" lon="-1.1800830">
    <ele>9.2</ele>
    <time>2024-08-19T15:49:17Z</time>
   </trkpt>
   <trkpt lat="46.1571960" lon="-1.1800870">
    <ele>9.1</ele>
    <time>2024-08-19T15:49:18Z</time>
   </trkpt>
   <trkpt lat="46.1571670" lon="-1.1800900">
    <ele>9.1</ele>
    <time>2024-08-19T15:49:19Z</time>
   </trkpt>
   <trkpt lat="46.1571340" lon="-1.1800900">
    <ele>9.0</ele>
    <time>2024-08-19T15:49:20Z</time>
   </trkpt>
   <trkpt lat="46.1571010" lon="-1.1800950">
    <ele>8.9</ele>
    <time>2024-08-19T15:49:21Z</time>
   </trkpt>
   <trkpt lat="46.1570690" lon="-1.1801000">
    <ele>8.8</ele>
    <time>2024-08-19T15:49:22Z</time>
   </trkpt>
   <trkpt lat="46.1570400" lon="-1.1801080">
    <ele>8.7</ele>
    <time>2024-08-19T15:49:23Z</time>
   </trkpt>
   <trkpt lat="46.1570140" lon="-1.1801200">
    <ele>8.5</ele>
    <time>2024-08-19T15:49:24Z</time>
   </trkpt>
   <trkpt lat="46.1569820" lon="-1.1801310">
    <ele>8.4</ele>
    <time>2024-08-19T15:49:25Z</time>
   </trkpt>
   <trkpt lat="46.1569490" lon="-1.1801410">
    <ele>8.3</ele>
    <time>2024-08-19T15:49:26Z</time>
   </trkpt>
   <trkpt lat="46.1569200" lon="-1.1801500">
    <ele>8.2</ele>
    <time>2024-08-19T15:49:27Z</time>
   </trkpt>
   <trkpt lat="46.1568920" lon="-1.1801640">
    <ele>8.1</ele>
    <time>2024-08-19T15:49:28Z</time>
   </trkpt>
   <trkpt lat="46.1568640" lon="-1.1801860">
    <ele>8.0</ele>
    <time>2024-08-19T15:49:29Z</time>
   </trkpt>
   <trkpt lat="46.1568370" lon="-1.1802110">
    <ele>7.8</ele>
    <time>2024-08-19T15:49:30Z</time>
   </trkpt>
   <trkpt lat="46.1568130" lon="-1.1802390">
    <ele>7.7</ele>
    <time>2024-08-19T15:49:31Z</time>
   </trkpt>
   <trkpt lat="46.1567900" lon="-1.1802630">
    <ele>7.7</ele>
    <time>2024-08-19T15:49:32Z</time>
   </trkpt>
   <trkpt lat="46.1567640" lon="-1.1802870">
    <ele>7.6</ele>
    <time>2024-08-19T15:49:33Z</time>
   </trkpt>
   <trkpt lat="46.1567370" lon="-1.1803110">
    <ele>7.5</ele>
    <time>2024-08-19T15:49:34Z</time>
   </trkpt>
   <trkpt lat="46.1567100" lon="-1.1803300">
    <ele>7.4</ele>
    <time>2024-08-19T15:49:35Z</time>
   </trkpt>
   <trkpt lat="46.1566830" lon="-1.1803470">
    <ele>7.4</ele>
    <time>2024-08-19T15:49:36Z</time>
   </trkpt>
   <trkpt lat="46.1566560" lon="-1.1803600">
    <ele>7.3</ele>
    <time>2024-08-19T15:49:37Z</time>
   </trkpt>
   <trkpt lat="46.1566210" lon="-1.1803770">
    <ele>7.2</ele>
    <time>2024-08-19T15:49:38Z</time>
   </trkpt>
   <trkpt lat="46.1566110" lon="-1.1803820">
    <ele>7.2</ele>
    <time>2024-08-19T15:49:39Z</time>
   </trkpt>
   <trkpt lat="46.1565810" lon="-1.1803950">
    <ele>7.1</ele>
    <time>2024-08-19T15:49:40Z</time>
   </trkpt>
   <trkpt lat="46.1565710" lon="-1.1803990">
    <ele>7.0</ele>
    <time>2024-08-19T15:49:41Z</time>
   </trkpt>
   <trkpt lat="46.1565410" lon="-1.1804040">
    <ele>6.9</ele>
    <time>2024-08-19T15:49:42Z</time>
   </trkpt>
   <trkpt lat="46.1565300" lon="-1.1804040">
    <ele>6.9</ele>
    <time>2024-08-19T15:49:43Z</time>
   </trkpt>
   <trkpt lat="46.1564980" lon="-1.1804120">
    <ele>6.8</ele>
    <time>2024-08-19T15:49:44Z</time>
   </trkpt>
   <trkpt lat="46.1564890" lon="-1.1804150">
    <ele>6.8</ele>
    <time>2024-08-19T15:49:45Z</time>
   </trkpt>
   <trkpt lat="46.1564580" lon="-1.1804270">
    <ele>6.7</ele>
    <time>2024-08-19T15:49:46Z</time>
   </trkpt>
   <trkpt lat="46.1564450" lon="-1.1804320">
    <ele>6.6</ele>
    <time>2024-08-19T15:49:47Z</time>
   </trkpt>
   <trkpt lat="46.1564140" lon="-1.1804480">
    <ele>6.5</ele>
    <time>2024-08-19T15:49:48Z</time>
   </trkpt>
   <trkpt lat="46.1563810" lon="-1.1804720">
    <ele>6.4</ele>
    <time>2024-08-19T15:49:49Z</time>
   </trkpt>
   <trkpt lat="46.1563410" lon="-1.1804940">
    <ele>6.2</ele>
    <time>2024-08-19T15:49:50Z</time>
   </trkpt>
   <trkpt lat="46.1563020" lon="-1.1805070">
    <ele>6.1</ele>
    <time>2024-08-19T15:49:51Z</time>
   </trkpt>
   <trkpt lat="46.1562630" lon="-1.1805180">
    <ele>6.0</ele>
    <time>2024-08-19T15:49:52Z</time>
   </trkpt>
   <trkpt lat="46.1562100" lon="-1.1805260">
    <ele>5.8</ele>
    <time>2024-08-19T15:49:53Z</time>
   </trkpt>
   <trkpt lat="46.1561700" lon="-1.1805380">
    <ele>5.7</ele>
    <time>2024-08-19T15:49:54Z</time>
   </trkpt>
   <trkpt lat="46.1561350" lon="-1.1805500">
    <ele>5.6</ele>
    <time>2024-08-19T15:49:55Z</time>
   </trkpt>
   <trkpt lat="46.1560980" lon="-1.1805630">
    <ele>5.5</ele>
    <time>2024-08-19T15:49:56Z</time>
   </trkpt>
   <trkpt lat="46.1560630" lon="-1.1805780">
    <ele>5.4</ele>
    <time>2024-08-19T15:49:57Z</time>
   </trkpt>
   <trkpt lat="46.1560220" lon="-1.1805940">
    <ele>5.3</ele>
    <time>2024-08-19T15:49:58Z</time>
   </trkpt>
   <trkpt lat="46.1559830" lon="-1.1806100">
    <ele>5.3</ele>
    <time>2024-08-19T15:49:59Z</time>
   </trkpt>
   <trkpt lat="46.1559500" lon="-1.1806220">
    <ele>5.2</ele>
    <time>2024-08-19T15:50:00Z</time>
   </trkpt>
   <trkpt lat="46.1559200" lon="-1.1806340">
    <ele>5.2</ele>
    <time>2024-08-19T15:50:01Z</time>
   </trkpt>
   <trkpt lat="46.1558890" lon="-1.1806460">
    <ele>5.1</ele>
    <time>2024-08-19T15:50:02Z</time>
   </trkpt>
   <trkpt lat="46.1558550" lon="-1.1806600">
    <ele>5.1</ele>
    <time>2024-08-19T15:50:03Z</time>
   </trkpt>
   <trkpt lat="46.1558280" lon="-1.1806700">
    <ele>5.0</ele>
    <time>2024-08-19T15:50:04Z</time>
   </trkpt>
   <trkpt lat="46.1557900" lon="-1.1806840">
    <ele>5.0</ele>
    <time>2024-08-19T15:50:05Z</time>
   </trkpt>
   <trkpt lat="46.1557760" lon="-1.1806900">
    <ele>5.0</ele>
    <time>2024-08-19T15:50:06Z</time>
   </trkpt>
   <trkpt lat="46.1557480" lon="-1.1807020">
    <ele>5.0</ele>
    <time>2024-08-19T15:50:07Z</time>
   </trkpt>
   <trkpt lat="46.1557160" lon="-1.1807150">
    <ele>4.9</ele>
    <time>2024-08-19T15:50:08Z</time>
   </trkpt>
   <trkpt lat="46.1556820" lon="-1.1807260">
    <ele>4.9</ele>
    <time>2024-08-19T15:50:09Z</time>
   </trkpt>
   <trkpt lat="46.1556480" lon="-1.1807360">
    <ele>4.8</ele>
    <time>2024-08-19T15:50:10Z</time>
   </trkpt>
   <trkpt lat="46.1556100" lon="-1.1807430">
    <ele>4.8</ele>
    <time>2024-08-19T15:50:11Z</time>
   </trkpt>
   <trkpt lat="46.1555740" lon="-1.1807500">
    <ele>4.8</ele>
    <time>2024-08-19T15:50:12Z</time>
   </trkpt>
   <trkpt lat="46.1555400" lon="-1.1807570">
    <ele>4.7</ele>
    <time>2024-08-19T15:50:13Z</time>
   </trkpt>
   <trkpt lat="46.1555030" lon="-1.1807650">
    <ele>4.7</ele>
    <time>2024-08-19T15:50:14Z</time>
   </trkpt>
   <trkpt lat="46.1554670" lon="-1.1807750">
    <ele>4.7</ele>
    <time>2024-08-19T15:50:15Z</time>
   </trkpt>
   <trkpt lat="46.1554340" lon="-1.1807790">
    <ele>4.6</ele>
    <time>2024-08-19T15:50:16Z</time>
   </trkpt>
   <trkpt lat="46.1554000" lon="-1.1807790">
    <ele>4.6</ele>
    <time>2024-08-19T15:50:17Z</time>
   </trkpt>
   <trkpt lat="46.1553690" lon="-1.1807780">
    <ele>4.6</ele>
    <time>2024-08-19T15:50:18Z</time>
   </trkpt>
   <trkpt lat="46.1553380" lon="-1.1807800">
    <ele>4.5</ele>
    <time>2024-08-19T15:50:19Z</time>
   </trkpt>
   <trkpt lat="46.1553070" lon="-1.1807790">
    <ele>4.5</ele>
    <time>2024-08-19T15:50:20Z</time>
   </trkpt>
   <trkpt lat="46.1552760" lon="-1.1807760">
    <ele>4.5</ele>
    <time>2024-08-19T15:50:21Z</time>
   </trkpt>
   <trkpt lat="46.1552460" lon="-1.1807700">
    <ele>4.5</ele>
    <time>2024-08-19T15:50:22Z</time>
   </trkpt>
   <trkpt lat="46.1552170" lon="-1.1807660">
    <ele>4.4</ele>
    <time>2024-08-19T15:50:23Z</time>
   </trkpt>
   <trkpt lat="46.1551800" lon="-1.1807690">
    <ele>4.4</ele>
    <time>2024-08-19T15:50:24Z</time>
   </trkpt>
   <trkpt lat="46.1551670" lon="-1.1807700">
    <ele>4.4</ele>
    <time>2024-08-19T15:50:25Z</time>
   </trkpt>
   <trkpt lat="46.1551370" lon="-1.1807680">
    <ele>4.4</ele>
    <time>2024-08-19T15:50:26Z</time>
   </trkpt>
   <trkpt lat="46.1551080" lon="-1.1807630">
    <ele>4.3</ele>
    <time>2024-08-19T15:50:27Z</time>
   </trkpt>
   <trkpt lat="46.1550800" lon="-1.1807560">
    <ele>4.3</ele>
    <time>2024-08-19T15:50:28Z</time>
   </trkpt>
   <trkpt lat="46.1550520" lon="-1.1807500">
    <ele>4.3</ele>
    <time>2024-08-19T15:50:29Z</time>
   </trkpt>
   <trkpt lat="46.1550240" lon="-1.1807460">
    <ele>4.3</ele>
    <time>2024-08-19T15:50:30Z</time>
   </trkpt>
   <trkpt lat="46.1549920" lon="-1.1807430">
    <ele>4.2</ele>
    <time>2024-08-19T15:50:31Z</time>
   </trkpt>
   <trkpt lat="46.1549600" lon="-1.1807360">
    <ele>4.2</ele>
    <time>2024-08-19T15:50:32Z</time>
   </trkpt>
   <trkpt lat="46.1549490" lon="-1.1807310">
    <ele>4.2</ele>
    <time>2024-08-19T15:50:33Z</time>
   </trkpt>
   <trkpt lat="46.1549120" lon="-1.1807110">
    <ele>4.2</ele>
    <time>2024-08-19T15:50:34Z</time>
   </trkpt>
   <trkpt lat="46.1548980" lon="-1.1807050">
    <ele>4.2</ele>
    <time>2024-08-19T15:50:35Z</time>
   </trkpt>
   <trkpt lat="46.1548660" lon="-1.1806950">
    <ele>4.2</ele>
    <time>2024-08-19T15:50:36Z</time>
   </trkpt>
   <trkpt lat="46.1548350" lon="-1.1806920">
    <ele>4.1</ele>
    <time>2024-08-19T15:50:37Z</time>
   </trkpt>
   <trkpt lat="46.1548030" lon="-1.1806860">
    <ele>4.1</ele>
    <time>2024-08-19T15:50:38Z</time>
   </trkpt>
   <trkpt lat="46.1547710" lon="-1.1806800">
    <ele>4.1</ele>
    <time>2024-08-19T15:50:39Z</time>
   </trkpt>
   <trkpt lat="46.1547390" lon="-1.1806750">
    <ele>4.1</ele>
    <time>2024-08-19T15:50:40Z</time>
   </trkpt>
   <trkpt lat="46.1546990" lon="-1.1806710">
    <ele>4.1</ele>
    <time>2024-08-19T15:50:41Z</time>
   </trkpt>
   <trkpt lat="46.1546580" lon="-1.1806680">
    <ele>4.1</ele>
    <time>2024-08-19T15:50:42Z</time>
   </trkpt>
   <trkpt lat="46.1546230" lon="-1.1806630">
    <ele>4.1</ele>
    <time>2024-08-19T15:50:43Z</time>
   </trkpt>
   <trkpt lat="46.1545930" lon="-1.1806570">
    <ele>4.1</ele>
    <time>2024-08-19T15:50:44Z</time>
   </trkpt>
   <trkpt lat="46.1545640" lon="-1.1806530">
    <ele>4.1</ele>
    <time>2024-08-19T15:50:45Z</time>
   </trkpt>
   <trkpt lat="46.1545350" lon="-1.1806530">
    <ele>4.2</ele>
    <time>2024-08-19T15:50:46Z</time>
   </trkpt>
   <trkpt lat="46.1545040" lon="-1.1806540">
    <ele>4.2</ele>
    <time>2024-08-19T15:50:47Z</time>
   </trkpt>
   <trkpt lat="46.1544760" lon="-1.1806530">
    <ele>4.2</ele>
    <time>2024-08-19T15:50:48Z</time>
   </trkpt>
   <trkpt lat="46.1544480" lon="-1.1806510">
    <ele>4.2</ele>
    <time>2024-08-19T15:50:49Z</time>
   </trkpt>
   <trkpt lat="46.1544180" lon="-1.1806460">
    <ele>4.2</ele>
    <time>2024-08-19T15:50:50Z</time>
   </trkpt>
   <trkpt lat="46.1543900" lon="-1.1806380">
    <ele>4.2</ele>
    <time>2024-08-19T15:50:51Z</time>
   </trkpt>
   <trkpt lat="46.1543530" lon="-1.1806310">
    <ele>4.3</ele>
    <time>2024-08-19T15:50:52Z</time>
   </trkpt>
   <trkpt lat="46.1543400" lon="-1.1806290">
    <ele>4.3</ele>
    <time>2024-08-19T15:50:53Z</time>
   </trkpt>
   <trkpt lat="46.1543030" lon="-1.1806250">
    <ele>4.3</ele>
    <time>2024-08-19T15:50:54Z</time>
   </trkpt>
   <trkpt lat="46.1542910" lon="-1.1806250">
    <ele>4.3</ele>
    <time>2024-08-19T15:50:55Z</time>
   </trkpt>
   <trkpt lat="46.1542550" lon="-1.1806310">
    <ele>4.4</ele>
    <time>2024-08-19T15:50:56Z</time>
   </trkpt>
   <trkpt lat="46.1542430" lon="-1.1806340">
    <ele>4.4</ele>
    <time>2024-08-19T15:50:57Z</time>
   </trkpt>
   <trkpt lat="46.1542140" lon="-1.1806400">
    <ele>4.4</ele>
    <time>2024-08-19T15:50:58Z</time>
   </trkpt>
   <trkpt lat="46.1541830" lon="-1.1806400">
    <ele>4.4</ele>
    <time>2024-08-19T15:50:59Z</time>
   </trkpt>
   <trkpt lat="46.1541500" lon="-1.1806330">
    <ele>4.5</ele>
    <time>2024-08-19T15:51:00Z</time>
   </trkpt>
   <trkpt lat="46.1541190" lon="-1.1806180">
    <ele>4.5</ele>
    <time>2024-08-19T15:51:01Z</time>
   </trkpt>
   <trkpt lat="46.1540890" lon="-1.1805970">
    <ele>4.5</ele>
    <time>2024-08-19T15:51:02Z</time>
   </trkpt>
   <trkpt lat="46.1540590" lon="-1.1805740">
    <ele>4.6</ele>
    <time>2024-08-19T15:51:03Z</time>
   </trkpt>
   <trkpt lat="46.1540250" lon="-1.1805490">
    <ele>4.6</ele>
    <time>2024-08-19T15:51:04Z</time>
   </trkpt>
   <trkpt lat="46.1539870" lon="-1.1805250">
    <ele>4.7</ele>
    <time>2024-08-19T15:51:05Z</time>
   </trkpt>
   <trkpt lat="46.1539510" lon="-1.1805110">
    <ele>4.7</ele>
    <time>2024-08-19T15:51:06Z</time>
   </trkpt>
   <trkpt lat="46.1539120" lon="-1.1805170">
    <ele>4.8</ele>
    <time>2024-08-19T15:51:07Z</time>
   </trkpt>
   <trkpt lat="46.1538990" lon="-1.1805240">
    <ele>4.8</ele>
    <time>2024-08-19T15:51:08Z</time>
   </trkpt>
   <trkpt lat="46.1538710" lon="-1.1805450">
    <ele>4.7</ele>
    <time>2024-08-19T15:51:09Z</time>
   </trkpt>
   <trkpt lat="46.1538430" lon="-1.1805690">
    <ele>4.7</ele>
    <time>2024-08-19T15:51:10Z</time>
   </trkpt>
   <trkpt lat="46.1538160" lon="-1.1805920">
    <ele>4.6</ele>
    <time>2024-08-19T15:51:11Z</time>
   </trkpt>
   <trkpt lat="46.1537900" lon="-1.1806150">
    <ele>4.5</ele>
    <time>2024-08-19T15:51:12Z</time>
   </trkpt>
   <trkpt lat="46.1537620" lon="-1.1806340">
    <ele>4.5</ele>
    <time>2024-08-19T15:51:13Z</time>
   </trkpt>
   <trkpt lat="46.1537340" lon="-1.1806490">
    <ele>4.6</ele>
    <time>2024-08-19T15:51:14Z</time>
   </trkpt>
   <trkpt lat="46.1537070" lon="-1.1806610">
    <ele>4.6</ele>
    <time>2024-08-19T15:51:15Z</time>
   </trkpt>
   <trkpt lat="46.1536800" lon="-1.1806690">
    <ele>4.6</ele>
    <time>2024-08-19T15:51:16Z</time>
   </trkpt>
   <trkpt lat="46.1536490" lon="-1.1806750">
    <ele>4.6</ele>
    <time>2024-08-19T15:51:17Z</time>
   </trkpt>
   <trkpt lat="46.1536150" lon="-1.1806780">
    <ele>4.6</ele>
    <time>2024-08-19T15:51:18Z</time>
   </trkpt>
   <trkpt lat="46.1535840" lon="-1.1806720">
    <ele>4.7</ele>
    <time>2024-08-19T15:51:19Z</time>
   </trkpt>
   <trkpt lat="46.1535500" lon="-1.1806490">
    <ele>4.7</ele>
    <time>2024-08-19T15:51:20Z</time>
   </trkpt>
   <trkpt lat="46.1535240" lon="-1.1806140">
    <ele>4.7</ele>
    <time>2024-08-19T15:51:21Z</time>
   </trkpt>
   <trkpt lat="46.1535090" lon="-1.1805780">
    <ele>4.7</ele>
    <time>2024-08-19T15:51:22Z</time>
   </trkpt>
   <trkpt lat="46.1535000" lon="-1.1805360">
    <ele>4.7</ele>
    <time>2024-08-19T15:51:23Z</time>
   </trkpt>
   <trkpt lat="46.1534930" lon="-1.1804870">
    <ele>4.7</ele>
    <time>2024-08-19T15:51:24Z</time>
   </trkpt>
   <trkpt lat="46.1534870" lon="-1.1804400">
    <ele>4.7</ele>
    <time>2024-08-19T15:51:25Z</time>
   </trkpt>
   <trkpt lat="46.1534820" lon="-1.1804000">
    <ele>4.7</ele>
    <time>2024-08-19T15:51:26Z</time>
   </trkpt>
   <trkpt lat="46.1534690" lon="-1.1803450">
    <ele>4.7</ele>
    <time>2024-08-19T15:51:27Z</time>
   </trkpt>
   <trkpt lat="46.1534630" lon="-1.1803260">
    <ele>4.7</ele>
    <time>2024-08-19T15:51:28Z</time>
   </trkpt>
   <trkpt lat="46.1534520" lon="-1.1802780">
    <ele>4.7</ele>
    <time>2024-08-19T15:51:29Z</time>
   </trkpt>
   <trkpt lat="46.1534440" lon="-1.1802270">
    <ele>4.7</ele>
    <time>2024-08-19T15:51:30Z</time>
   </trkpt>
   <trkpt lat="46.1534380" lon="-1.1801820">
    <ele>4.7</ele>
    <time>2024-08-19T15:51:31Z</time>
   </trkpt>
   <trkpt lat="46.1534310" lon="-1.1801250">
    <ele>4.7</ele>
    <time>2024-08-19T15:51:32Z</time>
   </trkpt>
   <trkpt lat="46.1534300" lon="-1.1801050">
    <ele>4.7</ele>
    <time>2024-08-19T15:51:33Z</time>
   </trkpt>
   <trkpt lat="46.1534270" lon="-1.1800640">
    <ele>4.7</ele>
    <time>2024-08-19T15:51:34Z</time>
   </trkpt>
   <trkpt lat="46.1534250" lon="-1.1800200">
    <ele>4.7</ele>
    <time>2024-08-19T15:51:35Z</time>
   </trkpt>
   <trkpt lat="46.1534240" lon="-1.1799780">
    <ele>4.7</ele>
    <time>2024-08-19T15:51:36Z</time>
   </trkpt>
   <trkpt lat="46.1534250" lon="-1.1799280">
    <ele>4.7</ele>
    <time>2024-08-19T15:51:37Z</time>
   </trkpt>
   <trkpt lat="46.1534250" lon="-1.1799110">
    <ele>4.7</ele>
    <time>2024-08-19T15:51:38Z</time>
   </trkpt>
   <trkpt lat="46.1534260" lon="-1.1798520">
    <ele>4.7</ele>
    <time>2024-08-19T15:51:39Z</time>
   </trkpt>
   <trkpt lat="46.1534260" lon="-1.1798300">
    <ele>4.8</ele>
    <time>2024-08-19T15:51:40Z</time>
   </trkpt>
   <trkpt lat="46.1534250" lon="-1.1797830">
    <ele>4.8</ele>
    <time>2024-08-19T15:51:41Z</time>
   </trkpt>
   <trkpt lat="46.1534240" lon="-1.1797330">
    <ele>4.8</ele>
    <time>2024-08-19T15:51:42Z</time>
   </trkpt>
   <trkpt lat="46.1534220" lon="-1.1796900">
    <ele>4.8</ele>
    <time>2024-08-19T15:51:43Z</time>
   </trkpt>
   <trkpt lat="46.1534230" lon="-1.1796300">
    <ele>4.9</ele>
    <time>2024-08-19T15:51:44Z</time>
   </trkpt>
   <trkpt lat="46.1534240" lon="-1.1796070">
    <ele>4.9</ele>
    <time>2024-08-19T15:51:45Z</time>
   </trkpt>
   <trkpt lat="46.1534250" lon="-1.1795640">
    <ele>4.9</ele>
    <time>2024-08-19T15:51:46Z</time>
   </trkpt>
   <trkpt lat="46.1534270" lon="-1.1795220">
    <ele>4.9</ele>
    <time>2024-08-19T15:51:47Z</time>
   </trkpt>
   <trkpt lat="46.1534310" lon="-1.1794630">
    <ele>5.0</ele>
    <time>2024-08-19T15:51:48Z</time>
   </trkpt>
   <trkpt lat="46.1534320" lon="-1.1794420">
    <ele>5.0</ele>
    <time>2024-08-19T15:51:49Z</time>
   </trkpt>
   <trkpt lat="46.1534330" lon="-1.1793930">
    <ele>5.0</ele>
    <time>2024-08-19T15:51:50Z</time>
   </trkpt>
   <trkpt lat="46.1534350" lon="-1.1793430">
    <ele>5.1</ele>
    <time>2024-08-19T15:51:51Z</time>
   </trkpt>
   <trkpt lat="46.1534370" lon="-1.1792950">
    <ele>5.1</ele>
    <time>2024-08-19T15:51:52Z</time>
   </trkpt>
   <trkpt lat="46.1534400" lon="-1.1792500">
    <ele>5.2</ele>
    <time>2024-08-19T15:51:53Z</time>
   </trkpt>
   <trkpt lat="46.1534440" lon="-1.1792060">
    <ele>5.2</ele>
    <time>2024-08-19T15:51:54Z</time>
   </trkpt>
   <trkpt lat="46.1534470" lon="-1.1791530">
    <ele>5.3</ele>
    <time>2024-08-19T15:51:55Z</time>
   </trkpt>
   <trkpt lat="46.1534470" lon="-1.1791360">
    <ele>5.3</ele>
    <time>2024-08-19T15:51:56Z</time>
   </trkpt>
   <trkpt lat="46.1534460" lon="-1.1790750">
    <ele>5.4</ele>
    <time>2024-08-19T15:51:57Z</time>
   </trkpt>
   <trkpt lat="46.1534460" lon="-1.1790520">
    <ele>5.4</ele>
    <time>2024-08-19T15:51:58Z</time>
   </trkpt>
   <trkpt lat="46.1534480" lon="-1.1789950">
    <ele>5.5</ele>
    <time>2024-08-19T15:51:59Z</time>
   </trkpt>
   <trkpt lat="46.1534490" lon="-1.1789760">
    <ele>5.5</ele>
    <time>2024-08-19T15:52:00Z</time>
   </trkpt>
   <trkpt lat="46.1534510" lon="-1.1789330">
    <ele>5.5</ele>
    <time>2024-08-19T15:52:01Z</time>
   </trkpt>
   <trkpt lat="46.1534530" lon="-1.1788920">
    <ele>5.5</ele>
    <time>2024-08-19T15:52:02Z</time>
   </trkpt>
   <trkpt lat="46.1534540" lon="-1.1788460">
    <ele>5.6</ele>
    <time>2024-08-19T15:52:03Z</time>
   </trkpt>
   <trkpt lat="46.1534540" lon="-1.1788300">
    <ele>5.6</ele>
    <time>2024-08-19T15:52:04Z</time>
   </trkpt>
   <trkpt lat="46.1534560" lon="-1.1787870">
    <ele>5.6</ele>
    <time>2024-08-19T15:52:05Z</time>
   </trkpt>
   <trkpt lat="46.1534580" lon="-1.1787390">
    <ele>5.6</ele>
    <time>2024-08-19T15:52:06Z</time>
   </trkpt>
   <trkpt lat="46.1534620" lon="-1.1786960">
    <ele>5.6</ele>
    <time>2024-08-19T15:52:07Z</time>
   </trkpt>
   <trkpt lat="46.1534650" lon="-1.1786570">
    <ele>5.6</ele>
    <time>2024-08-19T15:52:08Z</time>
   </trkpt>
   <trkpt lat="46.1534690" lon="-1.1786030">
    <ele>5.7</ele>
    <time>2024-08-19T15:52:09Z</time>
   </trkpt>
   <trkpt lat="46.1534700" lon="-1.1785840">
    <ele>5.7</ele>
    <time>2024-08-19T15:52:10Z</time>
   </trkpt>
   <trkpt lat="46.1534700" lon="-1.1785290">
    <ele>5.7</ele>
    <time>2024-08-19T15:52:11Z</time>
   </trkpt>
   <trkpt lat="46.1534690" lon="-1.1785100">
    <ele>5.7</ele>
    <time>2024-08-19T15:52:12Z</time>
   </trkpt>
   <trkpt lat="46.1534680" lon="-1.1784490">
    <ele>5.7</ele>
    <time>2024-08-19T15:52:13Z</time>
   </trkpt>
   <trkpt lat="46.1534670" lon="-1.1784270">
    <ele>5.7</ele>
    <time>2024-08-19T15:52:14Z</time>
   </trkpt>
   <trkpt lat="46.1534680" lon="-1.1783800">
    <ele>5.7</ele>
    <time>2024-08-19T15:52:15Z</time>
   </trkpt>
   <trkpt lat="46.1534690" lon="-1.1783310">
    <ele>5.7</ele>
    <time>2024-08-19T15:52:16Z</time>
   </trkpt>
   <trkpt lat="46.1534700" lon="-1.1782890">
    <ele>5.7</ele>
    <time>2024-08-19T15:52:17Z</time>
   </trkpt>
   <trkpt lat="46.1534690" lon="-1.1782340">
    <ele>5.7</ele>
    <time>2024-08-19T15:52:18Z</time>
   </trkpt>
   <trkpt lat="46.1534680" lon="-1.1782160">
    <ele>5.7</ele>
    <time>2024-08-19T15:52:19Z</time>
   </trkpt>
   <trkpt lat="46.1534660" lon="-1.1781550">
    <ele>5.7</ele>
    <time>2024-08-19T15:52:20Z</time>
   </trkpt>
   <trkpt lat="46.1534660" lon="-1.1781310">
    <ele>5.7</ele>
    <time>2024-08-19T15:52:21Z</time>
   </trkpt>
   <trkpt lat="46.1534680" lon="-1.1780870">
    <ele>5.7</ele>
    <time>2024-08-19T15:52:22Z</time>
   </trkpt>
   <trkpt lat="46.1534750" lon="-1.1780330">
    <ele>5.7</ele>
    <time>2024-08-19T15:52:23Z</time>
   </trkpt>
   <trkpt lat="46.1534770" lon="-1.1780150">
    <ele>5.7</ele>
    <time>2024-08-19T15:52:24Z</time>
   </trkpt>
   <trkpt lat="46.1534790" lon="-1.1779630">
    <ele>5.7</ele>
    <time>2024-08-19T15:52:25Z</time>
   </trkpt>
   <trkpt lat="46.1534790" lon="-1.1779440">
    <ele>5.7</ele>
    <time>2024-08-19T15:52:26Z</time>
   </trkpt>
   <trkpt lat="46.1534780" lon="-1.1779040">
    <ele>5.7</ele>
    <time>2024-08-19T15:52:27Z</time>
   </trkpt>
   <trkpt lat="46.1534800" lon="-1.1778610">
    <ele>5.7</ele>
    <time>2024-08-19T15:52:28Z</time>
   </trkpt>
   <trkpt lat="46.1534820" lon="-1.1778150">
    <ele>5.7</ele>
    <time>2024-08-19T15:52:29Z</time>
   </trkpt>
   <trkpt lat="46.1534850" lon="-1.1777700">
    <ele>5.8</ele>
    <time>2024-08-19T15:52:30Z</time>
   </trkpt>
   <trkpt lat="46.1534880" lon="-1.1777310">
    <ele>5.8</ele>
    <time>2024-08-19T15:52:31Z</time>
   </trkpt>
   <trkpt lat="46.1534960" lon="-1.1776790">
    <ele>5.8</ele>
    <time>2024-08-19T15:52:32Z</time>
   </trkpt>
   <trkpt lat="46.1534980" lon="-1.1776610">
    <ele>5.8</ele>
    <time>2024-08-19T15:52:33Z</time>
   </trkpt>
   <trkpt lat="46.1535040" lon="-1.1775970">
    <ele>5.8</ele>
    <time>2024-08-19T15:52:34Z</time>
   </trkpt>
   <trkpt lat="46.1535060" lon="-1.1775710">
    <ele>5.8</ele>
    <time>2024-08-19T15:52:35Z</time>
   </trkpt>
   <trkpt lat="46.1535120" lon="-1.1775190">
    <ele>5.9</ele>
    <time>2024-08-19T15:52:36Z</time>
   </trkpt>
   <trkpt lat="46.1535180" lon="-1.1774680">
    <ele>5.9</ele>
    <time>2024-08-19T15:52:37Z</time>
   </trkpt>
   <trkpt lat="46.1535240" lon="-1.1774240">
    <ele>5.9</ele>
    <time>2024-08-19T15:52:38Z</time>
   </trkpt>
   <trkpt lat="46.1535360" lon="-1.1773690">
    <ele>6.0</ele>
    <time>2024-08-19T15:52:39Z</time>
   </trkpt>
   <trkpt lat="46.1535400" lon="-1.1773510">
    <ele>6.0</ele>
    <time>2024-08-19T15:52:40Z</time>
   </trkpt>
   <trkpt lat="46.1535520" lon="-1.1772980">
    <ele>6.0</ele>
    <time>2024-08-19T15:52:41Z</time>
   </trkpt>
   <trkpt lat="46.1535560" lon="-1.1772790">
    <ele>6.1</ele>
    <time>2024-08-19T15:52:42Z</time>
   </trkpt>
   <trkpt lat="46.1535620" lon="-1.1772370">
    <ele>6.1</ele>
    <time>2024-08-19T15:52:43Z</time>
   </trkpt>
   <trkpt lat="46.1535670" lon="-1.1771970">
    <ele>6.1</ele>
    <time>2024-08-19T15:52:44Z</time>
   </trkpt>
   <trkpt lat="46.1535710" lon="-1.1771510">
    <ele>6.2</ele>
    <time>2024-08-19T15:52:45Z</time>
   </trkpt>
   <trkpt lat="46.1535760" lon="-1.1771050">
    <ele>6.3</ele>
    <time>2024-08-19T15:52:46Z</time>
   </trkpt>
   <trkpt lat="46.1535810" lon="-1.1770620">
    <ele>6.3</ele>
    <time>2024-08-19T15:52:47Z</time>
   </trkpt>
   <trkpt lat="46.1535870" lon="-1.1770210">
    <ele>6.4</ele>
    <time>2024-08-19T15:52:48Z</time>
   </trkpt>
   <trkpt lat="46.1535960" lon="-1.1769840">
    <ele>6.5</ele>
    <time>2024-08-19T15:52:49Z</time>
   </trkpt>
   <trkpt lat="46.1536050" lon="-1.1769470">
    <ele>6.5</ele>
    <time>2024-08-19T15:52:50Z</time>
   </trkpt>
   <trkpt lat="46.1536140" lon="-1.1769100">
    <ele>6.6</ele>
    <time>2024-08-19T15:52:51Z</time>
   </trkpt>
   <trkpt lat="46.1536250" lon="-1.1768740">
    <ele>6.7</ele>
    <time>2024-08-19T15:52:52Z</time>
   </trkpt>
   <trkpt lat="46.1536390" lon="-1.1768390">
    <ele>6.7</ele>
    <time>2024-08-19T15:52:53Z</time>
   </trkpt>
   <trkpt lat="46.1536550" lon="-1.1768010">
    <ele>6.8</ele>
    <time>2024-08-19T15:52:54Z</time>
   </trkpt>
   <trkpt lat="46.1536720" lon="-1.1767660">
    <ele>6.9</ele>
    <time>2024-08-19T15:52:55Z</time>
   </trkpt>
   <trkpt lat="46.1536950" lon="-1.1767130">
    <ele>7.0</ele>
    <time>2024-08-19T15:52:56Z</time>
   </trkpt>
   <trkpt lat="46.1537030" lon="-1.1766910">
    <ele>7.1</ele>
    <time>2024-08-19T15:52:57Z</time>
   </trkpt>
   <trkpt lat="46.1537130" lon="-1.1766440">
    <ele>7.2</ele>
    <time>2024-08-19T15:52:58Z</time>
   </trkpt>
   <trkpt lat="46.1537190" lon="-1.1765990">
    <ele>7.3</ele>
    <time>2024-08-19T15:52:59Z</time>
   </trkpt>
   <trkpt lat="46.1537220" lon="-1.1765510">
    <ele>7.3</ele>
    <time>2024-08-19T15:53:00Z</time>
   </trkpt>
   <trkpt lat="46.1537230" lon="-1.1765070">
    <ele>7.4</ele>
    <time>2024-08-19T15:53:01Z</time>
   </trkpt>
   <trkpt lat="46.1537260" lon="-1.1764630">
    <ele>7.5</ele>
    <time>2024-08-19T15:53:02Z</time>
   </trkpt>
   <trkpt lat="46.1537310" lon="-1.1764180">
    <ele>7.6</ele>
    <time>2024-08-19T15:53:03Z</time>
   </trkpt>
   <trkpt lat="46.1537360" lon="-1.1763720">
    <ele>7.7</ele>
    <time>2024-08-19T15:53:04Z</time>
   </trkpt>
   <trkpt lat="46.1537380" lon="-1.1763300">
    <ele>7.8</ele>
    <time>2024-08-19T15:53:05Z</time>
   </trkpt>
   <trkpt lat="46.1537380" lon="-1.1762770">
    <ele>7.9</ele>
    <time>2024-08-19T15:53:06Z</time>
   </trkpt>
   <trkpt lat="46.1537380" lon="-1.1762610">
    <ele>7.9</ele>
    <time>2024-08-19T15:53:07Z</time>
   </trkpt>
   <trkpt lat="46.1537400" lon="-1.1762190">
    <ele>8.0</ele>
    <time>2024-08-19T15:53:08Z</time>
   </trkpt>
   <trkpt lat="46.1537470" lon="-1.1761710">
    <ele>8.1</ele>
    <time>2024-08-19T15:53:09Z</time>
   </trkpt>
   <trkpt lat="46.1537520" lon="-1.1761240">
    <ele>8.2</ele>
    <time>2024-08-19T15:53:10Z</time>
   </trkpt>
   <trkpt lat="46.1537540" lon="-1.1760770">
    <ele>8.3</ele>
    <time>2024-08-19T15:53:11Z</time>
   </trkpt>
   <trkpt lat="46.1537530" lon="-1.1760290">
    <ele>8.4</ele>
    <time>2024-08-19T15:53:12Z</time>
   </trkpt>
   <trkpt lat="46.1537580" lon="-1.1759820">
    <ele>8.4</ele>
    <time>2024-08-19T15:53:13Z</time>
   </trkpt>
   <trkpt lat="46.1537690" lon="-1.1759300">
    <ele>8.5</ele>
    <time>2024-08-19T15:53:14Z</time>
   </trkpt>
   <trkpt lat="46.1537730" lon="-1.1759140">
    <ele>8.5</ele>
    <time>2024-08-19T15:53:15Z</time>
   </trkpt>
   <trkpt lat="46.1537810" lon="-1.1758760">
    <ele>8.5</ele>
    <time>2024-08-19T15:53:16Z</time>
   </trkpt>
   <trkpt lat="46.1537980" lon="-1.1758240">
    <ele>8.6</ele>
    <time>2024-08-19T15:53:17Z</time>
   </trkpt>
   <trkpt lat="46.1538030" lon="-1.1758070">
    <ele>8.6</ele>
    <time>2024-08-19T15:53:18Z</time>
   </trkpt>
   <trkpt lat="46.1538140" lon="-1.1757700">
    <ele>8.6</ele>
    <time>2024-08-19T15:53:19Z</time>
   </trkpt>
   <trkpt lat="46.1538320" lon="-1.1757220">
    <ele>8.7</ele>
    <time>2024-08-19T15:53:20Z</time>
   </trkpt>
   <trkpt lat="46.1538370" lon="-1.1757060">
    <ele>8.7</ele>
    <time>2024-08-19T15:53:21Z</time>
   </trkpt>
   <trkpt lat="46.1538450" lon="-1.1756820">
    <ele>8.7</ele>
    <time>2024-08-19T15:53:22Z</time>
   </trkpt>
   <trkpt lat="46.1538510" lon="-1.1756630">
    <ele>8.7</ele>
    <time>2024-08-19T15:53:23Z</time>
   </trkpt>
   <trkpt lat="46.1538620" lon="-1.1756110">
    <ele>8.8</ele>
    <time>2024-08-19T15:53:24Z</time>
   </trkpt>
   <trkpt lat="46.1538650" lon="-1.1755860">
    <ele>8.8</ele>
    <time>2024-08-19T15:53:25Z</time>
   </trkpt>
   <trkpt lat="46.1538690" lon="-1.1755330">
    <ele>8.8</ele>
    <time>2024-08-19T15:53:26Z</time>
   </trkpt>
   <trkpt lat="46.1538730" lon="-1.1754820">
    <ele>8.8</ele>
    <time>2024-08-19T15:53:27Z</time>
   </trkpt>
   <trkpt lat="46.1538730" lon="-1.1754330">
    <ele>8.9</ele>
    <time>2024-08-19T15:53:28Z</time>
   </trkpt>
   <trkpt lat="46.1538720" lon="-1.1753840">
    <ele>8.9</ele>
    <time>2024-08-19T15:53:29Z</time>
   </trkpt>
   <trkpt lat="46.1538740" lon="-1.1753320">
    <ele>8.9</ele>
    <time>2024-08-19T15:53:30Z</time>
   </trkpt>
   <trkpt lat="46.1538740" lon="-1.1753170">
    <ele>8.9</ele>
    <time>2024-08-19T15:53:31Z</time>
   </trkpt>
   <trkpt lat="46.1538770" lon="-1.1752940">
    <ele>8.9</ele>
    <time>2024-08-19T15:53:32Z</time>
   </trkpt>
   <trkpt lat="46.1538820" lon="-1.1752750">
    <ele>8.9</ele>
    <time>2024-08-19T15:53:33Z</time>
   </trkpt>
   <trkpt lat="46.1538970" lon="-1.1752350">
    <ele>8.9</ele>
    <time>2024-08-19T15:53:34Z</time>
   </trkpt>
   <trkpt lat="46.1539030" lon="-1.1752170">
    <ele>8.9</ele>
    <time>2024-08-19T15:53:35Z</time>
   </trkpt>
   <trkpt lat="46.1539150" lon="-1.1751680">
    <ele>8.9</ele>
    <time>2024-08-19T15:53:36Z</time>
   </trkpt>
   <trkpt lat="46.1539240" lon="-1.1751150">
    <ele>8.9</ele>
    <time>2024-08-19T15:53:37Z</time>
   </trkpt>
   <trkpt lat="46.1539290" lon="-1.1750680">
    <ele>8.9</ele>
    <time>2024-08-19T15:53:38Z</time>
   </trkpt>
   <trkpt lat="46.1539340" lon="-1.1750250">
    <ele>8.9</ele>
    <time>2024-08-19T15:53:39Z</time>
   </trkpt>
   <trkpt lat="46.1539400" lon="-1.1749860">
    <ele>8.9</ele>
    <time>2024-08-19T15:53:40Z</time>
   </trkpt>
   <trkpt lat="46.1539480" lon="-1.1749430">
    <ele>8.9</ele>
    <time>2024-08-19T15:53:41Z</time>
   </trkpt>
   <trkpt lat="46.1539540" lon="-1.1748980">
    <ele>8.8</ele>
    <time>2024-08-19T15:53:42Z</time>
   </trkpt>
   <trkpt lat="46.1539630" lon="-1.1748560">
    <ele>8.8</ele>
    <time>2024-08-19T15:53:43Z</time>
   </trkpt>
   <trkpt lat="46.1539660" lon="-1.1748430">
    <ele>8.8</ele>
    <time>2024-08-19T15:53:44Z</time>
   </trkpt>
   <trkpt lat="46.1539780" lon="-1.1748070">
    <ele>8.8</ele>
    <time>2024-08-19T15:53:45Z</time>
   </trkpt>
   <trkpt lat="46.1539920" lon="-1.1747630">
    <ele>8.8</ele>
    <time>2024-08-19T15:53:46Z</time>
   </trkpt>
   <trkpt lat="46.1540040" lon="-1.1747180">
    <ele>8.8</ele>
    <time>2024-08-19T15:53:47Z</time>
   </trkpt>
   <trkpt lat="46.1540150" lon="-1.1746680">
    <ele>8.8</ele>
    <time>2024-08-19T15:53:48Z</time>
   </trkpt>
   <trkpt lat="46.1540240" lon="-1.1746120">
    <ele>8.8</ele>
    <time>2024-08-19T15:53:49Z</time>
   </trkpt>
   <trkpt lat="46.1540300" lon="-1.1745620">
    <ele>8.8</ele>
    <time>2024-08-19T15:53:50Z</time>
   </trkpt>
   <trkpt lat="46.1540330" lon="-1.1745120">
    <ele>8.8</ele>
    <time>2024-08-19T15:53:51Z</time>
   </trkpt>
   <trkpt lat="46.1540340" lon="-1.1744690">
    <ele>8.8</ele>
    <time>2024-08-19T15:53:52Z</time>
   </trkpt>
   <trkpt lat="46.1540330" lon="-1.1744150">
    <ele>8.9</ele>
    <time>2024-08-19T15:53:53Z</time>
   </trkpt>
   <trkpt lat="46.1540330" lon="-1.1743990">
    <ele>8.9</ele>
    <time>2024-08-19T15:53:54Z</time>
   </trkpt>
   <trkpt lat="46.1540340" lon="-1.1743550">
    <ele>8.9</ele>
    <time>2024-08-19T15:53:55Z</time>
   </trkpt>
   <trkpt lat="46.1540400" lon="-1.1743130">
    <ele>8.9</ele>
    <time>2024-08-19T15:53:56Z</time>
   </trkpt>
   <trkpt lat="46.1540480" lon="-1.1742540">
    <ele>8.9</ele>
    <time>2024-08-19T15:53:57Z</time>
   </trkpt>
   <trkpt lat="46.1540520" lon="-1.1742310">
    <ele>8.9</ele>
    <time>2024-08-19T15:53:58Z</time>
   </trkpt>
   <trkpt lat="46.1540580" lon="-1.1741810">
    <ele>8.9</ele>
    <time>2024-08-19T15:53:59Z</time>
   </trkpt>
   <trkpt lat="46.1540640" lon="-1.1741270">
    <ele>8.9</ele>
    <time>2024-08-19T15:54:00Z</time>
   </trkpt>
   <trkpt lat="46.1540670" lon="-1.1740770">
    <ele>8.9</ele>
    <time>2024-08-19T15:54:01Z</time>
   </trkpt>
   <trkpt lat="46.1540680" lon="-1.1740230">
    <ele>8.9</ele>
    <time>2024-08-19T15:54:02Z</time>
   </trkpt>
   <trkpt lat="46.1540660" lon="-1.1739710">
    <ele>8.9</ele>
    <time>2024-08-19T15:54:03Z</time>
   </trkpt>
   <trkpt lat="46.1540680" lon="-1.1739310">
    <ele>8.9</ele>
    <time>2024-08-19T15:54:04Z</time>
   </trkpt>
   <trkpt lat="46.1540760" lon="-1.1738760">
    <ele>8.9</ele>
    <time>2024-08-19T15:54:05Z</time>
   </trkpt>
   <trkpt lat="46.1540800" lon="-1.1738560">
    <ele>8.9</ele>
    <time>2024-08-19T15:54:06Z</time>
   </trkpt>
   <trkpt lat="46.1540900" lon="-1.1738070">
    <ele>8.9</ele>
    <time>2024-08-19T15:54:07Z</time>
   </trkpt>
   <trkpt lat="46.1540930" lon="-1.1737910">
    <ele>9.0</ele>
    <time>2024-08-19T15:54:08Z</time>
   </trkpt>
   <trkpt lat="46.1540980" lon="-1.1737350">
    <ele>9.0</ele>
    <time>2024-08-19T15:54:09Z</time>
   </trkpt>
   <trkpt lat="46.1540990" lon="-1.1737170">
    <ele>9.0</ele>
    <time>2024-08-19T15:54:10Z</time>
   </trkpt>
   <trkpt lat="46.1541040" lon="-1.1736720">
    <ele>9.0</ele>
    <time>2024-08-19T15:54:11Z</time>
   </trkpt>
   <trkpt lat="46.1541090" lon="-1.1736230">
    <ele>9.0</ele>
    <time>2024-08-19T15:54:12Z</time>
   </trkpt>
   <trkpt lat="46.1541150" lon="-1.1735670">
    <ele>9.1</ele>
    <time>2024-08-19T15:54:13Z</time>
   </trkpt>
   <trkpt lat="46.1541200" lon="-1.1735140">
    <ele>9.1</ele>
    <time>2024-08-19T15:54:14Z</time>
   </trkpt>
   <trkpt lat="46.1541280" lon="-1.1734670">
    <ele>9.1</ele>
    <time>2024-08-19T15:54:15Z</time>
   </trkpt>
   <trkpt lat="46.1541360" lon="-1.1734270">
    <ele>9.1</ele>
    <time>2024-08-19T15:54:16Z</time>
   </trkpt>
   <trkpt lat="46.1541440" lon="-1.1733840">
    <ele>9.1</ele>
    <time>2024-08-19T15:54:17Z</time>
   </trkpt>
   <trkpt lat="46.1541500" lon="-1.1733400">
    <ele>9.1</ele>
    <time>2024-08-19T15:54:18Z</time>
   </trkpt>
   <trkpt lat="46.1541530" lon="-1.1733000">
    <ele>9.2</ele>
    <time>2024-08-19T15:54:19Z</time>
   </trkpt>
   <trkpt lat="46.1541600" lon="-1.1732450">
    <ele>9.2</ele>
    <time>2024-08-19T15:54:20Z</time>
   </trkpt>
   <trkpt lat="46.1541630" lon="-1.1732260">
    <ele>9.2</ele>
    <time>2024-08-19T15:54:21Z</time>
   </trkpt>
   <trkpt lat="46.1541760" lon="-1.1731750">
    <ele>9.2</ele>
    <time>2024-08-19T15:54:22Z</time>
   </trkpt>
   <trkpt lat="46.1541810" lon="-1.1731590">
    <ele>9.2</ele>
    <time>2024-08-19T15:54:23Z</time>
   </trkpt>
   <trkpt lat="46.1541850" lon="-1.1731180">
    <ele>9.2</ele>
    <time>2024-08-19T15:54:24Z</time>
   </trkpt>
   <trkpt lat="46.1541900" lon="-1.1730790">
    <ele>9.2</ele>
    <time>2024-08-19T15:54:25Z</time>
   </trkpt>
   <trkpt lat="46.1541970" lon="-1.1730240">
    <ele>9.2</ele>
    <time>2024-08-19T15:54:26Z</time>
   </trkpt>
   <trkpt lat="46.1541990" lon="-1.1730060">
    <ele>9.2</ele>
    <time>2024-08-19T15:54:27Z</time>
   </trkpt>
   <trkpt lat="46.1542040" lon="-1.1729620">
    <ele>9.2</ele>
    <time>2024-08-19T15:54:28Z</time>
   </trkpt>
   <trkpt lat="46.1542090" lon="-1.1729150">
    <ele>9.2</ele>
    <time>2024-08-19T15:54:29Z</time>
   </trkpt>
   <trkpt lat="46.1542110" lon="-1.1728640">
    <ele>9.2</ele>
    <time>2024-08-19T15:54:30Z</time>
   </trkpt>
   <trkpt lat="46.1542180" lon="-1.1728190">
    <ele>9.2</ele>
    <time>2024-08-19T15:54:31Z</time>
   </trkpt>
   <trkpt lat="46.1542240" lon="-1.1727680">
    <ele>9.2</ele>
    <time>2024-08-19T15:54:32Z</time>
   </trkpt>
   <trkpt lat="46.1542280" lon="-1.1727110">
    <ele>9.2</ele>
    <time>2024-08-19T15:54:33Z</time>
   </trkpt>
   <trkpt lat="46.1542300" lon="-1.1726550">
    <ele>9.2</ele>
    <time>2024-08-19T15:54:34Z</time>
   </trkpt>
   <trkpt lat="46.1542300" lon="-1.1726000">
    <ele>9.2</ele>
    <time>2024-08-19T15:54:35Z</time>
   </trkpt>
   <trkpt lat="46.1542270" lon="-1.1725510">
    <ele>9.2</ele>
    <time>2024-08-19T15:54:36Z</time>
   </trkpt>
   <trkpt lat="46.1542230" lon="-1.1725100">
    <ele>9.2</ele>
    <time>2024-08-19T15:54:37Z</time>
   </trkpt>
   <trkpt lat="46.1542170" lon="-1.1724590">
    <ele>9.2</ele>
    <time>2024-08-19T15:54:38Z</time>
   </trkpt>
   <trkpt lat="46.1542150" lon="-1.1724450">
    <ele>9.2</ele>
    <time>2024-08-19T15:54:39Z</time>
   </trkpt>
   <trkpt lat="46.1542170" lon="-1.1724260">
    <ele>9.2</ele>
    <time>2024-08-19T15:54:40Z</time>
   </trkpt>
   <trkpt lat="46.1542400" lon="-1.1723840">
    <ele>9.2</ele>
    <time>2024-08-19T15:54:41Z</time>
   </trkpt>
   <trkpt lat="46.1542540" lon="-1.1723410">
    <ele>9.3</ele>
    <time>2024-08-19T15:54:42Z</time>
   </trkpt>
   <trkpt lat="46.1542640" lon="-1.1722930">
    <ele>9.3</ele>
    <time>2024-08-19T15:54:43Z</time>
   </trkpt>
   <trkpt lat="46.1542740" lon="-1.1722370">
    <ele>9.3</ele>
    <time>2024-08-19T15:54:44Z</time>
   </trkpt>
   <trkpt lat="46.1542860" lon="-1.1721790">
    <ele>9.3</ele>
    <time>2024-08-19T15:54:45Z</time>
   </trkpt>
   <trkpt lat="46.1542990" lon="-1.1721220">
    <ele>9.3</ele>
    <time>2024-08-19T15:54:46Z</time>
   </trkpt>
   <trkpt lat="46.1543100" lon="-1.1720670">
    <ele>9.3</ele>
    <time>2024-08-19T15:54:47Z</time>
   </trkpt>
   <trkpt lat="46.1543210" lon="-1.1720140">
    <ele>9.3</ele>
    <time>2024-08-19T15:54:48Z</time>
   </trkpt>
   <trkpt lat="46.1543320" lon="-1.1719610">
    <ele>9.3</ele>
    <time>2024-08-19T15:54:49Z</time>
   </trkpt>
   <trkpt lat="46.1543430" lon="-1.1719170">
    <ele>9.3</ele>
    <time>2024-08-19T15:54:50Z</time>
   </trkpt>
   <trkpt lat="46.1543620" lon="-1.1718690">
    <ele>9.3</ele>
    <time>2024-08-19T15:54:51Z</time>
   </trkpt>
   <trkpt lat="46.1543690" lon="-1.1718550">
    <ele>9.3</ele>
    <time>2024-08-19T15:54:52Z</time>
   </trkpt>
   <trkpt lat="46.1543840" lon="-1.1718130">
    <ele>9.4</ele>
    <time>2024-08-19T15:54:53Z</time>
   </trkpt>
   <trkpt lat="46.1543880" lon="-1.1717980">
    <ele>9.4</ele>
    <time>2024-08-19T15:54:54Z</time>
   </trkpt>
   <trkpt lat="46.1543950" lon="-1.1717500">
    <ele>9.4</ele>
    <time>2024-08-19T15:54:55Z</time>
   </trkpt>
   <trkpt lat="46.1543960" lon="-1.1717330">
    <ele>9.4</ele>
    <time>2024-08-19T15:54:56Z</time>
   </trkpt>
   <trkpt lat="46.1544000" lon="-1.1716850">
    <ele>9.4</ele>
    <time>2024-08-19T15:54:57Z</time>
   </trkpt>
   <trkpt lat="46.1544030" lon="-1.1716670">
    <ele>9.4</ele>
    <time>2024-08-19T15:54:58Z</time>
   </trkpt>
   <trkpt lat="46.1544100" lon="-1.1716150">
    <ele>9.4</ele>
    <time>2024-08-19T15:54:59Z</time>
   </trkpt>
   <trkpt lat="46.1544130" lon="-1.1715970">
    <ele>9.4</ele>
    <time>2024-08-19T15:55:00Z</time>
   </trkpt>
   <trkpt lat="46.1544180" lon="-1.1715430">
    <ele>9.5</ele>
    <time>2024-08-19T15:55:01Z</time>
   </trkpt>
   <trkpt lat="46.1544240" lon="-1.1714840">
    <ele>9.5</ele>
    <time>2024-08-19T15:55:02Z</time>
   </trkpt>
   <trkpt lat="46.1544300" lon="-1.1714310">
    <ele>9.5</ele>
    <time>2024-08-19T15:55:03Z</time>
   </trkpt>
   <trkpt lat="46.1544380" lon="-1.1713840">
    <ele>9.5</ele>
    <time>2024-08-19T15:55:04Z</time>
   </trkpt>
   <trkpt lat="46.1544480" lon="-1.1713370">
    <ele>9.5</ele>
    <time>2024-08-19T15:55:05Z</time>
   </trkpt>
   <trkpt lat="46.1544590" lon="-1.1712960">
    <ele>9.5</ele>
    <time>2024-08-19T15:55:06Z</time>
   </trkpt>
   <trkpt lat="46.1544710" lon="-1.1712570">
    <ele>9.5</ele>
    <time>2024-08-19T15:55:07Z</time>
   </trkpt>
   <trkpt lat="46.1544840" lon="-1.1712140">
    <ele>9.5</ele>
    <time>2024-08-19T15:55:08Z</time>
   </trkpt>
   <trkpt lat="46.1544970" lon="-1.1711720">
    <ele>9.5</ele>
    <time>2024-08-19T15:55:09Z</time>
   </trkpt>
   <trkpt lat="46.1545120" lon="-1.1711280">
    <ele>9.5</ele>
    <time>2024-08-19T15:55:10Z</time>
   </trkpt>
   <trkpt lat="46.1545270" lon="-1.1710860">
    <ele>9.4</ele>
    <time>2024-08-19T15:55:11Z</time>
   </trkpt>
   <trkpt lat="46.1545420" lon="-1.1710450">
    <ele>9.4</ele>
    <time>2024-08-19T15:55:12Z</time>
   </trkpt>
   <trkpt lat="46.1545560" lon="-1.1710000">
    <ele>9.4</ele>
    <time>2024-08-19T15:55:13Z</time>
   </trkpt>
   <trkpt lat="46.1545670" lon="-1.1709580">
    <ele>9.4</ele>
    <time>2024-08-19T15:55:14Z</time>
   </trkpt>
   <trkpt lat="46.1545750" lon="-1.1709180">
    <ele>9.3</ele>
    <time>2024-08-19T15:55:15Z</time>
   </trkpt>
   <trkpt lat="46.1545810" lon="-1.1708780">
    <ele>9.3</ele>
    <time>2024-08-19T15:55:16Z</time>
   </trkpt>
   <trkpt lat="46.1545810" lon="-1.1708290">
    <ele>9.3</ele>
    <time>2024-08-19T15:55:17Z</time>
   </trkpt>
   <trkpt lat="46.1545780" lon="-1.1708130">
    <ele>9.3</ele>
    <time>2024-08-19T15:55:18Z</time>
   </trkpt>
   <trkpt lat="46.1545700" lon="-1.1707640">
    <ele>9.2</ele>
    <time>2024-08-19T15:55:19Z</time>
   </trkpt>
   <trkpt lat="46.1545670" lon="-1.1707490">
    <ele>9.2</ele>
    <time>2024-08-19T15:55:20Z</time>
   </trkpt>
   <trkpt lat="46.1545660" lon="-1.1706930">
    <ele>9.2</ele>
    <time>2024-08-19T15:55:21Z</time>
   </trkpt>
   <trkpt lat="46.1545670" lon="-1.1706730">
    <ele>9.2</ele>
    <time>2024-08-19T15:55:22Z</time>
   </trkpt>
   <trkpt lat="46.1545700" lon="-1.1706330">
    <ele>9.1</ele>
    <time>2024-08-19T15:55:23Z</time>
   </trkpt>
   <trkpt lat="46.1545770" lon="-1.1705880">
    <ele>9.1</ele>
    <time>2024-08-19T15:55:24Z</time>
   </trkpt>
   <trkpt lat="46.1545910" lon="-1.1705400">
    <ele>9.1</ele>
    <time>2024-08-19T15:55:25Z</time>
   </trkpt>
   <trkpt lat="46.1546040" lon="-1.1705020">
    <ele>9.1</ele>
    <time>2024-08-19T15:55:26Z</time>
   </trkpt>
   <trkpt lat="46.1546240" lon="-1.1704640">
    <ele>9.1</ele>
    <time>2024-08-19T15:55:27Z</time>
   </trkpt>
   <trkpt lat="46.1546440" lon="-1.1704240">
    <ele>9.0</ele>
    <time>2024-08-19T15:55:28Z</time>
   </trkpt>
   <trkpt lat="46.1546640" lon="-1.1703820">
    <ele>9.0</ele>
    <time>2024-08-19T15:55:29Z</time>
   </trkpt>
   <trkpt lat="46.1546800" lon="-1.1703380">
    <ele>9.0</ele>
    <time>2024-08-19T15:55:30Z</time>
   </trkpt>
   <trkpt lat="46.1546880" lon="-1.1702930">
    <ele>9.0</ele>
    <time>2024-08-19T15:55:31Z</time>
   </trkpt>
   <trkpt lat="46.1546940" lon="-1.1702420">
    <ele>9.0</ele>
    <time>2024-08-19T15:55:32Z</time>
   </trkpt>
   <trkpt lat="46.1546970" lon="-1.1701960">
    <ele>8.9</ele>
    <time>2024-08-19T15:55:33Z</time>
   </trkpt>
   <trkpt lat="46.1546970" lon="-1.1701520">
    <ele>8.9</ele>
    <time>2024-08-19T15:55:34Z</time>
   </trkpt>
   <trkpt lat="46.1546940" lon="-1.1701110">
    <ele>8.9</ele>
    <time>2024-08-19T15:55:35Z</time>
   </trkpt>
   <trkpt lat="46.1546890" lon="-1.1700720">
    <ele>8.9</ele>
    <time>2024-08-19T15:55:36Z</time>
   </trkpt>
   <trkpt lat="46.1546840" lon="-1.1700320">
    <ele>8.8</ele>
    <time>2024-08-19T15:55:37Z</time>
   </trkpt>
   <trkpt lat="46.1546800" lon="-1.1699750">
    <ele>8.8</ele>
    <time>2024-08-19T15:55:38Z</time>
   </trkpt>
   <trkpt lat="46.1546790" lon="-1.1699540">
    <ele>8.8</ele>
    <time>2024-08-19T15:55:39Z</time>
   </trkpt>
   <trkpt lat="46.1546790" lon="-1.1699100">
    <ele>8.8</ele>
    <time>2024-08-19T15:55:40Z</time>
   </trkpt>
   <trkpt lat="46.1546780" lon="-1.1698670">
    <ele>8.8</ele>
    <time>2024-08-19T15:55:41Z</time>
   </trkpt>
   <trkpt lat="46.1546790" lon="-1.1698140">
    <ele>8.8</ele>
    <time>2024-08-19T15:55:42Z</time>
   </trkpt>
   <trkpt lat="46.1546800" lon="-1.1697990">
    <ele>8.7</ele>
    <time>2024-08-19T15:55:43Z</time>
   </trkpt>
   <trkpt lat="46.1546850" lon="-1.1697410">
    <ele>8.7</ele>
    <time>2024-08-19T15:55:44Z</time>
   </trkpt>
   <trkpt lat="46.1546870" lon="-1.1697200">
    <ele>8.7</ele>
    <time>2024-08-19T15:55:45Z</time>
   </trkpt>
   <trkpt lat="46.1546940" lon="-1.1696830">
    <ele>8.7</ele>
    <time>2024-08-19T15:55:46Z</time>
   </trkpt>
   <trkpt lat="46.1547100" lon="-1.1696320">
    <ele>8.7</ele>
    <time>2024-08-19T15:55:47Z</time>
   </trkpt>
   <trkpt lat="46.1547160" lon="-1.1696160">
    <ele>8.7</ele>
    <time>2024-08-19T15:55:48Z</time>
   </trkpt>
   <trkpt lat="46.1547260" lon="-1.1695790">
    <ele>8.7</ele>
    <time>2024-08-19T15:55:49Z</time>
   </trkpt>
   <trkpt lat="46.1547350" lon="-1.1695360">
    <ele>8.7</ele>
    <time>2024-08-19T15:55:50Z</time>
   </trkpt>
   <trkpt lat="46.1547450" lon="-1.1694940">
    <ele>8.7</ele>
    <time>2024-08-19T15:55:51Z</time>
   </trkpt>
   <trkpt lat="46.1547520" lon="-1.1694560">
    <ele>8.7</ele>
    <time>2024-08-19T15:55:52Z</time>
   </trkpt>
   <trkpt lat="46.1547630" lon="-1.1694020">
    <ele>8.7</ele>
    <time>2024-08-19T15:55:53Z</time>
   </trkpt>
   <trkpt lat="46.1547660" lon="-1.1693830">
    <ele>8.7</ele>
    <time>2024-08-19T15:55:54Z</time>
   </trkpt>
   <trkpt lat="46.1547710" lon="-1.1693360">
    <ele>8.6</ele>
    <time>2024-08-19T15:55:55Z</time>
   </trkpt>
   <trkpt lat="46.1547720" lon="-1.1692850">
    <ele>8.6</ele>
    <time>2024-08-19T15:55:56Z</time>
   </trkpt>
   <trkpt lat="46.1547710" lon="-1.1692360">
    <ele>8.6</ele>
    <time>2024-08-19T15:55:57Z</time>
   </trkpt>
   <trkpt lat="46.1547710" lon="-1.1691930">
    <ele>8.6</ele>
    <time>2024-08-19T15:55:58Z</time>
   </trkpt>
   <trkpt lat="46.1547710" lon="-1.1691520">
    <ele>8.6</ele>
    <time>2024-08-19T15:55:59Z</time>
   </trkpt>
   <trkpt lat="46.1547760" lon="-1.1691070">
    <ele>8.6</ele>
    <time>2024-08-19T15:56:00Z</time>
   </trkpt>
   <trkpt lat="46.1547840" lon="-1.1690630">
    <ele>8.6</ele>
    <time>2024-08-19T15:56:01Z</time>
   </trkpt>
   <trkpt lat="46.1547930" lon="-1.1690220">
    <ele>8.6</ele>
    <time>2024-08-19T15:56:02Z</time>
   </trkpt>
   <trkpt lat="46.1547990" lon="-1.1689830">
    <ele>8.5</ele>
    <time>2024-08-19T15:56:03Z</time>
   </trkpt>
   <trkpt lat="46.1548050" lon="-1.1689400">
    <ele>8.5</ele>
    <time>2024-08-19T15:56:04Z</time>
   </trkpt>
   <trkpt lat="46.1548110" lon="-1.1688970">
    <ele>8.5</ele>
    <time>2024-08-19T15:56:05Z</time>
   </trkpt>
   <trkpt lat="46.1548190" lon="-1.1688530">
    <ele>8.5</ele>
    <time>2024-08-19T15:56:06Z</time>
   </trkpt>
   <trkpt lat="46.1548280" lon="-1.1688080">
    <ele>8.5</ele>
    <time>2024-08-19T15:56:07Z</time>
   </trkpt>
   <trkpt lat="46.1548370" lon="-1.1687650">
    <ele>8.5</ele>
    <time>2024-08-19T15:56:08Z</time>
   </trkpt>
   <trkpt lat="46.1548410" lon="-1.1687220">
    <ele>8.5</ele>
    <time>2024-08-19T15:56:09Z</time>
   </trkpt>
   <trkpt lat="46.1548460" lon="-1.1686720">
    <ele>8.5</ele>
    <time>2024-08-19T15:56:10Z</time>
   </trkpt>
   <trkpt lat="46.1548510" lon="-1.1686210">
    <ele>8.4</ele>
    <time>2024-08-19T15:56:11Z</time>
   </trkpt>
   <trkpt lat="46.1548570" lon="-1.1685730">
    <ele>8.4</ele>
    <time>2024-08-19T15:56:12Z</time>
   </trkpt>
   <trkpt lat="46.1548650" lon="-1.1685260">
    <ele>8.4</ele>
    <time>2024-08-19T15:56:13Z</time>
   </trkpt>
   <trkpt lat="46.1548760" lon="-1.1684830">
    <ele>8.4</ele>
    <time>2024-08-19T15:56:14Z</time>
   </trkpt>
   <trkpt lat="46.1548890" lon="-1.1684370">
    <ele>8.4</ele>
    <time>2024-08-19T15:56:15Z</time>
   </trkpt>
   <trkpt lat="46.1549010" lon="-1.1683910">
    <ele>8.4</ele>
    <time>2024-08-19T15:56:16Z</time>
   </trkpt>
   <trkpt lat="46.1549150" lon="-1.1683380">
    <ele>8.4</ele>
    <time>2024-08-19T15:56:17Z</time>
   </trkpt>
   <trkpt lat="46.1549280" lon="-1.1682860">
    <ele>8.4</ele>
    <time>2024-08-19T15:56:18Z</time>
   </trkpt>
   <trkpt lat="46.1549360" lon="-1.1682420">
    <ele>8.4</ele>
    <time>2024-08-19T15:56:19Z</time>
   </trkpt>
   <trkpt lat="46.1549430" lon="-1.1682020">
    <ele>8.4</ele>
    <time>2024-08-19T15:56:20Z</time>
   </trkpt>
   <trkpt lat="46.1549490" lon="-1.1681620">
    <ele>8.4</ele>
    <time>2024-08-19T15:56:21Z</time>
   </trkpt>
   <trkpt lat="46.1549540" lon="-1.1681220">
    <ele>8.4</ele>
    <time>2024-08-19T15:56:22Z</time>
   </trkpt>
   <trkpt lat="46.1549580" lon="-1.1680780">
    <ele>8.4</ele>
    <time>2024-08-19T15:56:23Z</time>
   </trkpt>
   <trkpt lat="46.1549620" lon="-1.1680320">
    <ele>8.3</ele>
    <time>2024-08-19T15:56:24Z</time>
   </trkpt>
   <trkpt lat="46.1549650" lon="-1.1679840">
    <ele>8.3</ele>
    <time>2024-08-19T15:56:25Z</time>
   </trkpt>
   <trkpt lat="46.1549700" lon="-1.1679360">
    <ele>8.3</ele>
    <time>2024-08-19T15:56:26Z</time>
   </trkpt>
   <trkpt lat="46.1549770" lon="-1.1678910">
    <ele>8.3</ele>
    <time>2024-08-19T15:56:27Z</time>
   </trkpt>
   <trkpt lat="46.1549850" lon="-1.1678470">
    <ele>8.3</ele>
    <time>2024-08-19T15:56:28Z</time>
   </trkpt>
   <trkpt lat="46.1549930" lon="-1.1677960">
    <ele>8.3</ele>
    <time>2024-08-19T15:56:29Z</time>
   </trkpt>
   <trkpt lat="46.1549960" lon="-1.1677790">
    <ele>8.3</ele>
    <time>2024-08-19T15:56:30Z</time>
   </trkpt>
   <trkpt lat="46.1550070" lon="-1.1677430">
    <ele>8.3</ele>
    <time>2024-08-19T15:56:31Z</time>
   </trkpt>
   <trkpt lat="46.1550210" lon="-1.1676970">
    <ele>8.3</ele>
    <time>2024-08-19T15:56:32Z</time>
   </trkpt>
   <trkpt lat="46.1550250" lon="-1.1676830">
    <ele>8.3</ele>
    <time>2024-08-19T15:56:33Z</time>
   </trkpt>
   <trkpt lat="46.1550320" lon="-1.1676350">
    <ele>8.3</ele>
    <time>2024-08-19T15:56:34Z</time>
   </trkpt>
   <trkpt lat="46.1550340" lon="-1.1676160">
    <ele>8.3</ele>
    <time>2024-08-19T15:56:35Z</time>
   </trkpt>
   <trkpt lat="46.1550440" lon="-1.1675750">
    <ele>8.3</ele>
    <time>2024-08-19T15:56:36Z</time>
   </trkpt>
   <trkpt lat="46.1550550" lon="-1.1675320">
    <ele>8.3</ele>
    <time>2024-08-19T15:56:37Z</time>
   </trkpt>
   <trkpt lat="46.1550650" lon="-1.1674870">
    <ele>8.3</ele>
    <time>2024-08-19T15:56:38Z</time>
   </trkpt>
   <trkpt lat="46.1550770" lon="-1.1674410">
    <ele>8.3</ele>
    <time>2024-08-19T15:56:39Z</time>
   </trkpt>
   <trkpt lat="46.1550900" lon="-1.1673920">
    <ele>8.3</ele>
    <time>2024-08-19T15:56:40Z</time>
   </trkpt>
   <trkpt lat="46.1551020" lon="-1.1673420">
    <ele>8.2</ele>
    <time>2024-08-19T15:56:41Z</time>
   </trkpt>
   <trkpt lat="46.1551140" lon="-1.1672950">
    <ele>8.2</ele>
    <time>2024-08-19T15:56:42Z</time>
   </trkpt>
   <trkpt lat="46.1551250" lon="-1.1672510">
    <ele>8.2</ele>
    <time>2024-08-19T15:56:43Z</time>
   </trkpt>
   <trkpt lat="46.1551340" lon="-1.1672070">
    <ele>8.2</ele>
    <time>2024-08-19T15:56:44Z</time>
   </trkpt>
   <trkpt lat="46.1551430" lon="-1.1671620">
    <ele>8.2</ele>
    <time>2024-08-19T15:56:45Z</time>
   </trkpt>
   <trkpt lat="46.1551500" lon="-1.1671170">
    <ele>8.2</ele>
    <time>2024-08-19T15:56:46Z</time>
   </trkpt>
   <trkpt lat="46.1551550" lon="-1.1670780">
    <ele>8.2</ele>
    <time>2024-08-19T15:56:47Z</time>
   </trkpt>
   <trkpt lat="46.1551600" lon="-1.1670390">
    <ele>8.2</ele>
    <time>2024-08-19T15:56:48Z</time>
   </trkpt>
   <trkpt lat="46.1551660" lon="-1.1669970">
    <ele>8.3</ele>
    <time>2024-08-19T15:56:49Z</time>
   </trkpt>
   <trkpt lat="46.1551770" lon="-1.1669530">
    <ele>8.3</ele>
    <time>2024-08-19T15:56:50Z</time>
   </trkpt>
   <trkpt lat="46.1551920" lon="-1.1669100">
    <ele>8.3</ele>
    <time>2024-08-19T15:56:51Z</time>
   </trkpt>
   <trkpt lat="46.1552120" lon="-1.1668760">
    <ele>8.2</ele>
    <time>2024-08-19T15:56:52Z</time>
   </trkpt>
   <trkpt lat="46.1552370" lon="-1.1668480">
    <ele>8.2</ele>
    <time>2024-08-19T15:56:53Z</time>
   </trkpt>
   <trkpt lat="46.1552640" lon="-1.1668230">
    <ele>8.1</ele>
    <time>2024-08-19T15:56:54Z</time>
   </trkpt>
   <trkpt lat="46.1552940" lon="-1.1668020">
    <ele>8.1</ele>
    <time>2024-08-19T15:56:55Z</time>
   </trkpt>
   <trkpt lat="46.1553230" lon="-1.1667850">
    <ele>8.0</ele>
    <time>2024-08-19T15:56:56Z</time>
   </trkpt>
   <trkpt lat="46.1553570" lon="-1.1667590">
    <ele>7.9</ele>
    <time>2024-08-19T15:56:57Z</time>
   </trkpt>
   <trkpt lat="46.1553660" lon="-1.1667490">
    <ele>7.9</ele>
    <time>2024-08-19T15:56:58Z</time>
   </trkpt>
   <trkpt lat="46.1553870" lon="-1.1667050">
    <ele>7.8</ele>
    <time>2024-08-19T15:56:59Z</time>
   </trkpt>
   <trkpt lat="46.1553900" lon="-1.1666870">
    <ele>7.8</ele>
    <time>2024-08-19T15:57:00Z</time>
   </trkpt>
   <trkpt lat="46.1553920" lon="-1.1666450">
    <ele>7.7</ele>
    <time>2024-08-19T15:57:01Z</time>
   </trkpt>
   <trkpt lat="46.1553890" lon="-1.1665970">
    <ele>7.6</ele>
    <time>2024-08-19T15:57:02Z</time>
   </trkpt>
   <trkpt lat="46.1553860" lon="-1.1665420">
    <ele>7.5</ele>
    <time>2024-08-19T15:57:03Z</time>
   </trkpt>
   <trkpt lat="46.1553840" lon="-1.1664830">
    <ele>7.4</ele>
    <time>2024-08-19T15:57:04Z</time>
   </trkpt>
   <trkpt lat="46.1553830" lon="-1.1664210">
    <ele>7.3</ele>
    <time>2024-08-19T15:57:05Z</time>
   </trkpt>
   <trkpt lat="46.1553790" lon="-1.1663650">
    <ele>7.2</ele>
    <time>2024-08-19T15:57:06Z</time>
   </trkpt>
   <trkpt lat="46.1553700" lon="-1.1663160">
    <ele>7.2</ele>
    <time>2024-08-19T15:57:07Z</time>
   </trkpt>
   <trkpt lat="46.1553550" lon="-1.1662740">
    <ele>7.1</ele>
    <time>2024-08-19T15:57:08Z</time>
   </trkpt>
   <trkpt lat="46.1553370" lon="-1.1662370">
    <ele>7.0</ele>
    <time>2024-08-19T15:57:09Z</time>
   </trkpt>
   <trkpt lat="46.1553190" lon="-1.1661870">
    <ele>7.0</ele>
    <time>2024-08-19T15:57:10Z</time>
   </trkpt>
   <trkpt lat="46.1553150" lon="-1.1661680">
    <ele>6.9</ele>
    <time>2024-08-19T15:57:11Z</time>
   </trkpt>
   <trkpt lat="46.1553200" lon="-1.1661150">
    <ele>6.8</ele>
    <time>2024-08-19T15:57:12Z</time>
   </trkpt>
   <trkpt lat="46.1553270" lon="-1.1660970">
    <ele>6.8</ele>
    <time>2024-08-19T15:57:13Z</time>
   </trkpt>
   <trkpt lat="46.1553460" lon="-1.1660530">
    <ele>6.7</ele>
    <time>2024-08-19T15:57:14Z</time>
   </trkpt>
   <trkpt lat="46.1553600" lon="-1.1660160">
    <ele>6.6</ele>
    <time>2024-08-19T15:57:15Z</time>
   </trkpt>
   <trkpt lat="46.1553660" lon="-1.1659770">
    <ele>6.5</ele>
    <time>2024-08-19T15:57:16Z</time>
   </trkpt>
   <trkpt lat="46.1553680" lon="-1.1659370">
    <ele>6.5</ele>
    <time>2024-08-19T15:57:17Z</time>
   </trkpt>
   <trkpt lat="46.1553690" lon="-1.1658930">
    <ele>6.4</ele>
    <time>2024-08-19T15:57:18Z</time>
   </trkpt>
   <trkpt lat="46.1553710" lon="-1.1658500">
    <ele>6.3</ele>
    <time>2024-08-19T15:57:19Z</time>
   </trkpt>
   <trkpt lat="46.1553760" lon="-1.1658040">
    <ele>6.2</ele>
    <time>2024-08-19T15:57:20Z</time>
   </trkpt>
   <trkpt lat="46.1553870" lon="-1.1657580">
    <ele>6.1</ele>
    <time>2024-08-19T15:57:21Z</time>
   </trkpt>
   <trkpt lat="46.1554030" lon="-1.1657160">
    <ele>6.0</ele>
    <time>2024-08-19T15:57:22Z</time>
   </trkpt>
   <trkpt lat="46.1554250" lon="-1.1656810">
    <ele>5.9</ele>
    <time>2024-08-19T15:57:23Z</time>
   </trkpt>
   <trkpt lat="46.1554510" lon="-1.1656530">
    <ele>5.7</ele>
    <time>2024-08-19T15:57:24Z</time>
   </trkpt>
   <trkpt lat="46.1554820" lon="-1.1656290">
    <ele>5.6</ele>
    <time>2024-08-19T15:57:25Z</time>
   </trkpt>
   <trkpt lat="46.1555120" lon="-1.1656200">
    <ele>6.0</ele>
    <time>2024-08-19T15:57:26Z</time>
   </trkpt>
   <trkpt lat="46.1555390" lon="-1.1656250">
    <ele>6.3</ele>
    <time>2024-08-19T15:57:27Z</time>
   </trkpt>
   <trkpt lat="46.1555760" lon="-1.1656500">
    <ele>6.8</ele>
    <time>2024-08-19T15:57:28Z</time>
   </trkpt>
   <trkpt lat="46.1555880" lon="-1.1656600">
    <ele>7.0</ele>
    <time>2024-08-19T15:57:29Z</time>
   </trkpt>
   <trkpt lat="46.1556150" lon="-1.1656660">
    <ele>7.3</ele>
    <time>2024-08-19T15:57:30Z</time>
   </trkpt>
   <trkpt lat="46.1556240" lon="-1.1656590">
    <ele>7.4</ele>
    <time>2024-08-19T15:57:31Z</time>
   </trkpt>
   <trkpt lat="46.1556390" lon="-1.1656250">
    <ele>7.5</ele>
    <time>2024-08-19T15:57:32Z</time>
   </trkpt>
   <trkpt lat="46.1556420" lon="-1.1655820">
    <ele>7.3</ele>
    <time>2024-08-19T15:57:33Z</time>
   </trkpt>
   <trkpt lat="46.1556380" lon="-1.1655420">
    <ele>7.2</ele>
    <time>2024-08-19T15:57:34Z</time>
   </trkpt>
   <trkpt lat="46.1556290" lon="-1.1654900">
    <ele>7.1</ele>
    <time>2024-08-19T15:57:35Z</time>
   </trkpt>
   <trkpt lat="46.1556260" lon="-1.1654700">
    <ele>7.0</ele>
    <time>2024-08-19T15:57:36Z</time>
   </trkpt>
   <trkpt lat="46.1556180" lon="-1.1654250">
    <ele>6.9</ele>
    <time>2024-08-19T15:57:37Z</time>
   </trkpt>
   <trkpt lat="46.1556070" lon="-1.1653820">
    <ele>6.7</ele>
    <time>2024-08-19T15:57:38Z</time>
   </trkpt>
   <trkpt lat="46.1555930" lon="-1.1653420">
    <ele>6.6</ele>
    <time>2024-08-19T15:57:39Z</time>
   </trkpt>
   <trkpt lat="46.1555790" lon="-1.1653080">
    <ele>6.5</ele>
    <time>2024-08-19T15:57:40Z</time>
   </trkpt>
   <trkpt lat="46.1555660" lon="-1.1652530">
    <ele>6.4</ele>
    <time>2024-08-19T15:57:41Z</time>
   </trkpt>
   <trkpt lat="46.1555640" lon="-1.1652320">
    <ele>6.3</ele>
    <time>2024-08-19T15:57:42Z</time>
   </trkpt>
   <trkpt lat="46.1555600" lon="-1.1651920">
    <ele>6.2</ele>
    <time>2024-08-19T15:57:43Z</time>
   </trkpt>
   <trkpt lat="46.1555660" lon="-1.1651440">
    <ele>6.1</ele>
    <time>2024-08-19T15:57:44Z</time>
   </trkpt>
   <trkpt lat="46.1555720" lon="-1.1650900">
    <ele>6.0</ele>
    <time>2024-08-19T15:57:45Z</time>
   </trkpt>
   <trkpt lat="46.1555770" lon="-1.1650400">
    <ele>5.9</ele>
    <time>2024-08-19T15:57:46Z</time>
   </trkpt>
   <trkpt lat="46.1555790" lon="-1.1649930">
    <ele>5.8</ele>
    <time>2024-08-19T15:57:47Z</time>
   </trkpt>
   <trkpt lat="46.1555790" lon="-1.1649460">
    <ele>5.7</ele>
    <time>2024-08-19T15:57:48Z</time>
   </trkpt>
   <trkpt lat="46.1555780" lon="-1.1649030">
    <ele>5.7</ele>
    <time>2024-08-19T15:57:49Z</time>
   </trkpt>
   <trkpt lat="46.1555740" lon="-1.1648640">
    <ele>5.6</ele>
    <time>2024-08-19T15:57:50Z</time>
   </trkpt>
   <trkpt lat="46.1555670" lon="-1.1648100">
    <ele>5.5</ele>
    <time>2024-08-19T15:57:51Z</time>
   </trkpt>
   <trkpt lat="46.1555650" lon="-1.1647920">
    <ele>5.5</ele>
    <time>2024-08-19T15:57:52Z</time>
   </trkpt>
   <trkpt lat="46.1555660" lon="-1.1647460">
    <ele>5.4</ele>
    <time>2024-08-19T15:57:53Z</time>
   </trkpt>
   <trkpt lat="46.1555700" lon="-1.1646980">
    <ele>5.3</ele>
    <time>2024-08-19T15:57:54Z</time>
   </trkpt>
   <trkpt lat="46.1555750" lon="-1.1646500">
    <ele>5.2</ele>
    <time>2024-08-19T15:57:55Z</time>
   </trkpt>
   <trkpt lat="46.1555790" lon="-1.1646050">
    <ele>5.1</ele>
    <time>2024-08-19T15:57:56Z</time>
   </trkpt>
   <trkpt lat="46.1555830" lon="-1.1645610">
    <ele>5.1</ele>
    <time>2024-08-19T15:57:57Z</time>
   </trkpt>
   <trkpt lat="46.1555880" lon="-1.1645120">
    <ele>5.0</ele>
    <time>2024-08-19T15:57:58Z</time>
   </trkpt>
   <trkpt lat="46.1555960" lon="-1.1644620">
    <ele>4.9</ele>
    <time>2024-08-19T15:57:59Z</time>
   </trkpt>
   <trkpt lat="46.1556040" lon="-1.1644170">
    <ele>4.9</ele>
    <time>2024-08-19T15:58:00Z</time>
   </trkpt>
   <trkpt lat="46.1556120" lon="-1.1643740">
    <ele>4.8</ele>
    <time>2024-08-19T15:58:01Z</time>
   </trkpt>
   <trkpt lat="46.1556250" lon="-1.1643290">
    <ele>4.8</ele>
    <time>2024-08-19T15:58:02Z</time>
   </trkpt>
   <trkpt lat="46.1556380" lon="-1.1642830">
    <ele>4.8</ele>
    <time>2024-08-19T15:58:03Z</time>
   </trkpt>
   <trkpt lat="46.1556480" lon="-1.1642380">
    <ele>4.7</ele>
    <time>2024-08-19T15:58:04Z</time>
   </trkpt>
   <trkpt lat="46.1556560" lon="-1.1641900">
    <ele>4.7</ele>
    <time>2024-08-19T15:58:05Z</time>
   </trkpt>
   <trkpt lat="46.1556600" lon="-1.1641420">
    <ele>4.7</ele>
    <time>2024-08-19T15:58:06Z</time>
   </trkpt>
   <trkpt lat="46.1556620" lon="-1.1640920">
    <ele>4.7</ele>
    <time>2024-08-19T15:58:07Z</time>
   </trkpt>
   <trkpt lat="46.1556610" lon="-1.1640430">
    <ele>4.7</ele>
    <time>2024-08-19T15:58:08Z</time>
   </trkpt>
   <trkpt lat="46.1556600" lon="-1.1639970">
    <ele>4.7</ele>
    <time>2024-08-19T15:58:09Z</time>
   </trkpt>
   <trkpt lat="46.1556660" lon="-1.1639440">
    <ele>4.7</ele>
    <time>2024-08-19T15:58:10Z</time>
   </trkpt>
   <trkpt lat="46.1556690" lon="-1.1639270">
    <ele>4.7</ele>
    <time>2024-08-19T15:58:11Z</time>
   </trkpt>
   <trkpt lat="46.1556840" lon="-1.1638740">
    <ele>4.7</ele>
    <time>2024-08-19T15:58:12Z</time>
   </trkpt>
   <trkpt lat="46.1556890" lon="-1.1638560">
    <ele>4.7</ele>
    <time>2024-08-19T15:58:13Z</time>
   </trkpt>
   <trkpt lat="46.1557000" lon="-1.1638130">
    <ele>4.7</ele>
    <time>2024-08-19T15:58:14Z</time>
   </trkpt>
   <trkpt lat="46.1557070" lon="-1.1637700">
    <ele>4.7</ele>
    <time>2024-08-19T15:58:15Z</time>
   </trkpt>
   <trkpt lat="46.1557130" lon="-1.1637290">
    <ele>4.8</ele>
    <time>2024-08-19T15:58:16Z</time>
   </trkpt>
   <trkpt lat="46.1557190" lon="-1.1636860">
    <ele>4.8</ele>
    <time>2024-08-19T15:58:17Z</time>
   </trkpt>
   <trkpt lat="46.1557210" lon="-1.1636430">
    <ele>4.8</ele>
    <time>2024-08-19T15:58:18Z</time>
   </trkpt>
   <trkpt lat="46.1557200" lon="-1.1635970">
    <ele>4.8</ele>
    <time>2024-08-19T15:58:19Z</time>
   </trkpt>
   <trkpt lat="46.1557190" lon="-1.1635520">
    <ele>4.8</ele>
    <time>2024-08-19T15:58:20Z</time>
   </trkpt>
   <trkpt lat="46.1557210" lon="-1.1635010">
    <ele>4.8</ele>
    <time>2024-08-19T15:58:21Z</time>
   </trkpt>
   <trkpt lat="46.1557250" lon="-1.1634530">
    <ele>4.8</ele>
    <time>2024-08-19T15:58:22Z</time>
   </trkpt>
   <trkpt lat="46.1557300" lon="-1.1634100">
    <ele>4.8</ele>
    <time>2024-08-19T15:58:23Z</time>
   </trkpt>
   <trkpt lat="46.1557360" lon="-1.1633680">
    <ele>4.8</ele>
    <time>2024-08-19T15:58:24Z</time>
   </trkpt>
   <trkpt lat="46.1557410" lon="-1.1633290">
    <ele>4.8</ele>
    <time>2024-08-19T15:58:25Z</time>
   </trkpt>
   <trkpt lat="46.1557470" lon="-1.1632860">
    <ele>4.8</ele>
    <time>2024-08-19T15:58:26Z</time>
   </trkpt>
   <trkpt lat="46.1557510" lon="-1.1632430">
    <ele>4.8</ele>
    <time>2024-08-19T15:58:27Z</time>
   </trkpt>
   <trkpt lat="46.1557520" lon="-1.1632010">
    <ele>4.8</ele>
    <time>2024-08-19T15:58:28Z</time>
   </trkpt>
   <trkpt lat="46.1557460" lon="-1.1631610">
    <ele>4.8</ele>
    <time>2024-08-19T15:58:29Z</time>
   </trkpt>
   <trkpt lat="46.1557370" lon="-1.1631220">
    <ele>4.8</ele>
    <time>2024-08-19T15:58:30Z</time>
   </trkpt>
   <trkpt lat="46.1557260" lon="-1.1630650">
    <ele>4.8</ele>
    <time>2024-08-19T15:58:31Z</time>
   </trkpt>
   <trkpt lat="46.1557230" lon="-1.1630430">
    <ele>4.8</ele>
    <time>2024-08-19T15:58:32Z</time>
   </trkpt>
   <trkpt lat="46.1557210" lon="-1.1629950">
    <ele>4.8</ele>
    <time>2024-08-19T15:58:33Z</time>
   </trkpt>
   <trkpt lat="46.1557220" lon="-1.1629520">
    <ele>4.7</ele>
    <time>2024-08-19T15:58:34Z</time>
   </trkpt>
   <trkpt lat="46.1557230" lon="-1.1629110">
    <ele>4.7</ele>
    <time>2024-08-19T15:58:35Z</time>
   </trkpt>
   <trkpt lat="46.1557240" lon="-1.1628700">
    <ele>4.7</ele>
    <time>2024-08-19T15:58:36Z</time>
   </trkpt>
   <trkpt lat="46.1557260" lon="-1.1628250">
    <ele>4.7</ele>
    <time>2024-08-19T15:58:37Z</time>
   </trkpt>
   <trkpt lat="46.1557290" lon="-1.1627770">
    <ele>4.7</ele>
    <time>2024-08-19T15:58:38Z</time>
   </trkpt>
   <trkpt lat="46.1557320" lon="-1.1627280">
    <ele>4.7</ele>
    <time>2024-08-19T15:58:39Z</time>
   </trkpt>
   <trkpt lat="46.1557340" lon="-1.1626790">
    <ele>4.7</ele>
    <time>2024-08-19T15:58:40Z</time>
   </trkpt>
   <trkpt lat="46.1557360" lon="-1.1626310">
    <ele>4.7</ele>
    <time>2024-08-19T15:58:41Z</time>
   </trkpt>
   <trkpt lat="46.1557380" lon="-1.1625830">
    <ele>4.7</ele>
    <time>2024-08-19T15:58:42Z</time>
   </trkpt>
   <trkpt lat="46.1557390" lon="-1.1625300">
    <ele>4.7</ele>
    <time>2024-08-19T15:58:43Z</time>
   </trkpt>
   <trkpt lat="46.1557410" lon="-1.1624750">
    <ele>4.7</ele>
    <time>2024-08-19T15:58:44Z</time>
   </trkpt>
   <trkpt lat="46.1557430" lon="-1.1624230">
    <ele>4.7</ele>
    <time>2024-08-19T15:58:45Z</time>
   </trkpt>
   <trkpt lat="46.1557460" lon="-1.1623720">
    <ele>4.7</ele>
    <time>2024-08-19T15:58:46Z</time>
   </trkpt>
   <trkpt lat="46.1557510" lon="-1.1623200">
    <ele>4.7</ele>
    <time>2024-08-19T15:58:47Z</time>
   </trkpt>
   <trkpt lat="46.1557560" lon="-1.1622740">
    <ele>4.7</ele>
    <time>2024-08-19T15:58:48Z</time>
   </trkpt>
   <trkpt lat="46.1557600" lon="-1.1622250">
    <ele>4.7</ele>
    <time>2024-08-19T15:58:49Z</time>
   </trkpt>
   <trkpt lat="46.1557640" lon="-1.1621770">
    <ele>4.7</ele>
    <time>2024-08-19T15:58:50Z</time>
   </trkpt>
   <trkpt lat="46.1557640" lon="-1.1621280">
    <ele>4.7</ele>
    <time>2024-08-19T15:58:51Z</time>
   </trkpt>
   <trkpt lat="46.1557620" lon="-1.1620790">
    <ele>4.7</ele>
    <time>2024-08-19T15:58:52Z</time>
   </trkpt>
   <trkpt lat="46.1557590" lon="-1.1620300">
    <ele>4.7</ele>
    <time>2024-08-19T15:58:53Z</time>
   </trkpt>
   <trkpt lat="46.1557560" lon="-1.1619810">
    <ele>4.7</ele>
    <time>2024-08-19T15:58:54Z</time>
   </trkpt>
   <trkpt lat="46.1557540" lon="-1.1619330">
    <ele>4.7</ele>
    <time>2024-08-19T15:58:55Z</time>
   </trkpt>
   <trkpt lat="46.1557540" lon="-1.1618820">
    <ele>4.7</ele>
    <time>2024-08-19T15:58:56Z</time>
   </trkpt>
   <trkpt lat="46.1557540" lon="-1.1618280">
    <ele>4.7</ele>
    <time>2024-08-19T15:58:57Z</time>
   </trkpt>
   <trkpt lat="46.1557560" lon="-1.1617770">
    <ele>4.7</ele>
    <time>2024-08-19T15:58:58Z</time>
   </trkpt>
   <trkpt lat="46.1557570" lon="-1.1617260">
    <ele>4.7</ele>
    <time>2024-08-19T15:58:59Z</time>
   </trkpt>
   <trkpt lat="46.1557560" lon="-1.1616770">
    <ele>4.7</ele>
    <time>2024-08-19T15:59:00Z</time>
   </trkpt>
   <trkpt lat="46.1557560" lon="-1.1616320">
    <ele>4.7</ele>
    <time>2024-08-19T15:59:01Z</time>
   </trkpt>
   <trkpt lat="46.1557520" lon="-1.1615850">
    <ele>4.7</ele>
    <time>2024-08-19T15:59:02Z</time>
   </trkpt>
   <trkpt lat="46.1557450" lon="-1.1615360">
    <ele>4.7</ele>
    <time>2024-08-19T15:59:03Z</time>
   </trkpt>
   <trkpt lat="46.1557360" lon="-1.1614830">
    <ele>4.7</ele>
    <time>2024-08-19T15:59:04Z</time>
   </trkpt>
   <trkpt lat="46.1557250" lon="-1.1614260">
    <ele>4.7</ele>
    <time>2024-08-19T15:59:05Z</time>
   </trkpt>
   <trkpt lat="46.1557110" lon="-1.1613740">
    <ele>4.7</ele>
    <time>2024-08-19T15:59:06Z</time>
   </trkpt>
   <trkpt lat="46.1556960" lon="-1.1613270">
    <ele>4.7</ele>
    <time>2024-08-19T15:59:07Z</time>
   </trkpt>
   <trkpt lat="46.1556790" lon="-1.1612810">
    <ele>4.7</ele>
    <time>2024-08-19T15:59:08Z</time>
   </trkpt>
   <trkpt lat="46.1556620" lon="-1.1612350">
    <ele>4.7</ele>
    <time>2024-08-19T15:59:09Z</time>
   </trkpt>
   <trkpt lat="46.1556460" lon="-1.1611940">
    <ele>4.7</ele>
    <time>2024-08-19T15:59:10Z</time>
   </trkpt>
   <trkpt lat="46.1556310" lon="-1.1611540">
    <ele>4.8</ele>
    <time>2024-08-19T15:59:11Z</time>
   </trkpt>
   <trkpt lat="46.1556160" lon="-1.1611090">
    <ele>4.8</ele>
    <time>2024-08-19T15:59:12Z</time>
   </trkpt>
   <trkpt lat="46.1556020" lon="-1.1610670">
    <ele>4.8</ele>
    <time>2024-08-19T15:59:13Z</time>
   </trkpt>
   <trkpt lat="46.1555900" lon="-1.1610210">
    <ele>4.8</ele>
    <time>2024-08-19T15:59:14Z</time>
   </trkpt>
   <trkpt lat="46.1555780" lon="-1.1609750">
    <ele>4.8</ele>
    <time>2024-08-19T15:59:15Z</time>
   </trkpt>
   <trkpt lat="46.1555700" lon="-1.1609290">
    <ele>4.8</ele>
    <time>2024-08-19T15:59:16Z</time>
   </trkpt>
   <trkpt lat="46.1555670" lon="-1.1608880">
    <ele>4.8</ele>
    <time>2024-08-19T15:59:17Z</time>
   </trkpt>
   <trkpt lat="46.1555670" lon="-1.1608430">
    <ele>4.8</ele>
    <time>2024-08-19T15:59:18Z</time>
   </trkpt>
   <trkpt lat="46.1555730" lon="-1.1607920">
    <ele>4.7</ele>
    <time>2024-08-19T15:59:19Z</time>
   </trkpt>
   <trkpt lat="46.1555830" lon="-1.1607380">
    <ele>4.7</ele>
    <time>2024-08-19T15:59:20Z</time>
   </trkpt>
   <trkpt lat="46.1555950" lon="-1.1606880">
    <ele>4.7</ele>
    <time>2024-08-19T15:59:21Z</time>
   </trkpt>
   <trkpt lat="46.1556070" lon="-1.1606370">
    <ele>4.7</ele>
    <time>2024-08-19T15:59:22Z</time>
   </trkpt>
   <trkpt lat="46.1556250" lon="-1.1605850">
    <ele>4.7</ele>
    <time>2024-08-19T15:59:23Z</time>
   </trkpt>
   <trkpt lat="46.1556310" lon="-1.1605680">
    <ele>4.7</ele>
    <time>2024-08-19T15:59:24Z</time>
   </trkpt>
   <trkpt lat="46.1556460" lon="-1.1605190">
    <ele>4.7</ele>
    <time>2024-08-19T15:59:25Z</time>
   </trkpt>
   <trkpt lat="46.1556490" lon="-1.1604640">
    <ele>4.8</ele>
    <time>2024-08-19T15:59:26Z</time>
   </trkpt>
   <trkpt lat="46.1556350" lon="-1.1604160">
    <ele>4.8</ele>
    <time>2024-08-19T15:59:27Z</time>
   </trkpt>
   <trkpt lat="46.1556080" lon="-1.1603770">
    <ele>4.8</ele>
    <time>2024-08-19T15:59:28Z</time>
   </trkpt>
   <trkpt lat="46.1555800" lon="-1.1603500">
    <ele>4.8</ele>
    <time>2024-08-19T15:59:29Z</time>
   </trkpt>
   <trkpt lat="46.1555530" lon="-1.1603300">
    <ele>4.8</ele>
    <time>2024-08-19T15:59:30Z</time>
   </trkpt>
   <trkpt lat="46.1555260" lon="-1.1603060">
    <ele>4.8</ele>
    <time>2024-08-19T15:59:31Z</time>
   </trkpt>
   <trkpt lat="46.1554980" lon="-1.1602850">
    <ele>4.8</ele>
    <time>2024-08-19T15:59:32Z</time>
   </trkpt>
   <trkpt lat="46.1554730" lon="-1.1602670">
    <ele>4.9</ele>
    <time>2024-08-19T15:59:33Z</time>
   </trkpt>
   <trkpt lat="46.1554470" lon="-1.1602490">
    <ele>4.9</ele>
    <time>2024-08-19T15:59:34Z</time>
   </trkpt>
   <trkpt lat="46.1554150" lon="-1.1602220">
    <ele>4.9</ele>
    <time>2024-08-19T15:59:35Z</time>
   </trkpt>
   <trkpt lat="46.1554040" lon="-1.1602120">
    <ele>4.9</ele>
    <time>2024-08-19T15:59:36Z</time>
   </trkpt>
   <trkpt lat="46.1553800" lon="-1.1601950">
    <ele>4.9</ele>
    <time>2024-08-19T15:59:37Z</time>
   </trkpt>
   <trkpt lat="46.1553560" lon="-1.1601700">
    <ele>4.9</ele>
    <time>2024-08-19T15:59:38Z</time>
   </trkpt>
   <trkpt lat="46.1553330" lon="-1.1601370">
    <ele>5.0</ele>
    <time>2024-08-19T15:59:39Z</time>
   </trkpt>
   <trkpt lat="46.1553110" lon="-1.1600950">
    <ele>5.0</ele>
    <time>2024-08-19T15:59:40Z</time>
   </trkpt>
   <trkpt lat="46.1552920" lon="-1.1600520">
    <ele>5.0</ele>
    <time>2024-08-19T15:59:41Z</time>
   </trkpt>
   <trkpt lat="46.1552740" lon="-1.1600070">
    <ele>5.1</ele>
    <time>2024-08-19T15:59:42Z</time>
   </trkpt>
   <trkpt lat="46.1552560" lon="-1.1599690">
    <ele>5.1</ele>
    <time>2024-08-19T15:59:43Z</time>
   </trkpt>
   <trkpt lat="46.1552350" lon="-1.1599330">
    <ele>5.1</ele>
    <time>2024-08-19T15:59:44Z</time>
   </trkpt>
   <trkpt lat="46.1552130" lon="-1.1598980">
    <ele>5.1</ele>
    <time>2024-08-19T15:59:45Z</time>
   </trkpt>
   <trkpt lat="46.1551900" lon="-1.1598670">
    <ele>5.2</ele>
    <time>2024-08-19T15:59:46Z</time>
   </trkpt>
   <trkpt lat="46.1551630" lon="-1.1598420">
    <ele>5.2</ele>
    <time>2024-08-19T15:59:47Z</time>
   </trkpt>
   <trkpt lat="46.1551550" lon="-1.1598370">
    <ele>5.2</ele>
    <time>2024-08-19T15:59:48Z</time>
   </trkpt>
   <trkpt lat="46.1551270" lon="-1.1598110">
    <ele>5.3</ele>
    <time>2024-08-19T15:59:49Z</time>
   </trkpt>
   <trkpt lat="46.1551160" lon="-1.1598000">
    <ele>5.3</ele>
    <time>2024-08-19T15:59:50Z</time>
   </trkpt>
   <trkpt lat="46.1550930" lon="-1.1597740">
    <ele>5.4</ele>
    <time>2024-08-19T15:59:51Z</time>
   </trkpt>
   <trkpt lat="46.1550700" lon="-1.1597480">
    <ele>5.4</ele>
    <time>2024-08-19T15:59:52Z</time>
   </trkpt>
   <trkpt lat="46.1550440" lon="-1.1597110">
    <ele>5.5</ele>
    <time>2024-08-19T15:59:53Z</time>
   </trkpt>
   <trkpt lat="46.1550240" lon="-1.1596710">
    <ele>5.6</ele>
    <time>2024-08-19T15:59:54Z</time>
   </trkpt>
   <trkpt lat="46.1550130" lon="-1.1596270">
    <ele>5.7</ele>
    <time>2024-08-19T15:59:55Z</time>
   </trkpt>
   <trkpt lat="46.1550080" lon="-1.1595870">
    <ele>5.7</ele>
    <time>2024-08-19T15:59:56Z</time>
   </trkpt>
   <trkpt lat="46.1550220" lon="-1.1595340">
    <ele>5.8</ele>
    <time>2024-08-19T15:59:57Z</time>
   </trkpt>
   <trkpt lat="46.1550300" lon="-1.1595170">
    <ele>5.8</ele>
    <time>2024-08-19T15:59:58Z</time>
   </trkpt>
   <trkpt lat="46.1550540" lon="-1.1594880">
    <ele>5.8</ele>
    <time>2024-08-19T15:59:59Z</time>
   </trkpt>
   <trkpt lat="46.1550810" lon="-1.1594630">
    <ele>5.8</ele>
    <time>2024-08-19T16:00:00Z</time>
   </trkpt>
   <trkpt lat="46.1551090" lon="-1.1594400">
    <ele>5.8</ele>
    <time>2024-08-19T16:00:01Z</time>
   </trkpt>
   <trkpt lat="46.1551400" lon="-1.1594220">
    <ele>5.8</ele>
    <time>2024-08-19T16:00:02Z</time>
   </trkpt>
   <trkpt lat="46.1551710" lon="-1.1594070">
    <ele>5.7</ele>
    <time>2024-08-19T16:00:03Z</time>
   </trkpt>
   <trkpt lat="46.1552090" lon="-1.1593910">
    <ele>5.7</ele>
    <time>2024-08-19T16:00:04Z</time>
   </trkpt>
   <trkpt lat="46.1552220" lon="-1.1593860">
    <ele>5.7</ele>
    <time>2024-08-19T16:00:05Z</time>
   </trkpt>
   <trkpt lat="46.1552600" lon="-1.1593660">
    <ele>5.7</ele>
    <time>2024-08-19T16:00:06Z</time>
   </trkpt>
   <trkpt lat="46.1552730" lon="-1.1593610">
    <ele>5.7</ele>
    <time>2024-08-19T16:00:07Z</time>
   </trkpt>
   <trkpt lat="46.1553120" lon="-1.1593530">
    <ele>5.8</ele>
    <time>2024-08-19T16:00:08Z</time>
   </trkpt>
   <trkpt lat="46.1553250" lon="-1.1593540">
    <ele>5.8</ele>
    <time>2024-08-19T16:00:09Z</time>
   </trkpt>
   <trkpt lat="46.1553510" lon="-1.1593620">
    <ele>5.8</ele>
    <time>2024-08-19T16:00:10Z</time>
   </trkpt>
   <trkpt lat="46.1553770" lon="-1.1593760">
    <ele>5.9</ele>
    <time>2024-08-19T16:00:11Z</time>
   </trkpt>
   <trkpt lat="46.1554130" lon="-1.1593970">
    <ele>5.9</ele>
    <time>2024-08-19T16:00:12Z</time>
   </trkpt>
   <trkpt lat="46.1554250" lon="-1.1594040">
    <ele>5.9</ele>
    <time>2024-08-19T16:00:13Z</time>
   </trkpt>
   <trkpt lat="46.1554520" lon="-1.1594180">
    <ele>5.9</ele>
    <time>2024-08-19T16:00:14Z</time>
   </trkpt>
   <trkpt lat="46.1554840" lon="-1.1594330">
    <ele>5.9</ele>
    <time>2024-08-19T16:00:15Z</time>
   </trkpt>
   <trkpt lat="46.1555170" lon="-1.1594480">
    <ele>5.9</ele>
    <time>2024-08-19T16:00:16Z</time>
   </trkpt>
   <trkpt lat="46.1555470" lon="-1.1594630">
    <ele>5.8</ele>
    <time>2024-08-19T16:00:17Z</time>
   </trkpt>
   <trkpt lat="46.1555790" lon="-1.1594760">
    <ele>5.8</ele>
    <time>2024-08-19T16:00:18Z</time>
   </trkpt>
   <trkpt lat="46.1556140" lon="-1.1594860">
    <ele>5.8</ele>
    <time>2024-08-19T16:00:19Z</time>
   </trkpt>
   <trkpt lat="46.1556450" lon="-1.1594940">
    <ele>5.7</ele>
    <time>2024-08-19T16:00:20Z</time>
   </trkpt>
   <trkpt lat="46.1556740" lon="-1.1594910">
    <ele>5.7</ele>
    <time>2024-08-19T16:00:21Z</time>
   </trkpt>
   <trkpt lat="46.1557030" lon="-1.1594780">
    <ele>5.7</ele>
    <time>2024-08-19T16:00:22Z</time>
   </trkpt>
   <trkpt lat="46.1557350" lon="-1.1594620">
    <ele>5.6</ele>
    <time>2024-08-19T16:00:23Z</time>
   </trkpt>
   <trkpt lat="46.1557660" lon="-1.1594470">
    <ele>5.6</ele>
    <time>2024-08-19T16:00:24Z</time>
   </trkpt>
   <trkpt lat="46.1557960" lon="-1.1594350">
    <ele>5.6</ele>
    <time>2024-08-19T16:00:25Z</time>
   </trkpt>
   <trkpt lat="46.1558280" lon="-1.1594260">
    <ele>5.5</ele>
    <time>2024-08-19T16:00:26Z</time>
   </trkpt>
   <trkpt lat="46.1558620" lon="-1.1594200">
    <ele>5.5</ele>
    <time>2024-08-19T16:00:27Z</time>
   </trkpt>
   <trkpt lat="46.1558980" lon="-1.1594220">
    <ele>5.5</ele>
    <time>2024-08-19T16:00:28Z</time>
   </trkpt>
   <trkpt lat="46.1559090" lon="-1.1594240">
    <ele>5.4</ele>
    <time>2024-08-19T16:00:29Z</time>
   </trkpt>
   <trkpt lat="46.1559500" lon="-1.1594300">
    <ele>5.4</ele>
    <time>2024-08-19T16:00:30Z</time>
   </trkpt>
   <trkpt lat="46.1559650" lon="-1.1594310">
    <ele>5.4</ele>
    <time>2024-08-19T16:00:31Z</time>
   </trkpt>
   <trkpt lat="46.1560010" lon="-1.1594380">
    <ele>5.3</ele>
    <time>2024-08-19T16:00:32Z</time>
   </trkpt>
   <trkpt lat="46.1560120" lon="-1.1594430">
    <ele>5.3</ele>
    <time>2024-08-19T16:00:33Z</time>
   </trkpt>
   <trkpt lat="46.1560370" lon="-1.1594580">
    <ele>5.3</ele>
    <time>2024-08-19T16:00:34Z</time>
   </trkpt>
   <trkpt lat="46.1560620" lon="-1.1594720">
    <ele>5.2</ele>
    <time>2024-08-19T16:00:35Z</time>
   </trkpt>
   <trkpt lat="46.1560910" lon="-1.1594760">
    <ele>5.2</ele>
    <time>2024-08-19T16:00:36Z</time>
   </trkpt>
   <trkpt lat="46.1561230" lon="-1.1594680">
    <ele>5.3</ele>
    <time>2024-08-19T16:00:37Z</time>
   </trkpt>
   <trkpt lat="46.1561440" lon="-1.1594440">
    <ele>5.3</ele>
    <time>2024-08-19T16:00:38Z</time>
   </trkpt>
   <trkpt lat="46.1561570" lon="-1.1594050">
    <ele>5.3</ele>
    <time>2024-08-19T16:00:39Z</time>
   </trkpt>
   <trkpt lat="46.1561600" lon="-1.1593550">
    <ele>5.3</ele>
    <time>2024-08-19T16:00:40Z</time>
   </trkpt>
   <trkpt lat="46.1561570" lon="-1.1593010">
    <ele>5.3</ele>
    <time>2024-08-19T16:00:41Z</time>
   </trkpt>
   <trkpt lat="46.1561540" lon="-1.1592500">
    <ele>5.3</ele>
    <time>2024-08-19T16:00:42Z</time>
   </trkpt>
   <trkpt lat="46.1561550" lon="-1.1591970">
    <ele>5.3</ele>
    <time>2024-08-19T16:00:43Z</time>
   </trkpt>
   <trkpt lat="46.1561590" lon="-1.1591420">
    <ele>5.3</ele>
    <time>2024-08-19T16:00:44Z</time>
   </trkpt>
   <trkpt lat="46.1561650" lon="-1.1590870">
    <ele>5.3</ele>
    <time>2024-08-19T16:00:45Z</time>
   </trkpt>
   <trkpt lat="46.1561710" lon="-1.1590370">
    <ele>5.3</ele>
    <time>2024-08-19T16:00:46Z</time>
   </trkpt>
   <trkpt lat="46.1561780" lon="-1.1589860">
    <ele>5.3</ele>
    <time>2024-08-19T16:00:47Z</time>
   </trkpt>
   <trkpt lat="46.1561830" lon="-1.1589380">
    <ele>5.3</ele>
    <time>2024-08-19T16:00:48Z</time>
   </trkpt>
   <trkpt lat="46.1561870" lon="-1.1588970">
    <ele>5.3</ele>
    <time>2024-08-19T16:00:49Z</time>
   </trkpt>
   <trkpt lat="46.1561920" lon="-1.1588370">
    <ele>5.3</ele>
    <time>2024-08-19T16:00:50Z</time>
   </trkpt>
   <trkpt lat="46.1561930" lon="-1.1588140">
    <ele>5.3</ele>
    <time>2024-08-19T16:00:51Z</time>
   </trkpt>
   <trkpt lat="46.1561990" lon="-1.1587660">
    <ele>5.2</ele>
    <time>2024-08-19T16:00:52Z</time>
   </trkpt>
   <trkpt lat="46.1562060" lon="-1.1587180">
    <ele>5.2</ele>
    <time>2024-08-19T16:00:53Z</time>
   </trkpt>
   <trkpt lat="46.1562150" lon="-1.1586660">
    <ele>5.2</ele>
    <time>2024-08-19T16:00:54Z</time>
   </trkpt>
   <trkpt lat="46.1562220" lon="-1.1586100">
    <ele>5.2</ele>
    <time>2024-08-19T16:00:55Z</time>
   </trkpt>
   <trkpt lat="46.1562310" lon="-1.1585640">
    <ele>5.2</ele>
    <time>2024-08-19T16:00:56Z</time>
   </trkpt>
   <trkpt lat="46.1562410" lon="-1.1585170">
    <ele>5.2</ele>
    <time>2024-08-19T16:00:57Z</time>
   </trkpt>
   <trkpt lat="46.1562480" lon="-1.1584740">
    <ele>5.2</ele>
    <time>2024-08-19T16:00:58Z</time>
   </trkpt>
   <trkpt lat="46.1562480" lon="-1.1584240">
    <ele>5.1</ele>
    <time>2024-08-19T16:00:59Z</time>
   </trkpt>
   <trkpt lat="46.1562460" lon="-1.1584100">
    <ele>5.1</ele>
    <time>2024-08-19T16:01:00Z</time>
   </trkpt>
   <trkpt lat="46.1562400" lon="-1.1583700">
    <ele>5.1</ele>
    <time>2024-08-19T16:01:01Z</time>
   </trkpt>
   <trkpt lat="46.1562370" lon="-1.1583160">
    <ele>5.1</ele>
    <time>2024-08-19T16:01:02Z</time>
   </trkpt>
   <trkpt lat="46.1562390" lon="-1.1582590">
    <ele>5.1</ele>
    <time>2024-08-19T16:01:03Z</time>
   </trkpt>
   <trkpt lat="46.1562430" lon="-1.1582090">
    <ele>5.1</ele>
    <time>2024-08-19T16:01:04Z</time>
   </trkpt>
   <trkpt lat="46.1562490" lon="-1.1581610">
    <ele>5.0</ele>
    <time>2024-08-19T16:01:05Z</time>
   </trkpt>
   <trkpt lat="46.1562530" lon="-1.1581150">
    <ele>5.0</ele>
    <time>2024-08-19T16:01:06Z</time>
   </trkpt>
   <trkpt lat="46.1562590" lon="-1.1580620">
    <ele>5.0</ele>
    <time>2024-08-19T16:01:07Z</time>
   </trkpt>
   <trkpt lat="46.1562610" lon="-1.1580450">
    <ele>5.0</ele>
    <time>2024-08-19T16:01:08Z</time>
   </trkpt>
   <trkpt lat="46.1562810" lon="-1.1579940">
    <ele>5.0</ele>
    <time>2024-08-19T16:01:09Z</time>
   </trkpt>
   <trkpt lat="46.1562880" lon="-1.1579760">
    <ele>5.0</ele>
    <time>2024-08-19T16:01:10Z</time>
   </trkpt>
   <trkpt lat="46.1563030" lon="-1.1579330">
    <ele>4.9</ele>
    <time>2024-08-19T16:01:11Z</time>
   </trkpt>
   <trkpt lat="46.1563180" lon="-1.1578840">
    <ele>4.9</ele>
    <time>2024-08-19T16:01:12Z</time>
   </trkpt>
   <trkpt lat="46.1563290" lon="-1.1578350">
    <ele>4.9</ele>
    <time>2024-08-19T16:01:13Z</time>
   </trkpt>
   <trkpt lat="46.1563330" lon="-1.1577920">
    <ele>4.9</ele>
    <time>2024-08-19T16:01:14Z</time>
   </trkpt>
   <trkpt lat="46.1563340" lon="-1.1577530">
    <ele>4.8</ele>
    <time>2024-08-19T16:01:15Z</time>
   </trkpt>
   <trkpt lat="46.1563360" lon="-1.1577110">
    <ele>4.8</ele>
    <time>2024-08-19T16:01:16Z</time>
   </trkpt>
   <trkpt lat="46.1563440" lon="-1.1576700">
    <ele>4.8</ele>
    <time>2024-08-19T16:01:17Z</time>
   </trkpt>
   <trkpt lat="46.1563580" lon="-1.1576260">
    <ele>4.8</ele>
    <time>2024-08-19T16:01:18Z</time>
   </trkpt>
   <trkpt lat="46.1563720" lon="-1.1575830">
    <ele>4.8</ele>
    <time>2024-08-19T16:01:19Z</time>
   </trkpt>
   <trkpt lat="46.1563690" lon="-1.1575250">
    <ele>4.7</ele>
    <time>2024-08-19T16:01:20Z</time>
   </trkpt>
   <trkpt lat="46.1563620" lon="-1.1574660">
    <ele>4.7</ele>
    <time>2024-08-19T16:01:21Z</time>
   </trkpt>
   <trkpt lat="46.1563470" lon="-1.1574130">
    <ele>4.7</ele>
    <time>2024-08-19T16:01:22Z</time>
   </trkpt>
   <trkpt lat="46.1563320" lon="-1.1573660">
    <ele>4.7</ele>
    <time>2024-08-19T16:01:23Z</time>
   </trkpt>
   <trkpt lat="46.1563160" lon="-1.1573250">
    <ele>4.7</ele>
    <time>2024-08-19T16:01:24Z</time>
   </trkpt>
   <trkpt lat="46.1563140" lon="-1.1572700">
    <ele>4.7</ele>
    <time>2024-08-19T16:01:25Z</time>
   </trkpt>
   <trkpt lat="46.1563160" lon="-1.1572510">
    <ele>4.7</ele>
    <time>2024-08-19T16:01:26Z</time>
   </trkpt>
   <trkpt lat="46.1563280" lon="-1.1572060">
    <ele>4.7</ele>
    <time>2024-08-19T16:01:27Z</time>
   </trkpt>
   <trkpt lat="46.1563370" lon="-1.1571560">
    <ele>4.7</ele>
    <time>2024-08-19T16:01:28Z</time>
   </trkpt>
   <trkpt lat="46.1563420" lon="-1.1571110">
    <ele>4.7</ele>
    <time>2024-08-19T16:01:29Z</time>
   </trkpt>
   <trkpt lat="46.1563360" lon="-1.1570710">
    <ele>4.7</ele>
    <time>2024-08-19T16:01:30Z</time>
   </trkpt>
   <trkpt lat="46.1563330" lon="-1.1570600">
    <ele>4.7</ele>
    <time>2024-08-19T16:01:31Z</time>
   </trkpt>
   <trkpt lat="46.1563330" lon="-1.1570100">
    <ele>4.7</ele>
    <time>2024-08-19T16:01:32Z</time>
   </trkpt>
   <trkpt lat="46.1563350" lon="-1.1569910">
    <ele>4.7</ele>
    <time>2024-08-19T16:01:33Z</time>
   </trkpt>
   <trkpt lat="46.1563470" lon="-1.1569510">
    <ele>4.7</ele>
    <time>2024-08-19T16:01:34Z</time>
   </trkpt>
   <trkpt lat="46.1563630" lon="-1.1569100">
    <ele>4.7</ele>
    <time>2024-08-19T16:01:35Z</time>
   </trkpt>
   <trkpt lat="46.1563810" lon="-1.1568700">
    <ele>4.7</ele>
    <time>2024-08-19T16:01:36Z</time>
   </trkpt>
   <trkpt lat="46.1563970" lon="-1.1568250">
    <ele>4.7</ele>
    <time>2024-08-19T16:01:37Z</time>
   </trkpt>
   <trkpt lat="46.1564090" lon="-1.1567810">
    <ele>4.8</ele>
    <time>2024-08-19T16:01:38Z</time>
   </trkpt>
   <trkpt lat="46.1564150" lon="-1.1567410">
    <ele>4.8</ele>
    <time>2024-08-19T16:01:39Z</time>
   </trkpt>
   <trkpt lat="46.1564150" lon="-1.1566980">
    <ele>4.8</ele>
    <time>2024-08-19T16:01:40Z</time>
   </trkpt>
   <trkpt lat="46.1564020" lon="-1.1566460">
    <ele>4.8</ele>
    <time>2024-08-19T16:01:41Z</time>
   </trkpt>
   <trkpt lat="46.1563950" lon="-1.1566320">
    <ele>4.8</ele>
    <time>2024-08-19T16:01:42Z</time>
   </trkpt>
   <trkpt lat="46.1563760" lon="-1.1565870">
    <ele>4.8</ele>
    <time>2024-08-19T16:01:43Z</time>
   </trkpt>
   <trkpt lat="46.1563710" lon="-1.1565680">
    <ele>4.9</ele>
    <time>2024-08-19T16:01:44Z</time>
   </trkpt>
   <trkpt lat="46.1563620" lon="-1.1565110">
    <ele>4.9</ele>
    <time>2024-08-19T16:01:45Z</time>
   </trkpt>
   <trkpt lat="46.1563540" lon="-1.1564500">
    <ele>4.9</ele>
    <time>2024-08-19T16:01:46Z</time>
   </trkpt>
   <trkpt lat="46.1563480" lon="-1.1563950">
    <ele>4.9</ele>
    <time>2024-08-19T16:01:47Z</time>
   </trkpt>
   <trkpt lat="46.1563420" lon="-1.1563500">
    <ele>5.0</ele>
    <time>2024-08-19T16:01:48Z</time>
   </trkpt>
   <trkpt lat="46.1563320" lon="-1.1563110">
    <ele>5.0</ele>
    <time>2024-08-19T16:01:49Z</time>
   </trkpt>
   <trkpt lat="46.1563200" lon="-1.1562750">
    <ele>5.0</ele>
    <time>2024-08-19T16:01:50Z</time>
   </trkpt>
   <trkpt lat="46.1563070" lon="-1.1562300">
    <ele>5.0</ele>
    <time>2024-08-19T16:01:51Z</time>
   </trkpt>
   <trkpt lat="46.1563020" lon="-1.1562150">
    <ele>5.0</ele>
    <time>2024-08-19T16:01:52Z</time>
   </trkpt>
   <trkpt lat="46.1562960" lon="-1.1561770">
    <ele>5.1</ele>
    <time>2024-08-19T16:01:53Z</time>
   </trkpt>
   <trkpt lat="46.1562900" lon="-1.1561380">
    <ele>5.1</ele>
    <time>2024-08-19T16:01:54Z</time>
   </trkpt>
   <trkpt lat="46.1562840" lon="-1.1560980">
    <ele>5.1</ele>
    <time>2024-08-19T16:01:55Z</time>
   </trkpt>
   <trkpt lat="46.1562760" lon="-1.1560540">
    <ele>5.2</ele>
    <time>2024-08-19T16:01:56Z</time>
   </trkpt>
   <trkpt lat="46.1562710" lon="-1.1560020">
    <ele>5.2</ele>
    <time>2024-08-19T16:01:57Z</time>
   </trkpt>
   <trkpt lat="46.1562710" lon="-1.1559530">
    <ele>5.2</ele>
    <time>2024-08-19T16:01:58Z</time>
   </trkpt>
   <trkpt lat="46.1562710" lon="-1.1559010">
    <ele>5.3</ele>
    <time>2024-08-19T16:01:59Z</time>
   </trkpt>
   <trkpt lat="46.1562700" lon="-1.1558510">
    <ele>5.3</ele>
    <time>2024-08-19T16:02:00Z</time>
   </trkpt>
   <trkpt lat="46.1562700" lon="-1.1558070">
    <ele>5.3</ele>
    <time>2024-08-19T16:02:01Z</time>
   </trkpt>
   <trkpt lat="46.1562650" lon="-1.1557680">
    <ele>5.4</ele>
    <time>2024-08-19T16:02:02Z</time>
   </trkpt>
   <trkpt lat="46.1562600" lon="-1.1557270">
    <ele>5.4</ele>
    <time>2024-08-19T16:02:03Z</time>
   </trkpt>
   <trkpt lat="46.1562500" lon="-1.1556880">
    <ele>5.4</ele>
    <time>2024-08-19T16:02:04Z</time>
   </trkpt>
   <trkpt lat="46.1562520" lon="-1.1556370">
    <ele>5.5</ele>
    <time>2024-08-19T16:02:05Z</time>
   </trkpt>
   <trkpt lat="46.1562560" lon="-1.1556220">
    <ele>5.5</ele>
    <time>2024-08-19T16:02:06Z</time>
   </trkpt>
   <trkpt lat="46.1562660" lon="-1.1555820">
    <ele>5.5</ele>
    <time>2024-08-19T16:02:07Z</time>
   </trkpt>
   <trkpt lat="46.1562710" lon="-1.1555670">
    <ele>5.5</ele>
    <time>2024-08-19T16:02:08Z</time>
   </trkpt>
   <trkpt lat="46.1562790" lon="-1.1555300">
    <ele>5.5</ele>
    <time>2024-08-19T16:02:09Z</time>
   </trkpt>
   <trkpt lat="46.1562880" lon="-1.1554890">
    <ele>5.5</ele>
    <time>2024-08-19T16:02:10Z</time>
   </trkpt>
   <trkpt lat="46.1563010" lon="-1.1554550">
    <ele>5.6</ele>
    <time>2024-08-19T16:02:11Z</time>
   </trkpt>
   <trkpt lat="46.1563090" lon="-1.1554110">
    <ele>5.6</ele>
    <time>2024-08-19T16:02:12Z</time>
   </trkpt>
   <trkpt lat="46.1563200" lon="-1.1553670">
    <ele>5.6</ele>
    <time>2024-08-19T16:02:13Z</time>
   </trkpt>
   <trkpt lat="46.1563290" lon="-1.1553240">
    <ele>5.6</ele>
    <time>2024-08-19T16:02:14Z</time>
   </trkpt>
   <trkpt lat="46.1563340" lon="-1.1552820">
    <ele>5.6</ele>
    <time>2024-08-19T16:02:15Z</time>
   </trkpt>
   <trkpt lat="46.1563450" lon="-1.1552420">
    <ele>5.6</ele>
    <time>2024-08-19T16:02:16Z</time>
   </trkpt>
   <trkpt lat="46.1563600" lon="-1.1551970">
    <ele>5.6</ele>
    <time>2024-08-19T16:02:17Z</time>
   </trkpt>
   <trkpt lat="46.1563790" lon="-1.1551530">
    <ele>5.6</ele>
    <time>2024-08-19T16:02:18Z</time>
   </trkpt>
   <trkpt lat="46.1564000" lon="-1.1551070">
    <ele>5.6</ele>
    <time>2024-08-19T16:02:19Z</time>
   </trkpt>
   <trkpt lat="46.1564200" lon="-1.1550620">
    <ele>5.6</ele>
    <time>2024-08-19T16:02:20Z</time>
   </trkpt>
   <trkpt lat="46.1564350" lon="-1.1550200">
    <ele>5.5</ele>
    <time>2024-08-19T16:02:21Z</time>
   </trkpt>
   <trkpt lat="46.1564510" lon="-1.1549740">
    <ele>5.5</ele>
    <time>2024-08-19T16:02:22Z</time>
   </trkpt>
   <trkpt lat="46.1564670" lon="-1.1549270">
    <ele>5.5</ele>
    <time>2024-08-19T16:02:23Z</time>
   </trkpt>
   <trkpt lat="46.1564840" lon="-1.1548830">
    <ele>5.5</ele>
    <time>2024-08-19T16:02:24Z</time>
   </trkpt>
   <trkpt lat="46.1565000" lon="-1.1548480">
    <ele>5.4</ele>
    <time>2024-08-19T16:02:25Z</time>
   </trkpt>
   <trkpt lat="46.1565160" lon="-1.1548120">
    <ele>5.4</ele>
    <time>2024-08-19T16:02:26Z</time>
   </trkpt>
   <trkpt lat="46.1565390" lon="-1.1547680">
    <ele>5.4</ele>
    <time>2024-08-19T16:02:27Z</time>
   </trkpt>
   <trkpt lat="46.1565480" lon="-1.1547520">
    <ele>5.3</ele>
    <time>2024-08-19T16:02:28Z</time>
   </trkpt>
   <trkpt lat="46.1565640" lon="-1.1547180">
    <ele>5.3</ele>
    <time>2024-08-19T16:02:29Z</time>
   </trkpt>
   <trkpt lat="46.1565870" lon="-1.1546840">
    <ele>5.3</ele>
    <time>2024-08-19T16:02:30Z</time>
   </trkpt>
   <trkpt lat="46.1566090" lon="-1.1546450">
    <ele>5.2</ele>
    <time>2024-08-19T16:02:31Z</time>
   </trkpt>
   <trkpt lat="46.1566270" lon="-1.1545990">
    <ele>5.2</ele>
    <time>2024-08-19T16:02:32Z</time>
   </trkpt>
   <trkpt lat="46.1566440" lon="-1.1545570">
    <ele>5.2</ele>
    <time>2024-08-19T16:02:33Z</time>
   </trkpt>
   <trkpt lat="46.1566630" lon="-1.1545170">
    <ele>5.2</ele>
    <time>2024-08-19T16:02:34Z</time>
   </trkpt>
   <trkpt lat="46.1566770" lon="-1.1544780">
    <ele>5.2</ele>
    <time>2024-08-19T16:02:35Z</time>
   </trkpt>
   <trkpt lat="46.1566950" lon="-1.1544320">
    <ele>5.1</ele>
    <time>2024-08-19T16:02:36Z</time>
   </trkpt>
   <trkpt lat="46.1567010" lon="-1.1544150">
    <ele>5.1</ele>
    <time>2024-08-19T16:02:37Z</time>
   </trkpt>
   <trkpt lat="46.1567130" lon="-1.1543750">
    <ele>5.1</ele>
    <time>2024-08-19T16:02:38Z</time>
   </trkpt>
   <trkpt lat="46.1567180" lon="-1.1543340">
    <ele>5.1</ele>
    <time>2024-08-19T16:02:39Z</time>
   </trkpt>
   <trkpt lat="46.1567150" lon="-1.1542880">
    <ele>5.0</ele>
    <time>2024-08-19T16:02:40Z</time>
   </trkpt>
   <trkpt lat="46.1567070" lon="-1.1542390">
    <ele>5.0</ele>
    <time>2024-08-19T16:02:41Z</time>
   </trkpt>
   <trkpt lat="46.1566960" lon="-1.1541990">
    <ele>4.9</ele>
    <time>2024-08-19T16:02:42Z</time>
   </trkpt>
   <trkpt lat="46.1566830" lon="-1.1541650">
    <ele>4.8</ele>
    <time>2024-08-19T16:02:43Z</time>
   </trkpt>
   <trkpt lat="46.1566760" lon="-1.1541230">
    <ele>4.8</ele>
    <time>2024-08-19T16:02:44Z</time>
   </trkpt>
   <trkpt lat="46.1566740" lon="-1.1540750">
    <ele>4.7</ele>
    <time>2024-08-19T16:02:45Z</time>
   </trkpt>
   <trkpt lat="46.1566790" lon="-1.1540340">
    <ele>4.7</ele>
    <time>2024-08-19T16:02:46Z</time>
   </trkpt>
   <trkpt lat="46.1566950" lon="-1.1539810">
    <ele>4.6</ele>
    <time>2024-08-19T16:02:47Z</time>
   </trkpt>
   <trkpt lat="46.1567010" lon="-1.1539620">
    <ele>4.5</ele>
    <time>2024-08-19T16:02:48Z</time>
   </trkpt>
   <trkpt lat="46.1567160" lon="-1.1539280">
    <ele>4.5</ele>
    <time>2024-08-19T16:02:49Z</time>
   </trkpt>
   <trkpt lat="46.1567390" lon="-1.1539020">
    <ele>4.5</ele>
    <time>2024-08-19T16:02:50Z</time>
   </trkpt>
   <trkpt lat="46.1567650" lon="-1.1538780">
    <ele>4.5</ele>
    <time>2024-08-19T16:02:51Z</time>
   </trkpt>
   <trkpt lat="46.1567890" lon="-1.1538560">
    <ele>4.5</ele>
    <time>2024-08-19T16:02:52Z</time>
   </trkpt>
   <trkpt lat="46.1568220" lon="-1.1538350">
    <ele>4.5</ele>
    <time>2024-08-19T16:02:53Z</time>
   </trkpt>
   <trkpt lat="46.1568520" lon="-1.1538080">
    <ele>4.5</ele>
    <time>2024-08-19T16:02:54Z</time>
   </trkpt>
   <trkpt lat="46.1568770" lon="-1.1537830">
    <ele>4.5</ele>
    <time>2024-08-19T16:02:55Z</time>
   </trkpt>
   <trkpt lat="46.1569010" lon="-1.1537630">
    <ele>4.5</ele>
    <time>2024-08-19T16:02:56Z</time>
   </trkpt>
   <trkpt lat="46.1569340" lon="-1.1537420">
    <ele>4.5</ele>
    <time>2024-08-19T16:02:57Z</time>
   </trkpt>
   <trkpt lat="46.1569480" lon="-1.1537350">
    <ele>4.5</ele>
    <time>2024-08-19T16:02:58Z</time>
   </trkpt>
   <trkpt lat="46.1569840" lon="-1.1537220">
    <ele>4.5</ele>
    <time>2024-08-19T16:02:59Z</time>
   </trkpt>
   <trkpt lat="46.1570200" lon="-1.1537090">
    <ele>4.5</ele>
    <time>2024-08-19T16:03:00Z</time>
   </trkpt>
   <trkpt lat="46.1570520" lon="-1.1536940">
    <ele>4.6</ele>
    <time>2024-08-19T16:03:01Z</time>
   </trkpt>
   <trkpt lat="46.1570820" lon="-1.1536800">
    <ele>4.6</ele>
    <time>2024-08-19T16:03:02Z</time>
   </trkpt>
   <trkpt lat="46.1571100" lon="-1.1536650">
    <ele>4.6</ele>
    <time>2024-08-19T16:03:03Z</time>
   </trkpt>
   <trkpt lat="46.1571390" lon="-1.1536420">
    <ele>4.6</ele>
    <time>2024-08-19T16:03:04Z</time>
   </trkpt>
   <trkpt lat="46.1571700" lon="-1.1536150">
    <ele>4.6</ele>
    <time>2024-08-19T16:03:05Z</time>
   </trkpt>
   <trkpt lat="46.1571970" lon="-1.1535890">
    <ele>4.6</ele>
    <time>2024-08-19T16:03:06Z</time>
   </trkpt>
   <trkpt lat="46.1572240" lon="-1.1535660">
    <ele>4.6</ele>
    <time>2024-08-19T16:03:07Z</time>
   </trkpt>
   <trkpt lat="46.1572500" lon="-1.1535460">
    <ele>4.6</ele>
    <time>2024-08-19T16:03:08Z</time>
   </trkpt>
   <trkpt lat="46.1572790" lon="-1.1535260">
    <ele>4.6</ele>
    <time>2024-08-19T16:03:09Z</time>
   </trkpt>
   <trkpt lat="46.1573060" lon="-1.1535070">
    <ele>4.6</ele>
    <time>2024-08-19T16:03:10Z</time>
   </trkpt>
   <trkpt lat="46.1573320" lon="-1.1534890">
    <ele>4.6</ele>
    <time>2024-08-19T16:03:11Z</time>
   </trkpt>
   <trkpt lat="46.1573600" lon="-1.1534690">
    <ele>4.6</ele>
    <time>2024-08-19T16:03:12Z</time>
   </trkpt>
   <trkpt lat="46.1573930" lon="-1.1534460">
    <ele>4.6</ele>
    <time>2024-08-19T16:03:13Z</time>
   </trkpt>
   <trkpt lat="46.1574200" lon="-1.1534190">
    <ele>4.5</ele>
    <time>2024-08-19T16:03:14Z</time>
   </trkpt>
   <trkpt lat="46.1574440" lon="-1.1533900">
    <ele>4.5</ele>
    <time>2024-08-19T16:03:15Z</time>
   </trkpt>
   <trkpt lat="46.1574670" lon="-1.1533620">
    <ele>4.5</ele>
    <time>2024-08-19T16:03:16Z</time>
   </trkpt>
   <trkpt lat="46.1575000" lon="-1.1533300">
    <ele>4.5</ele>
    <time>2024-08-19T16:03:17Z</time>
   </trkpt>
   <trkpt lat="46.1575110" lon="-1.1533210">
    <ele>4.5</ele>
    <time>2024-08-19T16:03:18Z</time>
   </trkpt>
   <trkpt lat="46.1575460" lon="-1.1532950">
    <ele>4.6</ele>
    <time>2024-08-19T16:03:19Z</time>
   </trkpt>
   <trkpt lat="46.1575580" lon="-1.1532860">
    <ele>4.6</ele>
    <time>2024-08-19T16:03:20Z</time>
   </trkpt>
   <trkpt lat="46.1575820" lon="-1.1532660">
    <ele>4.6</ele>
    <time>2024-08-19T16:03:21Z</time>
   </trkpt>
   <trkpt lat="46.1576140" lon="-1.1532340">
    <ele>4.6</ele>
    <time>2024-08-19T16:03:22Z</time>
   </trkpt>
   <trkpt lat="46.1576240" lon="-1.1532240">
    <ele>4.6</ele>
    <time>2024-08-19T16:03:23Z</time>
   </trkpt>
   <trkpt lat="46.1576500" lon="-1.1532020">
    <ele>4.6</ele>
    <time>2024-08-19T16:03:24Z</time>
   </trkpt>
   <trkpt lat="46.1576800" lon="-1.1531800">
    <ele>4.6</ele>
    <time>2024-08-19T16:03:25Z</time>
   </trkpt>
   <trkpt lat="46.1577080" lon="-1.1531600">
    <ele>4.7</ele>
    <time>2024-08-19T16:03:26Z</time>
   </trkpt>
   <trkpt lat="46.1577330" lon="-1.1531370">
    <ele>4.7</ele>
    <time>2024-08-19T16:03:27Z</time>
   </trkpt>
   <trkpt lat="46.1577550" lon="-1.1531120">
    <ele>4.7</ele>
    <time>2024-08-19T16:03:28Z</time>
   </trkpt>
   <trkpt lat="46.1577760" lon="-1.1530800">
    <ele>4.7</ele>
    <time>2024-08-19T16:03:29Z</time>
   </trkpt>
   <trkpt lat="46.1577970" lon="-1.1530480">
    <ele>4.7</ele>
    <time>2024-08-19T16:03:30Z</time>
   </trkpt>
   <trkpt lat="46.1578200" lon="-1.1530180">
    <ele>4.8</ele>
    <time>2024-08-19T16:03:31Z</time>
   </trkpt>
   <trkpt lat="46.1578450" lon="-1.1529960">
    <ele>4.8</ele>
    <time>2024-08-19T16:03:32Z</time>
   </trkpt>
   <trkpt lat="46.1578720" lon="-1.1529870">
    <ele>4.8</ele>
    <time>2024-08-19T16:03:33Z</time>
   </trkpt>
   <trkpt lat="46.1579020" lon="-1.1529890">
    <ele>4.8</ele>
    <time>2024-08-19T16:03:34Z</time>
   </trkpt>
   <trkpt lat="46.1579320" lon="-1.1529950">
    <ele>4.8</ele>
    <time>2024-08-19T16:03:35Z</time>
   </trkpt>
   <trkpt lat="46.1579650" lon="-1.1529980">
    <ele>4.8</ele>
    <time>2024-08-19T16:03:36Z</time>
   </trkpt>
   <trkpt lat="46.1580010" lon="-1.1529940">
    <ele>4.8</ele>
    <time>2024-08-19T16:03:37Z</time>
   </trkpt>
   <trkpt lat="46.1580360" lon="-1.1529840">
    <ele>4.8</ele>
    <time>2024-08-19T16:03:38Z</time>
   </trkpt>
   <trkpt lat="46.1580730" lon="-1.1529740">
    <ele>4.8</ele>
    <time>2024-08-19T16:03:39Z</time>
   </trkpt>
   <trkpt lat="46.1581070" lon="-1.1529610">
    <ele>4.8</ele>
    <time>2024-08-19T16:03:40Z</time>
   </trkpt>
   <trkpt lat="46.1581440" lon="-1.1529390">
    <ele>4.8</ele>
    <time>2024-08-19T16:03:41Z</time>
   </trkpt>
   <trkpt lat="46.1581710" lon="-1.1529110">
    <ele>4.8</ele>
    <time>2024-08-19T16:03:42Z</time>
   </trkpt>
   <trkpt lat="46.1581860" lon="-1.1528620">
    <ele>4.8</ele>
    <time>2024-08-19T16:03:43Z</time>
   </trkpt>
   <trkpt lat="46.1581890" lon="-1.1528430">
    <ele>4.8</ele>
    <time>2024-08-19T16:03:44Z</time>
   </trkpt>
   <trkpt lat="46.1581900" lon="-1.1528000">
    <ele>4.8</ele>
    <time>2024-08-19T16:03:45Z</time>
   </trkpt>
   <trkpt lat="46.1581910" lon="-1.1527600">
    <ele>4.8</ele>
    <time>2024-08-19T16:03:46Z</time>
   </trkpt>
   <trkpt lat="46.1581930" lon="-1.1527170">
    <ele>4.8</ele>
    <time>2024-08-19T16:03:47Z</time>
   </trkpt>
   <trkpt lat="46.1581940" lon="-1.1526650">
    <ele>4.8</ele>
    <time>2024-08-19T16:03:48Z</time>
   </trkpt>
   <trkpt lat="46.1581930" lon="-1.1526140">
    <ele>4.8</ele>
    <time>2024-08-19T16:03:49Z</time>
   </trkpt>
   <trkpt lat="46.1581870" lon="-1.1525630">
    <ele>4.8</ele>
    <time>2024-08-19T16:03:50Z</time>
   </trkpt>
   <trkpt lat="46.1581810" lon="-1.1525130">
    <ele>4.7</ele>
    <time>2024-08-19T16:03:51Z</time>
   </trkpt>
   <trkpt lat="46.1581770" lon="-1.1524670">
    <ele>4.7</ele>
    <time>2024-08-19T16:03:52Z</time>
   </trkpt>
   <trkpt lat="46.1581730" lon="-1.1524240">
    <ele>4.7</ele>
    <time>2024-08-19T16:03:53Z</time>
   </trkpt>
   <trkpt lat="46.1581710" lon="-1.1523680">
    <ele>4.7</ele>
    <time>2024-08-19T16:03:54Z</time>
   </trkpt>
   <trkpt lat="46.1581710" lon="-1.1523490">
    <ele>4.7</ele>
    <time>2024-08-19T16:03:55Z</time>
   </trkpt>
   <trkpt lat="46.1581720" lon="-1.1523050">
    <ele>4.7</ele>
    <time>2024-08-19T16:03:56Z</time>
   </trkpt>
   <trkpt lat="46.1581740" lon="-1.1522580">
    <ele>4.7</ele>
    <time>2024-08-19T16:03:57Z</time>
   </trkpt>
   <trkpt lat="46.1581750" lon="-1.1522070">
    <ele>4.7</ele>
    <time>2024-08-19T16:03:58Z</time>
   </trkpt>
   <trkpt lat="46.1581760" lon="-1.1521510">
    <ele>4.7</ele>
    <time>2024-08-19T16:03:59Z</time>
   </trkpt>
   <trkpt lat="46.1581760" lon="-1.1520990">
    <ele>4.7</ele>
    <time>2024-08-19T16:04:00Z</time>
   </trkpt>
   <trkpt lat="46.1581760" lon="-1.1520500">
    <ele>4.7</ele>
    <time>2024-08-19T16:04:01Z</time>
   </trkpt>
   <trkpt lat="46.1581740" lon="-1.1520070">
    <ele>4.7</ele>
    <time>2024-08-19T16:04:02Z</time>
   </trkpt>
   <trkpt lat="46.1581690" lon="-1.1519680">
    <ele>4.7</ele>
    <time>2024-08-19T16:04:03Z</time>
   </trkpt>
   <trkpt lat="46.1581620" lon="-1.1519160">
    <ele>4.7</ele>
    <time>2024-08-19T16:04:04Z</time>
   </trkpt>
   <trkpt lat="46.1581620" lon="-1.1518980">
    <ele>4.7</ele>
    <time>2024-08-19T16:04:05Z</time>
   </trkpt>
   <trkpt lat="46.1581640" lon="-1.1518550">
    <ele>4.8</ele>
    <time>2024-08-19T16:04:06Z</time>
   </trkpt>
   <trkpt lat="46.1581670" lon="-1.1518050">
    <ele>4.8</ele>
    <time>2024-08-19T16:04:07Z</time>
   </trkpt>
   <trkpt lat="46.1581730" lon="-1.1517540">
    <ele>4.8</ele>
    <time>2024-08-19T16:04:08Z</time>
   </trkpt>
   <trkpt lat="46.1581750" lon="-1.1517000">
    <ele>4.8</ele>
    <time>2024-08-19T16:04:09Z</time>
   </trkpt>
   <trkpt lat="46.1581780" lon="-1.1516530">
    <ele>4.8</ele>
    <time>2024-08-19T16:04:10Z</time>
   </trkpt>
   <trkpt lat="46.1581810" lon="-1.1516040">
    <ele>4.8</ele>
    <time>2024-08-19T16:04:11Z</time>
   </trkpt>
   <trkpt lat="46.1581840" lon="-1.1515590">
    <ele>4.8</ele>
    <time>2024-08-19T16:04:12Z</time>
   </trkpt>
   <trkpt lat="46.1581870" lon="-1.1515170">
    <ele>4.8</ele>
    <time>2024-08-19T16:04:13Z</time>
   </trkpt>
   <trkpt lat="46.1581890" lon="-1.1514570">
    <ele>4.8</ele>
    <time>2024-08-19T16:04:14Z</time>
   </trkpt>
   <trkpt lat="46.1581890" lon="-1.1514360">
    <ele>4.8</ele>
    <time>2024-08-19T16:04:15Z</time>
   </trkpt>
   <trkpt lat="46.1581920" lon="-1.1513910">
    <ele>4.8</ele>
    <time>2024-08-19T16:04:16Z</time>
   </trkpt>
   <trkpt lat="46.1581940" lon="-1.1513500">
    <ele>4.8</ele>
    <time>2024-08-19T16:04:17Z</time>
   </trkpt>
   <trkpt lat="46.1581950" lon="-1.1512950">
    <ele>4.8</ele>
    <time>2024-08-19T16:04:18Z</time>
   </trkpt>
   <trkpt lat="46.1581940" lon="-1.1512790">
    <ele>4.8</ele>
    <time>2024-08-19T16:04:19Z</time>
   </trkpt>
   <trkpt lat="46.1581860" lon="-1.1512200">
    <ele>4.9</ele>
    <time>2024-08-19T16:04:20Z</time>
   </trkpt>
   <trkpt lat="46.1581840" lon="-1.1511980">
    <ele>4.9</ele>
    <time>2024-08-19T16:04:21Z</time>
   </trkpt>
   <trkpt lat="46.1581830" lon="-1.1511470">
    <ele>4.9</ele>
    <time>2024-08-19T16:04:22Z</time>
   </trkpt>
   <trkpt lat="46.1581900" lon="-1.1510910">
    <ele>4.9</ele>
    <time>2024-08-19T16:04:23Z</time>
   </trkpt>
   <trkpt lat="46.1582070" lon="-1.1510320">
    <ele>4.9</ele>
    <time>2024-08-19T16:04:24Z</time>
   </trkpt>
   <trkpt lat="46.1582290" lon="-1.1509790">
    <ele>5.0</ele>
    <time>2024-08-19T16:04:25Z</time>
   </trkpt>
   <trkpt lat="46.1582530" lon="-1.1509300">
    <ele>5.0</ele>
    <time>2024-08-19T16:04:26Z</time>
   </trkpt>
   <trkpt lat="46.1582770" lon="-1.1508900">
    <ele>5.1</ele>
    <time>2024-08-19T16:04:27Z</time>
   </trkpt>
   <trkpt lat="46.1583020" lon="-1.1508540">
    <ele>5.1</ele>
    <time>2024-08-19T16:04:28Z</time>
   </trkpt>
   <trkpt lat="46.1583280" lon="-1.1508190">
    <ele>5.2</ele>
    <time>2024-08-19T16:04:29Z</time>
   </trkpt>
   <trkpt lat="46.1583540" lon="-1.1507880">
    <ele>5.2</ele>
    <time>2024-08-19T16:04:30Z</time>
   </trkpt>
   <trkpt lat="46.1583810" lon="-1.1507630">
    <ele>5.3</ele>
    <time>2024-08-19T16:04:31Z</time>
   </trkpt>
   <trkpt lat="46.1584110" lon="-1.1507360">
    <ele>5.3</ele>
    <time>2024-08-19T16:04:32Z</time>
   </trkpt>
   <trkpt lat="46.1584420" lon="-1.1507100">
    <ele>5.4</ele>
    <time>2024-08-19T16:04:33Z</time>
   </trkpt>
   <trkpt lat="46.1584720" lon="-1.1506860">
    <ele>5.4</ele>
    <time>2024-08-19T16:04:34Z</time>
   </trkpt>
   <trkpt lat="46.1584990" lon="-1.1506610">
    <ele>5.4</ele>
    <time>2024-08-19T16:04:35Z</time>
   </trkpt>
   <trkpt lat="46.1585290" lon="-1.1506340">
    <ele>5.4</ele>
    <time>2024-08-19T16:04:36Z</time>
   </trkpt>
   <trkpt lat="46.1585590" lon="-1.1506080">
    <ele>5.4</ele>
    <time>2024-08-19T16:04:37Z</time>
   </trkpt>
   <trkpt lat="46.1585850" lon="-1.1505800">
    <ele>5.4</ele>
    <time>2024-08-19T16:04:38Z</time>
   </trkpt>
   <trkpt lat="46.1586100" lon="-1.1505460">
    <ele>5.4</ele>
    <time>2024-08-19T16:04:39Z</time>
   </trkpt>
   <trkpt lat="46.1586350" lon="-1.1505130">
    <ele>5.4</ele>
    <time>2024-08-19T16:04:40Z</time>
   </trkpt>
   <trkpt lat="46.1586680" lon="-1.1504870">
    <ele>5.6</ele>
    <time>2024-08-19T16:04:41Z</time>
   </trkpt>
   <trkpt lat="46.1586980" lon="-1.1504770">
    <ele>5.9</ele>
    <time>2024-08-19T16:04:42Z</time>
   </trkpt>
   <trkpt lat="46.1587390" lon="-1.1504870">
    <ele>6.0</ele>
    <time>2024-08-19T16:04:43Z</time>
   </trkpt>
   <trkpt lat="46.1587800" lon="-1.1505180">
    <ele>6.2</ele>
    <time>2024-08-19T16:04:44Z</time>
   </trkpt>
   <trkpt lat="46.1588170" lon="-1.1505580">
    <ele>6.3</ele>
    <time>2024-08-19T16:04:45Z</time>
   </trkpt>
   <trkpt lat="46.1588490" lon="-1.1505920">
    <ele>6.4</ele>
    <time>2024-08-19T16:04:46Z</time>
   </trkpt>
   <trkpt lat="46.1588730" lon="-1.1506270">
    <ele>6.5</ele>
    <time>2024-08-19T16:04:47Z</time>
   </trkpt>
   <trkpt lat="46.1588840" lon="-1.1506710">
    <ele>6.6</ele>
    <time>2024-08-19T16:04:48Z</time>
   </trkpt>
   <trkpt lat="46.1588850" lon="-1.1507100">
    <ele>6.6</ele>
    <time>2024-08-19T16:04:49Z</time>
   </trkpt>
   <trkpt lat="46.1588720" lon="-1.1507440">
    <ele>6.6</ele>
    <time>2024-08-19T16:04:50Z</time>
   </trkpt>
   <trkpt lat="46.1588660" lon="-1.1507550">
    <ele>6.6</ele>
    <time>2024-08-19T16:04:51Z</time>
   </trkpt>
   <trkpt lat="46.1588480" lon="-1.1507880">
    <ele>6.7</ele>
    <time>2024-08-19T16:04:52Z</time>
   </trkpt>
   <trkpt lat="46.1588300" lon="-1.1508300">
    <ele>6.7</ele>
    <time>2024-08-19T16:04:53Z</time>
   </trkpt>
   <trkpt lat="46.1588250" lon="-1.1508430">
    <ele>6.7</ele>
    <time>2024-08-19T16:04:54Z</time>
   </trkpt>
   <trkpt lat="46.1588240" lon="-1.1508610">
    <ele>6.8</ele>
    <time>2024-08-19T16:04:55Z</time>
   </trkpt>
   <trkpt lat="46.1588330" lon="-1.1508760">
    <ele>6.8</ele>
    <time>2024-08-19T16:04:56Z</time>
   </trkpt>
   <trkpt lat="46.1588380" lon="-1.1508870">
    <ele>6.8</ele>
    <time>2024-08-19T16:04:57Z</time>
   </trkpt>
   <trkpt lat="46.1588430" lon="-1.1508950">
    <ele>6.8</ele>
    <time>2024-08-19T16:04:58Z</time>
   </trkpt>
   <trkpt lat="46.1588440" lon="-1.1509110">
    <ele>6.8</ele>
    <time>2024-08-19T16:04:59Z</time>
   </trkpt>
   <trkpt lat="46.1588510" lon="-1.1509340">
    <ele>6.9</ele>
    <time>2024-08-19T16:05:00Z</time>
   </trkpt>
   <trkpt lat="46.1588550" lon="-1.1509880">
    <ele>7.0</ele>
    <time>2024-08-19T16:05:01Z</time>
   </trkpt>
   <trkpt lat="46.1588530" lon="-1.1510130">
    <ele>7.0</ele>
    <time>2024-08-19T16:05:02Z</time>
   </trkpt>
   <trkpt lat="46.1588500" lon="-1.1510600">
    <ele>7.1</ele>
    <time>2024-08-19T16:05:03Z</time>
   </trkpt>
   <trkpt lat="46.1588570" lon="-1.1511090">
    <ele>7.1</ele>
    <time>2024-08-19T16:05:04Z</time>
   </trkpt>
   <trkpt lat="46.1588590" lon="-1.1511210">
    <ele>7.1</ele>
    <time>2024-08-19T16:05:05Z</time>
   </trkpt>
   <trkpt lat="46.1588680" lon="-1.1511310">
    <ele>7.1</ele>
    <time>2024-08-19T16:05:06Z</time>
   </trkpt>
   <trkpt lat="46.1588800" lon="-1.1511310">
    <ele>7.2</ele>
    <time>2024-08-19T16:05:07Z</time>
   </trkpt>
   <trkpt lat="46.1588870" lon="-1.1511300">
    <ele>7.2</ele>
    <time>2024-08-19T16:05:08Z</time>
   </trkpt>
   <trkpt lat="46.1589090" lon="-1.1511080">
    <ele>7.2</ele>
    <time>2024-08-19T16:05:09Z</time>
   </trkpt>
   <trkpt lat="46.1589160" lon="-1.1510960">
    <ele>7.2</ele>
    <time>2024-08-19T16:05:10Z</time>
   </trkpt>
   <trkpt lat="46.1589300" lon="-1.1510630">
    <ele>7.2</ele>
    <time>2024-08-19T16:05:11Z</time>
   </trkpt>
   <trkpt lat="46.1589480" lon="-1.1510300">
    <ele>7.2</ele>
    <time>2024-08-19T16:05:12Z</time>
   </trkpt>
   <trkpt lat="46.1589750" lon="-1.1509930">
    <ele>7.2</ele>
    <time>2024-08-19T16:05:13Z</time>
   </trkpt>
   <trkpt lat="46.1589840" lon="-1.1509840">
    <ele>7.2</ele>
    <time>2024-08-19T16:05:14Z</time>
   </trkpt>
   <trkpt lat="46.1590130" lon="-1.1509570">
    <ele>7.3</ele>
    <time>2024-08-19T16:05:15Z</time>
   </trkpt>
   <trkpt lat="46.1590240" lon="-1.1509460">
    <ele>7.3</ele>
    <time>2024-08-19T16:05:16Z</time>
   </trkpt>
   <trkpt lat="46.1590530" lon="-1.1509120">
    <ele>7.3</ele>
    <time>2024-08-19T16:05:17Z</time>
   </trkpt>
   <trkpt lat="46.1590620" lon="-1.1509000">
    <ele>7.3</ele>
    <time>2024-08-19T16:05:18Z</time>
   </trkpt>
   <trkpt lat="46.1590840" lon="-1.1508680">
    <ele>7.3</ele>
    <time>2024-08-19T16:05:19Z</time>
   </trkpt>
   <trkpt lat="46.1591110" lon="-1.1508300">
    <ele>7.2</ele>
    <time>2024-08-19T16:05:20Z</time>
   </trkpt>
   <trkpt lat="46.1591370" lon="-1.1507800">
    <ele>7.2</ele>
    <time>2024-08-19T16:05:21Z</time>
   </trkpt>
   <trkpt lat="46.1591550" lon="-1.1507450">
    <ele>7.2</ele>
    <time>2024-08-19T16:05:22Z</time>
   </trkpt>
   <trkpt lat="46.1591810" lon="-1.1507050">
    <ele>7.2</ele>
    <time>2024-08-19T16:05:23Z</time>
   </trkpt>
   <trkpt lat="46.1591920" lon="-1.1506900">
    <ele>7.2</ele>
    <time>2024-08-19T16:05:24Z</time>
   </trkpt>
   <trkpt lat="46.1592170" lon="-1.1506560">
    <ele>7.2</ele>
    <time>2024-08-19T16:05:25Z</time>
   </trkpt>
   <trkpt lat="46.1592370" lon="-1.1506180">
    <ele>7.2</ele>
    <time>2024-08-19T16:05:26Z</time>
   </trkpt>
   <trkpt lat="46.1592540" lon="-1.1505790">
    <ele>7.1</ele>
    <time>2024-08-19T16:05:27Z</time>
   </trkpt>
   <trkpt lat="46.1592690" lon="-1.1505440">
    <ele>7.1</ele>
    <time>2024-08-19T16:05:28Z</time>
   </trkpt>
   <trkpt lat="46.1592870" lon="-1.1505090">
    <ele>7.1</ele>
    <time>2024-08-19T16:05:29Z</time>
   </trkpt>
   <trkpt lat="46.1593090" lon="-1.1504730">
    <ele>7.0</ele>
    <time>2024-08-19T16:05:30Z</time>
   </trkpt>
   <trkpt lat="46.1593360" lon="-1.1504370">
    <ele>7.0</ele>
    <time>2024-08-19T16:05:31Z</time>
   </trkpt>
   <trkpt lat="46.1593620" lon="-1.1504040">
    <ele>7.0</ele>
    <time>2024-08-19T16:05:32Z</time>
   </trkpt>
   <trkpt lat="46.1593900" lon="-1.1503740">
    <ele>6.9</ele>
    <time>2024-08-19T16:05:33Z</time>
   </trkpt>
   <trkpt lat="46.1594180" lon="-1.1503550">
    <ele>6.9</ele>
    <time>2024-08-19T16:05:34Z</time>
   </trkpt>
   <trkpt lat="46.1594500" lon="-1.1503410">
    <ele>6.9</ele>
    <time>2024-08-19T16:05:35Z</time>
   </trkpt>
   <trkpt lat="46.1594870" lon="-1.1503220">
    <ele>6.9</ele>
    <time>2024-08-19T16:05:36Z</time>
   </trkpt>
   <trkpt lat="46.1595200" lon="-1.1503310">
    <ele>6.9</ele>
    <time>2024-08-19T16:05:37Z</time>
   </trkpt>
   <trkpt lat="46.1595480" lon="-1.1503580">
    <ele>6.8</ele>
    <time>2024-08-19T16:05:38Z</time>
   </trkpt>
   <trkpt lat="46.1595730" lon="-1.1504010">
    <ele>6.8</ele>
    <time>2024-08-19T16:05:39Z</time>
   </trkpt>
   <trkpt lat="46.1595950" lon="-1.1504500">
    <ele>6.9</ele>
    <time>2024-08-19T16:05:40Z</time>
   </trkpt>
   <trkpt lat="46.1596070" lon="-1.1504970">
    <ele>7.0</ele>
    <time>2024-08-19T16:05:41Z</time>
   </trkpt>
   <trkpt lat="46.1596190" lon="-1.1505400">
    <ele>7.1</ele>
    <time>2024-08-19T16:05:42Z</time>
   </trkpt>
   <trkpt lat="46.1596270" lon="-1.1505880">
    <ele>7.2</ele>
    <time>2024-08-19T16:05:43Z</time>
   </trkpt>
   <trkpt lat="46.1596320" lon="-1.1506330">
    <ele>7.2</ele>
    <time>2024-08-19T16:05:44Z</time>
   </trkpt>
   <trkpt lat="46.1596450" lon="-1.1506740">
    <ele>7.3</ele>
    <time>2024-08-19T16:05:45Z</time>
   </trkpt>
   <trkpt lat="46.1596670" lon="-1.1507090">
    <ele>7.4</ele>
    <time>2024-08-19T16:05:46Z</time>
   </trkpt>
   <trkpt lat="46.1596900" lon="-1.1507440">
    <ele>7.5</ele>
    <time>2024-08-19T16:05:47Z</time>
   </trkpt>
   <trkpt lat="46.1597180" lon="-1.1507760">
    <ele>7.6</ele>
    <time>2024-08-19T16:05:48Z</time>
   </trkpt>
   <trkpt lat="46.1597460" lon="-1.1508080">
    <ele>7.7</ele>
    <time>2024-08-19T16:05:49Z</time>
   </trkpt>
   <trkpt lat="46.1597690" lon="-1.1508380">
    <ele>7.7</ele>
    <time>2024-08-19T16:05:50Z</time>
   </trkpt>
   <trkpt lat="46.1597900" lon="-1.1508640">
    <ele>7.8</ele>
    <time>2024-08-19T16:05:51Z</time>
   </trkpt>
   <trkpt lat="46.1598100" lon="-1.1508910">
    <ele>7.9</ele>
    <time>2024-08-19T16:05:52Z</time>
   </trkpt>
   <trkpt lat="46.1598320" lon="-1.1509230">
    <ele>8.0</ele>
    <time>2024-08-19T16:05:53Z</time>
   </trkpt>
   <trkpt lat="46.1598470" lon="-1.1509640">
    <ele>8.1</ele>
    <time>2024-08-19T16:05:54Z</time>
   </trkpt>
   <trkpt lat="46.1598570" lon="-1.1510070">
    <ele>8.1</ele>
    <time>2024-08-19T16:05:55Z</time>
   </trkpt>
   <trkpt lat="46.1598670" lon="-1.1510480">
    <ele>8.2</ele>
    <time>2024-08-19T16:05:56Z</time>
   </trkpt>
   <trkpt lat="46.1598680" lon="-1.1510940">
    <ele>8.3</ele>
    <time>2024-08-19T16:05:57Z</time>
   </trkpt>
   <trkpt lat="46.1598720" lon="-1.1511380">
    <ele>8.4</ele>
    <time>2024-08-19T16:05:58Z</time>
   </trkpt>
   <trkpt lat="46.1598730" lon="-1.1511820">
    <ele>8.5</ele>
    <time>2024-08-19T16:05:59Z</time>
   </trkpt>
   <trkpt lat="46.1598760" lon="-1.1512270">
    <ele>8.5</ele>
    <time>2024-08-19T16:06:00Z</time>
   </trkpt>
   <trkpt lat="46.1598990" lon="-1.1512680">
    <ele>8.6</ele>
    <time>2024-08-19T16:06:01Z</time>
   </trkpt>
   <trkpt lat="46.1599080" lon="-1.1512780">
    <ele>8.6</ele>
    <time>2024-08-19T16:06:02Z</time>
   </trkpt>
   <trkpt lat="46.1599400" lon="-1.1513020">
    <ele>8.7</ele>
    <time>2024-08-19T16:06:03Z</time>
   </trkpt>
   <trkpt lat="46.1599790" lon="-1.1513250">
    <ele>8.8</ele>
    <time>2024-08-19T16:06:04Z</time>
   </trkpt>
   <trkpt lat="46.1600120" lon="-1.1513490">
    <ele>8.8</ele>
    <time>2024-08-19T16:06:05Z</time>
   </trkpt>
   <trkpt lat="46.1600430" lon="-1.1513660">
    <ele>8.8</ele>
    <time>2024-08-19T16:06:06Z</time>
   </trkpt>
   <trkpt lat="46.1600650" lon="-1.1513910">
    <ele>8.8</ele>
    <time>2024-08-19T16:06:07Z</time>
   </trkpt>
   <trkpt lat="46.1600900" lon="-1.1514310">
    <ele>8.9</ele>
    <time>2024-08-19T16:06:08Z</time>
   </trkpt>
   <trkpt lat="46.1600960" lon="-1.1514440">
    <ele>8.9</ele>
    <time>2024-08-19T16:06:09Z</time>
   </trkpt>
   <trkpt lat="46.1601110" lon="-1.1514920">
    <ele>8.9</ele>
    <time>2024-08-19T16:06:10Z</time>
   </trkpt>
   <trkpt lat="46.1601150" lon="-1.1515090">
    <ele>8.9</ele>
    <time>2024-08-19T16:06:11Z</time>
   </trkpt>
   <trkpt lat="46.1601270" lon="-1.1515620">
    <ele>8.9</ele>
    <time>2024-08-19T16:06:12Z</time>
   </trkpt>
   <trkpt lat="46.1601300" lon="-1.1515820">
    <ele>8.9</ele>
    <time>2024-08-19T16:06:13Z</time>
   </trkpt>
   <trkpt lat="46.1601420" lon="-1.1516270">
    <ele>8.9</ele>
    <time>2024-08-19T16:06:14Z</time>
   </trkpt>
   <trkpt lat="46.1601530" lon="-1.1516690">
    <ele>8.9</ele>
    <time>2024-08-19T16:06:15Z</time>
   </trkpt>
   <trkpt lat="46.1601650" lon="-1.1517070">
    <ele>8.9</ele>
    <time>2024-08-19T16:06:16Z</time>
   </trkpt>
   <trkpt lat="46.1601780" lon="-1.1517490">
    <ele>8.9</ele>
    <time>2024-08-19T16:06:17Z</time>
   </trkpt>
   <trkpt lat="46.1601910" lon="-1.1517890">
    <ele>9.0</ele>
    <time>2024-08-19T16:06:18Z</time>
   </trkpt>
   <trkpt lat="46.1602040" lon="-1.1518260">
    <ele>9.0</ele>
    <time>2024-08-19T16:06:19Z</time>
   </trkpt>
   <trkpt lat="46.1602200" lon="-1.1518820">
    <ele>9.0</ele>
    <time>2024-08-19T16:06:20Z</time>
   </trkpt>
   <trkpt lat="46.1602250" lon="-1.1519030">
    <ele>9.0</ele>
    <time>2024-08-19T16:06:21Z</time>
   </trkpt>
   <trkpt lat="46.1602350" lon="-1.1519460">
    <ele>9.0</ele>
    <time>2024-08-19T16:06:22Z</time>
   </trkpt>
   <trkpt lat="46.1602430" lon="-1.1519860">
    <ele>9.0</ele>
    <time>2024-08-19T16:06:23Z</time>
   </trkpt>
   <trkpt lat="46.1602470" lon="-1.1520310">
    <ele>9.0</ele>
    <time>2024-08-19T16:06:24Z</time>
   </trkpt>
   <trkpt lat="46.1602480" lon="-1.1520850">
    <ele>9.1</ele>
    <time>2024-08-19T16:06:25Z</time>
   </trkpt>
   <trkpt lat="46.1602550" lon="-1.1521410">
    <ele>9.1</ele>
    <time>2024-08-19T16:06:26Z</time>
   </trkpt>
   <trkpt lat="46.1602650" lon="-1.1521930">
    <ele>9.1</ele>
    <time>2024-08-19T16:06:27Z</time>
   </trkpt>
   <trkpt lat="46.1602740" lon="-1.1522390">
    <ele>9.1</ele>
    <time>2024-08-19T16:06:28Z</time>
   </trkpt>
   <trkpt lat="46.1602810" lon="-1.1522840">
    <ele>9.1</ele>
    <time>2024-08-19T16:06:29Z</time>
   </trkpt>
   <trkpt lat="46.1602810" lon="-1.1523330">
    <ele>9.2</ele>
    <time>2024-08-19T16:06:30Z</time>
   </trkpt>
   <trkpt lat="46.1602700" lon="-1.1523880">
    <ele>9.2</ele>
    <time>2024-08-19T16:06:31Z</time>
   </trkpt>
   <trkpt lat="46.1602590" lon="-1.1524480">
    <ele>9.2</ele>
    <time>2024-08-19T16:06:32Z</time>
   </trkpt>
   <trkpt lat="46.1602470" lon="-1.1525050">
    <ele>9.2</ele>
    <time>2024-08-19T16:06:33Z</time>
   </trkpt>
   <trkpt lat="46.1602400" lon="-1.1525530">
    <ele>9.2</ele>
    <time>2024-08-19T16:06:34Z</time>
   </trkpt>
   <trkpt lat="46.1602480" lon="-1.1525980">
    <ele>9.1</ele>
    <time>2024-08-19T16:06:35Z</time>
   </trkpt>
   <trkpt lat="46.1602560" lon="-1.1526510">
    <ele>9.1</ele>
    <time>2024-08-19T16:06:36Z</time>
   </trkpt>
   <trkpt lat="46.1602690" lon="-1.1527070">
    <ele>9.1</ele>
    <time>2024-08-19T16:06:37Z</time>
   </trkpt>
   <trkpt lat="46.1602840" lon="-1.1527590">
    <ele>9.1</ele>
    <time>2024-08-19T16:06:38Z</time>
   </trkpt>
   <trkpt lat="46.1602860" lon="-1.1528060">
    <ele>9.0</ele>
    <time>2024-08-19T16:06:39Z</time>
   </trkpt>
   <trkpt lat="46.1602860" lon="-1.1528490">
    <ele>9.0</ele>
    <time>2024-08-19T16:06:40Z</time>
   </trkpt>
   <trkpt lat="46.1602870" lon="-1.1528920">
    <ele>9.0</ele>
    <time>2024-08-19T16:06:41Z</time>
   </trkpt>
   <trkpt lat="46.1602830" lon="-1.1529400">
    <ele>8.9</ele>
    <time>2024-08-19T16:06:42Z</time>
   </trkpt>
   <trkpt lat="46.1602820" lon="-1.1529900">
    <ele>8.9</ele>
    <time>2024-08-19T16:06:43Z</time>
   </trkpt>
   <trkpt lat="46.1602820" lon="-1.1530360">
    <ele>8.9</ele>
    <time>2024-08-19T16:06:44Z</time>
   </trkpt>
   <trkpt lat="46.1602820" lon="-1.1530750">
    <ele>8.8</ele>
    <time>2024-08-19T16:06:45Z</time>
   </trkpt>
   <trkpt lat="46.1602820" lon="-1.1531170">
    <ele>8.8</ele>
    <time>2024-08-19T16:06:46Z</time>
   </trkpt>
   <trkpt lat="46.1602740" lon="-1.1531570">
    <ele>8.8</ele>
    <time>2024-08-19T16:06:47Z</time>
   </trkpt>
   <trkpt lat="46.1602670" lon="-1.1531980">
    <ele>8.7</ele>
    <time>2024-08-19T16:06:48Z</time>
   </trkpt>
   <trkpt lat="46.1602620" lon="-1.1532400">
    <ele>8.7</ele>
    <time>2024-08-19T16:06:49Z</time>
   </trkpt>
   <trkpt lat="46.1602610" lon="-1.1532800">
    <ele>8.7</ele>
    <time>2024-08-19T16:06:50Z</time>
   </trkpt>
   <trkpt lat="46.1602790" lon="-1.1533150">
    <ele>8.7</ele>
    <time>2024-08-19T16:06:51Z</time>
   </trkpt>
   <trkpt lat="46.1602860" lon="-1.1533530">
    <ele>8.7</ele>
    <time>2024-08-19T16:06:52Z</time>
   </trkpt>
   <trkpt lat="46.1603020" lon="-1.1533850">
    <ele>8.8</ele>
    <time>2024-08-19T16:06:53Z</time>
   </trkpt>
   <trkpt lat="46.1603170" lon="-1.1534180">
    <ele>8.8</ele>
    <time>2024-08-19T16:06:54Z</time>
   </trkpt>
   <trkpt lat="46.1603480" lon="-1.1534510">
    <ele>8.8</ele>
    <time>2024-08-19T16:06:55Z</time>
   </trkpt>
   <trkpt lat="46.1603610" lon="-1.1534580">
    <ele>8.8</ele>
    <time>2024-08-19T16:06:56Z</time>
   </trkpt>
   <trkpt lat="46.1603940" lon="-1.1534580">
    <ele>8.9</ele>
    <time>2024-08-19T16:06:57Z</time>
   </trkpt>
   <trkpt lat="46.1604190" lon="-1.1534420">
    <ele>8.9</ele>
    <time>2024-08-19T16:06:58Z</time>
   </trkpt>
   <trkpt lat="46.1604450" lon="-1.1534120">
    <ele>8.9</ele>
    <time>2024-08-19T16:06:59Z</time>
   </trkpt>
   <trkpt lat="46.1604750" lon="-1.1533740">
    <ele>9.0</ele>
    <time>2024-08-19T16:07:00Z</time>
   </trkpt>
   <trkpt lat="46.1605100" lon="-1.1533320">
    <ele>9.0</ele>
    <time>2024-08-19T16:07:01Z</time>
   </trkpt>
   <trkpt lat="46.1605390" lon="-1.1532960">
    <ele>9.0</ele>
    <time>2024-08-19T16:07:02Z</time>
   </trkpt>
   <trkpt lat="46.1605680" lon="-1.1532650">
    <ele>9.1</ele>
    <time>2024-08-19T16:07:03Z</time>
   </trkpt>
   <trkpt lat="46.1605980" lon="-1.1532380">
    <ele>9.1</ele>
    <time>2024-08-19T16:07:04Z</time>
   </trkpt>
   <trkpt lat="46.1606280" lon="-1.1532050">
    <ele>9.1</ele>
    <time>2024-08-19T16:07:05Z</time>
   </trkpt>
   <trkpt lat="46.1606540" lon="-1.1531770">
    <ele>9.1</ele>
    <time>2024-08-19T16:07:06Z</time>
   </trkpt>
   <trkpt lat="46.1606800" lon="-1.1531460">
    <ele>9.2</ele>
    <time>2024-08-19T16:07:07Z</time>
   </trkpt>
   <trkpt lat="46.1607090" lon="-1.1531220">
    <ele>9.2</ele>
    <time>2024-08-19T16:07:08Z</time>
   </trkpt>
   <trkpt lat="46.1607450" lon="-1.1531020">
    <ele>9.2</ele>
    <time>2024-08-19T16:07:09Z</time>
   </trkpt>
   <trkpt lat="46.1607810" lon="-1.1530840">
    <ele>9.2</ele>
    <time>2024-08-19T16:07:10Z</time>
   </trkpt>
   <trkpt lat="46.1608100" lon="-1.1530690">
    <ele>9.2</ele>
    <time>2024-08-19T16:07:11Z</time>
   </trkpt>
   <trkpt lat="46.1608390" lon="-1.1530570">
    <ele>9.3</ele>
    <time>2024-08-19T16:07:12Z</time>
   </trkpt>
   <trkpt lat="46.1608720" lon="-1.1530460">
    <ele>9.3</ele>
    <time>2024-08-19T16:07:13Z</time>
   </trkpt>
   <trkpt lat="46.1609070" lon="-1.1530360">
    <ele>9.3</ele>
    <time>2024-08-19T16:07:14Z</time>
   </trkpt>
   <trkpt lat="46.1609420" lon="-1.1530220">
    <ele>9.3</ele>
    <time>2024-08-19T16:07:15Z</time>
   </trkpt>
   <trkpt lat="46.1609770" lon="-1.1530030">
    <ele>9.3</ele>
    <time>2024-08-19T16:07:16Z</time>
   </trkpt>
   <trkpt lat="46.1610140" lon="-1.1529710">
    <ele>9.4</ele>
    <time>2024-08-19T16:07:17Z</time>
   </trkpt>
   <trkpt lat="46.1610530" lon="-1.1529470">
    <ele>9.4</ele>
    <time>2024-08-19T16:07:18Z</time>
   </trkpt>
   <trkpt lat="46.1610890" lon="-1.1529330">
    <ele>9.4</ele>
    <time>2024-08-19T16:07:19Z</time>
   </trkpt>
   <trkpt lat="46.1611190" lon="-1.1529240">
    <ele>9.4</ele>
    <time>2024-08-19T16:07:20Z</time>
   </trkpt>
   <trkpt lat="46.1611570" lon="-1.1529120">
    <ele>9.4</ele>
    <time>2024-08-19T16:07:21Z</time>
   </trkpt>
   <trkpt lat="46.1611710" lon="-1.1529070">
    <ele>9.4</ele>
    <time>2024-08-19T16:07:22Z</time>
   </trkpt>
   <trkpt lat="46.1611990" lon="-1.1529010">
    <ele>9.5</ele>
    <time>2024-08-19T16:07:23Z</time>
   </trkpt>
   <trkpt lat="46.1612290" lon="-1.1528940">
    <ele>9.5</ele>
    <time>2024-08-19T16:07:24Z</time>
   </trkpt>
   <trkpt lat="46.1612610" lon="-1.1528860">
    <ele>9.5</ele>
    <time>2024-08-19T16:07:25Z</time>
   </trkpt>
   <trkpt lat="46.1612950" lon="-1.1528610">
    <ele>9.5</ele>
    <time>2024-08-19T16:07:26Z</time>
   </trkpt>
   <trkpt lat="46.1613320" lon="-1.1528400">
    <ele>9.6</ele>
    <time>2024-08-19T16:07:27Z</time>
   </trkpt>
   <trkpt lat="46.1613680" lon="-1.1528250">
    <ele>9.6</ele>
    <time>2024-08-19T16:07:28Z</time>
   </trkpt>
   <trkpt lat="46.1614030" lon="-1.1528170">
    <ele>9.6</ele>
    <time>2024-08-19T16:07:29Z</time>
   </trkpt>
   <trkpt lat="46.1614420" lon="-1.1528070">
    <ele>9.7</ele>
    <time>2024-08-19T16:07:30Z</time>
   </trkpt>
   <trkpt lat="46.1614810" lon="-1.1528010">
    <ele>9.7</ele>
    <time>2024-08-19T16:07:31Z</time>
   </trkpt>
   <trkpt lat="46.1615180" lon="-1.1527980">
    <ele>9.7</ele>
    <time>2024-08-19T16:07:32Z</time>
   </trkpt>
   <trkpt lat="46.1615500" lon="-1.1527900">
    <ele>9.8</ele>
    <time>2024-08-19T16:07:33Z</time>
   </trkpt>
   <trkpt lat="46.1615800" lon="-1.1527830">
    <ele>9.8</ele>
    <time>2024-08-19T16:07:34Z</time>
   </trkpt>
   <trkpt lat="46.1616070" lon="-1.1527730">
    <ele>9.8</ele>
    <time>2024-08-19T16:07:35Z</time>
   </trkpt>
   <trkpt lat="46.1616410" lon="-1.1527600">
    <ele>9.8</ele>
    <time>2024-08-19T16:07:36Z</time>
   </trkpt>
   <trkpt lat="46.1616540" lon="-1.1527570">
    <ele>9.8</ele>
    <time>2024-08-19T16:07:37Z</time>
   </trkpt>
   <trkpt lat="46.1616950" lon="-1.1527540">
    <ele>9.9</ele>
    <time>2024-08-19T16:07:38Z</time>
   </trkpt>
   <trkpt lat="46.1617110" lon="-1.1527550">
    <ele>9.9</ele>
    <time>2024-08-19T16:07:39Z</time>
   </trkpt>
   <trkpt lat="46.1617500" lon="-1.1527550">
    <ele>9.9</ele>
    <time>2024-08-19T16:07:40Z</time>
   </trkpt>
   <trkpt lat="46.1617870" lon="-1.1527600">
    <ele>9.8</ele>
    <time>2024-08-19T16:07:41Z</time>
   </trkpt>
   <trkpt lat="46.1618200" lon="-1.1527650">
    <ele>9.8</ele>
    <time>2024-08-19T16:07:42Z</time>
   </trkpt>
   <trkpt lat="46.1618470" lon="-1.1528030">
    <ele>9.7</ele>
    <time>2024-08-19T16:07:43Z</time>
   </trkpt>
   <trkpt lat="46.1618540" lon="-1.1528170">
    <ele>9.7</ele>
    <time>2024-08-19T16:07:44Z</time>
   </trkpt>
   <trkpt lat="46.1618620" lon="-1.1528600">
    <ele>9.7</ele>
    <time>2024-08-19T16:07:45Z</time>
   </trkpt>
   <trkpt lat="46.1618630" lon="-1.1529130">
    <ele>9.6</ele>
    <time>2024-08-19T16:07:46Z</time>
   </trkpt>
   <trkpt lat="46.1618590" lon="-1.1529670">
    <ele>9.6</ele>
    <time>2024-08-19T16:07:47Z</time>
   </trkpt>
   <trkpt lat="46.1618530" lon="-1.1530220">
    <ele>9.6</ele>
    <time>2024-08-19T16:07:48Z</time>
   </trkpt>
   <trkpt lat="46.1618500" lon="-1.1530710">
    <ele>9.6</ele>
    <time>2024-08-19T16:07:49Z</time>
   </trkpt>
   <trkpt lat="46.1618510" lon="-1.1531150">
    <ele>9.6</ele>
    <time>2024-08-19T16:07:50Z</time>
   </trkpt>
   <trkpt lat="46.1618520" lon="-1.1531590">
    <ele>9.5</ele>
    <time>2024-08-19T16:07:51Z</time>
   </trkpt>
   <trkpt lat="46.1618520" lon="-1.1532100">
    <ele>9.5</ele>
    <time>2024-08-19T16:07:52Z</time>
   </trkpt>
   <trkpt lat="46.1618440" lon="-1.1532600">
    <ele>9.5</ele>
    <time>2024-08-19T16:07:53Z</time>
   </trkpt>
   <trkpt lat="46.1618350" lon="-1.1533090">
    <ele>9.4</ele>
    <time>2024-08-19T16:07:54Z</time>
   </trkpt>
   <trkpt lat="46.1618290" lon="-1.1533520">
    <ele>9.4</ele>
    <time>2024-08-19T16:07:55Z</time>
   </trkpt>
   <trkpt lat="46.1618310" lon="-1.1533930">
    <ele>9.4</ele>
    <time>2024-08-19T16:07:56Z</time>
   </trkpt>
   <trkpt lat="46.1618370" lon="-1.1534440">
    <ele>9.3</ele>
    <time>2024-08-19T16:07:57Z</time>
   </trkpt>
   <trkpt lat="46.1618380" lon="-1.1534610">
    <ele>9.3</ele>
    <time>2024-08-19T16:07:58Z</time>
   </trkpt>
   <trkpt lat="46.1618330" lon="-1.1535160">
    <ele>9.3</ele>
    <time>2024-08-19T16:07:59Z</time>
   </trkpt>
   <trkpt lat="46.1618310" lon="-1.1535350">
    <ele>9.3</ele>
    <time>2024-08-19T16:08:00Z</time>
   </trkpt>
   <trkpt lat="46.1618290" lon="-1.1535660">
    <ele>9.2</ele>
    <time>2024-08-19T16:08:01Z</time>
   </trkpt>
   <trkpt lat="46.1618300" lon="-1.1535920">
    <ele>9.2</ele>
    <time>2024-08-19T16:08:03Z</time>
   </trkpt>
   <trkpt lat="46.1618300" lon="-1.1536480">
    <ele>9.1</ele>
    <time>2024-08-19T16:08:04Z</time>
   </trkpt>
   <trkpt lat="46.1618290" lon="-1.1536700">
    <ele>9.1</ele>
    <time>2024-08-19T16:08:05Z</time>
   </trkpt>
   <trkpt lat="46.1618300" lon="-1.1537140">
    <ele>9.1</ele>
    <time>2024-08-19T16:08:06Z</time>
   </trkpt>
   <trkpt lat="46.1618340" lon="-1.1537680">
    <ele>9.0</ele>
    <time>2024-08-19T16:08:07Z</time>
   </trkpt>
   <trkpt lat="46.1618350" lon="-1.1537850">
    <ele>9.0</ele>
    <time>2024-08-19T16:08:08Z</time>
   </trkpt>
   <trkpt lat="46.1618350" lon="-1.1538280">
    <ele>8.9</ele>
    <time>2024-08-19T16:08:09Z</time>
   </trkpt>
   <trkpt lat="46.1618390" lon="-1.1538780">
    <ele>8.9</ele>
    <time>2024-08-19T16:08:10Z</time>
   </trkpt>
   <trkpt lat="46.1618490" lon="-1.1539230">
    <ele>8.8</ele>
    <time>2024-08-19T16:08:11Z</time>
   </trkpt>
   <trkpt lat="46.1618650" lon="-1.1539680">
    <ele>8.7</ele>
    <time>2024-08-19T16:08:12Z</time>
   </trkpt>
   <trkpt lat="46.1618700" lon="-1.1539830">
    <ele>8.7</ele>
    <time>2024-08-19T16:08:13Z</time>
   </trkpt>
   <trkpt lat="46.1618840" lon="-1.1540290">
    <ele>8.6</ele>
    <time>2024-08-19T16:08:14Z</time>
   </trkpt>
   <trkpt lat="46.1618880" lon="-1.1540440">
    <ele>8.6</ele>
    <time>2024-08-19T16:08:15Z</time>
   </trkpt>
   <trkpt lat="46.1618980" lon="-1.1540810">
    <ele>8.6</ele>
    <time>2024-08-19T16:08:16Z</time>
   </trkpt>
   <trkpt lat="46.1619200" lon="-1.1541170">
    <ele>8.5</ele>
    <time>2024-08-19T16:08:17Z</time>
   </trkpt>
   <trkpt lat="46.1619300" lon="-1.1541240">
    <ele>8.5</ele>
    <time>2024-08-19T16:08:18Z</time>
   </trkpt>
   <trkpt lat="46.1619540" lon="-1.1541420">
    <ele>8.4</ele>
    <time>2024-08-19T16:08:19Z</time>
   </trkpt>
   <trkpt lat="46.1619820" lon="-1.1541670">
    <ele>8.4</ele>
    <time>2024-08-19T16:08:20Z</time>
   </trkpt>
   <trkpt lat="46.1620120" lon="-1.1542020">
    <ele>8.3</ele>
    <time>2024-08-19T16:08:21Z</time>
   </trkpt>
   <trkpt lat="46.1620410" lon="-1.1542450">
    <ele>8.2</ele>
    <time>2024-08-19T16:08:22Z</time>
   </trkpt>
   <trkpt lat="46.1620640" lon="-1.1542900">
    <ele>8.1</ele>
    <time>2024-08-19T16:08:23Z</time>
   </trkpt>
   <trkpt lat="46.1620840" lon="-1.1543310">
    <ele>8.1</ele>
    <time>2024-08-19T16:08:24Z</time>
   </trkpt>
   <trkpt lat="46.1621000" lon="-1.1543750">
    <ele>8.0</ele>
    <time>2024-08-19T16:08:25Z</time>
   </trkpt>
   <trkpt lat="46.1621130" lon="-1.1544270">
    <ele>8.0</ele>
    <time>2024-08-19T16:08:26Z</time>
   </trkpt>
   <trkpt lat="46.1621200" lon="-1.1544660">
    <ele>7.9</ele>
    <time>2024-08-19T16:08:27Z</time>
   </trkpt>
   <trkpt lat="46.1621300" lon="-1.1545130">
    <ele>7.9</ele>
    <time>2024-08-19T16:08:28Z</time>
   </trkpt>
   <trkpt lat="46.1621340" lon="-1.1545280">
    <ele>7.9</ele>
    <time>2024-08-19T16:08:29Z</time>
   </trkpt>
   <trkpt lat="46.1621440" lon="-1.1545490">
    <ele>7.8</ele>
    <time>2024-08-19T16:08:30Z</time>
   </trkpt>
   <trkpt lat="46.1621510" lon="-1.1545650">
    <ele>7.8</ele>
    <time>2024-08-19T16:08:31Z</time>
   </trkpt>
   <trkpt lat="46.1621550" lon="-1.1545860">
    <ele>7.8</ele>
    <time>2024-08-19T16:08:32Z</time>
   </trkpt>
   <trkpt lat="46.1621550" lon="-1.1546110">
    <ele>7.8</ele>
    <time>2024-08-19T16:08:33Z</time>
   </trkpt>
   <trkpt lat="46.1621400" lon="-1.1546450">
    <ele>7.8</ele>
    <time>2024-08-19T16:08:34Z</time>
   </trkpt>
   <trkpt lat="46.1621310" lon="-1.1546540">
    <ele>7.7</ele>
    <time>2024-08-19T16:08:35Z</time>
   </trkpt>
   <trkpt lat="46.1621000" lon="-1.1546730">
    <ele>7.7</ele>
    <time>2024-08-19T16:08:36Z</time>
   </trkpt>
   <trkpt lat="46.1620870" lon="-1.1546790">
    <ele>7.7</ele>
    <time>2024-08-19T16:08:37Z</time>
   </trkpt>
   <trkpt lat="46.1620560" lon="-1.1547030">
    <ele>7.6</ele>
    <time>2024-08-19T16:08:38Z</time>
   </trkpt>
   <trkpt lat="46.1620450" lon="-1.1547110">
    <ele>7.5</ele>
    <time>2024-08-19T16:08:39Z</time>
   </trkpt>
   <trkpt lat="46.1620090" lon="-1.1547360">
    <ele>7.4</ele>
    <time>2024-08-19T16:08:40Z</time>
   </trkpt>
   <trkpt lat="46.1619980" lon="-1.1547430">
    <ele>7.3</ele>
    <time>2024-08-19T16:08:41Z</time>
   </trkpt>
   <trkpt lat="46.1619700" lon="-1.1547450">
    <ele>7.2</ele>
    <time>2024-08-19T16:08:42Z</time>
   </trkpt>
   <trkpt lat="46.1619360" lon="-1.1547450">
    <ele>7.1</ele>
    <time>2024-08-19T16:08:43Z</time>
   </trkpt>
   <trkpt lat="46.1619070" lon="-1.1547440">
    <ele>7.0</ele>
    <time>2024-08-19T16:08:44Z</time>
   </trkpt>
   <trkpt lat="46.1618780" lon="-1.1547490">
    <ele>6.9</ele>
    <time>2024-08-19T16:08:45Z</time>
   </trkpt>
   <trkpt lat="46.1618500" lon="-1.1547500">
    <ele>6.9</ele>
    <time>2024-08-19T16:08:46Z</time>
   </trkpt>
   <trkpt lat="46.1617880" lon="-1.1547430">
    <ele>6.7</ele>
    <time>2024-08-19T16:08:47Z</time>
   </trkpt>
   <trkpt lat="46.1617580" lon="-1.1547420">
    <ele>6.6</ele>
    <time>2024-08-19T16:08:48Z</time>
   </trkpt>
   <trkpt lat="46.1617310" lon="-1.1547440">
    <ele>6.5</ele>
    <time>2024-08-19T16:08:49Z</time>
   </trkpt>
   <trkpt lat="46.1616950" lon="-1.1547650">
    <ele>6.4</ele>
    <time>2024-08-19T16:08:50Z</time>
   </trkpt>
   <trkpt lat="46.1616840" lon="-1.1547770">
    <ele>6.4</ele>
    <time>2024-08-19T16:08:51Z</time>
   </trkpt>
   <trkpt lat="46.1616570" lon="-1.1548070">
    <ele>6.3</ele>
    <time>2024-08-19T16:08:52Z</time>
   </trkpt>
   <trkpt lat="46.1616470" lon="-1.1548160">
    <ele>6.3</ele>
    <time>2024-08-19T16:08:53Z</time>
   </trkpt>
   <trkpt lat="46.1616180" lon="-1.1548350">
    <ele>6.3</ele>
    <time>2024-08-19T16:08:54Z</time>
   </trkpt>
   <trkpt lat="46.1615960" lon="-1.1548590">
    <ele>6.2</ele>
    <time>2024-08-19T16:08:55Z</time>
   </trkpt>
   <trkpt lat="46.1615740" lon="-1.1548860">
    <ele>6.2</ele>
    <time>2024-08-19T16:08:56Z</time>
   </trkpt>
   <trkpt lat="46.1615670" lon="-1.1548970">
    <ele>6.2</ele>
    <time>2024-08-19T16:08:57Z</time>
   </trkpt>
   <trkpt lat="46.1615400" lon="-1.1549340">
    <ele>6.2</ele>
    <time>2024-08-19T16:08:58Z</time>
   </trkpt>
   <trkpt lat="46.1615290" lon="-1.1549460">
    <ele>6.1</ele>
    <time>2024-08-19T16:08:59Z</time>
   </trkpt>
   <trkpt lat="46.1615110" lon="-1.1549770">
    <ele>6.1</ele>
    <time>2024-08-19T16:09:00Z</time>
   </trkpt>
   <trkpt lat="46.1614830" lon="-1.1550090">
    <ele>6.1</ele>
    <time>2024-08-19T16:09:01Z</time>
   </trkpt>
   <trkpt lat="46.1614750" lon="-1.1550160">
    <ele>6.1</ele>
    <time>2024-08-19T16:09:02Z</time>
   </trkpt>
   <trkpt lat="46.1614460" lon="-1.1550290">
    <ele>6.1</ele>
    <time>2024-08-19T16:09:03Z</time>
   </trkpt>
   <trkpt lat="46.1614350" lon="-1.1550330">
    <ele>6.1</ele>
    <time>2024-08-19T16:09:04Z</time>
   </trkpt>
   <trkpt lat="46.1614080" lon="-1.1550450">
    <ele>6.1</ele>
    <time>2024-08-19T16:09:05Z</time>
   </trkpt>
   <trkpt lat="46.1613810" lon="-1.1550590">
    <ele>6.1</ele>
    <time>2024-08-19T16:09:06Z</time>
   </trkpt>
   <trkpt lat="46.1613530" lon="-1.1550710">
    <ele>6.1</ele>
    <time>2024-08-19T16:09:07Z</time>
   </trkpt>
   <trkpt lat="46.1613160" lon="-1.1550670">
    <ele>6.1</ele>
    <time>2024-08-19T16:09:08Z</time>
   </trkpt>
   <trkpt lat="46.1612780" lon="-1.1550560">
    <ele>6.1</ele>
    <time>2024-08-19T16:09:09Z</time>
   </trkpt>
   <trkpt lat="46.1612400" lon="-1.1550340">
    <ele>6.2</ele>
    <time>2024-08-19T16:09:10Z</time>
   </trkpt>
   <trkpt lat="46.1612000" lon="-1.1550130">
    <ele>6.2</ele>
    <time>2024-08-19T16:09:11Z</time>
   </trkpt>
   <trkpt lat="46.1611600" lon="-1.1549910">
    <ele>6.2</ele>
    <time>2024-08-19T16:09:12Z</time>
   </trkpt>
   <trkpt lat="46.1611250" lon="-1.1549630">
    <ele>6.3</ele>
    <time>2024-08-19T16:09:13Z</time>
   </trkpt>
   <trkpt lat="46.1610950" lon="-1.1549380">
    <ele>6.4</ele>
    <time>2024-08-19T16:09:14Z</time>
   </trkpt>
   <trkpt lat="46.1610630" lon="-1.1549150">
    <ele>6.5</ele>
    <time>2024-08-19T16:09:15Z</time>
   </trkpt>
   <trkpt lat="46.1610360" lon="-1.1549020">
    <ele>6.6</ele>
    <time>2024-08-19T16:09:16Z</time>
   </trkpt>
   <trkpt lat="46.1610070" lon="-1.1549010">
    <ele>6.7</ele>
    <time>2024-08-19T16:09:17Z</time>
   </trkpt>
   <trkpt lat="46.1609870" lon="-1.1549110">
    <ele>6.7</ele>
    <time>2024-08-19T16:09:18Z</time>
   </trkpt>
   <trkpt lat="46.1609770" lon="-1.1549260">
    <ele>6.7</ele>
    <time>2024-08-19T16:09:19Z</time>
   </trkpt>
   <trkpt lat="46.1609580" lon="-1.1549500">
    <ele>6.8</ele>
    <time>2024-08-19T16:09:20Z</time>
   </trkpt>
   <trkpt lat="46.1609480" lon="-1.1549550">
    <ele>6.8</ele>
    <time>2024-08-19T16:09:21Z</time>
   </trkpt>
   <trkpt lat="46.1609380" lon="-1.1549610">
    <ele>6.8</ele>
    <time>2024-08-19T16:09:22Z</time>
   </trkpt>
   <trkpt lat="46.1609100" lon="-1.1549630">
    <ele>6.8</ele>
    <time>2024-08-19T16:09:23Z</time>
   </trkpt>
   <trkpt lat="46.1608760" lon="-1.1549740">
    <ele>6.8</ele>
    <time>2024-08-19T16:09:24Z</time>
   </trkpt>
   <trkpt lat="46.1608650" lon="-1.1549800">
    <ele>6.8</ele>
    <time>2024-08-19T16:09:25Z</time>
   </trkpt>
   <trkpt lat="46.1608450" lon="-1.1550140">
    <ele>6.8</ele>
    <time>2024-08-19T16:09:26Z</time>
   </trkpt>
   <trkpt lat="46.1608400" lon="-1.1550280">
    <ele>6.8</ele>
    <time>2024-08-19T16:09:27Z</time>
   </trkpt>
   <trkpt lat="46.1608180" lon="-1.1550560">
    <ele>6.9</ele>
    <time>2024-08-19T16:09:28Z</time>
   </trkpt>
   <trkpt lat="46.1607980" lon="-1.1550850">
    <ele>6.9</ele>
    <time>2024-08-19T16:09:29Z</time>
   </trkpt>
   <trkpt lat="46.1607710" lon="-1.1551070">
    <ele>6.9</ele>
    <time>2024-08-19T16:09:30Z</time>
   </trkpt>
   <trkpt lat="46.1607300" lon="-1.1551230">
    <ele>6.9</ele>
    <time>2024-08-19T16:09:31Z</time>
   </trkpt>
   <trkpt lat="46.1607130" lon="-1.1551270">
    <ele>6.9</ele>
    <time>2024-08-19T16:09:32Z</time>
   </trkpt>
   <trkpt lat="46.1606800" lon="-1.1551470">
    <ele>6.9</ele>
    <time>2024-08-19T16:09:33Z</time>
   </trkpt>
   <trkpt lat="46.1606510" lon="-1.1551730">
    <ele>6.9</ele>
    <time>2024-08-19T16:09:34Z</time>
   </trkpt>
   <trkpt lat="46.1606250" lon="-1.1552130">
    <ele>6.8</ele>
    <time>2024-08-19T16:09:35Z</time>
   </trkpt>
   <trkpt lat="46.1606170" lon="-1.1552250">
    <ele>6.8</ele>
    <time>2024-08-19T16:09:36Z</time>
   </trkpt>
   <trkpt lat="46.1605910" lon="-1.1552620">
    <ele>6.8</ele>
    <time>2024-08-19T16:09:37Z</time>
   </trkpt>
   <trkpt lat="46.1605820" lon="-1.1552720">
    <ele>6.8</ele>
    <time>2024-08-19T16:09:38Z</time>
   </trkpt>
   <trkpt lat="46.1605450" lon="-1.1552960">
    <ele>6.8</ele>
    <time>2024-08-19T16:09:39Z</time>
   </trkpt>
   <trkpt lat="46.1605320" lon="-1.1553040">
    <ele>6.8</ele>
    <time>2024-08-19T16:09:40Z</time>
   </trkpt>
   <trkpt lat="46.1605010" lon="-1.1553070">
    <ele>6.8</ele>
    <time>2024-08-19T16:09:41Z</time>
   </trkpt>
   <trkpt lat="46.1604650" lon="-1.1553060">
    <ele>6.8</ele>
    <time>2024-08-19T16:09:42Z</time>
   </trkpt>
   <trkpt lat="46.1604320" lon="-1.1553000">
    <ele>6.8</ele>
    <time>2024-08-19T16:09:43Z</time>
   </trkpt>
   <trkpt lat="46.1603980" lon="-1.1552910">
    <ele>6.8</ele>
    <time>2024-08-19T16:09:44Z</time>
   </trkpt>
   <trkpt lat="46.1603680" lon="-1.1552880">
    <ele>6.8</ele>
    <time>2024-08-19T16:09:45Z</time>
   </trkpt>
   <trkpt lat="46.1603470" lon="-1.1552750">
    <ele>6.9</ele>
    <time>2024-08-19T16:09:46Z</time>
   </trkpt>
   <trkpt lat="46.1603400" lon="-1.1552610">
    <ele>6.9</ele>
    <time>2024-08-19T16:09:47Z</time>
   </trkpt>
   <trkpt lat="46.1603500" lon="-1.1553060">
    <ele>6.8</ele>
    <time>2024-08-19T16:09:48Z</time>
   </trkpt>
   <trkpt lat="46.1603570" lon="-1.1553330">
    <ele>6.7</ele>
    <time>2024-08-19T16:09:49Z</time>
   </trkpt>
   <trkpt lat="46.1603830" lon="-1.1553940">
    <ele>6.6</ele>
    <time>2024-08-19T16:09:50Z</time>
   </trkpt>
   <trkpt lat="46.1604090" lon="-1.1554550">
    <ele>6.4</ele>
    <time>2024-08-19T16:09:51Z</time>
   </trkpt>
   <trkpt lat="46.1604300" lon="-1.1555150">
    <ele>6.3</ele>
    <time>2024-08-19T16:09:52Z</time>
   </trkpt>
   <trkpt lat="46.1604430" lon="-1.1555730">
    <ele>6.2</ele>
    <time>2024-08-19T16:09:53Z</time>
   </trkpt>
   <trkpt lat="46.1604490" lon="-1.1556280">
    <ele>6.1</ele>
    <time>2024-08-19T16:09:54Z</time>
   </trkpt>
   <trkpt lat="46.1604650" lon="-1.1556780">
    <ele>6.0</ele>
    <time>2024-08-19T16:09:55Z</time>
   </trkpt>
   <trkpt lat="46.1604800" lon="-1.1557260">
    <ele>6.0</ele>
    <time>2024-08-19T16:09:56Z</time>
   </trkpt>
   <trkpt lat="46.1605010" lon="-1.1557650">
    <ele>5.9</ele>
    <time>2024-08-19T16:09:57Z</time>
   </trkpt>
   <trkpt lat="46.1605250" lon="-1.1558070">
    <ele>5.8</ele>
    <time>2024-08-19T16:09:58Z</time>
   </trkpt>
   <trkpt lat="46.1605450" lon="-1.1558540">
    <ele>5.7</ele>
    <time>2024-08-19T16:09:59Z</time>
   </trkpt>
   <trkpt lat="46.1605590" lon="-1.1559020">
    <ele>5.6</ele>
    <time>2024-08-19T16:10:00Z</time>
   </trkpt>
   <trkpt lat="46.1605680" lon="-1.1559440">
    <ele>5.5</ele>
    <time>2024-08-19T16:10:01Z</time>
   </trkpt>
   <trkpt lat="46.1605740" lon="-1.1559840">
    <ele>5.4</ele>
    <time>2024-08-19T16:10:02Z</time>
   </trkpt>
   <trkpt lat="46.1605830" lon="-1.1560280">
    <ele>5.3</ele>
    <time>2024-08-19T16:10:03Z</time>
   </trkpt>
   <trkpt lat="46.1605940" lon="-1.1560740">
    <ele>5.2</ele>
    <time>2024-08-19T16:10:04Z</time>
   </trkpt>
   <trkpt lat="46.1605980" lon="-1.1560880">
    <ele>5.2</ele>
    <time>2024-08-19T16:10:05Z</time>
   </trkpt>
   <trkpt lat="46.1606080" lon="-1.1561300">
    <ele>5.1</ele>
    <time>2024-08-19T16:10:06Z</time>
   </trkpt>
   <trkpt lat="46.1606120" lon="-1.1561430">
    <ele>5.0</ele>
    <time>2024-08-19T16:10:07Z</time>
   </trkpt>
   <trkpt lat="46.1606110" lon="-1.1561920">
    <ele>4.9</ele>
    <time>2024-08-19T16:10:08Z</time>
   </trkpt>
   <trkpt lat="46.1606150" lon="-1.1562460">
    <ele>4.8</ele>
    <time>2024-08-19T16:10:09Z</time>
   </trkpt>
   <trkpt lat="46.1606200" lon="-1.1563040">
    <ele>4.7</ele>
    <time>2024-08-19T16:10:10Z</time>
   </trkpt>
   <trkpt lat="46.1606280" lon="-1.1563600">
    <ele>4.6</ele>
    <time>2024-08-19T16:10:11Z</time>
   </trkpt>
   <trkpt lat="46.1606350" lon="-1.1564130">
    <ele>4.5</ele>
    <time>2024-08-19T16:10:12Z</time>
   </trkpt>
   <trkpt lat="46.1606390" lon="-1.1564670">
    <ele>4.5</ele>
    <time>2024-08-19T16:10:13Z</time>
   </trkpt>
   <trkpt lat="46.1606420" lon="-1.1565170">
    <ele>4.5</ele>
    <time>2024-08-19T16:10:14Z</time>
   </trkpt>
   <trkpt lat="46.1606430" lon="-1.1565670">
    <ele>4.4</ele>
    <time>2024-08-19T16:10:15Z</time>
   </trkpt>
   <trkpt lat="46.1606400" lon="-1.1566130">
    <ele>4.4</ele>
    <time>2024-08-19T16:10:16Z</time>
   </trkpt>
   <trkpt lat="46.1606360" lon="-1.1566560">
    <ele>4.4</ele>
    <time>2024-08-19T16:10:17Z</time>
   </trkpt>
   <trkpt lat="46.1606380" lon="-1.1567010">
    <ele>4.4</ele>
    <time>2024-08-19T16:10:18Z</time>
   </trkpt>
   <trkpt lat="46.1606440" lon="-1.1567500">
    <ele>4.5</ele>
    <time>2024-08-19T16:10:19Z</time>
   </trkpt>
   <trkpt lat="46.1606460" lon="-1.1567670">
    <ele>4.5</ele>
    <time>2024-08-19T16:10:20Z</time>
   </trkpt>
   <trkpt lat="46.1606460" lon="-1.1568060">
    <ele>4.5</ele>
    <time>2024-08-19T16:10:21Z</time>
   </trkpt>
   <trkpt lat="46.1606470" lon="-1.1568480">
    <ele>4.6</ele>
    <time>2024-08-19T16:10:22Z</time>
   </trkpt>
   <trkpt lat="46.1606500" lon="-1.1568900">
    <ele>4.6</ele>
    <time>2024-08-19T16:10:23Z</time>
   </trkpt>
   <trkpt lat="46.1606570" lon="-1.1569490">
    <ele>4.7</ele>
    <time>2024-08-19T16:10:24Z</time>
   </trkpt>
   <trkpt lat="46.1606590" lon="-1.1569720">
    <ele>4.7</ele>
    <time>2024-08-19T16:10:25Z</time>
   </trkpt>
   <trkpt lat="46.1606620" lon="-1.1570150">
    <ele>4.8</ele>
    <time>2024-08-19T16:10:26Z</time>
   </trkpt>
   <trkpt lat="46.1606610" lon="-1.1570570">
    <ele>4.8</ele>
    <time>2024-08-19T16:10:27Z</time>
   </trkpt>
   <trkpt lat="46.1606560" lon="-1.1571100">
    <ele>4.8</ele>
    <time>2024-08-19T16:10:28Z</time>
   </trkpt>
   <trkpt lat="46.1606550" lon="-1.1571250">
    <ele>4.9</ele>
    <time>2024-08-19T16:10:29Z</time>
   </trkpt>
   <trkpt lat="46.1606510" lon="-1.1571470">
    <ele>4.9</ele>
    <time>2024-08-19T16:10:30Z</time>
   </trkpt>
   <trkpt lat="46.1606410" lon="-1.1571730">
    <ele>4.9</ele>
    <time>2024-08-19T16:10:31Z</time>
   </trkpt>
   <trkpt lat="46.1606250" lon="-1.1572190">
    <ele>4.9</ele>
    <time>2024-08-19T16:10:32Z</time>
   </trkpt>
   <trkpt lat="46.1606190" lon="-1.1572350">
    <ele>4.9</ele>
    <time>2024-08-19T16:10:33Z</time>
   </trkpt>
   <trkpt lat="46.1606040" lon="-1.1572870">
    <ele>4.9</ele>
    <time>2024-08-19T16:10:34Z</time>
   </trkpt>
   <trkpt lat="46.1605990" lon="-1.1573040">
    <ele>4.9</ele>
    <time>2024-08-19T16:10:35Z</time>
   </trkpt>
   <trkpt lat="46.1605820" lon="-1.1573550">
    <ele>4.9</ele>
    <time>2024-08-19T16:10:36Z</time>
   </trkpt>
   <trkpt lat="46.1605750" lon="-1.1573740">
    <ele>4.9</ele>
    <time>2024-08-19T16:10:37Z</time>
   </trkpt>
   <trkpt lat="46.1605530" lon="-1.1574160">
    <ele>4.9</ele>
    <time>2024-08-19T16:10:38Z</time>
   </trkpt>
   <trkpt lat="46.1605330" lon="-1.1574550">
    <ele>4.9</ele>
    <time>2024-08-19T16:10:39Z</time>
   </trkpt>
   <trkpt lat="46.1605170" lon="-1.1574870">
    <ele>4.8</ele>
    <time>2024-08-19T16:10:40Z</time>
   </trkpt>
   <trkpt lat="46.1604970" lon="-1.1575130">
    <ele>4.8</ele>
    <time>2024-08-19T16:10:41Z</time>
   </trkpt>
   <trkpt lat="46.1604740" lon="-1.1575570">
    <ele>4.8</ele>
    <time>2024-08-19T16:10:42Z</time>
   </trkpt>
   <trkpt lat="46.1604690" lon="-1.1575740">
    <ele>4.8</ele>
    <time>2024-08-19T16:10:43Z</time>
   </trkpt>
   <trkpt lat="46.1604510" lon="-1.1576150">
    <ele>4.7</ele>
    <time>2024-08-19T16:10:44Z</time>
   </trkpt>
   <trkpt lat="46.1604460" lon="-1.1576300">
    <ele>4.7</ele>
    <time>2024-08-19T16:10:45Z</time>
   </trkpt>
   <trkpt lat="46.1604290" lon="-1.1576810">
    <ele>4.7</ele>
    <time>2024-08-19T16:10:46Z</time>
   </trkpt>
   <trkpt lat="46.1604230" lon="-1.1577010">
    <ele>4.6</ele>
    <time>2024-08-19T16:10:47Z</time>
   </trkpt>
   <trkpt lat="46.1604170" lon="-1.1577440">
    <ele>4.6</ele>
    <time>2024-08-19T16:10:48Z</time>
   </trkpt>
   <trkpt lat="46.1604100" lon="-1.1577990">
    <ele>4.5</ele>
    <time>2024-08-19T16:10:49Z</time>
   </trkpt>
   <trkpt lat="46.1604080" lon="-1.1578160">
    <ele>4.4</ele>
    <time>2024-08-19T16:10:50Z</time>
   </trkpt>
   <trkpt lat="46.1603960" lon="-1.1578640">
    <ele>4.4</ele>
    <time>2024-08-19T16:10:51Z</time>
   </trkpt>
   <trkpt lat="46.1603890" lon="-1.1578790">
    <ele>4.4</ele>
    <time>2024-08-19T16:10:52Z</time>
   </trkpt>
   <trkpt lat="46.1603800" lon="-1.1579180">
    <ele>4.4</ele>
    <time>2024-08-19T16:10:53Z</time>
   </trkpt>
   <trkpt lat="46.1603640" lon="-1.1579610">
    <ele>4.3</ele>
    <time>2024-08-19T16:10:54Z</time>
   </trkpt>
   <trkpt lat="46.1603600" lon="-1.1579750">
    <ele>4.4</ele>
    <time>2024-08-19T16:10:55Z</time>
   </trkpt>
   <trkpt lat="46.1603480" lon="-1.1580170">
    <ele>4.4</ele>
    <time>2024-08-19T16:10:56Z</time>
   </trkpt>
   <trkpt lat="46.1603420" lon="-1.1580330">
    <ele>4.3</ele>
    <time>2024-08-19T16:10:57Z</time>
   </trkpt>
   <trkpt lat="46.1603290" lon="-1.1580680">
    <ele>4.4</ele>
    <time>2024-08-19T16:10:58Z</time>
   </trkpt>
   <trkpt lat="46.1603080" lon="-1.1581120">
    <ele>4.4</ele>
    <time>2024-08-19T16:10:59Z</time>
   </trkpt>
   <trkpt lat="46.1603000" lon="-1.1581250">
    <ele>4.5</ele>
    <time>2024-08-19T16:11:00Z</time>
   </trkpt>
   <trkpt lat="46.1602760" lon="-1.1581470">
    <ele>4.5</ele>
    <time>2024-08-19T16:11:01Z</time>
   </trkpt>
   <trkpt lat="46.1602670" lon="-1.1581520">
    <ele>4.5</ele>
    <time>2024-08-19T16:11:02Z</time>
   </trkpt>
   <trkpt lat="46.1602280" lon="-1.1581590">
    <ele>4.6</ele>
    <time>2024-08-19T16:11:03Z</time>
   </trkpt>
   <trkpt lat="46.1602110" lon="-1.1581580">
    <ele>4.7</ele>
    <time>2024-08-19T16:11:04Z</time>
   </trkpt>
   <trkpt lat="46.1601790" lon="-1.1581540">
    <ele>4.7</ele>
    <time>2024-08-19T16:11:05Z</time>
   </trkpt>
   <trkpt lat="46.1601480" lon="-1.1581470">
    <ele>4.8</ele>
    <time>2024-08-19T16:11:06Z</time>
   </trkpt>
   <trkpt lat="46.1601110" lon="-1.1581410">
    <ele>4.8</ele>
    <time>2024-08-19T16:11:07Z</time>
   </trkpt>
   <trkpt lat="46.1600790" lon="-1.1581480">
    <ele>4.9</ele>
    <time>2024-08-19T16:11:08Z</time>
   </trkpt>
   <trkpt lat="46.1600560" lon="-1.1581800">
    <ele>5.0</ele>
    <time>2024-08-19T16:11:09Z</time>
   </trkpt>
   <trkpt lat="46.1600390" lon="-1.1582200">
    <ele>5.0</ele>
    <time>2024-08-19T16:11:10Z</time>
   </trkpt>
   <trkpt lat="46.1600300" lon="-1.1582650">
    <ele>5.1</ele>
    <time>2024-08-19T16:11:11Z</time>
   </trkpt>
   <trkpt lat="46.1600170" lon="-1.1583100">
    <ele>5.2</ele>
    <time>2024-08-19T16:11:12Z</time>
   </trkpt>
   <trkpt lat="46.1600120" lon="-1.1583640">
    <ele>5.2</ele>
    <time>2024-08-19T16:11:13Z</time>
   </trkpt>
   <trkpt lat="46.1600110" lon="-1.1584300">
    <ele>5.4</ele>
    <time>2024-08-19T16:11:14Z</time>
   </trkpt>
   <trkpt lat="46.1600180" lon="-1.1585020">
    <ele>5.6</ele>
    <time>2024-08-19T16:11:15Z</time>
   </trkpt>
   <trkpt lat="46.1600220" lon="-1.1585710">
    <ele>5.7</ele>
    <time>2024-08-19T16:11:16Z</time>
   </trkpt>
   <trkpt lat="46.1600210" lon="-1.1586350">
    <ele>5.9</ele>
    <time>2024-08-19T16:11:17Z</time>
   </trkpt>
   <trkpt lat="46.1600110" lon="-1.1587030">
    <ele>6.0</ele>
    <time>2024-08-19T16:11:18Z</time>
   </trkpt>
   <trkpt lat="46.1599970" lon="-1.1587610">
    <ele>6.2</ele>
    <time>2024-08-19T16:11:19Z</time>
   </trkpt>
   <trkpt lat="46.1599850" lon="-1.1588000">
    <ele>6.2</ele>
    <time>2024-08-19T16:11:20Z</time>
   </trkpt>
   <trkpt lat="46.1599640" lon="-1.1588430">
    <ele>6.3</ele>
    <time>2024-08-19T16:11:21Z</time>
   </trkpt>
   <trkpt lat="46.1599560" lon="-1.1588590">
    <ele>6.4</ele>
    <time>2024-08-19T16:11:22Z</time>
   </trkpt>
   <trkpt lat="46.1599340" lon="-1.1588930">
    <ele>6.5</ele>
    <time>2024-08-19T16:11:23Z</time>
   </trkpt>
   <trkpt lat="46.1599270" lon="-1.1589040">
    <ele>6.5</ele>
    <time>2024-08-19T16:11:24Z</time>
   </trkpt>
   <trkpt lat="46.1599090" lon="-1.1589420">
    <ele>6.6</ele>
    <time>2024-08-19T16:11:25Z</time>
   </trkpt>
   <trkpt lat="46.1599020" lon="-1.1589550">
    <ele>6.6</ele>
    <time>2024-08-19T16:11:26Z</time>
   </trkpt>
   <trkpt lat="46.1598740" lon="-1.1589800">
    <ele>6.6</ele>
    <time>2024-08-19T16:11:27Z</time>
   </trkpt>
   <trkpt lat="46.1598440" lon="-1.1590020">
    <ele>6.6</ele>
    <time>2024-08-19T16:11:28Z</time>
   </trkpt>
   <trkpt lat="46.1598150" lon="-1.1590220">
    <ele>6.6</ele>
    <time>2024-08-19T16:11:29Z</time>
   </trkpt>
   <trkpt lat="46.1597860" lon="-1.1590410">
    <ele>6.5</ele>
    <time>2024-08-19T16:11:30Z</time>
   </trkpt>
   <trkpt lat="46.1597610" lon="-1.1590600">
    <ele>6.4</ele>
    <time>2024-08-19T16:11:31Z</time>
   </trkpt>
   <trkpt lat="46.1597350" lon="-1.1590770">
    <ele>6.3</ele>
    <time>2024-08-19T16:11:32Z</time>
   </trkpt>
   <trkpt lat="46.1597070" lon="-1.1590920">
    <ele>6.2</ele>
    <time>2024-08-19T16:11:33Z</time>
   </trkpt>
   <trkpt lat="46.1596810" lon="-1.1591150">
    <ele>6.2</ele>
    <time>2024-08-19T16:11:34Z</time>
   </trkpt>
   <trkpt lat="46.1596510" lon="-1.1591360">
    <ele>6.1</ele>
    <time>2024-08-19T16:11:35Z</time>
   </trkpt>
   <trkpt lat="46.1596230" lon="-1.1591570">
    <ele>5.9</ele>
    <time>2024-08-19T16:11:36Z</time>
   </trkpt>
   <trkpt lat="46.1595970" lon="-1.1591790">
    <ele>5.8</ele>
    <time>2024-08-19T16:11:37Z</time>
   </trkpt>
   <trkpt lat="46.1595730" lon="-1.1591960">
    <ele>5.6</ele>
    <time>2024-08-19T16:11:38Z</time>
   </trkpt>
   <trkpt lat="46.1595390" lon="-1.1592230">
    <ele>5.4</ele>
    <time>2024-08-19T16:11:39Z</time>
   </trkpt>
   <trkpt lat="46.1595280" lon="-1.1592330">
    <ele>5.3</ele>
    <time>2024-08-19T16:11:40Z</time>
   </trkpt>
   <trkpt lat="46.1595020" lon="-1.1592690">
    <ele>5.3</ele>
    <time>2024-08-19T16:11:41Z</time>
   </trkpt>
   <trkpt lat="46.1594950" lon="-1.1592810">
    <ele>5.1</ele>
    <time>2024-08-19T16:11:42Z</time>
   </trkpt>
   <trkpt lat="46.1594710" lon="-1.1593160">
    <ele>4.9</ele>
    <time>2024-08-19T16:11:43Z</time>
   </trkpt>
   <trkpt lat="46.1594620" lon="-1.1593260">
    <ele>4.9</ele>
    <time>2024-08-19T16:11:44Z</time>
   </trkpt>
   <trkpt lat="46.1594360" lon="-1.1593670">
    <ele>4.8</ele>
    <time>2024-08-19T16:11:45Z</time>
   </trkpt>
   <trkpt lat="46.1594270" lon="-1.1593820">
    <ele>4.8</ele>
    <time>2024-08-19T16:11:46Z</time>
   </trkpt>
   <trkpt lat="46.1594100" lon="-1.1594150">
    <ele>4.7</ele>
    <time>2024-08-19T16:11:47Z</time>
   </trkpt>
   <trkpt lat="46.1593870" lon="-1.1594460">
    <ele>4.7</ele>
    <time>2024-08-19T16:11:48Z</time>
   </trkpt>
   <trkpt lat="46.1593640" lon="-1.1594720">
    <ele>4.6</ele>
    <time>2024-08-19T16:11:49Z</time>
   </trkpt>
   <trkpt lat="46.1593350" lon="-1.1594910">
    <ele>4.5</ele>
    <time>2024-08-19T16:11:50Z</time>
   </trkpt>
   <trkpt lat="46.1593050" lon="-1.1595090">
    <ele>4.4</ele>
    <time>2024-08-19T16:11:51Z</time>
   </trkpt>
   <trkpt lat="46.1592780" lon="-1.1595250">
    <ele>4.3</ele>
    <time>2024-08-19T16:11:52Z</time>
   </trkpt>
   <trkpt lat="46.1592470" lon="-1.1595280">
    <ele>4.2</ele>
    <time>2024-08-19T16:11:53Z</time>
   </trkpt>
   <trkpt lat="46.1592090" lon="-1.1595370">
    <ele>4.2</ele>
    <time>2024-08-19T16:11:54Z</time>
   </trkpt>
   <trkpt lat="46.1591740" lon="-1.1595510">
    <ele>4.0</ele>
    <time>2024-08-19T16:11:55Z</time>
   </trkpt>
   <trkpt lat="46.1591430" lon="-1.1595820">
    <ele>3.9</ele>
    <time>2024-08-19T16:11:56Z</time>
   </trkpt>
   <trkpt lat="46.1591340" lon="-1.1595940">
    <ele>3.9</ele>
    <time>2024-08-19T16:11:57Z</time>
   </trkpt>
   <trkpt lat="46.1591220" lon="-1.1596330">
    <ele>4.0</ele>
    <time>2024-08-19T16:11:58Z</time>
   </trkpt>
   <trkpt lat="46.1591160" lon="-1.1596820">
    <ele>4.0</ele>
    <time>2024-08-19T16:11:59Z</time>
   </trkpt>
   <trkpt lat="46.1591280" lon="-1.1597320">
    <ele>4.0</ele>
    <time>2024-08-19T16:12:00Z</time>
   </trkpt>
   <trkpt lat="46.1591460" lon="-1.1597820">
    <ele>4.2</ele>
    <time>2024-08-19T16:12:01Z</time>
   </trkpt>
   <trkpt lat="46.1591660" lon="-1.1598220">
    <ele>4.2</ele>
    <time>2024-08-19T16:12:02Z</time>
   </trkpt>
   <trkpt lat="46.1591880" lon="-1.1598690">
    <ele>4.3</ele>
    <time>2024-08-19T16:12:03Z</time>
   </trkpt>
   <trkpt lat="46.1592070" lon="-1.1599240">
    <ele>4.5</ele>
    <time>2024-08-19T16:12:04Z</time>
   </trkpt>
   <trkpt lat="46.1592200" lon="-1.1599860">
    <ele>4.5</ele>
    <time>2024-08-19T16:12:05Z</time>
   </trkpt>
   <trkpt lat="46.1592310" lon="-1.1600420">
    <ele>4.5</ele>
    <time>2024-08-19T16:12:06Z</time>
   </trkpt>
   <trkpt lat="46.1592470" lon="-1.1601000">
    <ele>4.7</ele>
    <time>2024-08-19T16:12:07Z</time>
   </trkpt>
   <trkpt lat="46.1592640" lon="-1.1601540">
    <ele>4.7</ele>
    <time>2024-08-19T16:12:08Z</time>
   </trkpt>
   <trkpt lat="46.1592800" lon="-1.1601990">
    <ele>4.8</ele>
    <time>2024-08-19T16:12:09Z</time>
   </trkpt>
   <trkpt lat="46.1592910" lon="-1.1602390">
    <ele>4.8</ele>
    <time>2024-08-19T16:12:10Z</time>
   </trkpt>
   <trkpt lat="46.1593030" lon="-1.1602810">
    <ele>4.9</ele>
    <time>2024-08-19T16:12:11Z</time>
   </trkpt>
   <trkpt lat="46.1593150" lon="-1.1603180">
    <ele>4.9</ele>
    <time>2024-08-19T16:12:12Z</time>
   </trkpt>
   <trkpt lat="46.1593310" lon="-1.1603670">
    <ele>5.0</ele>
    <time>2024-08-19T16:12:13Z</time>
   </trkpt>
   <trkpt lat="46.1593350" lon="-1.1603830">
    <ele>5.0</ele>
    <time>2024-08-19T16:12:14Z</time>
   </trkpt>
   <trkpt lat="46.1593410" lon="-1.1604310">
    <ele>5.0</ele>
    <time>2024-08-19T16:12:15Z</time>
   </trkpt>
   <trkpt lat="46.1593420" lon="-1.1604500">
    <ele>5.0</ele>
    <time>2024-08-19T16:12:16Z</time>
   </trkpt>
   <trkpt lat="46.1593420" lon="-1.1604950">
    <ele>5.0</ele>
    <time>2024-08-19T16:12:17Z</time>
   </trkpt>
   <trkpt lat="46.1593410" lon="-1.1605450">
    <ele>5.1</ele>
    <time>2024-08-19T16:12:18Z</time>
   </trkpt>
   <trkpt lat="46.1593340" lon="-1.1605950">
    <ele>5.1</ele>
    <time>2024-08-19T16:12:19Z</time>
   </trkpt>
   <trkpt lat="46.1593210" lon="-1.1606490">
    <ele>5.0</ele>
    <time>2024-08-19T16:12:20Z</time>
   </trkpt>
   <trkpt lat="46.1593130" lon="-1.1606980">
    <ele>5.1</ele>
    <time>2024-08-19T16:12:21Z</time>
   </trkpt>
   <trkpt lat="46.1593230" lon="-1.1607450">
    <ele>5.1</ele>
    <time>2024-08-19T16:12:22Z</time>
   </trkpt>
   <trkpt lat="46.1593460" lon="-1.1607870">
    <ele>5.2</ele>
    <time>2024-08-19T16:12:23Z</time>
   </trkpt>
   <trkpt lat="46.1593800" lon="-1.1608250">
    <ele>5.2</ele>
    <time>2024-08-19T16:12:24Z</time>
   </trkpt>
   <trkpt lat="46.1594060" lon="-1.1608590">
    <ele>5.3</ele>
    <time>2024-08-19T16:12:25Z</time>
   </trkpt>
   <trkpt lat="46.1594230" lon="-1.1608940">
    <ele>5.4</ele>
    <time>2024-08-19T16:12:26Z</time>
   </trkpt>
   <trkpt lat="46.1594400" lon="-1.1609340">
    <ele>5.4</ele>
    <time>2024-08-19T16:12:27Z</time>
   </trkpt>
   <trkpt lat="46.1594490" lon="-1.1609980">
    <ele>5.6</ele>
    <time>2024-08-19T16:12:28Z</time>
   </trkpt>
   <trkpt lat="46.1594590" lon="-1.1610810">
    <ele>5.7</ele>
    <time>2024-08-19T16:12:29Z</time>
   </trkpt>
   <trkpt lat="46.1594670" lon="-1.1611580">
    <ele>5.7</ele>
    <time>2024-08-19T16:12:30Z</time>
   </trkpt>
   <trkpt lat="46.1594790" lon="-1.1612260">
    <ele>5.9</ele>
    <time>2024-08-19T16:12:31Z</time>
   </trkpt>
   <trkpt lat="46.1594940" lon="-1.1612850">
    <ele>6.0</ele>
    <time>2024-08-19T16:12:32Z</time>
   </trkpt>
   <trkpt lat="46.1595080" lon="-1.1613420">
    <ele>6.1</ele>
    <time>2024-08-19T16:12:33Z</time>
   </trkpt>
   <trkpt lat="46.1595230" lon="-1.1613970">
    <ele>6.2</ele>
    <time>2024-08-19T16:12:34Z</time>
   </trkpt>
   <trkpt lat="46.1595380" lon="-1.1614480">
    <ele>6.3</ele>
    <time>2024-08-19T16:12:35Z</time>
   </trkpt>
   <trkpt lat="46.1595520" lon="-1.1614940">
    <ele>6.3</ele>
    <time>2024-08-19T16:12:36Z</time>
   </trkpt>
   <trkpt lat="46.1595660" lon="-1.1615370">
    <ele>6.5</ele>
    <time>2024-08-19T16:12:37Z</time>
   </trkpt>
   <trkpt lat="46.1595890" lon="-1.1615710">
    <ele>6.5</ele>
    <time>2024-08-19T16:12:38Z</time>
   </trkpt>
   <trkpt lat="46.1595910" lon="-1.1616250">
    <ele>6.5</ele>
    <time>2024-08-19T16:12:39Z</time>
   </trkpt>
   <trkpt lat="46.1595930" lon="-1.1616750">
    <ele>6.6</ele>
    <time>2024-08-19T16:12:40Z</time>
   </trkpt>
   <trkpt lat="46.1595910" lon="-1.1617230">
    <ele>6.4</ele>
    <time>2024-08-19T16:12:41Z</time>
   </trkpt>
   <trkpt lat="46.1595890" lon="-1.1617700">
    <ele>6.4</ele>
    <time>2024-08-19T16:12:42Z</time>
   </trkpt>
   <trkpt lat="46.1595910" lon="-1.1618140">
    <ele>6.4</ele>
    <time>2024-08-19T16:12:43Z</time>
   </trkpt>
   <trkpt lat="46.1595950" lon="-1.1618580">
    <ele>6.5</ele>
    <time>2024-08-19T16:12:44Z</time>
   </trkpt>
   <trkpt lat="46.1596020" lon="-1.1618980">
    <ele>6.4</ele>
    <time>2024-08-19T16:12:45Z</time>
   </trkpt>
   <trkpt lat="46.1596180" lon="-1.1619520">
    <ele>6.4</ele>
    <time>2024-08-19T16:12:46Z</time>
   </trkpt>
   <trkpt lat="46.1596230" lon="-1.1619700">
    <ele>6.5</ele>
    <time>2024-08-19T16:12:47Z</time>
   </trkpt>
   <trkpt lat="46.1596310" lon="-1.1620170">
    <ele>6.4</ele>
    <time>2024-08-19T16:12:48Z</time>
   </trkpt>
   <trkpt lat="46.1596350" lon="-1.1620320">
    <ele>6.3</ele>
    <time>2024-08-19T16:12:49Z</time>
   </trkpt>
   <trkpt lat="46.1596520" lon="-1.1620710">
    <ele>6.3</ele>
    <time>2024-08-19T16:12:50Z</time>
   </trkpt>
   <trkpt lat="46.1596580" lon="-1.1620830">
    <ele>6.3</ele>
    <time>2024-08-19T16:12:51Z</time>
   </trkpt>
   <trkpt lat="46.1596750" lon="-1.1621230">
    <ele>6.3</ele>
    <time>2024-08-19T16:12:52Z</time>
   </trkpt>
   <trkpt lat="46.1596800" lon="-1.1621370">
    <ele>6.3</ele>
    <time>2024-08-19T16:12:53Z</time>
   </trkpt>
   <trkpt lat="46.1597100" lon="-1.1621750">
    <ele>6.3</ele>
    <time>2024-08-19T16:12:54Z</time>
   </trkpt>
   <trkpt lat="46.1597200" lon="-1.1621890">
    <ele>6.3</ele>
    <time>2024-08-19T16:12:55Z</time>
   </trkpt>
   <trkpt lat="46.1597410" lon="-1.1622270">
    <ele>6.3</ele>
    <time>2024-08-19T16:12:56Z</time>
   </trkpt>
   <trkpt lat="46.1597600" lon="-1.1622690">
    <ele>6.2</ele>
    <time>2024-08-19T16:12:57Z</time>
   </trkpt>
   <trkpt lat="46.1597760" lon="-1.1623190">
    <ele>6.2</ele>
    <time>2024-08-19T16:12:58Z</time>
   </trkpt>
   <trkpt lat="46.1597800" lon="-1.1623350">
    <ele>6.1</ele>
    <time>2024-08-19T16:12:59Z</time>
   </trkpt>
   <trkpt lat="46.1597810" lon="-1.1623740">
    <ele>5.9</ele>
    <time>2024-08-19T16:13:00Z</time>
   </trkpt>
   <trkpt lat="46.1597740" lon="-1.1624190">
    <ele>5.8</ele>
    <time>2024-08-19T16:13:01Z</time>
   </trkpt>
   <trkpt lat="46.1597640" lon="-1.1624590">
    <ele>5.7</ele>
    <time>2024-08-19T16:13:02Z</time>
   </trkpt>
   <trkpt lat="46.1597560" lon="-1.1625040">
    <ele>5.5</ele>
    <time>2024-08-19T16:13:03Z</time>
   </trkpt>
   <trkpt lat="46.1597570" lon="-1.1625460">
    <ele>5.4</ele>
    <time>2024-08-19T16:13:04Z</time>
   </trkpt>
   <trkpt lat="46.1597600" lon="-1.1625890">
    <ele>5.3</ele>
    <time>2024-08-19T16:13:05Z</time>
   </trkpt>
   <trkpt lat="46.1597630" lon="-1.1626330">
    <ele>5.1</ele>
    <time>2024-08-19T16:13:06Z</time>
   </trkpt>
   <trkpt lat="46.1597650" lon="-1.1626760">
    <ele>5.0</ele>
    <time>2024-08-19T16:13:07Z</time>
   </trkpt>
   <trkpt lat="46.1597660" lon="-1.1627180">
    <ele>4.9</ele>
    <time>2024-08-19T16:13:08Z</time>
   </trkpt>
   <trkpt lat="46.1597640" lon="-1.1627760">
    <ele>4.8</ele>
    <time>2024-08-19T16:13:09Z</time>
   </trkpt>
   <trkpt lat="46.1597630" lon="-1.1627960">
    <ele>4.7</ele>
    <time>2024-08-19T16:13:10Z</time>
   </trkpt>
   <trkpt lat="46.1597570" lon="-1.1628450">
    <ele>4.6</ele>
    <time>2024-08-19T16:13:11Z</time>
   </trkpt>
   <trkpt lat="46.1597480" lon="-1.1628900">
    <ele>4.5</ele>
    <time>2024-08-19T16:13:12Z</time>
   </trkpt>
   <trkpt lat="46.1597420" lon="-1.1629370">
    <ele>4.4</ele>
    <time>2024-08-19T16:13:13Z</time>
   </trkpt>
   <trkpt lat="46.1597370" lon="-1.1629790">
    <ele>4.2</ele>
    <time>2024-08-19T16:13:14Z</time>
   </trkpt>
   <trkpt lat="46.1597270" lon="-1.1630200">
    <ele>4.1</ele>
    <time>2024-08-19T16:13:15Z</time>
   </trkpt>
   <trkpt lat="46.1597160" lon="-1.1630620">
    <ele>4.0</ele>
    <time>2024-08-19T16:13:16Z</time>
   </trkpt>
   <trkpt lat="46.1597050" lon="-1.1631110">
    <ele>3.8</ele>
    <time>2024-08-19T16:13:17Z</time>
   </trkpt>
   <trkpt lat="46.1596960" lon="-1.1631560">
    <ele>3.8</ele>
    <time>2024-08-19T16:13:18Z</time>
   </trkpt>
   <trkpt lat="46.1596880" lon="-1.1632100">
    <ele>3.7</ele>
    <time>2024-08-19T16:13:19Z</time>
   </trkpt>
   <trkpt lat="46.1596870" lon="-1.1632290">
    <ele>3.6</ele>
    <time>2024-08-19T16:13:20Z</time>
   </trkpt>
   <trkpt lat="46.1596910" lon="-1.1632790">
    <ele>3.5</ele>
    <time>2024-08-19T16:13:21Z</time>
   </trkpt>
   <trkpt lat="46.1596930" lon="-1.1632960">
    <ele>3.5</ele>
    <time>2024-08-19T16:13:22Z</time>
   </trkpt>
   <trkpt lat="46.1596930" lon="-1.1633410">
    <ele>3.4</ele>
    <time>2024-08-19T16:13:23Z</time>
   </trkpt>
   <trkpt lat="46.1596860" lon="-1.1633900">
    <ele>3.3</ele>
    <time>2024-08-19T16:13:24Z</time>
   </trkpt>
   <trkpt lat="46.1596800" lon="-1.1634410">
    <ele>3.2</ele>
    <time>2024-08-19T16:13:25Z</time>
   </trkpt>
   <trkpt lat="46.1596740" lon="-1.1634910">
    <ele>3.1</ele>
    <time>2024-08-19T16:13:26Z</time>
   </trkpt>
   <trkpt lat="46.1596710" lon="-1.1635380">
    <ele>3.1</ele>
    <time>2024-08-19T16:13:27Z</time>
   </trkpt>
   <trkpt lat="46.1596710" lon="-1.1635850">
    <ele>3.1</ele>
    <time>2024-08-19T16:13:28Z</time>
   </trkpt>
   <trkpt lat="46.1596710" lon="-1.1636240">
    <ele>3.0</ele>
    <time>2024-08-19T16:13:29Z</time>
   </trkpt>
   <trkpt lat="46.1596710" lon="-1.1636730">
    <ele>3.0</ele>
    <time>2024-08-19T16:13:30Z</time>
   </trkpt>
   <trkpt lat="46.1596720" lon="-1.1636900">
    <ele>3.0</ele>
    <time>2024-08-19T16:13:31Z</time>
   </trkpt>
   <trkpt lat="46.1596720" lon="-1.1637310">
    <ele>3.0</ele>
    <time>2024-08-19T16:13:32Z</time>
   </trkpt>
   <trkpt lat="46.1596740" lon="-1.1637710">
    <ele>3.0</ele>
    <time>2024-08-19T16:13:33Z</time>
   </trkpt>
   <trkpt lat="46.1596900" lon="-1.1638060">
    <ele>3.0</ele>
    <time>2024-08-19T16:13:34Z</time>
   </trkpt>
   <trkpt lat="46.1596980" lon="-1.1638140">
    <ele>3.0</ele>
    <time>2024-08-19T16:13:35Z</time>
   </trkpt>
   <trkpt lat="46.1597250" lon="-1.1638440">
    <ele>3.0</ele>
    <time>2024-08-19T16:13:36Z</time>
   </trkpt>
   <trkpt lat="46.1597340" lon="-1.1638540">
    <ele>3.0</ele>
    <time>2024-08-19T16:13:37Z</time>
   </trkpt>
   <trkpt lat="46.1597550" lon="-1.1638830">
    <ele>3.0</ele>
    <time>2024-08-19T16:13:38Z</time>
   </trkpt>
   <trkpt lat="46.1597800" lon="-1.1639120">
    <ele>3.0</ele>
    <time>2024-08-19T16:13:39Z</time>
   </trkpt>
   <trkpt lat="46.1598110" lon="-1.1639330">
    <ele>3.0</ele>
    <time>2024-08-19T16:13:40Z</time>
   </trkpt>
   <trkpt lat="46.1598380" lon="-1.1639580">
    <ele>3.0</ele>
    <time>2024-08-19T16:13:41Z</time>
   </trkpt>
   <trkpt lat="46.1598620" lon="-1.1639800">
    <ele>3.0</ele>
    <time>2024-08-19T16:13:42Z</time>
   </trkpt>
   <trkpt lat="46.1598820" lon="-1.1640080">
    <ele>3.0</ele>
    <time>2024-08-19T16:13:43Z</time>
   </trkpt>
   <trkpt lat="46.1599090" lon="-1.1640510">
    <ele>2.9</ele>
    <time>2024-08-19T16:13:44Z</time>
   </trkpt>
   <trkpt lat="46.1599180" lon="-1.1640660">
    <ele>2.9</ele>
    <time>2024-08-19T16:13:45Z</time>
   </trkpt>
   <trkpt lat="46.1599400" lon="-1.1641090">
    <ele>2.9</ele>
    <time>2024-08-19T16:13:46Z</time>
   </trkpt>
   <trkpt lat="46.1599470" lon="-1.1641220">
    <ele>2.9</ele>
    <time>2024-08-19T16:13:47Z</time>
   </trkpt>
   <trkpt lat="46.1599730" lon="-1.1641610">
    <ele>2.9</ele>
    <time>2024-08-19T16:13:48Z</time>
   </trkpt>
   <trkpt lat="46.1599810" lon="-1.1641720">
    <ele>2.9</ele>
    <time>2024-08-19T16:13:49Z</time>
   </trkpt>
   <trkpt lat="46.1600200" lon="-1.1641940">
    <ele>3.0</ele>
    <time>2024-08-19T16:13:50Z</time>
   </trkpt>
   <trkpt lat="46.1600360" lon="-1.1642020">
    <ele>3.0</ele>
    <time>2024-08-19T16:13:51Z</time>
   </trkpt>
   <trkpt lat="46.1600670" lon="-1.1642200">
    <ele>3.0</ele>
    <time>2024-08-19T16:13:52Z</time>
   </trkpt>
   <trkpt lat="46.1600910" lon="-1.1642460">
    <ele>3.0</ele>
    <time>2024-08-19T16:13:53Z</time>
   </trkpt>
   <trkpt lat="46.1601000" lon="-1.1642960">
    <ele>3.0</ele>
    <time>2024-08-19T16:13:54Z</time>
   </trkpt>
   <trkpt lat="46.1601010" lon="-1.1643620">
    <ele>3.0</ele>
    <time>2024-08-19T16:13:55Z</time>
   </trkpt>
   <trkpt lat="46.1601000" lon="-1.1644310">
    <ele>3.0</ele>
    <time>2024-08-19T16:13:56Z</time>
   </trkpt>
   <trkpt lat="46.1601030" lon="-1.1644940">
    <ele>3.1</ele>
    <time>2024-08-19T16:13:57Z</time>
   </trkpt>
   <trkpt lat="46.1601120" lon="-1.1645480">
    <ele>3.1</ele>
    <time>2024-08-19T16:13:58Z</time>
   </trkpt>
   <trkpt lat="46.1601230" lon="-1.1645980">
    <ele>3.1</ele>
    <time>2024-08-19T16:13:59Z</time>
   </trkpt>
   <trkpt lat="46.1601350" lon="-1.1646430">
    <ele>3.2</ele>
    <time>2024-08-19T16:14:00Z</time>
   </trkpt>
   <trkpt lat="46.1601480" lon="-1.1646840">
    <ele>3.2</ele>
    <time>2024-08-19T16:14:01Z</time>
   </trkpt>
   <trkpt lat="46.1601590" lon="-1.1647230">
    <ele>3.3</ele>
    <time>2024-08-19T16:14:02Z</time>
   </trkpt>
   <trkpt lat="46.1601680" lon="-1.1647630">
    <ele>3.3</ele>
    <time>2024-08-19T16:14:03Z</time>
   </trkpt>
   <trkpt lat="46.1601720" lon="-1.1648060">
    <ele>3.3</ele>
    <time>2024-08-19T16:14:04Z</time>
   </trkpt>
   <trkpt lat="46.1601800" lon="-1.1648600">
    <ele>3.4</ele>
    <time>2024-08-19T16:14:05Z</time>
   </trkpt>
   <trkpt lat="46.1601830" lon="-1.1648770">
    <ele>3.4</ele>
    <time>2024-08-19T16:14:06Z</time>
   </trkpt>
   <trkpt lat="46.1601880" lon="-1.1649420">
    <ele>3.5</ele>
    <time>2024-08-19T16:14:07Z</time>
   </trkpt>
   <trkpt lat="46.1601890" lon="-1.1649690">
    <ele>3.5</ele>
    <time>2024-08-19T16:14:08Z</time>
   </trkpt>
   <trkpt lat="46.1601800" lon="-1.1650210">
    <ele>3.5</ele>
    <time>2024-08-19T16:14:09Z</time>
   </trkpt>
   <trkpt lat="46.1601560" lon="-1.1650650">
    <ele>3.6</ele>
    <time>2024-08-19T16:14:10Z</time>
   </trkpt>
   <trkpt lat="46.1601150" lon="-1.1651040">
    <ele>3.5</ele>
    <time>2024-08-19T16:14:11Z</time>
   </trkpt>
   <trkpt lat="46.1600660" lon="-1.1651370">
    <ele>3.5</ele>
    <time>2024-08-19T16:14:12Z</time>
   </trkpt>
   <trkpt lat="46.1600150" lon="-1.1651630">
    <ele>3.6</ele>
    <time>2024-08-19T16:14:13Z</time>
   </trkpt>
   <trkpt lat="46.1599660" lon="-1.1651880">
    <ele>3.5</ele>
    <time>2024-08-19T16:14:14Z</time>
   </trkpt>
   <trkpt lat="46.1599210" lon="-1.1652130">
    <ele>3.5</ele>
    <time>2024-08-19T16:14:15Z</time>
   </trkpt>
   <trkpt lat="46.1598820" lon="-1.1652250">
    <ele>3.5</ele>
    <time>2024-08-19T16:14:16Z</time>
   </trkpt>
   <trkpt lat="46.1598460" lon="-1.1652280">
    <ele>3.5</ele>
    <time>2024-08-19T16:14:17Z</time>
   </trkpt>
   <trkpt lat="46.1598100" lon="-1.1652230">
    <ele>3.5</ele>
    <time>2024-08-19T16:14:18Z</time>
   </trkpt>
   <trkpt lat="46.1597730" lon="-1.1652280">
    <ele>3.5</ele>
    <time>2024-08-19T16:14:19Z</time>
   </trkpt>
   <trkpt lat="46.1597360" lon="-1.1652400">
    <ele>3.5</ele>
    <time>2024-08-19T16:14:20Z</time>
   </trkpt>
   <trkpt lat="46.1596970" lon="-1.1652570">
    <ele>3.5</ele>
    <time>2024-08-19T16:14:21Z</time>
   </trkpt>
   <trkpt lat="46.1596580" lon="-1.1652780">
    <ele>3.5</ele>
    <time>2024-08-19T16:14:22Z</time>
   </trkpt>
   <trkpt lat="46.1596070" lon="-1.1653030">
    <ele>3.6</ele>
    <time>2024-08-19T16:14:23Z</time>
   </trkpt>
   <trkpt lat="46.1595620" lon="-1.1653340">
    <ele>3.6</ele>
    <time>2024-08-19T16:14:24Z</time>
   </trkpt>
   <trkpt lat="46.1595290" lon="-1.1653580">
    <ele>3.6</ele>
    <time>2024-08-19T16:14:25Z</time>
   </trkpt>
   <trkpt lat="46.1594980" lon="-1.1653750">
    <ele>3.6</ele>
    <time>2024-08-19T16:14:26Z</time>
   </trkpt>
   <trkpt lat="46.1594640" lon="-1.1653960">
    <ele>3.6</ele>
    <time>2024-08-19T16:14:27Z</time>
   </trkpt>
   <trkpt lat="46.1594350" lon="-1.1654210">
    <ele>3.7</ele>
    <time>2024-08-19T16:14:28Z</time>
   </trkpt>
   <trkpt lat="46.1594090" lon="-1.1654550">
    <ele>3.8</ele>
    <time>2024-08-19T16:14:29Z</time>
   </trkpt>
   <trkpt lat="46.1593780" lon="-1.1654840">
    <ele>3.8</ele>
    <time>2024-08-19T16:14:30Z</time>
   </trkpt>
   <trkpt lat="46.1593490" lon="-1.1655120">
    <ele>3.8</ele>
    <time>2024-08-19T16:14:31Z</time>
   </trkpt>
   <trkpt lat="46.1593180" lon="-1.1655310">
    <ele>3.8</ele>
    <time>2024-08-19T16:14:32Z</time>
   </trkpt>
   <trkpt lat="46.1592900" lon="-1.1655530">
    <ele>3.9</ele>
    <time>2024-08-19T16:14:33Z</time>
   </trkpt>
   <trkpt lat="46.1592830" lon="-1.1655600">
    <ele>3.9</ele>
    <time>2024-08-19T16:14:34Z</time>
   </trkpt>
   <trkpt lat="46.1592620" lon="-1.1655920">
    <ele>3.9</ele>
    <time>2024-08-19T16:14:35Z</time>
   </trkpt>
   <trkpt lat="46.1592550" lon="-1.1656040">
    <ele>3.9</ele>
    <time>2024-08-19T16:14:36Z</time>
   </trkpt>
   <trkpt lat="46.1592180" lon="-1.1656310">
    <ele>4.0</ele>
    <time>2024-08-19T16:14:37Z</time>
   </trkpt>
   <trkpt lat="46.1592030" lon="-1.1656390">
    <ele>4.0</ele>
    <time>2024-08-19T16:14:38Z</time>
   </trkpt>
   <trkpt lat="46.1591700" lon="-1.1656700">
    <ele>4.1</ele>
    <time>2024-08-19T16:14:39Z</time>
   </trkpt>
   <trkpt lat="46.1591610" lon="-1.1656810">
    <ele>4.1</ele>
    <time>2024-08-19T16:14:40Z</time>
   </trkpt>
   <trkpt lat="46.1591320" lon="-1.1657170">
    <ele>4.1</ele>
    <time>2024-08-19T16:14:41Z</time>
   </trkpt>
   <trkpt lat="46.1591210" lon="-1.1657290">
    <ele>4.1</ele>
    <time>2024-08-19T16:14:42Z</time>
   </trkpt>
   <trkpt lat="46.1590840" lon="-1.1657470">
    <ele>4.2</ele>
    <time>2024-08-19T16:14:43Z</time>
   </trkpt>
   <trkpt lat="46.1590700" lon="-1.1657480">
    <ele>4.2</ele>
    <time>2024-08-19T16:14:44Z</time>
   </trkpt>
   <trkpt lat="46.1590410" lon="-1.1657510">
    <ele>4.2</ele>
    <time>2024-08-19T16:14:45Z</time>
   </trkpt>
   <trkpt lat="46.1590110" lon="-1.1657510">
    <ele>4.2</ele>
    <time>2024-08-19T16:14:46Z</time>
   </trkpt>
   <trkpt lat="46.1589840" lon="-1.1657890">
    <ele>4.3</ele>
    <time>2024-08-19T16:14:47Z</time>
   </trkpt>
   <trkpt lat="46.1589790" lon="-1.1658050">
    <ele>4.3</ele>
    <time>2024-08-19T16:14:48Z</time>
   </trkpt>
   <trkpt lat="46.1589890" lon="-1.1658590">
    <ele>4.3</ele>
    <time>2024-08-19T16:14:49Z</time>
   </trkpt>
   <trkpt lat="46.1589930" lon="-1.1658780">
    <ele>4.3</ele>
    <time>2024-08-19T16:14:50Z</time>
   </trkpt>
   <trkpt lat="46.1590030" lon="-1.1659180">
    <ele>4.3</ele>
    <time>2024-08-19T16:14:51Z</time>
   </trkpt>
   <trkpt lat="46.1590140" lon="-1.1659580">
    <ele>4.3</ele>
    <time>2024-08-19T16:14:52Z</time>
   </trkpt>
   <trkpt lat="46.1590280" lon="-1.1660130">
    <ele>4.3</ele>
    <time>2024-08-19T16:14:53Z</time>
   </trkpt>
   <trkpt lat="46.1590320" lon="-1.1660340">
    <ele>4.3</ele>
    <time>2024-08-19T16:14:54Z</time>
   </trkpt>
   <trkpt lat="46.1590390" lon="-1.1660780">
    <ele>4.3</ele>
    <time>2024-08-19T16:14:55Z</time>
   </trkpt>
   <trkpt lat="46.1590460" lon="-1.1661180">
    <ele>4.3</ele>
    <time>2024-08-19T16:14:56Z</time>
   </trkpt>
   <trkpt lat="46.1590550" lon="-1.1661600">
    <ele>4.3</ele>
    <time>2024-08-19T16:14:57Z</time>
   </trkpt>
   <trkpt lat="46.1590670" lon="-1.1662040">
    <ele>4.3</ele>
    <time>2024-08-19T16:14:58Z</time>
   </trkpt>
   <trkpt lat="46.1590750" lon="-1.1662440">
    <ele>4.3</ele>
    <time>2024-08-19T16:14:59Z</time>
   </trkpt>
   <trkpt lat="46.1590820" lon="-1.1662860">
    <ele>4.4</ele>
    <time>2024-08-19T16:15:00Z</time>
   </trkpt>
   <trkpt lat="46.1590940" lon="-1.1663220">
    <ele>4.4</ele>
    <time>2024-08-19T16:15:01Z</time>
   </trkpt>
   <trkpt lat="46.1591110" lon="-1.1663540">
    <ele>4.4</ele>
    <time>2024-08-19T16:15:02Z</time>
   </trkpt>
   <trkpt lat="46.1591390" lon="-1.1663830">
    <ele>4.4</ele>
    <time>2024-08-19T16:15:03Z</time>
   </trkpt>
   <trkpt lat="46.1591630" lon="-1.1664150">
    <ele>4.4</ele>
    <time>2024-08-19T16:15:04Z</time>
   </trkpt>
   <trkpt lat="46.1591820" lon="-1.1664450">
    <ele>4.4</ele>
    <time>2024-08-19T16:15:05Z</time>
   </trkpt>
   <trkpt lat="46.1592100" lon="-1.1664760">
    <ele>4.5</ele>
    <time>2024-08-19T16:15:06Z</time>
   </trkpt>
   <trkpt lat="46.1592240" lon="-1.1664850">
    <ele>4.5</ele>
    <time>2024-08-19T16:15:07Z</time>
   </trkpt>
   <trkpt lat="46.1592620" lon="-1.1665070">
    <ele>4.5</ele>
    <time>2024-08-19T16:15:08Z</time>
   </trkpt>
   <trkpt lat="46.1592980" lon="-1.1665190">
    <ele>4.6</ele>
    <time>2024-08-19T16:15:09Z</time>
   </trkpt>
   <trkpt lat="46.1593330" lon="-1.1665330">
    <ele>4.6</ele>
    <time>2024-08-19T16:15:10Z</time>
   </trkpt>
   <trkpt lat="46.1593610" lon="-1.1665510">
    <ele>4.7</ele>
    <time>2024-08-19T16:15:11Z</time>
   </trkpt>
   <trkpt lat="46.1593850" lon="-1.1665720">
    <ele>4.7</ele>
    <time>2024-08-19T16:15:12Z</time>
   </trkpt>
   <trkpt lat="46.1594100" lon="-1.1665990">
    <ele>4.7</ele>
    <time>2024-08-19T16:15:14Z</time>
   </trkpt>
   <trkpt lat="46.1594360" lon="-1.1666290">
    <ele>4.8</ele>
    <time>2024-08-19T16:15:15Z</time>
   </trkpt>
   <trkpt lat="46.1594610" lon="-1.1666580">
    <ele>4.9</ele>
    <time>2024-08-19T16:15:16Z</time>
   </trkpt>
   <trkpt lat="46.1594830" lon="-1.1666830">
    <ele>5.0</ele>
    <time>2024-08-19T16:15:17Z</time>
   </trkpt>
   <trkpt lat="46.1595110" lon="-1.1666960">
    <ele>5.0</ele>
    <time>2024-08-19T16:15:18Z</time>
   </trkpt>
   <trkpt lat="46.1595390" lon="-1.1667070">
    <ele>5.1</ele>
    <time>2024-08-19T16:15:19Z</time>
   </trkpt>
   <trkpt lat="46.1595710" lon="-1.1667120">
    <ele>5.1</ele>
    <time>2024-08-19T16:15:20Z</time>
   </trkpt>
   <trkpt lat="46.1596000" lon="-1.1667280">
    <ele>5.2</ele>
    <time>2024-08-19T16:15:21Z</time>
   </trkpt>
   <trkpt lat="46.1596260" lon="-1.1667520">
    <ele>5.2</ele>
    <time>2024-08-19T16:15:22Z</time>
   </trkpt>
   <trkpt lat="46.1596400" lon="-1.1667930">
    <ele>5.3</ele>
    <time>2024-08-19T16:15:23Z</time>
   </trkpt>
   <trkpt lat="46.1596420" lon="-1.1668080">
    <ele>5.3</ele>
    <time>2024-08-19T16:15:24Z</time>
   </trkpt>
   <trkpt lat="46.1596410" lon="-1.1668620">
    <ele>5.4</ele>
    <time>2024-08-19T16:15:25Z</time>
   </trkpt>
   <trkpt lat="46.1596400" lon="-1.1668810">
    <ele>5.4</ele>
    <time>2024-08-19T16:15:26Z</time>
   </trkpt>
   <trkpt lat="46.1596390" lon="-1.1669250">
    <ele>5.5</ele>
    <time>2024-08-19T16:15:27Z</time>
   </trkpt>
   <trkpt lat="46.1596350" lon="-1.1669700">
    <ele>5.5</ele>
    <time>2024-08-19T16:15:28Z</time>
   </trkpt>
   <trkpt lat="46.1596440" lon="-1.1670220">
    <ele>5.6</ele>
    <time>2024-08-19T16:15:29Z</time>
   </trkpt>
   <trkpt lat="46.1596540" lon="-1.1670360">
    <ele>5.6</ele>
    <time>2024-08-19T16:15:30Z</time>
   </trkpt>
   <trkpt lat="46.1596800" lon="-1.1670660">
    <ele>5.7</ele>
    <time>2024-08-19T16:15:31Z</time>
   </trkpt>
   <trkpt lat="46.1597060" lon="-1.1670940">
    <ele>5.8</ele>
    <time>2024-08-19T16:15:32Z</time>
   </trkpt>
   <trkpt lat="46.1597220" lon="-1.1671260">
    <ele>5.8</ele>
    <time>2024-08-19T16:15:33Z</time>
   </trkpt>
   <trkpt lat="46.1597340" lon="-1.1671610">
    <ele>5.8</ele>
    <time>2024-08-19T16:15:34Z</time>
   </trkpt>
   <trkpt lat="46.1597360" lon="-1.1672140">
    <ele>5.9</ele>
    <time>2024-08-19T16:15:35Z</time>
   </trkpt>
   <trkpt lat="46.1597350" lon="-1.1672320">
    <ele>5.9</ele>
    <time>2024-08-19T16:15:36Z</time>
   </trkpt>
   <trkpt lat="46.1597340" lon="-1.1672850">
    <ele>6.0</ele>
    <time>2024-08-19T16:15:37Z</time>
   </trkpt>
   <trkpt lat="46.1597460" lon="-1.1673380">
    <ele>6.1</ele>
    <time>2024-08-19T16:15:38Z</time>
   </trkpt>
   <trkpt lat="46.1597590" lon="-1.1673840">
    <ele>6.2</ele>
    <time>2024-08-19T16:15:39Z</time>
   </trkpt>
   <trkpt lat="46.1597770" lon="-1.1674230">
    <ele>6.2</ele>
    <time>2024-08-19T16:15:40Z</time>
   </trkpt>
   <trkpt lat="46.1597960" lon="-1.1674550">
    <ele>6.3</ele>
    <time>2024-08-19T16:15:41Z</time>
   </trkpt>
   <trkpt lat="46.1598130" lon="-1.1674860">
    <ele>6.4</ele>
    <time>2024-08-19T16:15:42Z</time>
   </trkpt>
   <trkpt lat="46.1598300" lon="-1.1675180">
    <ele>6.5</ele>
    <time>2024-08-19T16:15:43Z</time>
   </trkpt>
   <trkpt lat="46.1598440" lon="-1.1675540">
    <ele>6.5</ele>
    <time>2024-08-19T16:15:44Z</time>
   </trkpt>
   <trkpt lat="46.1598550" lon="-1.1675900">
    <ele>6.5</ele>
    <time>2024-08-19T16:15:45Z</time>
   </trkpt>
   <trkpt lat="46.1598640" lon="-1.1676480">
    <ele>6.7</ele>
    <time>2024-08-19T16:15:46Z</time>
   </trkpt>
   <trkpt lat="46.1598650" lon="-1.1676690">
    <ele>6.7</ele>
    <time>2024-08-19T16:15:47Z</time>
   </trkpt>
   <trkpt lat="46.1598640" lon="-1.1677100">
    <ele>6.7</ele>
    <time>2024-08-19T16:15:48Z</time>
   </trkpt>
   <trkpt lat="46.1598610" lon="-1.1677550">
    <ele>6.8</ele>
    <time>2024-08-19T16:15:49Z</time>
   </trkpt>
   <trkpt lat="46.1598560" lon="-1.1678020">
    <ele>6.8</ele>
    <time>2024-08-19T16:15:50Z</time>
   </trkpt>
   <trkpt lat="46.1598500" lon="-1.1678480">
    <ele>6.9</ele>
    <time>2024-08-19T16:15:51Z</time>
   </trkpt>
   <trkpt lat="46.1598300" lon="-1.1678990">
    <ele>7.0</ele>
    <time>2024-08-19T16:15:52Z</time>
   </trkpt>
   <trkpt lat="46.1597960" lon="-1.1679500">
    <ele>7.0</ele>
    <time>2024-08-19T16:15:53Z</time>
   </trkpt>
   <trkpt lat="46.1597710" lon="-1.1679980">
    <ele>7.1</ele>
    <time>2024-08-19T16:15:54Z</time>
   </trkpt>
   <trkpt lat="46.1597570" lon="-1.1680420">
    <ele>7.1</ele>
    <time>2024-08-19T16:15:55Z</time>
   </trkpt>
   <trkpt lat="46.1597420" lon="-1.1680880">
    <ele>7.1</ele>
    <time>2024-08-19T16:15:56Z</time>
   </trkpt>
   <trkpt lat="46.1597310" lon="-1.1681290">
    <ele>7.1</ele>
    <time>2024-08-19T16:15:57Z</time>
   </trkpt>
   <trkpt lat="46.1597260" lon="-1.1681850">
    <ele>7.1</ele>
    <time>2024-08-19T16:15:58Z</time>
   </trkpt>
   <trkpt lat="46.1597280" lon="-1.1682050">
    <ele>7.2</ele>
    <time>2024-08-19T16:15:59Z</time>
   </trkpt>
   <trkpt lat="46.1597310" lon="-1.1682480">
    <ele>7.2</ele>
    <time>2024-08-19T16:16:00Z</time>
   </trkpt>
   <trkpt lat="46.1597380" lon="-1.1683000">
    <ele>7.2</ele>
    <time>2024-08-19T16:16:01Z</time>
   </trkpt>
   <trkpt lat="46.1597400" lon="-1.1683160">
    <ele>7.3</ele>
    <time>2024-08-19T16:16:02Z</time>
   </trkpt>
   <trkpt lat="46.1597450" lon="-1.1683650">
    <ele>7.3</ele>
    <time>2024-08-19T16:16:03Z</time>
   </trkpt>
   <trkpt lat="46.1597490" lon="-1.1683810">
    <ele>7.3</ele>
    <time>2024-08-19T16:16:04Z</time>
   </trkpt>
   <trkpt lat="46.1597640" lon="-1.1684150">
    <ele>7.4</ele>
    <time>2024-08-19T16:16:05Z</time>
   </trkpt>
   <trkpt lat="46.1597850" lon="-1.1684510">
    <ele>7.4</ele>
    <time>2024-08-19T16:16:06Z</time>
   </trkpt>
   <trkpt lat="46.1598150" lon="-1.1684830">
    <ele>7.4</ele>
    <time>2024-08-19T16:16:07Z</time>
   </trkpt>
   <trkpt lat="46.1598450" lon="-1.1685110">
    <ele>7.5</ele>
    <time>2024-08-19T16:16:08Z</time>
   </trkpt>
   <trkpt lat="46.1598750" lon="-1.1685370">
    <ele>7.5</ele>
    <time>2024-08-19T16:16:09Z</time>
   </trkpt>
   <trkpt lat="46.1599380" lon="-1.1685820">
    <ele>7.6</ele>
    <time>2024-08-19T16:16:10Z</time>
   </trkpt>
   <trkpt lat="46.1599680" lon="-1.1686010">
    <ele>7.7</ele>
    <time>2024-08-19T16:16:11Z</time>
   </trkpt>
   <trkpt lat="46.1600010" lon="-1.1686190">
    <ele>7.7</ele>
    <time>2024-08-19T16:16:12Z</time>
   </trkpt>
   <trkpt lat="46.1600380" lon="-1.1686490">
    <ele>7.9</ele>
    <time>2024-08-19T16:16:13Z</time>
   </trkpt>
   <trkpt lat="46.1600710" lon="-1.1686860">
    <ele>7.9</ele>
    <time>2024-08-19T16:16:14Z</time>
   </trkpt>
   <trkpt lat="46.1601010" lon="-1.1687230">
    <ele>8.0</ele>
    <time>2024-08-19T16:16:15Z</time>
   </trkpt>
   <trkpt lat="46.1601230" lon="-1.1687660">
    <ele>8.0</ele>
    <time>2024-08-19T16:16:16Z</time>
   </trkpt>
   <trkpt lat="46.1601470" lon="-1.1688020">
    <ele>8.1</ele>
    <time>2024-08-19T16:16:17Z</time>
   </trkpt>
   <trkpt lat="46.1601670" lon="-1.1688410">
    <ele>8.2</ele>
    <time>2024-08-19T16:16:18Z</time>
   </trkpt>
   <trkpt lat="46.1601850" lon="-1.1688730">
    <ele>8.2</ele>
    <time>2024-08-19T16:16:19Z</time>
   </trkpt>
   <trkpt lat="46.1602060" lon="-1.1689010">
    <ele>8.3</ele>
    <time>2024-08-19T16:16:20Z</time>
   </trkpt>
   <trkpt lat="46.1602120" lon="-1.1689080">
    <ele>8.3</ele>
    <time>2024-08-19T16:16:21Z</time>
   </trkpt>
   <trkpt lat="46.1602360" lon="-1.1689260">
    <ele>8.4</ele>
    <time>2024-08-19T16:16:22Z</time>
   </trkpt>
   <trkpt lat="46.1602590" lon="-1.1689570">
    <ele>8.5</ele>
    <time>2024-08-19T16:16:23Z</time>
   </trkpt>
   <trkpt lat="46.1602810" lon="-1.1689930">
    <ele>8.6</ele>
    <time>2024-08-19T16:16:24Z</time>
   </trkpt>
   <trkpt lat="46.1603010" lon="-1.1690280">
    <ele>8.7</ele>
    <time>2024-08-19T16:16:25Z</time>
   </trkpt>
   <trkpt lat="46.1603160" lon="-1.1690710">
    <ele>8.8</ele>
    <time>2024-08-19T16:16:26Z</time>
   </trkpt>
   <trkpt lat="46.1603310" lon="-1.1691140">
    <ele>8.8</ele>
    <time>2024-08-19T16:16:27Z</time>
   </trkpt>
   <trkpt lat="46.1603440" lon="-1.1691560">
    <ele>9.0</ele>
    <time>2024-08-19T16:16:28Z</time>
   </trkpt>
   <trkpt lat="46.1603540" lon="-1.1691970">
    <ele>9.0</ele>
    <time>2024-08-19T16:16:29Z</time>
   </trkpt>
   <trkpt lat="46.1603670" lon="-1.1692390">
    <ele>9.1</ele>
    <time>2024-08-19T16:16:30Z</time>
   </trkpt>
   <trkpt lat="46.1603800" lon="-1.1692820">
    <ele>9.2</ele>
    <time>2024-08-19T16:16:31Z</time>
   </trkpt>
   <trkpt lat="46.1603910" lon="-1.1693220">
    <ele>9.3</ele>
    <time>2024-08-19T16:16:32Z</time>
   </trkpt>
   <trkpt lat="46.1604020" lon="-1.1693690">
    <ele>9.4</ele>
    <time>2024-08-19T16:16:33Z</time>
   </trkpt>
   <trkpt lat="46.1604050" lon="-1.1693840">
    <ele>9.4</ele>
    <time>2024-08-19T16:16:34Z</time>
   </trkpt>
   <trkpt lat="46.1604100" lon="-1.1694350">
    <ele>9.4</ele>
    <time>2024-08-19T16:16:35Z</time>
   </trkpt>
   <trkpt lat="46.1604110" lon="-1.1694530">
    <ele>9.5</ele>
    <time>2024-08-19T16:16:36Z</time>
   </trkpt>
   <trkpt lat="46.1604080" lon="-1.1694960">
    <ele>9.6</ele>
    <time>2024-08-19T16:16:37Z</time>
   </trkpt>
   <trkpt lat="46.1604000" lon="-1.1695420">
    <ele>9.7</ele>
    <time>2024-08-19T16:16:38Z</time>
   </trkpt>
   <trkpt lat="46.1603750" lon="-1.1695860">
    <ele>9.8</ele>
    <time>2024-08-19T16:16:39Z</time>
   </trkpt>
   <trkpt lat="46.1603510" lon="-1.1696260">
    <ele>9.9</ele>
    <time>2024-08-19T16:16:40Z</time>
   </trkpt>
   <trkpt lat="46.1603290" lon="-1.1696670">
    <ele>10.1</ele>
    <time>2024-08-19T16:16:41Z</time>
   </trkpt>
   <trkpt lat="46.1603360" lon="-1.1697210">
    <ele>10.2</ele>
    <time>2024-08-19T16:16:42Z</time>
   </trkpt>
   <trkpt lat="46.1603440" lon="-1.1697370">
    <ele>10.2</ele>
    <time>2024-08-19T16:16:43Z</time>
   </trkpt>
   <trkpt lat="46.1603770" lon="-1.1697640">
    <ele>10.2</ele>
    <time>2024-08-19T16:16:44Z</time>
   </trkpt>
   <trkpt lat="46.1604130" lon="-1.1697900">
    <ele>10.3</ele>
    <time>2024-08-19T16:16:45Z</time>
   </trkpt>
   <trkpt lat="46.1604460" lon="-1.1698200">
    <ele>10.3</ele>
    <time>2024-08-19T16:16:46Z</time>
   </trkpt>
   <trkpt lat="46.1604760" lon="-1.1698490">
    <ele>10.3</ele>
    <time>2024-08-19T16:16:47Z</time>
   </trkpt>
   <trkpt lat="46.1605060" lon="-1.1698730">
    <ele>10.4</ele>
    <time>2024-08-19T16:16:48Z</time>
   </trkpt>
   <trkpt lat="46.1605290" lon="-1.1699070">
    <ele>10.4</ele>
    <time>2024-08-19T16:16:49Z</time>
   </trkpt>
   <trkpt lat="46.1605540" lon="-1.1699390">
    <ele>10.4</ele>
    <time>2024-08-19T16:16:50Z</time>
   </trkpt>
   <trkpt lat="46.1605770" lon="-1.1699660">
    <ele>10.5</ele>
    <time>2024-08-19T16:16:51Z</time>
   </trkpt>
   <trkpt lat="46.1605930" lon="-1.1699980">
    <ele>10.5</ele>
    <time>2024-08-19T16:16:52Z</time>
   </trkpt>
   <trkpt lat="46.1606160" lon="-1.1700380">
    <ele>10.6</ele>
    <time>2024-08-19T16:16:53Z</time>
   </trkpt>
   <trkpt lat="46.1606370" lon="-1.1700780">
    <ele>10.8</ele>
    <time>2024-08-19T16:16:54Z</time>
   </trkpt>
   <trkpt lat="46.1606550" lon="-1.1701180">
    <ele>10.9</ele>
    <time>2024-08-19T16:16:55Z</time>
   </trkpt>
   <trkpt lat="46.1606750" lon="-1.1701540">
    <ele>11.1</ele>
    <time>2024-08-19T16:16:56Z</time>
   </trkpt>
   <trkpt lat="46.1606960" lon="-1.1701900">
    <ele>11.2</ele>
    <time>2024-08-19T16:16:57Z</time>
   </trkpt>
   <trkpt lat="46.1607210" lon="-1.1702270">
    <ele>11.4</ele>
    <time>2024-08-19T16:16:58Z</time>
   </trkpt>
   <trkpt lat="46.1607450" lon="-1.1702660">
    <ele>11.6</ele>
    <time>2024-08-19T16:16:59Z</time>
   </trkpt>
   <trkpt lat="46.1607660" lon="-1.1703040">
    <ele>11.7</ele>
    <time>2024-08-19T16:17:00Z</time>
   </trkpt>
   <trkpt lat="46.1607880" lon="-1.1703440">
    <ele>11.7</ele>
    <time>2024-08-19T16:17:01Z</time>
   </trkpt>
   <trkpt lat="46.1608090" lon="-1.1703870">
    <ele>11.8</ele>
    <time>2024-08-19T16:17:02Z</time>
   </trkpt>
   <trkpt lat="46.1608270" lon="-1.1704340">
    <ele>12.0</ele>
    <time>2024-08-19T16:17:03Z</time>
   </trkpt>
   <trkpt lat="46.1608410" lon="-1.1704810">
    <ele>12.1</ele>
    <time>2024-08-19T16:17:04Z</time>
   </trkpt>
   <trkpt lat="46.1608520" lon="-1.1705210">
    <ele>12.2</ele>
    <time>2024-08-19T16:17:05Z</time>
   </trkpt>
   <trkpt lat="46.1608720" lon="-1.1705500">
    <ele>12.2</ele>
    <time>2024-08-19T16:17:06Z</time>
   </trkpt>
   <trkpt lat="46.1608790" lon="-1.1705560">
    <ele>12.2</ele>
    <time>2024-08-19T16:17:07Z</time>
   </trkpt>
   <trkpt lat="46.1609090" lon="-1.1705660">
    <ele>12.3</ele>
    <time>2024-08-19T16:17:08Z</time>
   </trkpt>
   <trkpt lat="46.1609430" lon="-1.1705800">
    <ele>12.3</ele>
    <time>2024-08-19T16:17:09Z</time>
   </trkpt>
   <trkpt lat="46.1609740" lon="-1.1705950">
    <ele>12.3</ele>
    <time>2024-08-19T16:17:10Z</time>
   </trkpt>
   <trkpt lat="46.1610050" lon="-1.1706110">
    <ele>12.4</ele>
    <time>2024-08-19T16:17:11Z</time>
   </trkpt>
   <trkpt lat="46.1610330" lon="-1.1706310">
    <ele>12.4</ele>
    <time>2024-08-19T16:17:12Z</time>
   </trkpt>
   <trkpt lat="46.1610590" lon="-1.1706520">
    <ele>12.5</ele>
    <time>2024-08-19T16:17:13Z</time>
   </trkpt>
   <trkpt lat="46.1610850" lon="-1.1706700">
    <ele>12.5</ele>
    <time>2024-08-19T16:17:14Z</time>
   </trkpt>
   <trkpt lat="46.1611160" lon="-1.1706790">
    <ele>12.5</ele>
    <time>2024-08-19T16:17:15Z</time>
   </trkpt>
   <trkpt lat="46.1611470" lon="-1.1706850">
    <ele>12.5</ele>
    <time>2024-08-19T16:17:16Z</time>
   </trkpt>
   <trkpt lat="46.1611850" lon="-1.1706790">
    <ele>12.4</ele>
    <time>2024-08-19T16:17:17Z</time>
   </trkpt>
   <trkpt lat="46.1612320" lon="-1.1706550">
    <ele>12.4</ele>
    <time>2024-08-19T16:17:18Z</time>
   </trkpt>
   <trkpt lat="46.1612780" lon="-1.1706430">
    <ele>12.4</ele>
    <time>2024-08-19T16:17:19Z</time>
   </trkpt>
   <trkpt lat="46.1613150" lon="-1.1706500">
    <ele>12.4</ele>
    <time>2024-08-19T16:17:20Z</time>
   </trkpt>
   <trkpt lat="46.1613480" lon="-1.1706620">
    <ele>12.4</ele>
    <time>2024-08-19T16:17:21Z</time>
   </trkpt>
   <trkpt lat="46.1613760" lon="-1.1706890">
    <ele>12.4</ele>
    <time>2024-08-19T16:17:22Z</time>
   </trkpt>
   <trkpt lat="46.1613970" lon="-1.1707190">
    <ele>12.4</ele>
    <time>2024-08-19T16:17:23Z</time>
   </trkpt>
   <trkpt lat="46.1614200" lon="-1.1707680">
    <ele>12.4</ele>
    <time>2024-08-19T16:17:24Z</time>
   </trkpt>
   <trkpt lat="46.1614280" lon="-1.1707850">
    <ele>12.4</ele>
    <time>2024-08-19T16:17:25Z</time>
   </trkpt>
   <trkpt lat="46.1614300" lon="-1.1708350">
    <ele>12.5</ele>
    <time>2024-08-19T16:17:26Z</time>
   </trkpt>
   <trkpt lat="46.1614260" lon="-1.1708870">
    <ele>12.5</ele>
    <time>2024-08-19T16:17:27Z</time>
   </trkpt>
   <trkpt lat="46.1614280" lon="-1.1709290">
    <ele>12.5</ele>
    <time>2024-08-19T16:17:28Z</time>
   </trkpt>
   <trkpt lat="46.1614410" lon="-1.1709710">
    <ele>12.4</ele>
    <time>2024-08-19T16:17:29Z</time>
   </trkpt>
   <trkpt lat="46.1614560" lon="-1.1710110">
    <ele>12.4</ele>
    <time>2024-08-19T16:17:30Z</time>
   </trkpt>
   <trkpt lat="46.1614730" lon="-1.1710460">
    <ele>12.4</ele>
    <time>2024-08-19T16:17:31Z</time>
   </trkpt>
   <trkpt lat="46.1614930" lon="-1.1710750">
    <ele>12.3</ele>
    <time>2024-08-19T16:17:32Z</time>
   </trkpt>
   <trkpt lat="46.1615240" lon="-1.1711100">
    <ele>12.3</ele>
    <time>2024-08-19T16:17:33Z</time>
   </trkpt>
   <trkpt lat="46.1615350" lon="-1.1711210">
    <ele>12.2</ele>
    <time>2024-08-19T16:17:34Z</time>
   </trkpt>
   <trkpt lat="46.1615590" lon="-1.1711470">
    <ele>12.2</ele>
    <time>2024-08-19T16:17:35Z</time>
   </trkpt>
   <trkpt lat="46.1615880" lon="-1.1711840">
    <ele>12.1</ele>
    <time>2024-08-19T16:17:36Z</time>
   </trkpt>
   <trkpt lat="46.1616000" lon="-1.1711960">
    <ele>12.1</ele>
    <time>2024-08-19T16:17:37Z</time>
   </trkpt>
   <trkpt lat="46.1616320" lon="-1.1712140">
    <ele>12.1</ele>
    <time>2024-08-19T16:17:38Z</time>
   </trkpt>
   <trkpt lat="46.1616440" lon="-1.1712160">
    <ele>12.0</ele>
    <time>2024-08-19T16:17:39Z</time>
   </trkpt>
   <trkpt lat="46.1616710" lon="-1.1712130">
    <ele>12.0</ele>
    <time>2024-08-19T16:17:40Z</time>
   </trkpt>
   <trkpt lat="46.1617060" lon="-1.1711940">
    <ele>12.0</ele>
    <time>2024-08-19T16:17:41Z</time>
   </trkpt>
   <trkpt lat="46.1617200" lon="-1.1711820">
    <ele>12.0</ele>
    <time>2024-08-19T16:17:42Z</time>
   </trkpt>
   <trkpt lat="46.1617480" lon="-1.1711570">
    <ele>12.0</ele>
    <time>2024-08-19T16:17:43Z</time>
   </trkpt>
   <trkpt lat="46.1617760" lon="-1.1711350">
    <ele>12.0</ele>
    <time>2024-08-19T16:17:44Z</time>
   </trkpt>
   <trkpt lat="46.1618060" lon="-1.1711090">
    <ele>11.9</ele>
    <time>2024-08-19T16:17:45Z</time>
   </trkpt>
   <trkpt lat="46.1618350" lon="-1.1710920">
    <ele>11.9</ele>
    <time>2024-08-19T16:17:46Z</time>
   </trkpt>
   <trkpt lat="46.1618640" lon="-1.1710790">
    <ele>11.9</ele>
    <time>2024-08-19T16:17:47Z</time>
   </trkpt>
   <trkpt lat="46.1618910" lon="-1.1710770">
    <ele>11.8</ele>
    <time>2024-08-19T16:17:48Z</time>
   </trkpt>
   <trkpt lat="46.1619290" lon="-1.1710820">
    <ele>11.8</ele>
    <time>2024-08-19T16:17:49Z</time>
   </trkpt>
   <trkpt lat="46.1619420" lon="-1.1710840">
    <ele>11.8</ele>
    <time>2024-08-19T16:17:50Z</time>
   </trkpt>
   <trkpt lat="46.1619770" lon="-1.1711030">
    <ele>11.7</ele>
    <time>2024-08-19T16:17:51Z</time>
   </trkpt>
   <trkpt lat="46.1619900" lon="-1.1711070">
    <ele>11.7</ele>
    <time>2024-08-19T16:17:52Z</time>
   </trkpt>
   <trkpt lat="46.1620170" lon="-1.1711110">
    <ele>11.7</ele>
    <time>2024-08-19T16:17:53Z</time>
   </trkpt>
   <trkpt lat="46.1620280" lon="-1.1711730">
    <ele>11.7</ele>
    <time>2024-08-19T16:17:54Z</time>
   </trkpt>
   <trkpt lat="46.1620390" lon="-1.1712380">
    <ele>11.7</ele>
    <time>2024-08-19T16:17:55Z</time>
   </trkpt>
   <trkpt lat="46.1620470" lon="-1.1712840">
    <ele>11.7</ele>
    <time>2024-08-19T16:17:56Z</time>
   </trkpt>
   <trkpt lat="46.1620600" lon="-1.1713350">
    <ele>11.7</ele>
    <time>2024-08-19T16:17:57Z</time>
   </trkpt>
   <trkpt lat="46.1620660" lon="-1.1713480">
    <ele>11.7</ele>
    <time>2024-08-19T16:17:58Z</time>
   </trkpt>
   <trkpt lat="46.1620990" lon="-1.1713660">
    <ele>11.7</ele>
    <time>2024-08-19T16:17:59Z</time>
   </trkpt>
   <trkpt lat="46.1621110" lon="-1.1713700">
    <ele>11.7</ele>
    <time>2024-08-19T16:18:00Z</time>
   </trkpt>
   <trkpt lat="46.1621460" lon="-1.1713900">
    <ele>11.8</ele>
    <time>2024-08-19T16:18:01Z</time>
   </trkpt>
   <trkpt lat="46.1621570" lon="-1.1713980">
    <ele>11.8</ele>
    <time>2024-08-19T16:18:02Z</time>
   </trkpt>
   <trkpt lat="46.1621950" lon="-1.1714150">
    <ele>11.8</ele>
    <time>2024-08-19T16:18:03Z</time>
   </trkpt>
   <trkpt lat="46.1622100" lon="-1.1714140">
    <ele>11.8</ele>
    <time>2024-08-19T16:18:04Z</time>
   </trkpt>
   <trkpt lat="46.1622410" lon="-1.1714120">
    <ele>11.8</ele>
    <time>2024-08-19T16:18:05Z</time>
   </trkpt>
   <trkpt lat="46.1621640" lon="-1.1715770">
    <ele>11.9</ele>
    <time>2024-08-19T16:18:06Z</time>
   </trkpt>
   <trkpt lat="46.1620820" lon="-1.1717110">
    <ele>12.0</ele>
    <time>2024-08-19T16:18:07Z</time>
   </trkpt>
   <trkpt lat="46.1619990" lon="-1.1718460">
    <ele>12.0</ele>
    <time>2024-08-19T16:18:08Z</time>
   </trkpt>
   <trkpt lat="46.1619890" lon="-1.1719040">
    <ele>12.1</ele>
    <time>2024-08-19T16:18:09Z</time>
   </trkpt>
   <trkpt lat="46.1619780" lon="-1.1719310">
    <ele>12.1</ele>
    <time>2024-08-19T16:18:10Z</time>
   </trkpt>
   <trkpt lat="46.1619570" lon="-1.1719850">
    <ele>12.1</ele>
    <time>2024-08-19T16:18:11Z</time>
   </trkpt>
   <trkpt lat="46.1619350" lon="-1.1720400">
    <ele>12.1</ele>
    <time>2024-08-19T16:18:12Z</time>
   </trkpt>
   <trkpt lat="46.1619160" lon="-1.1720880">
    <ele>12.2</ele>
    <time>2024-08-19T16:18:13Z</time>
   </trkpt>
   <trkpt lat="46.1618990" lon="-1.1721340">
    <ele>12.2</ele>
    <time>2024-08-19T16:18:14Z</time>
   </trkpt>
   <trkpt lat="46.1618890" lon="-1.1721880">
    <ele>12.2</ele>
    <time>2024-08-19T16:18:15Z</time>
   </trkpt>
   <trkpt lat="46.1618860" lon="-1.1722050">
    <ele>12.3</ele>
    <time>2024-08-19T16:18:16Z</time>
   </trkpt>
   <trkpt lat="46.1618780" lon="-1.1722500">
    <ele>12.3</ele>
    <time>2024-08-19T16:18:17Z</time>
   </trkpt>
   <trkpt lat="46.1618750" lon="-1.1722610">
    <ele>12.3</ele>
    <time>2024-08-19T16:18:18Z</time>
   </trkpt>
   <trkpt lat="46.1618690" lon="-1.1722860">
    <ele>12.4</ele>
    <time>2024-08-19T16:18:19Z</time>
   </trkpt>
   <trkpt lat="46.1618660" lon="-1.1723040">
    <ele>12.4</ele>
    <time>2024-08-19T16:18:20Z</time>
   </trkpt>
   <trkpt lat="46.1618650" lon="-1.1723300">
    <ele>12.5</ele>
    <time>2024-08-19T16:18:21Z</time>
   </trkpt>
   <trkpt lat="46.1618630" lon="-1.1723470">
    <ele>12.5</ele>
    <time>2024-08-19T16:18:22Z</time>
   </trkpt>
   <trkpt lat="46.1618610" lon="-1.1723630">
    <ele>12.6</ele>
    <time>2024-08-19T16:18:23Z</time>
   </trkpt>
   <trkpt lat="46.1618570" lon="-1.1724190">
    <ele>12.7</ele>
    <time>2024-08-19T16:18:24Z</time>
   </trkpt>
   <trkpt lat="46.1618520" lon="-1.1724390">
    <ele>12.7</ele>
    <time>2024-08-19T16:18:25Z</time>
   </trkpt>
   <trkpt lat="46.1618470" lon="-1.1724900">
    <ele>12.9</ele>
    <time>2024-08-19T16:18:26Z</time>
   </trkpt>
   <trkpt lat="46.1618460" lon="-1.1725090">
    <ele>13.0</ele>
    <time>2024-08-19T16:18:27Z</time>
   </trkpt>
   <trkpt lat="46.1618450" lon="-1.1725540">
    <ele>13.1</ele>
    <time>2024-08-19T16:18:28Z</time>
   </trkpt>
   <trkpt lat="46.1618500" lon="-1.1725970">
    <ele>13.3</ele>
    <time>2024-08-19T16:18:29Z</time>
   </trkpt>
   <trkpt lat="46.1618530" lon="-1.1726370">
    <ele>13.4</ele>
    <time>2024-08-19T16:18:30Z</time>
   </trkpt>
   <trkpt lat="46.1618670" lon="-1.1726860">
    <ele>13.6</ele>
    <time>2024-08-19T16:18:31Z</time>
   </trkpt>
   <trkpt lat="46.1618720" lon="-1.1727030">
    <ele>13.6</ele>
    <time>2024-08-19T16:18:32Z</time>
   </trkpt>
   <trkpt lat="46.1618870" lon="-1.1727420">
    <ele>13.8</ele>
    <time>2024-08-19T16:18:33Z</time>
   </trkpt>
   <trkpt lat="46.1618930" lon="-1.1727510">
    <ele>13.9</ele>
    <time>2024-08-19T16:18:34Z</time>
   </trkpt>
   <trkpt lat="46.1619200" lon="-1.1727850">
    <ele>13.9</ele>
    <time>2024-08-19T16:18:35Z</time>
   </trkpt>
   <trkpt lat="46.1619320" lon="-1.1727960">
    <ele>14.1</ele>
    <time>2024-08-19T16:18:36Z</time>
   </trkpt>
   <trkpt lat="46.1619590" lon="-1.1728110">
    <ele>14.1</ele>
    <time>2024-08-19T16:18:37Z</time>
   </trkpt>
   <trkpt lat="46.1619710" lon="-1.1728280">
    <ele>14.1</ele>
    <time>2024-08-19T16:18:38Z</time>
   </trkpt>
   <trkpt lat="46.1619850" lon="-1.1728400">
    <ele>14.2</ele>
    <time>2024-08-19T16:18:39Z</time>
   </trkpt>
   <trkpt lat="46.1620020" lon="-1.1728440">
    <ele>14.2</ele>
    <time>2024-08-19T16:18:40Z</time>
   </trkpt>
   <trkpt lat="46.1620160" lon="-1.1728470">
    <ele>14.2</ele>
    <time>2024-08-19T16:18:41Z</time>
   </trkpt>
   <trkpt lat="46.1620420" lon="-1.1728600">
    <ele>14.2</ele>
    <time>2024-08-19T16:18:42Z</time>
   </trkpt>
   <trkpt lat="46.1620510" lon="-1.1728670">
    <ele>14.2</ele>
    <time>2024-08-19T16:18:43Z</time>
   </trkpt>
   <trkpt lat="46.1620550" lon="-1.1729910">
    <ele>14.6</ele>
    <time>2024-08-19T16:18:44Z</time>
   </trkpt>
   <trkpt lat="46.1620440" lon="-1.1730860">
    <ele>14.8</ele>
    <time>2024-08-19T16:18:45Z</time>
   </trkpt>
   <trkpt lat="46.1620320" lon="-1.1731820">
    <ele>15.2</ele>
    <time>2024-08-19T16:18:46Z</time>
   </trkpt>
   <trkpt lat="46.1620470" lon="-1.1732170">
    <ele>15.2</ele>
    <time>2024-08-19T16:18:47Z</time>
   </trkpt>
   <trkpt lat="46.1620610" lon="-1.1732560">
    <ele>15.3</ele>
    <time>2024-08-19T16:18:48Z</time>
   </trkpt>
   <trkpt lat="46.1620730" lon="-1.1733000">
    <ele>15.4</ele>
    <time>2024-08-19T16:18:49Z</time>
   </trkpt>
   <trkpt lat="46.1620840" lon="-1.1733390">
    <ele>15.6</ele>
    <time>2024-08-19T16:18:50Z</time>
   </trkpt>
   <trkpt lat="46.1621050" lon="-1.1733850">
    <ele>15.7</ele>
    <time>2024-08-19T16:18:51Z</time>
   </trkpt>
   <trkpt lat="46.1621110" lon="-1.1734030">
    <ele>15.8</ele>
    <time>2024-08-19T16:18:52Z</time>
   </trkpt>
   <trkpt lat="46.1621100" lon="-1.1734570">
    <ele>15.9</ele>
    <time>2024-08-19T16:18:53Z</time>
   </trkpt>
   <trkpt lat="46.1621010" lon="-1.1735150">
    <ele>16.0</ele>
    <time>2024-08-19T16:18:54Z</time>
   </trkpt>
   <trkpt lat="46.1620810" lon="-1.1735760">
    <ele>16.3</ele>
    <time>2024-08-19T16:18:55Z</time>
   </trkpt>
   <trkpt lat="46.1620470" lon="-1.1736190">
    <ele>16.4</ele>
    <time>2024-08-19T16:18:56Z</time>
   </trkpt>
   <trkpt lat="46.1617310" lon="-1.1737670">
    <ele>17.1</ele>
    <time>2024-08-19T16:18:57Z</time>
   </trkpt>
   <trkpt lat="46.1617040" lon="-1.1737720">
    <ele>17.1</ele>
    <time>2024-08-19T16:18:58Z</time>
   </trkpt>
   <trkpt lat="46.1616790" lon="-1.1738010">
    <ele>17.2</ele>
    <time>2024-08-19T16:18:59Z</time>
   </trkpt>
   <trkpt lat="46.1616680" lon="-1.1738290">
    <ele>17.4</ele>
    <time>2024-08-19T16:19:00Z</time>
   </trkpt>
   <trkpt lat="46.1616630" lon="-1.1738400">
    <ele>17.4</ele>
    <time>2024-08-19T16:19:01Z</time>
   </trkpt>
   <trkpt lat="46.1616610" lon="-1.1738710">
    <ele>17.5</ele>
    <time>2024-08-19T16:19:02Z</time>
   </trkpt>
   <trkpt lat="46.1616630" lon="-1.1738850">
    <ele>17.5</ele>
    <time>2024-08-19T16:19:03Z</time>
   </trkpt>
   <trkpt lat="46.1616640" lon="-1.1739000">
    <ele>17.5</ele>
    <time>2024-08-19T16:19:04Z</time>
   </trkpt>
   <trkpt lat="46.1616870" lon="-1.1739530">
    <ele>17.6</ele>
    <time>2024-08-19T16:19:05Z</time>
   </trkpt>
   <trkpt lat="46.1616990" lon="-1.1739780">
    <ele>17.6</ele>
    <time>2024-08-19T16:19:06Z</time>
   </trkpt>
   <trkpt lat="46.1617240" lon="-1.1740370">
    <ele>17.8</ele>
    <time>2024-08-19T16:19:07Z</time>
   </trkpt>
   <trkpt lat="46.1617470" lon="-1.1741050">
    <ele>17.8</ele>
    <time>2024-08-19T16:19:08Z</time>
   </trkpt>
   <trkpt lat="46.1617680" lon="-1.1741710">
    <ele>17.9</ele>
    <time>2024-08-19T16:19:09Z</time>
   </trkpt>
   <trkpt lat="46.1617870" lon="-1.1742300">
    <ele>18.0</ele>
    <time>2024-08-19T16:19:10Z</time>
   </trkpt>
   <trkpt lat="46.1618050" lon="-1.1742860">
    <ele>18.0</ele>
    <time>2024-08-19T16:19:11Z</time>
   </trkpt>
   <trkpt lat="46.1618170" lon="-1.1743380">
    <ele>18.2</ele>
    <time>2024-08-19T16:19:12Z</time>
   </trkpt>
   <trkpt lat="46.1618290" lon="-1.1743880">
    <ele>18.2</ele>
    <time>2024-08-19T16:19:13Z</time>
   </trkpt>
   <trkpt lat="46.1618410" lon="-1.1744260">
    <ele>18.2</ele>
    <time>2024-08-19T16:19:14Z</time>
   </trkpt>
   <trkpt lat="46.1618500" lon="-1.1744670">
    <ele>18.3</ele>
    <time>2024-08-19T16:19:15Z</time>
   </trkpt>
   <trkpt lat="46.1618610" lon="-1.1745130">
    <ele>18.3</ele>
    <time>2024-08-19T16:19:16Z</time>
   </trkpt>
   <trkpt lat="46.1618630" lon="-1.1745250">
    <ele>18.3</ele>
    <time>2024-08-19T16:19:17Z</time>
   </trkpt>
   <trkpt lat="46.1618820" lon="-1.1745760">
    <ele>18.3</ele>
    <time>2024-08-19T16:19:18Z</time>
   </trkpt>
   <trkpt lat="46.1618910" lon="-1.1745950">
    <ele>18.4</ele>
    <time>2024-08-19T16:19:19Z</time>
   </trkpt>
   <trkpt lat="46.1619050" lon="-1.1746360">
    <ele>18.4</ele>
    <time>2024-08-19T16:19:20Z</time>
   </trkpt>
   <trkpt lat="46.1619150" lon="-1.1746830">
    <ele>18.4</ele>
    <time>2024-08-19T16:19:21Z</time>
   </trkpt>
   <trkpt lat="46.1619220" lon="-1.1747370">
    <ele>18.5</ele>
    <time>2024-08-19T16:19:22Z</time>
   </trkpt>
   <trkpt lat="46.1619290" lon="-1.1747910">
    <ele>18.5</ele>
    <time>2024-08-19T16:19:23Z</time>
   </trkpt>
   <trkpt lat="46.1619420" lon="-1.1748410">
    <ele>18.5</ele>
    <time>2024-08-19T16:19:24Z</time>
   </trkpt>
   <trkpt lat="46.1619600" lon="-1.1748920">
    <ele>18.6</ele>
    <time>2024-08-19T16:19:25Z</time>
   </trkpt>
   <trkpt lat="46.1619770" lon="-1.1749400">
    <ele>18.6</ele>
    <time>2024-08-19T16:19:26Z</time>
   </trkpt>
   <trkpt lat="46.1619950" lon="-1.1749950">
    <ele>18.7</ele>
    <time>2024-08-19T16:19:27Z</time>
   </trkpt>
   <trkpt lat="46.1620090" lon="-1.1750480">
    <ele>18.7</ele>
    <time>2024-08-19T16:19:28Z</time>
   </trkpt>
   <trkpt lat="46.1620230" lon="-1.1750990">
    <ele>18.7</ele>
    <time>2024-08-19T16:19:29Z</time>
   </trkpt>
   <trkpt lat="46.1620360" lon="-1.1751500">
    <ele>18.7</ele>
    <time>2024-08-19T16:19:30Z</time>
   </trkpt>
   <trkpt lat="46.1620460" lon="-1.1752020">
    <ele>18.8</ele>
    <time>2024-08-19T16:19:31Z</time>
   </trkpt>
   <trkpt lat="46.1620520" lon="-1.1752610">
    <ele>18.9</ele>
    <time>2024-08-19T16:19:32Z</time>
   </trkpt>
   <trkpt lat="46.1620630" lon="-1.1753120">
    <ele>18.9</ele>
    <time>2024-08-19T16:19:33Z</time>
   </trkpt>
   <trkpt lat="46.1620690" lon="-1.1753600">
    <ele>18.9</ele>
    <time>2024-08-19T16:19:34Z</time>
   </trkpt>
   <trkpt lat="46.1620710" lon="-1.1754080">
    <ele>19.0</ele>
    <time>2024-08-19T16:19:35Z</time>
   </trkpt>
   <trkpt lat="46.1620710" lon="-1.1754620">
    <ele>19.0</ele>
    <time>2024-08-19T16:19:36Z</time>
   </trkpt>
   <trkpt lat="46.1620750" lon="-1.1755170">
    <ele>19.1</ele>
    <time>2024-08-19T16:19:37Z</time>
   </trkpt>
   <trkpt lat="46.1620700" lon="-1.1755910">
    <ele>19.2</ele>
    <time>2024-08-19T16:19:38Z</time>
   </trkpt>
   <trkpt lat="46.1620610" lon="-1.1756700">
    <ele>19.3</ele>
    <time>2024-08-19T16:19:39Z</time>
   </trkpt>
   <trkpt lat="46.1620600" lon="-1.1757390">
    <ele>19.3</ele>
    <time>2024-08-19T16:19:40Z</time>
   </trkpt>
   <trkpt lat="46.1620620" lon="-1.1757980">
    <ele>19.4</ele>
    <time>2024-08-19T16:19:41Z</time>
   </trkpt>
   <trkpt lat="46.1620670" lon="-1.1758490">
    <ele>19.5</ele>
    <time>2024-08-19T16:19:42Z</time>
   </trkpt>
   <trkpt lat="46.1620740" lon="-1.1758970">
    <ele>19.6</ele>
    <time>2024-08-19T16:19:43Z</time>
   </trkpt>
   <trkpt lat="46.1620870" lon="-1.1759410">
    <ele>19.8</ele>
    <time>2024-08-19T16:19:44Z</time>
   </trkpt>
   <trkpt lat="46.1621030" lon="-1.1759830">
    <ele>19.9</ele>
    <time>2024-08-19T16:19:45Z</time>
   </trkpt>
   <trkpt lat="46.1621180" lon="-1.1760250">
    <ele>20.0</ele>
    <time>2024-08-19T16:19:46Z</time>
   </trkpt>
   <trkpt lat="46.1621350" lon="-1.1760600">
    <ele>20.1</ele>
    <time>2024-08-19T16:19:47Z</time>
   </trkpt>
   <trkpt lat="46.1621500" lon="-1.1761000">
    <ele>20.2</ele>
    <time>2024-08-19T16:19:48Z</time>
   </trkpt>
   <trkpt lat="46.1621730" lon="-1.1761370">
    <ele>20.3</ele>
    <time>2024-08-19T16:19:49Z</time>
   </trkpt>
   <trkpt lat="46.1621880" lon="-1.1761740">
    <ele>20.4</ele>
    <time>2024-08-19T16:19:50Z</time>
   </trkpt>
   <trkpt lat="46.1621970" lon="-1.1762130">
    <ele>20.4</ele>
    <time>2024-08-19T16:19:51Z</time>
   </trkpt>
   <trkpt lat="46.1622100" lon="-1.1762550">
    <ele>20.4</ele>
    <time>2024-08-19T16:19:52Z</time>
   </trkpt>
   <trkpt lat="46.1622260" lon="-1.1762990">
    <ele>20.4</ele>
    <time>2024-08-19T16:19:53Z</time>
   </trkpt>
   <trkpt lat="46.1622380" lon="-1.1763380">
    <ele>20.4</ele>
    <time>2024-08-19T16:19:54Z</time>
   </trkpt>
   <trkpt lat="46.1622500" lon="-1.1763780">
    <ele>20.3</ele>
    <time>2024-08-19T16:19:55Z</time>
   </trkpt>
   <trkpt lat="46.1622560" lon="-1.1764180">
    <ele>20.3</ele>
    <time>2024-08-19T16:19:56Z</time>
   </trkpt>
   <trkpt lat="46.1622450" lon="-1.1764690">
    <ele>20.3</ele>
    <time>2024-08-19T16:19:57Z</time>
   </trkpt>
   <trkpt lat="46.1622360" lon="-1.1765150">
    <ele>20.2</ele>
    <time>2024-08-19T16:19:58Z</time>
   </trkpt>
   <trkpt lat="46.1622310" lon="-1.1765580">
    <ele>20.2</ele>
    <time>2024-08-19T16:19:59Z</time>
   </trkpt>
   <trkpt lat="46.1622350" lon="-1.1766030">
    <ele>20.2</ele>
    <time>2024-08-19T16:20:00Z</time>
   </trkpt>
   <trkpt lat="46.1622460" lon="-1.1766490">
    <ele>20.1</ele>
    <time>2024-08-19T16:20:01Z</time>
   </trkpt>
   <trkpt lat="46.1622520" lon="-1.1766900">
    <ele>20.1</ele>
    <time>2024-08-19T16:20:02Z</time>
   </trkpt>
   <trkpt lat="46.1622620" lon="-1.1767420">
    <ele>20.1</ele>
    <time>2024-08-19T16:20:03Z</time>
   </trkpt>
   <trkpt lat="46.1622680" lon="-1.1767590">
    <ele>20.1</ele>
    <time>2024-08-19T16:20:04Z</time>
   </trkpt>
   <trkpt lat="46.1622780" lon="-1.1767990">
    <ele>20.1</ele>
    <time>2024-08-19T16:20:05Z</time>
   </trkpt>
   <trkpt lat="46.1622840" lon="-1.1768480">
    <ele>20.1</ele>
    <time>2024-08-19T16:20:06Z</time>
   </trkpt>
   <trkpt lat="46.1622870" lon="-1.1768970">
    <ele>20.1</ele>
    <time>2024-08-19T16:20:07Z</time>
   </trkpt>
   <trkpt lat="46.1622910" lon="-1.1769510">
    <ele>20.1</ele>
    <time>2024-08-19T16:20:08Z</time>
   </trkpt>
   <trkpt lat="46.1622930" lon="-1.1770000">
    <ele>20.1</ele>
    <time>2024-08-19T16:20:09Z</time>
   </trkpt>
   <trkpt lat="46.1622980" lon="-1.1770440">
    <ele>20.0</ele>
    <time>2024-08-19T16:20:10Z</time>
   </trkpt>
   <trkpt lat="46.1623020" lon="-1.1770850">
    <ele>20.0</ele>
    <time>2024-08-19T16:20:11Z</time>
   </trkpt>
   <trkpt lat="46.1623030" lon="-1.1771360">
    <ele>20.0</ele>
    <time>2024-08-19T16:20:12Z</time>
   </trkpt>
   <trkpt lat="46.1623010" lon="-1.1771510">
    <ele>20.0</ele>
    <time>2024-08-19T16:20:13Z</time>
   </trkpt>
   <trkpt lat="46.1622830" lon="-1.1772120">
    <ele>20.0</ele>
    <time>2024-08-19T16:20:14Z</time>
   </trkpt>
   <trkpt lat="46.1622580" lon="-1.1772720">
    <ele>20.0</ele>
    <time>2024-08-19T16:20:15Z</time>
   </trkpt>
   <trkpt lat="46.1622460" lon="-1.1773130">
    <ele>20.0</ele>
    <time>2024-08-19T16:20:16Z</time>
   </trkpt>
   <trkpt lat="46.1622460" lon="-1.1773130">
    <ele>20.0</ele>
    <time>2024-08-19T16:20:17Z</time>
   </trkpt>
   <trkpt lat="46.1622460" lon="-1.1773130">
    <ele>20.0</ele>
    <time>2024-08-19T16:20:18Z</time>
   </trkpt>
  </trkseg>
 </trk>
</gpx>
