<?xml version="1.0" encoding="UTF-8"?>
<gpx creator="StravaGPX" version="1.1" xmlns="http://www.topografix.com/GPX/1/1" xmlns:xsi="http://www.w3.org/2001/XMLSchema-instance" xsi:schemaLocation="http://www.topografix.com/GPX/1/1 http://www.topografix.com/GPX/1/1/gpx.xsd">
 <metadata>
  <time>2024-08-25T08:49:05Z</time>
 </metadata>
 <trk>
  <name>Course à pied du midi</name>
  <type>running</type>
  <trkseg>
   <trkpt lat="47.1858120" lon="2.3895120">
    <ele>212.2</ele>
    <time>2024-08-25T08:49:05Z</time>
   </trkpt>
   <trkpt lat="47.1858040" lon="2.3895250">
    <ele>212.2</ele>
    <time>2024-08-25T08:49:06Z</time>
   </trkpt>
   <trkpt lat="47.1857960" lon="2.3895380">
    <ele>212.2</ele>
    <time>2024-08-25T08:49:07Z</time>
   </trkpt>
   <trkpt lat="47.1857880" lon="2.3895510">
    <ele>212.2</ele>
    <time>2024-08-25T08:49:08Z</time>
   </trkpt>
   <trkpt lat="47.1857810" lon="2.3895630">
    <ele>212.2</ele>
    <time>2024-08-25T08:49:09Z</time>
   </trkpt>
   <trkpt lat="47.1857730" lon="2.3895760">
    <ele>212.2</ele>
    <time>2024-08-25T08:49:10Z</time>
   </trkpt>
   <trkpt lat="47.1857650" lon="2.3895890">
    <ele>212.2</ele>
    <time>2024-08-25T08:49:11Z</time>
   </trkpt>
   <trkpt lat="47.1857570" lon="2.3896020">
    <ele>212.2</ele>
    <time>2024-08-25T08:49:12Z</time>
   </trkpt>
   <trkpt lat="47.1857420" lon="2.3896420">
    <ele>212.2</ele>
    <time>2024-08-25T08:49:13Z</time>
   </trkpt>
   <trkpt lat="47.1857220" lon="2.3896960">
    <ele>212.2</ele>
    <time>2024-08-25T08:49:14Z</time>
   </trkpt>
   <trkpt lat="47.1857000" lon="2.3897540">
    <ele>212.2</ele>
    <time>2024-08-25T08:49:15Z</time>
   </trkpt>
   <trkpt lat="47.1856820" lon="2.3898110">
    <ele>212.2</ele>
    <time>2024-08-25T08:49:16Z</time>
   </trkpt>
   <trkpt lat="47.1856640" lon="2.3898720">
    <ele>212.2</ele>
    <time>2024-08-25T08:49:17Z</time>
   </trkpt>
   <trkpt lat="47.1856460" lon="2.3899260">
    <ele>212.2</ele>
    <time>2024-08-25T08:49:18Z</time>
   </trkpt>
   <trkpt lat="47.1856320" lon="2.3899760">
    <ele>212.1</ele>
    <time>2024-08-25T08:49:19Z</time>
   </trkpt>
   <trkpt lat="47.1856210" lon="2.3900330">
    <ele>211.9</ele>
    <time>2024-08-25T08:49:20Z</time>
   </trkpt>
   <trkpt lat="47.1856130" lon="2.3900980">
    <ele>211.8</ele>
    <time>2024-08-25T08:49:21Z</time>
   </trkpt>
   <trkpt lat="47.1856090" lon="2.3901510">
    <ele>211.6</ele>
    <time>2024-08-25T08:49:22Z</time>
   </trkpt>
   <trkpt lat="47.1856130" lon="2.3901950">
    <ele>211.5</ele>
    <time>2024-08-25T08:49:23Z</time>
   </trkpt>
   <trkpt lat="47.1856170" lon="2.3902370">
    <ele>211.4</ele>
    <time>2024-08-25T08:49:24Z</time>
   </trkpt>
   <trkpt lat="47.1856260" lon="2.3902840">
    <ele>211.3</ele>
    <time>2024-08-25T08:49:25Z</time>
   </trkpt>
   <trkpt lat="47.1856380" lon="2.3903320">
    <ele>211.2</ele>
    <time>2024-08-25T08:49:26Z</time>
   </trkpt>
   <trkpt lat="47.1856470" lon="2.3903760">
    <ele>211.0</ele>
    <time>2024-08-25T08:49:27Z</time>
   </trkpt>
   <trkpt lat="47.1856580" lon="2.3904140">
    <ele>210.9</ele>
    <time>2024-08-25T08:49:28Z</time>
   </trkpt>
   <trkpt lat="47.1856750" lon="2.3904520">
    <ele>210.8</ele>
    <time>2024-08-25T08:49:29Z</time>
   </trkpt>
   <trkpt lat="47.1856920" lon="2.3904930">
    <ele>210.7</ele>
    <time>2024-08-25T08:49:30Z</time>
   </trkpt>
   <trkpt lat="47.1857080" lon="2.3905280">
    <ele>210.6</ele>
    <time>2024-08-25T08:49:31Z</time>
   </trkpt>
   <trkpt lat="47.1857250" lon="2.3905790">
    <ele>210.5</ele>
    <time>2024-08-25T08:49:32Z</time>
   </trkpt>
   <trkpt lat="47.1857300" lon="2.3905970">
    <ele>210.4</ele>
    <time>2024-08-25T08:49:33Z</time>
   </trkpt>
   <trkpt lat="47.1857450" lon="2.3906490">
    <ele>210.3</ele>
    <time>2024-08-25T08:49:34Z</time>
   </trkpt>
   <trkpt lat="47.1857500" lon="2.3906670">
    <ele>210.2</ele>
    <time>2024-08-25T08:49:35Z</time>
   </trkpt>
   <trkpt lat="47.1857620" lon="2.3907080">
    <ele>210.1</ele>
    <time>2024-08-25T08:49:36Z</time>
   </trkpt>
   <trkpt lat="47.1857700" lon="2.3907520">
    <ele>210.0</ele>
    <time>2024-08-25T08:49:37Z</time>
   </trkpt>
   <trkpt lat="47.1857770" lon="2.3907970">
    <ele>209.9</ele>
    <time>2024-08-25T08:49:38Z</time>
   </trkpt>
   <trkpt lat="47.1857810" lon="2.3908380">
    <ele>209.8</ele>
    <time>2024-08-25T08:49:39Z</time>
   </trkpt>
   <trkpt lat="47.1857870" lon="2.3908910">
    <ele>209.7</ele>
    <time>2024-08-25T08:49:40Z</time>
   </trkpt>
   <trkpt lat="47.1857900" lon="2.3909120">
    <ele>209.6</ele>
    <time>2024-08-25T08:49:41Z</time>
   </trkpt>
   <trkpt lat="47.1857950" lon="2.3909610">
    <ele>209.5</ele>
    <time>2024-08-25T08:49:42Z</time>
   </trkpt>
   <trkpt lat="47.1857980" lon="2.3910020">
    <ele>209.4</ele>
    <time>2024-08-25T08:49:43Z</time>
   </trkpt>
   <trkpt lat="47.1857980" lon="2.3910140">
    <ele>209.3</ele>
    <time>2024-08-25T08:49:44Z</time>
   </trkpt>
   <trkpt lat="47.1857970" lon="2.3910780">
    <ele>209.2</ele>
    <time>2024-08-25T08:49:45Z</time>
   </trkpt>
   <trkpt lat="47.1857960" lon="2.3911060">
    <ele>209.1</ele>
    <time>2024-08-25T08:49:46Z</time>
   </trkpt>
   <trkpt lat="47.1857940" lon="2.3911570">
    <ele>209.0</ele>
    <time>2024-08-25T08:49:47Z</time>
   </trkpt>
   <trkpt lat="47.1857890" lon="2.3911970">
    <ele>208.9</ele>
    <time>2024-08-25T08:49:48Z</time>
   </trkpt>
   <trkpt lat="47.1857790" lon="2.3912370">
    <ele>208.8</ele>
    <time>2024-08-25T08:49:49Z</time>
   </trkpt>
   <trkpt lat="47.1857700" lon="2.3912760">
    <ele>208.7</ele>
    <time>2024-08-25T08:49:50Z</time>
   </trkpt>
   <trkpt lat="47.1857570" lon="2.3913230">
    <ele>208.6</ele>
    <time>2024-08-25T08:49:51Z</time>
   </trkpt>
   <trkpt lat="47.1857400" lon="2.3913630">
    <ele>208.4</ele>
    <time>2024-08-25T08:49:52Z</time>
   </trkpt>
   <trkpt lat="47.1857280" lon="2.3914000">
    <ele>208.3</ele>
    <time>2024-08-25T08:49:53Z</time>
   </trkpt>
   <trkpt lat="47.1857180" lon="2.3914400">
    <ele>208.2</ele>
    <time>2024-08-25T08:49:54Z</time>
   </trkpt>
   <trkpt lat="47.1857140" lon="2.3914850">
    <ele>208.1</ele>
    <time>2024-08-25T08:49:55Z</time>
   </trkpt>
   <trkpt lat="47.1857100" lon="2.3915310">
    <ele>208.0</ele>
    <time>2024-08-25T08:49:56Z</time>
   </trkpt>
   <trkpt lat="47.1857040" lon="2.3915850">
    <ele>207.9</ele>
    <time>2024-08-25T08:49:57Z</time>
   </trkpt>
   <trkpt lat="47.1856970" lon="2.3916280">
    <ele>207.8</ele>
    <time>2024-08-25T08:49:58Z</time>
   </trkpt>
   <trkpt lat="47.1856820" lon="2.3916800">
    <ele>207.6</ele>
    <time>2024-08-25T08:49:59Z</time>
   </trkpt>
   <trkpt lat="47.1856760" lon="2.3916980">
    <ele>207.6</ele>
    <time>2024-08-25T08:50:00Z</time>
   </trkpt>
   <trkpt lat="47.1856570" lon="2.3917360">
    <ele>207.4</ele>
    <time>2024-08-25T08:50:01Z</time>
   </trkpt>
   <trkpt lat="47.1856400" lon="2.3917700">
    <ele>207.3</ele>
    <time>2024-08-25T08:50:02Z</time>
   </trkpt>
   <trkpt lat="47.1856210" lon="2.3918040">
    <ele>207.2</ele>
    <time>2024-08-25T08:50:03Z</time>
   </trkpt>
   <trkpt lat="47.1856040" lon="2.3918410">
    <ele>207.1</ele>
    <time>2024-08-25T08:50:04Z</time>
   </trkpt>
   <trkpt lat="47.1855890" lon="2.3918770">
    <ele>207.0</ele>
    <time>2024-08-25T08:50:05Z</time>
   </trkpt>
   <trkpt lat="47.1855700" lon="2.3919130">
    <ele>206.9</ele>
    <time>2024-08-25T08:50:06Z</time>
   </trkpt>
   <trkpt lat="47.1855450" lon="2.3919470">
    <ele>206.8</ele>
    <time>2024-08-25T08:50:07Z</time>
   </trkpt>
   <trkpt lat="47.1855230" lon="2.3919850">
    <ele>206.7</ele>
    <time>2024-08-25T08:50:08Z</time>
   </trkpt>
   <trkpt lat="47.1855100" lon="2.3920340">
    <ele>206.5</ele>
    <time>2024-08-25T08:50:09Z</time>
   </trkpt>
   <trkpt lat="47.1855010" lon="2.3920850">
    <ele>206.4</ele>
    <time>2024-08-25T08:50:10Z</time>
   </trkpt>
   <trkpt lat="47.1854960" lon="2.3921440">
    <ele>206.3</ele>
    <time>2024-08-25T08:50:11Z</time>
   </trkpt>
   <trkpt lat="47.1854950" lon="2.3922060">
    <ele>206.1</ele>
    <time>2024-08-25T08:50:12Z</time>
   </trkpt>
   <trkpt lat="47.1854920" lon="2.3922530">
    <ele>206.0</ele>
    <time>2024-08-25T08:50:13Z</time>
   </trkpt>
   <trkpt lat="47.1854710" lon="2.3923240">
    <ele>205.8</ele>
    <time>2024-08-25T08:50:14Z</time>
   </trkpt>
   <trkpt lat="47.1854590" lon="2.3923630">
    <ele>205.7</ele>
    <time>2024-08-25T08:50:15Z</time>
   </trkpt>
   <trkpt lat="47.1854430" lon="2.3924050">
    <ele>205.6</ele>
    <time>2024-08-25T08:50:16Z</time>
   </trkpt>
   <trkpt lat="47.1854260" lon="2.3924480">
    <ele>205.4</ele>
    <time>2024-08-25T08:50:17Z</time>
   </trkpt>
   <trkpt lat="47.1854130" lon="2.3924940">
    <ele>205.3</ele>
    <time>2024-08-25T08:50:18Z</time>
   </trkpt>
   <trkpt lat="47.1854000" lon="2.3925400">
    <ele>205.2</ele>
    <time>2024-08-25T08:50:19Z</time>
   </trkpt>
   <trkpt lat="47.1853840" lon="2.3925840">
    <ele>205.1</ele>
    <time>2024-08-25T08:50:20Z</time>
   </trkpt>
   <trkpt lat="47.1853700" lon="2.3926270">
    <ele>204.9</ele>
    <time>2024-08-25T08:50:21Z</time>
   </trkpt>
   <trkpt lat="47.1853570" lon="2.3926690">
    <ele>204.8</ele>
    <time>2024-08-25T08:50:22Z</time>
   </trkpt>
   <trkpt lat="47.1853410" lon="2.3927040">
    <ele>204.7</ele>
    <time>2024-08-25T08:50:23Z</time>
   </trkpt>
   <trkpt lat="47.1853210" lon="2.3927480">
    <ele>204.6</ele>
    <time>2024-08-25T08:50:24Z</time>
   </trkpt>
   <trkpt lat="47.1853150" lon="2.3927620">
    <ele>204.6</ele>
    <time>2024-08-25T08:50:25Z</time>
   </trkpt>
   <trkpt lat="47.1853010" lon="2.3928020">
    <ele>204.4</ele>
    <time>2024-08-25T08:50:26Z</time>
   </trkpt>
   <trkpt lat="47.1852960" lon="2.3928150">
    <ele>204.4</ele>
    <time>2024-08-25T08:50:27Z</time>
   </trkpt>
   <trkpt lat="47.1852830" lon="2.3928360">
    <ele>204.3</ele>
    <time>2024-08-25T08:50:28Z</time>
   </trkpt>
   <trkpt lat="47.1852700" lon="2.3928520">
    <ele>204.3</ele>
    <time>2024-08-25T08:50:29Z</time>
   </trkpt>
   <trkpt lat="47.1852480" lon="2.3928860">
    <ele>204.2</ele>
    <time>2024-08-25T08:50:30Z</time>
   </trkpt>
   <trkpt lat="47.1852380" lon="2.3929000">
    <ele>204.1</ele>
    <time>2024-08-25T08:50:31Z</time>
   </trkpt>
   <trkpt lat="47.1852170" lon="2.3929280">
    <ele>204.0</ele>
    <time>2024-08-25T08:50:32Z</time>
   </trkpt>
   <trkpt lat="47.1851970" lon="2.3929620">
    <ele>203.9</ele>
    <time>2024-08-25T08:50:33Z</time>
   </trkpt>
   <trkpt lat="47.1851710" lon="2.3929960">
    <ele>203.8</ele>
    <time>2024-08-25T08:50:34Z</time>
   </trkpt>
   <trkpt lat="47.1851410" lon="2.3930240">
    <ele>203.6</ele>
    <time>2024-08-25T08:50:35Z</time>
   </trkpt>
   <trkpt lat="47.1851140" lon="2.3930540">
    <ele>203.5</ele>
    <time>2024-08-25T08:50:36Z</time>
   </trkpt>
   <trkpt lat="47.1850880" lon="2.3930930">
    <ele>203.4</ele>
    <time>2024-08-25T08:50:37Z</time>
   </trkpt>
   <trkpt lat="47.1850800" lon="2.3931080">
    <ele>203.3</ele>
    <time>2024-08-25T08:50:38Z</time>
   </trkpt>
   <trkpt lat="47.1850650" lon="2.3931540">
    <ele>203.2</ele>
    <time>2024-08-25T08:50:39Z</time>
   </trkpt>
   <trkpt lat="47.1850520" lon="2.3932000">
    <ele>203.1</ele>
    <time>2024-08-25T08:50:40Z</time>
   </trkpt>
   <trkpt lat="47.1850360" lon="2.3932480">
    <ele>202.9</ele>
    <time>2024-08-25T08:50:41Z</time>
   </trkpt>
   <trkpt lat="47.1850190" lon="2.3932930">
    <ele>202.8</ele>
    <time>2024-08-25T08:50:42Z</time>
   </trkpt>
   <trkpt lat="47.1850030" lon="2.3933460">
    <ele>202.7</ele>
    <time>2024-08-25T08:50:43Z</time>
   </trkpt>
   <trkpt lat="47.1849860" lon="2.3934010">
    <ele>202.5</ele>
    <time>2024-08-25T08:50:44Z</time>
   </trkpt>
   <trkpt lat="47.1849690" lon="2.3934500">
    <ele>202.4</ele>
    <time>2024-08-25T08:50:45Z</time>
   </trkpt>
   <trkpt lat="47.1849520" lon="2.3934950">
    <ele>202.3</ele>
    <time>2024-08-25T08:50:46Z</time>
   </trkpt>
   <trkpt lat="47.1849410" lon="2.3935320">
    <ele>202.2</ele>
    <time>2024-08-25T08:50:47Z</time>
   </trkpt>
   <trkpt lat="47.1849310" lon="2.3935730">
    <ele>202.1</ele>
    <time>2024-08-25T08:50:48Z</time>
   </trkpt>
   <trkpt lat="47.1849180" lon="2.3936190">
    <ele>201.9</ele>
    <time>2024-08-25T08:50:49Z</time>
   </trkpt>
   <trkpt lat="47.1849010" lon="2.3936610">
    <ele>201.8</ele>
    <time>2024-08-25T08:50:50Z</time>
   </trkpt>
   <trkpt lat="47.1848830" lon="2.3936990">
    <ele>201.7</ele>
    <time>2024-08-25T08:50:51Z</time>
   </trkpt>
   <trkpt lat="47.1848640" lon="2.3937300">
    <ele>201.6</ele>
    <time>2024-08-25T08:50:52Z</time>
   </trkpt>
   <trkpt lat="47.1848430" lon="2.3937730">
    <ele>201.5</ele>
    <time>2024-08-25T08:50:53Z</time>
   </trkpt>
   <trkpt lat="47.1848350" lon="2.3937890">
    <ele>201.4</ele>
    <time>2024-08-25T08:50:54Z</time>
   </trkpt>
   <trkpt lat="47.1848280" lon="2.3938340">
    <ele>201.3</ele>
    <time>2024-08-25T08:50:55Z</time>
   </trkpt>
   <trkpt lat="47.1848270" lon="2.3938770">
    <ele>201.1</ele>
    <time>2024-08-25T08:50:56Z</time>
   </trkpt>
   <trkpt lat="47.1848360" lon="2.3939350">
    <ele>201.0</ele>
    <time>2024-08-25T08:50:57Z</time>
   </trkpt>
   <trkpt lat="47.1848390" lon="2.3939530">
    <ele>200.9</ele>
    <time>2024-08-25T08:50:58Z</time>
   </trkpt>
   <trkpt lat="47.1848560" lon="2.3940070">
    <ele>200.8</ele>
    <time>2024-08-25T08:50:59Z</time>
   </trkpt>
   <trkpt lat="47.1848620" lon="2.3940240">
    <ele>200.7</ele>
    <time>2024-08-25T08:51:00Z</time>
   </trkpt>
   <trkpt lat="47.1848760" lon="2.3940680">
    <ele>200.6</ele>
    <time>2024-08-25T08:51:01Z</time>
   </trkpt>
   <trkpt lat="47.1848880" lon="2.3941180">
    <ele>200.5</ele>
    <time>2024-08-25T08:51:02Z</time>
   </trkpt>
   <trkpt lat="47.1848990" lon="2.3941670">
    <ele>200.3</ele>
    <time>2024-08-25T08:51:03Z</time>
   </trkpt>
   <trkpt lat="47.1849100" lon="2.3942150">
    <ele>200.2</ele>
    <time>2024-08-25T08:51:04Z</time>
   </trkpt>
   <trkpt lat="47.1849190" lon="2.3942580">
    <ele>200.0</ele>
    <time>2024-08-25T08:51:05Z</time>
   </trkpt>
   <trkpt lat="47.1849250" lon="2.3943030">
    <ele>199.9</ele>
    <time>2024-08-25T08:51:06Z</time>
   </trkpt>
   <trkpt lat="47.1849290" lon="2.3943490">
    <ele>199.8</ele>
    <time>2024-08-25T08:51:07Z</time>
   </trkpt>
   <trkpt lat="47.1849350" lon="2.3943960">
    <ele>199.6</ele>
    <time>2024-08-25T08:51:08Z</time>
   </trkpt>
   <trkpt lat="47.1849450" lon="2.3944430">
    <ele>199.5</ele>
    <time>2024-08-25T08:51:09Z</time>
   </trkpt>
   <trkpt lat="47.1849580" lon="2.3944930">
    <ele>199.3</ele>
    <time>2024-08-25T08:51:10Z</time>
   </trkpt>
   <trkpt lat="47.1849720" lon="2.3945450">
    <ele>199.1</ele>
    <time>2024-08-25T08:51:11Z</time>
   </trkpt>
   <trkpt lat="47.1849870" lon="2.3945970">
    <ele>198.9</ele>
    <time>2024-08-25T08:51:12Z</time>
   </trkpt>
   <trkpt lat="47.1850000" lon="2.3946470">
    <ele>198.7</ele>
    <time>2024-08-25T08:51:13Z</time>
   </trkpt>
   <trkpt lat="47.1850110" lon="2.3946940">
    <ele>198.6</ele>
    <time>2024-08-25T08:51:14Z</time>
   </trkpt>
   <trkpt lat="47.1850270" lon="2.3947470">
    <ele>198.4</ele>
    <time>2024-08-25T08:51:15Z</time>
   </trkpt>
   <trkpt lat="47.1850380" lon="2.3947950">
    <ele>198.2</ele>
    <time>2024-08-25T08:51:16Z</time>
   </trkpt>
   <trkpt lat="47.1850460" lon="2.3948480">
    <ele>198.0</ele>
    <time>2024-08-25T08:51:17Z</time>
   </trkpt>
   <trkpt lat="47.1850490" lon="2.3948670">
    <ele>197.9</ele>
    <time>2024-08-25T08:51:18Z</time>
   </trkpt>
   <trkpt lat="47.1850510" lon="2.3949080">
    <ele>197.8</ele>
    <time>2024-08-25T08:51:19Z</time>
   </trkpt>
   <trkpt lat="47.1850550" lon="2.3949680">
    <ele>197.6</ele>
    <time>2024-08-25T08:51:20Z</time>
   </trkpt>
   <trkpt lat="47.1850570" lon="2.3949880">
    <ele>197.6</ele>
    <time>2024-08-25T08:51:21Z</time>
   </trkpt>
   <trkpt lat="47.1850610" lon="2.3950310">
    <ele>197.4</ele>
    <time>2024-08-25T08:51:22Z</time>
   </trkpt>
   <trkpt lat="47.1850670" lon="2.3950700">
    <ele>197.3</ele>
    <time>2024-08-25T08:51:23Z</time>
   </trkpt>
   <trkpt lat="47.1850740" lon="2.3951110">
    <ele>197.2</ele>
    <time>2024-08-25T08:51:24Z</time>
   </trkpt>
   <trkpt lat="47.1850790" lon="2.3951530">
    <ele>197.0</ele>
    <time>2024-08-25T08:51:25Z</time>
   </trkpt>
   <trkpt lat="47.1850840" lon="2.3951930">
    <ele>196.9</ele>
    <time>2024-08-25T08:51:26Z</time>
   </trkpt>
   <trkpt lat="47.1850870" lon="2.3952430">
    <ele>196.7</ele>
    <time>2024-08-25T08:51:27Z</time>
   </trkpt>
   <trkpt lat="47.1850880" lon="2.3952590">
    <ele>196.7</ele>
    <time>2024-08-25T08:51:28Z</time>
   </trkpt>
   <trkpt lat="47.1850940" lon="2.3953150">
    <ele>196.5</ele>
    <time>2024-08-25T08:51:29Z</time>
   </trkpt>
   <trkpt lat="47.1850970" lon="2.3953340">
    <ele>196.4</ele>
    <time>2024-08-25T08:51:30Z</time>
   </trkpt>
   <trkpt lat="47.1851050" lon="2.3953730">
    <ele>196.3</ele>
    <time>2024-08-25T08:51:31Z</time>
   </trkpt>
   <trkpt lat="47.1851140" lon="2.3954150">
    <ele>196.1</ele>
    <time>2024-08-25T08:51:32Z</time>
   </trkpt>
   <trkpt lat="47.1851200" lon="2.3954570">
    <ele>196.0</ele>
    <time>2024-08-25T08:51:33Z</time>
   </trkpt>
   <trkpt lat="47.1851230" lon="2.3955110">
    <ele>195.8</ele>
    <time>2024-08-25T08:51:34Z</time>
   </trkpt>
   <trkpt lat="47.1851250" lon="2.3955300">
    <ele>195.7</ele>
    <time>2024-08-25T08:51:35Z</time>
   </trkpt>
   <trkpt lat="47.1851300" lon="2.3955860">
    <ele>195.6</ele>
    <time>2024-08-25T08:51:36Z</time>
   </trkpt>
   <trkpt lat="47.1851310" lon="2.3956030">
    <ele>195.5</ele>
    <time>2024-08-25T08:51:37Z</time>
   </trkpt>
   <trkpt lat="47.1851340" lon="2.3956490">
    <ele>195.4</ele>
    <time>2024-08-25T08:51:38Z</time>
   </trkpt>
   <trkpt lat="47.1851360" lon="2.3956650">
    <ele>195.3</ele>
    <time>2024-08-25T08:51:39Z</time>
   </trkpt>
   <trkpt lat="47.1851390" lon="2.3956980">
    <ele>195.2</ele>
    <time>2024-08-25T08:51:40Z</time>
   </trkpt>
   <trkpt lat="47.1851400" lon="2.3957090">
    <ele>195.2</ele>
    <time>2024-08-25T08:51:41Z</time>
   </trkpt>
   <trkpt lat="47.1851410" lon="2.3957200">
    <ele>195.1</ele>
    <time>2024-08-25T08:51:42Z</time>
   </trkpt>
   <trkpt lat="47.1851430" lon="2.3957610">
    <ele>195.0</ele>
    <time>2024-08-25T08:51:43Z</time>
   </trkpt>
   <trkpt lat="47.1851450" lon="2.3958080">
    <ele>194.9</ele>
    <time>2024-08-25T08:51:44Z</time>
   </trkpt>
   <trkpt lat="47.1851500" lon="2.3958540">
    <ele>194.7</ele>
    <time>2024-08-25T08:51:45Z</time>
   </trkpt>
   <trkpt lat="47.1851540" lon="2.3958970">
    <ele>194.6</ele>
    <time>2024-08-25T08:51:46Z</time>
   </trkpt>
   <trkpt lat="47.1851580" lon="2.3959560">
    <ele>194.4</ele>
    <time>2024-08-25T08:51:47Z</time>
   </trkpt>
   <trkpt lat="47.1851600" lon="2.3959770">
    <ele>194.3</ele>
    <time>2024-08-25T08:51:48Z</time>
   </trkpt>
   <trkpt lat="47.1851650" lon="2.3960230">
    <ele>194.2</ele>
    <time>2024-08-25T08:51:49Z</time>
   </trkpt>
   <trkpt lat="47.1851730" lon="2.3960630">
    <ele>194.1</ele>
    <time>2024-08-25T08:51:50Z</time>
   </trkpt>
   <trkpt lat="47.1851910" lon="2.3961010">
    <ele>193.9</ele>
    <time>2024-08-25T08:51:51Z</time>
   </trkpt>
   <trkpt lat="47.1852000" lon="2.3961100">
    <ele>193.9</ele>
    <time>2024-08-25T08:51:52Z</time>
   </trkpt>
   <trkpt lat="47.1852310" lon="2.3961020">
    <ele>193.7</ele>
    <time>2024-08-25T08:51:53Z</time>
   </trkpt>
   <trkpt lat="47.1852430" lon="2.3960930">
    <ele>193.8</ele>
    <time>2024-08-25T08:51:54Z</time>
   </trkpt>
   <trkpt lat="47.1852660" lon="2.3960600">
    <ele>193.9</ele>
    <time>2024-08-25T08:51:55Z</time>
   </trkpt>
   <trkpt lat="47.1852870" lon="2.3960210">
    <ele>194.0</ele>
    <time>2024-08-25T08:51:56Z</time>
   </trkpt>
   <trkpt lat="47.1853060" lon="2.3959800">
    <ele>194.0</ele>
    <time>2024-08-25T08:51:57Z</time>
   </trkpt>
   <trkpt lat="47.1853270" lon="2.3959420">
    <ele>194.1</ele>
    <time>2024-08-25T08:51:58Z</time>
   </trkpt>
   <trkpt lat="47.1853480" lon="2.3959070">
    <ele>194.1</ele>
    <time>2024-08-25T08:51:59Z</time>
   </trkpt>
   <trkpt lat="47.1853690" lon="2.3958750">
    <ele>194.2</ele>
    <time>2024-08-25T08:52:00Z</time>
   </trkpt>
   <trkpt lat="47.1853890" lon="2.3958440">
    <ele>194.2</ele>
    <time>2024-08-25T08:52:01Z</time>
   </trkpt>
   <trkpt lat="47.1854190" lon="2.3958060">
    <ele>194.3</ele>
    <time>2024-08-25T08:52:02Z</time>
   </trkpt>
   <trkpt lat="47.1854290" lon="2.3957940">
    <ele>194.3</ele>
    <time>2024-08-25T08:52:03Z</time>
   </trkpt>
   <trkpt lat="47.1854530" lon="2.3957650">
    <ele>194.3</ele>
    <time>2024-08-25T08:52:04Z</time>
   </trkpt>
   <trkpt lat="47.1854760" lon="2.3957330">
    <ele>194.4</ele>
    <time>2024-08-25T08:52:05Z</time>
   </trkpt>
   <trkpt lat="47.1854970" lon="2.3957040">
    <ele>194.4</ele>
    <time>2024-08-25T08:52:06Z</time>
   </trkpt>
   <trkpt lat="47.1855180" lon="2.3956750">
    <ele>194.5</ele>
    <time>2024-08-25T08:52:07Z</time>
   </trkpt>
   <trkpt lat="47.1855360" lon="2.3956450">
    <ele>194.5</ele>
    <time>2024-08-25T08:52:08Z</time>
   </trkpt>
   <trkpt lat="47.1855550" lon="2.3956100">
    <ele>194.6</ele>
    <time>2024-08-25T08:52:09Z</time>
   </trkpt>
   <trkpt lat="47.1855760" lon="2.3955690">
    <ele>194.6</ele>
    <time>2024-08-25T08:52:10Z</time>
   </trkpt>
   <trkpt lat="47.1855830" lon="2.3955570">
    <ele>194.7</ele>
    <time>2024-08-25T08:52:11Z</time>
   </trkpt>
   <trkpt lat="47.1856120" lon="2.3955170">
    <ele>194.7</ele>
    <time>2024-08-25T08:52:12Z</time>
   </trkpt>
   <trkpt lat="47.1856220" lon="2.3955030">
    <ele>194.8</ele>
    <time>2024-08-25T08:52:13Z</time>
   </trkpt>
   <trkpt lat="47.1856460" lon="2.3954680">
    <ele>194.8</ele>
    <time>2024-08-25T08:52:14Z</time>
   </trkpt>
   <trkpt lat="47.1856550" lon="2.3954560">
    <ele>194.8</ele>
    <time>2024-08-25T08:52:15Z</time>
   </trkpt>
   <trkpt lat="47.1856770" lon="2.3954300">
    <ele>194.9</ele>
    <time>2024-08-25T08:52:16Z</time>
   </trkpt>
   <trkpt lat="47.1857030" lon="2.3953850">
    <ele>195.0</ele>
    <time>2024-08-25T08:52:17Z</time>
   </trkpt>
   <trkpt lat="47.1857110" lon="2.3953690">
    <ele>195.0</ele>
    <time>2024-08-25T08:52:18Z</time>
   </trkpt>
   <trkpt lat="47.1857270" lon="2.3953320">
    <ele>195.1</ele>
    <time>2024-08-25T08:52:19Z</time>
   </trkpt>
   <trkpt lat="47.1857490" lon="2.3952870">
    <ele>195.2</ele>
    <time>2024-08-25T08:52:20Z</time>
   </trkpt>
   <trkpt lat="47.1857560" lon="2.3952740">
    <ele>195.2</ele>
    <time>2024-08-25T08:52:21Z</time>
   </trkpt>
   <trkpt lat="47.1857800" lon="2.3952270">
    <ele>195.3</ele>
    <time>2024-08-25T08:52:22Z</time>
   </trkpt>
   <trkpt lat="47.1857880" lon="2.3952100">
    <ele>195.3</ele>
    <time>2024-08-25T08:52:23Z</time>
   </trkpt>
   <trkpt lat="47.1858000" lon="2.3951730">
    <ele>195.4</ele>
    <time>2024-08-25T08:52:24Z</time>
   </trkpt>
   <trkpt lat="47.1858210" lon="2.3951240">
    <ele>195.5</ele>
    <time>2024-08-25T08:52:25Z</time>
   </trkpt>
   <trkpt lat="47.1858280" lon="2.3951080">
    <ele>195.5</ele>
    <time>2024-08-25T08:52:26Z</time>
   </trkpt>
   <trkpt lat="47.1858450" lon="2.3950730">
    <ele>195.6</ele>
    <time>2024-08-25T08:52:27Z</time>
   </trkpt>
   <trkpt lat="47.1858620" lon="2.3950410">
    <ele>195.7</ele>
    <time>2024-08-25T08:52:28Z</time>
   </trkpt>
   <trkpt lat="47.1858790" lon="2.3950050">
    <ele>195.8</ele>
    <time>2024-08-25T08:52:29Z</time>
   </trkpt>
   <trkpt lat="47.1858970" lon="2.3949700">
    <ele>195.8</ele>
    <time>2024-08-25T08:52:30Z</time>
   </trkpt>
   <trkpt lat="47.1859190" lon="2.3949240">
    <ele>196.0</ele>
    <time>2024-08-25T08:52:31Z</time>
   </trkpt>
   <trkpt lat="47.1859260" lon="2.3949100">
    <ele>196.0</ele>
    <time>2024-08-25T08:52:32Z</time>
   </trkpt>
   <trkpt lat="47.1859370" lon="2.3948880">
    <ele>196.0</ele>
    <time>2024-08-25T08:52:33Z</time>
   </trkpt>
   <trkpt lat="47.1859460" lon="2.3948670">
    <ele>196.1</ele>
    <time>2024-08-25T08:52:34Z</time>
   </trkpt>
   <trkpt lat="47.1859570" lon="2.3948290">
    <ele>196.2</ele>
    <time>2024-08-25T08:52:35Z</time>
   </trkpt>
   <trkpt lat="47.1859600" lon="2.3948170">
    <ele>196.2</ele>
    <time>2024-08-25T08:52:36Z</time>
   </trkpt>
   <trkpt lat="47.1859760" lon="2.3947760">
    <ele>196.3</ele>
    <time>2024-08-25T08:52:37Z</time>
   </trkpt>
   <trkpt lat="47.1859830" lon="2.3947600">
    <ele>196.3</ele>
    <time>2024-08-25T08:52:38Z</time>
   </trkpt>
   <trkpt lat="47.1860040" lon="2.3947200">
    <ele>196.4</ele>
    <time>2024-08-25T08:52:39Z</time>
   </trkpt>
   <trkpt lat="47.1860120" lon="2.3947070">
    <ele>196.5</ele>
    <time>2024-08-25T08:52:40Z</time>
   </trkpt>
   <trkpt lat="47.1860320" lon="2.3946650">
    <ele>196.5</ele>
    <time>2024-08-25T08:52:41Z</time>
   </trkpt>
   <trkpt lat="47.1860370" lon="2.3946510">
    <ele>196.6</ele>
    <time>2024-08-25T08:52:42Z</time>
   </trkpt>
   <trkpt lat="47.1860540" lon="2.3946040">
    <ele>196.7</ele>
    <time>2024-08-25T08:52:43Z</time>
   </trkpt>
   <trkpt lat="47.1860590" lon="2.3945880">
    <ele>196.7</ele>
    <time>2024-08-25T08:52:44Z</time>
   </trkpt>
   <trkpt lat="47.1860800" lon="2.3945490">
    <ele>196.7</ele>
    <time>2024-08-25T08:52:45Z</time>
   </trkpt>
   <trkpt lat="47.1860880" lon="2.3945390">
    <ele>196.7</ele>
    <time>2024-08-25T08:52:46Z</time>
   </trkpt>
   <trkpt lat="47.1861120" lon="2.3945090">
    <ele>196.8</ele>
    <time>2024-08-25T08:52:47Z</time>
   </trkpt>
   <trkpt lat="47.1861200" lon="2.3944950">
    <ele>196.8</ele>
    <time>2024-08-25T08:52:48Z</time>
   </trkpt>
   <trkpt lat="47.1861440" lon="2.3944580">
    <ele>196.8</ele>
    <time>2024-08-25T08:52:49Z</time>
   </trkpt>
   <trkpt lat="47.1861520" lon="2.3944460">
    <ele>196.8</ele>
    <time>2024-08-25T08:52:50Z</time>
   </trkpt>
   <trkpt lat="47.1861740" lon="2.3944060">
    <ele>196.8</ele>
    <time>2024-08-25T08:52:51Z</time>
   </trkpt>
   <trkpt lat="47.1861800" lon="2.3943940">
    <ele>196.8</ele>
    <time>2024-08-25T08:52:52Z</time>
   </trkpt>
   <trkpt lat="47.1861980" lon="2.3943510">
    <ele>196.8</ele>
    <time>2024-08-25T08:52:53Z</time>
   </trkpt>
   <trkpt lat="47.1862060" lon="2.3943350">
    <ele>196.8</ele>
    <time>2024-08-25T08:52:54Z</time>
   </trkpt>
   <trkpt lat="47.1862300" lon="2.3942870">
    <ele>196.8</ele>
    <time>2024-08-25T08:52:55Z</time>
   </trkpt>
   <trkpt lat="47.1862390" lon="2.3942690">
    <ele>196.8</ele>
    <time>2024-08-25T08:52:56Z</time>
   </trkpt>
   <trkpt lat="47.1862570" lon="2.3942270">
    <ele>196.7</ele>
    <time>2024-08-25T08:52:57Z</time>
   </trkpt>
   <trkpt lat="47.1862740" lon="2.3941840">
    <ele>196.7</ele>
    <time>2024-08-25T08:52:58Z</time>
   </trkpt>
   <trkpt lat="47.1862920" lon="2.3941460">
    <ele>196.7</ele>
    <time>2024-08-25T08:52:59Z</time>
   </trkpt>
   <trkpt lat="47.1863110" lon="2.3941160">
    <ele>196.6</ele>
    <time>2024-08-25T08:53:00Z</time>
   </trkpt>
   <trkpt lat="47.1863320" lon="2.3940860">
    <ele>196.6</ele>
    <time>2024-08-25T08:53:01Z</time>
   </trkpt>
   <trkpt lat="47.1863400" lon="2.3940780">
    <ele>196.6</ele>
    <time>2024-08-25T08:53:02Z</time>
   </trkpt>
   <trkpt lat="47.1863640" lon="2.3940540">
    <ele>196.5</ele>
    <time>2024-08-25T08:53:03Z</time>
   </trkpt>
   <trkpt lat="47.1863730" lon="2.3940440">
    <ele>196.5</ele>
    <time>2024-08-25T08:53:04Z</time>
   </trkpt>
   <trkpt lat="47.1864020" lon="2.3940050">
    <ele>196.5</ele>
    <time>2024-08-25T08:53:05Z</time>
   </trkpt>
   <trkpt lat="47.1864110" lon="2.3939900">
    <ele>196.4</ele>
    <time>2024-08-25T08:53:06Z</time>
   </trkpt>
   <trkpt lat="47.1864320" lon="2.3939620">
    <ele>196.4</ele>
    <time>2024-08-25T08:53:07Z</time>
   </trkpt>
   <trkpt lat="47.1864570" lon="2.3939320">
    <ele>196.3</ele>
    <time>2024-08-25T08:53:08Z</time>
   </trkpt>
   <trkpt lat="47.1864830" lon="2.3939040">
    <ele>196.2</ele>
    <time>2024-08-25T08:53:09Z</time>
   </trkpt>
   <trkpt lat="47.1865050" lon="2.3938780">
    <ele>196.2</ele>
    <time>2024-08-25T08:53:10Z</time>
   </trkpt>
   <trkpt lat="47.1865280" lon="2.3938450">
    <ele>196.1</ele>
    <time>2024-08-25T08:53:11Z</time>
   </trkpt>
   <trkpt lat="47.1865470" lon="2.3938070">
    <ele>196.0</ele>
    <time>2024-08-25T08:53:12Z</time>
   </trkpt>
   <trkpt lat="47.1865680" lon="2.3937770">
    <ele>195.9</ele>
    <time>2024-08-25T08:53:13Z</time>
   </trkpt>
   <trkpt lat="47.1865920" lon="2.3937500">
    <ele>195.8</ele>
    <time>2024-08-25T08:53:14Z</time>
   </trkpt>
   <trkpt lat="47.1866160" lon="2.3937320">
    <ele>195.7</ele>
    <time>2024-08-25T08:53:15Z</time>
   </trkpt>
   <trkpt lat="47.1866490" lon="2.3937040">
    <ele>195.6</ele>
    <time>2024-08-25T08:53:16Z</time>
   </trkpt>
   <trkpt lat="47.1866590" lon="2.3936940">
    <ele>195.6</ele>
    <time>2024-08-25T08:53:17Z</time>
   </trkpt>
   <trkpt lat="47.1866810" lon="2.3936500">
    <ele>195.5</ele>
    <time>2024-08-25T08:53:18Z</time>
   </trkpt>
   <trkpt lat="47.1866890" lon="2.3936320">
    <ele>195.4</ele>
    <time>2024-08-25T08:53:19Z</time>
   </trkpt>
   <trkpt lat="47.1867080" lon="2.3935950">
    <ele>195.3</ele>
    <time>2024-08-25T08:53:20Z</time>
   </trkpt>
   <trkpt lat="47.1867310" lon="2.3935590">
    <ele>195.2</ele>
    <time>2024-08-25T08:53:21Z</time>
   </trkpt>
   <trkpt lat="47.1867560" lon="2.3935250">
    <ele>195.1</ele>
    <time>2024-08-25T08:53:22Z</time>
   </trkpt>
   <trkpt lat="47.1867820" lon="2.3934950">
    <ele>195.0</ele>
    <time>2024-08-25T08:53:23Z</time>
   </trkpt>
   <trkpt lat="47.1868140" lon="2.3934710">
    <ele>194.9</ele>
    <time>2024-08-25T08:53:24Z</time>
   </trkpt>
   <trkpt lat="47.1868490" lon="2.3934570">
    <ele>194.8</ele>
    <time>2024-08-25T08:53:25Z</time>
   </trkpt>
   <trkpt lat="47.1868820" lon="2.3934520">
    <ele>194.7</ele>
    <time>2024-08-25T08:53:26Z</time>
   </trkpt>
   <trkpt lat="47.1869110" lon="2.3934570">
    <ele>194.5</ele>
    <time>2024-08-25T08:53:27Z</time>
   </trkpt>
   <trkpt lat="47.1869450" lon="2.3934500">
    <ele>194.4</ele>
    <time>2024-08-25T08:53:28Z</time>
   </trkpt>
   <trkpt lat="47.1869560" lon="2.3934440">
    <ele>194.3</ele>
    <time>2024-08-25T08:53:29Z</time>
   </trkpt>
   <trkpt lat="47.1869820" lon="2.3934200">
    <ele>194.2</ele>
    <time>2024-08-25T08:53:30Z</time>
   </trkpt>
   <trkpt lat="47.1870050" lon="2.3933930">
    <ele>194.1</ele>
    <time>2024-08-25T08:53:31Z</time>
   </trkpt>
   <trkpt lat="47.1870280" lon="2.3933640">
    <ele>194.0</ele>
    <time>2024-08-25T08:53:32Z</time>
   </trkpt>
   <trkpt lat="47.1870510" lon="2.3933260">
    <ele>193.8</ele>
    <time>2024-08-25T08:53:33Z</time>
   </trkpt>
   <trkpt lat="47.1870750" lon="2.3932900">
    <ele>193.6</ele>
    <time>2024-08-25T08:53:34Z</time>
   </trkpt>
   <trkpt lat="47.1870980" lon="2.3932510">
    <ele>193.5</ele>
    <time>2024-08-25T08:53:35Z</time>
   </trkpt>
   <trkpt lat="47.1871220" lon="2.3932170">
    <ele>193.3</ele>
    <time>2024-08-25T08:53:36Z</time>
   </trkpt>
   <trkpt lat="47.1871490" lon="2.3931880">
    <ele>193.2</ele>
    <time>2024-08-25T08:53:37Z</time>
   </trkpt>
   <trkpt lat="47.1871770" lon="2.3931730">
    <ele>193.1</ele>
    <time>2024-08-25T08:53:38Z</time>
   </trkpt>
   <trkpt lat="47.1872100" lon="2.3931650">
    <ele>192.9</ele>
    <time>2024-08-25T08:53:39Z</time>
   </trkpt>
   <trkpt lat="47.1872400" lon="2.3931500">
    <ele>192.8</ele>
    <time>2024-08-25T08:53:40Z</time>
   </trkpt>
   <trkpt lat="47.1872650" lon="2.3931350">
    <ele>192.6</ele>
    <time>2024-08-25T08:53:41Z</time>
   </trkpt>
   <trkpt lat="47.1872990" lon="2.3931170">
    <ele>192.5</ele>
    <time>2024-08-25T08:53:42Z</time>
   </trkpt>
   <trkpt lat="47.1873090" lon="2.3931120">
    <ele>192.4</ele>
    <time>2024-08-25T08:53:43Z</time>
   </trkpt>
   <trkpt lat="47.1873430" lon="2.3930990">
    <ele>192.3</ele>
    <time>2024-08-25T08:53:44Z</time>
   </trkpt>
   <trkpt lat="47.1873560" lon="2.3930950">
    <ele>192.3</ele>
    <time>2024-08-25T08:53:45Z</time>
   </trkpt>
   <trkpt lat="47.1873680" lon="2.3930840">
    <ele>192.2</ele>
    <time>2024-08-25T08:53:46Z</time>
   </trkpt>
   <trkpt lat="47.1873830" lon="2.3930690">
    <ele>192.1</ele>
    <time>2024-08-25T08:53:47Z</time>
   </trkpt>
   <trkpt lat="47.1874160" lon="2.3930490">
    <ele>192.0</ele>
    <time>2024-08-25T08:53:48Z</time>
   </trkpt>
   <trkpt lat="47.1874280" lon="2.3930430">
    <ele>191.9</ele>
    <time>2024-08-25T08:53:49Z</time>
   </trkpt>
   <trkpt lat="47.1874620" lon="2.3930320">
    <ele>191.8</ele>
    <time>2024-08-25T08:53:50Z</time>
   </trkpt>
   <trkpt lat="47.1874730" lon="2.3930270">
    <ele>191.8</ele>
    <time>2024-08-25T08:53:51Z</time>
   </trkpt>
   <trkpt lat="47.1875060" lon="2.3930030">
    <ele>191.6</ele>
    <time>2024-08-25T08:53:52Z</time>
   </trkpt>
   <trkpt lat="47.1875170" lon="2.3929940">
    <ele>191.6</ele>
    <time>2024-08-25T08:53:53Z</time>
   </trkpt>
   <trkpt lat="47.1875550" lon="2.3929700">
    <ele>191.4</ele>
    <time>2024-08-25T08:53:54Z</time>
   </trkpt>
   <trkpt lat="47.1875700" lon="2.3929620">
    <ele>191.3</ele>
    <time>2024-08-25T08:53:55Z</time>
   </trkpt>
   <trkpt lat="47.1876000" lon="2.3929500">
    <ele>191.2</ele>
    <time>2024-08-25T08:53:56Z</time>
   </trkpt>
   <trkpt lat="47.1876290" lon="2.3929350">
    <ele>191.0</ele>
    <time>2024-08-25T08:53:57Z</time>
   </trkpt>
   <trkpt lat="47.1876580" lon="2.3929100">
    <ele>190.9</ele>
    <time>2024-08-25T08:53:58Z</time>
   </trkpt>
   <trkpt lat="47.1876950" lon="2.3929020">
    <ele>190.7</ele>
    <time>2024-08-25T08:53:59Z</time>
   </trkpt>
   <trkpt lat="47.1877310" lon="2.3928980">
    <ele>190.5</ele>
    <time>2024-08-25T08:54:00Z</time>
   </trkpt>
   <trkpt lat="47.1877620" lon="2.3928870">
    <ele>190.3</ele>
    <time>2024-08-25T08:54:01Z</time>
   </trkpt>
   <trkpt lat="47.1877930" lon="2.3928730">
    <ele>190.1</ele>
    <time>2024-08-25T08:54:02Z</time>
   </trkpt>
   <trkpt lat="47.1878200" lon="2.3928530">
    <ele>190.0</ele>
    <time>2024-08-25T08:54:03Z</time>
   </trkpt>
   <trkpt lat="47.1878480" lon="2.3928360">
    <ele>189.8</ele>
    <time>2024-08-25T08:54:04Z</time>
   </trkpt>
   <trkpt lat="47.1878780" lon="2.3928260">
    <ele>189.6</ele>
    <time>2024-08-25T08:54:05Z</time>
   </trkpt>
   <trkpt lat="47.1879120" lon="2.3928150">
    <ele>189.4</ele>
    <time>2024-08-25T08:54:06Z</time>
   </trkpt>
   <trkpt lat="47.1879370" lon="2.3928010">
    <ele>189.3</ele>
    <time>2024-08-25T08:54:07Z</time>
   </trkpt>
   <trkpt lat="47.1879660" lon="2.3927760">
    <ele>189.1</ele>
    <time>2024-08-25T08:54:08Z</time>
   </trkpt>
   <trkpt lat="47.1879740" lon="2.3927670">
    <ele>189.1</ele>
    <time>2024-08-25T08:54:09Z</time>
   </trkpt>
   <trkpt lat="47.1880000" lon="2.3927340">
    <ele>188.9</ele>
    <time>2024-08-25T08:54:10Z</time>
   </trkpt>
   <trkpt lat="47.1880090" lon="2.3927250">
    <ele>188.9</ele>
    <time>2024-08-25T08:54:11Z</time>
   </trkpt>
   <trkpt lat="47.1880240" lon="2.3927090">
    <ele>188.8</ele>
    <time>2024-08-25T08:54:12Z</time>
   </trkpt>
   <trkpt lat="47.1880340" lon="2.3927010">
    <ele>188.7</ele>
    <time>2024-08-25T08:54:13Z</time>
   </trkpt>
   <trkpt lat="47.1880610" lon="2.3926680">
    <ele>188.6</ele>
    <time>2024-08-25T08:54:14Z</time>
   </trkpt>
   <trkpt lat="47.1880710" lon="2.3926560">
    <ele>188.6</ele>
    <time>2024-08-25T08:54:15Z</time>
   </trkpt>
   <trkpt lat="47.1880940" lon="2.3926340">
    <ele>188.5</ele>
    <time>2024-08-25T08:54:16Z</time>
   </trkpt>
   <trkpt lat="47.1881180" lon="2.3926150">
    <ele>188.4</ele>
    <time>2024-08-25T08:54:17Z</time>
   </trkpt>
   <trkpt lat="47.1881500" lon="2.3925950">
    <ele>188.3</ele>
    <time>2024-08-25T08:54:18Z</time>
   </trkpt>
   <trkpt lat="47.1881850" lon="2.3925730">
    <ele>188.2</ele>
    <time>2024-08-25T08:54:19Z</time>
   </trkpt>
   <trkpt lat="47.1882160" lon="2.3925560">
    <ele>188.1</ele>
    <time>2024-08-25T08:54:20Z</time>
   </trkpt>
   <trkpt lat="47.1882450" lon="2.3925400">
    <ele>188.0</ele>
    <time>2024-08-25T08:54:21Z</time>
   </trkpt>
   <trkpt lat="47.1882720" lon="2.3925190">
    <ele>187.9</ele>
    <time>2024-08-25T08:54:22Z</time>
   </trkpt>
   <trkpt lat="47.1882950" lon="2.3924950">
    <ele>187.9</ele>
    <time>2024-08-25T08:54:23Z</time>
   </trkpt>
   <trkpt lat="47.1883190" lon="2.3924700">
    <ele>187.8</ele>
    <time>2024-08-25T08:54:24Z</time>
   </trkpt>
   <trkpt lat="47.1883420" lon="2.3924490">
    <ele>187.8</ele>
    <time>2024-08-25T08:54:25Z</time>
   </trkpt>
   <trkpt lat="47.1883730" lon="2.3924240">
    <ele>187.7</ele>
    <time>2024-08-25T08:54:26Z</time>
   </trkpt>
   <trkpt lat="47.1883830" lon="2.3924150">
    <ele>187.7</ele>
    <time>2024-08-25T08:54:27Z</time>
   </trkpt>
   <trkpt lat="47.1884180" lon="2.3923850">
    <ele>187.6</ele>
    <time>2024-08-25T08:54:28Z</time>
   </trkpt>
   <trkpt lat="47.1884310" lon="2.3923730">
    <ele>187.6</ele>
    <time>2024-08-25T08:54:29Z</time>
   </trkpt>
   <trkpt lat="47.1884570" lon="2.3923450">
    <ele>187.5</ele>
    <time>2024-08-25T08:54:30Z</time>
   </trkpt>
   <trkpt lat="47.1884790" lon="2.3923170">
    <ele>187.5</ele>
    <time>2024-08-25T08:54:31Z</time>
   </trkpt>
   <trkpt lat="47.1885040" lon="2.3922880">
    <ele>187.4</ele>
    <time>2024-08-25T08:54:32Z</time>
   </trkpt>
   <trkpt lat="47.1885280" lon="2.3922620">
    <ele>187.4</ele>
    <time>2024-08-25T08:54:33Z</time>
   </trkpt>
   <trkpt lat="47.1885520" lon="2.3922400">
    <ele>187.3</ele>
    <time>2024-08-25T08:54:34Z</time>
   </trkpt>
   <trkpt lat="47.1885840" lon="2.3922120">
    <ele>187.2</ele>
    <time>2024-08-25T08:54:35Z</time>
   </trkpt>
   <trkpt lat="47.1885950" lon="2.3922040">
    <ele>187.2</ele>
    <time>2024-08-25T08:54:36Z</time>
   </trkpt>
   <trkpt lat="47.1886310" lon="2.3921840">
    <ele>187.2</ele>
    <time>2024-08-25T08:54:37Z</time>
   </trkpt>
   <trkpt lat="47.1886440" lon="2.3921760">
    <ele>187.1</ele>
    <time>2024-08-25T08:54:38Z</time>
   </trkpt>
   <trkpt lat="47.1886670" lon="2.3921540">
    <ele>187.1</ele>
    <time>2024-08-25T08:54:39Z</time>
   </trkpt>
   <trkpt lat="47.1886960" lon="2.3921170">
    <ele>187.0</ele>
    <time>2024-08-25T08:54:40Z</time>
   </trkpt>
   <trkpt lat="47.1887070" lon="2.3921050">
    <ele>187.0</ele>
    <time>2024-08-25T08:54:41Z</time>
   </trkpt>
   <trkpt lat="47.1887320" lon="2.3920800">
    <ele>187.0</ele>
    <time>2024-08-25T08:54:42Z</time>
   </trkpt>
   <trkpt lat="47.1887570" lon="2.3920530">
    <ele>186.9</ele>
    <time>2024-08-25T08:54:43Z</time>
   </trkpt>
   <trkpt lat="47.1887870" lon="2.3920120">
    <ele>186.8</ele>
    <time>2024-08-25T08:54:44Z</time>
   </trkpt>
   <trkpt lat="47.1887960" lon="2.3919960">
    <ele>186.8</ele>
    <time>2024-08-25T08:54:45Z</time>
   </trkpt>
   <trkpt lat="47.1888180" lon="2.3919610">
    <ele>186.7</ele>
    <time>2024-08-25T08:54:46Z</time>
   </trkpt>
   <trkpt lat="47.1888250" lon="2.3919490">
    <ele>186.7</ele>
    <time>2024-08-25T08:54:47Z</time>
   </trkpt>
   <trkpt lat="47.1888490" lon="2.3919060">
    <ele>186.6</ele>
    <time>2024-08-25T08:54:48Z</time>
   </trkpt>
   <trkpt lat="47.1888580" lon="2.3918930">
    <ele>186.6</ele>
    <time>2024-08-25T08:54:49Z</time>
   </trkpt>
   <trkpt lat="47.1888870" lon="2.3918570">
    <ele>186.5</ele>
    <time>2024-08-25T08:54:50Z</time>
   </trkpt>
   <trkpt lat="47.1888970" lon="2.3918450">
    <ele>186.5</ele>
    <time>2024-08-25T08:54:51Z</time>
   </trkpt>
   <trkpt lat="47.1889270" lon="2.3918130">
    <ele>186.4</ele>
    <time>2024-08-25T08:54:52Z</time>
   </trkpt>
   <trkpt lat="47.1889390" lon="2.3918020">
    <ele>186.4</ele>
    <time>2024-08-25T08:54:53Z</time>
   </trkpt>
   <trkpt lat="47.1889610" lon="2.3917810">
    <ele>186.3</ele>
    <time>2024-08-25T08:54:54Z</time>
   </trkpt>
   <trkpt lat="47.1889910" lon="2.3917470">
    <ele>186.3</ele>
    <time>2024-08-25T08:54:55Z</time>
   </trkpt>
   <trkpt lat="47.1890020" lon="2.3917360">
    <ele>186.2</ele>
    <time>2024-08-25T08:54:56Z</time>
   </trkpt>
   <trkpt lat="47.1890280" lon="2.3917120">
    <ele>186.1</ele>
    <time>2024-08-25T08:54:57Z</time>
   </trkpt>
   <trkpt lat="47.1890540" lon="2.3916880">
    <ele>186.0</ele>
    <time>2024-08-25T08:54:58Z</time>
   </trkpt>
   <trkpt lat="47.1890790" lon="2.3916620">
    <ele>185.9</ele>
    <time>2024-08-25T08:54:59Z</time>
   </trkpt>
   <trkpt lat="47.1891100" lon="2.3916310">
    <ele>185.8</ele>
    <time>2024-08-25T08:55:00Z</time>
   </trkpt>
   <trkpt lat="47.1891210" lon="2.3916200">
    <ele>185.8</ele>
    <time>2024-08-25T08:55:01Z</time>
   </trkpt>
   <trkpt lat="47.1891490" lon="2.3916000">
    <ele>185.7</ele>
    <time>2024-08-25T08:55:02Z</time>
   </trkpt>
   <trkpt lat="47.1891720" lon="2.3915780">
    <ele>185.6</ele>
    <time>2024-08-25T08:55:03Z</time>
   </trkpt>
   <trkpt lat="47.1891960" lon="2.3915550">
    <ele>185.5</ele>
    <time>2024-08-25T08:55:04Z</time>
   </trkpt>
   <trkpt lat="47.1892280" lon="2.3915340">
    <ele>185.4</ele>
    <time>2024-08-25T08:55:05Z</time>
   </trkpt>
   <trkpt lat="47.1892390" lon="2.3915280">
    <ele>185.3</ele>
    <time>2024-08-25T08:55:06Z</time>
   </trkpt>
   <trkpt lat="47.1892670" lon="2.3915130">
    <ele>185.2</ele>
    <time>2024-08-25T08:55:07Z</time>
   </trkpt>
   <trkpt lat="47.1892750" lon="2.3915070">
    <ele>185.2</ele>
    <time>2024-08-25T08:55:08Z</time>
   </trkpt>
   <trkpt lat="47.1893070" lon="2.3914830">
    <ele>185.1</ele>
    <time>2024-08-25T08:55:09Z</time>
   </trkpt>
   <trkpt lat="47.1893180" lon="2.3914750">
    <ele>185.0</ele>
    <time>2024-08-25T08:55:10Z</time>
   </trkpt>
   <trkpt lat="47.1893460" lon="2.3914570">
    <ele>184.9</ele>
    <time>2024-08-25T08:55:11Z</time>
   </trkpt>
   <trkpt lat="47.1893560" lon="2.3914510">
    <ele>184.9</ele>
    <time>2024-08-25T08:55:12Z</time>
   </trkpt>
   <trkpt lat="47.1893890" lon="2.3914320">
    <ele>184.7</ele>
    <time>2024-08-25T08:55:13Z</time>
   </trkpt>
   <trkpt lat="47.1894020" lon="2.3914230">
    <ele>184.7</ele>
    <time>2024-08-25T08:55:14Z</time>
   </trkpt>
   <trkpt lat="47.1894270" lon="2.3914000">
    <ele>184.5</ele>
    <time>2024-08-25T08:55:15Z</time>
   </trkpt>
   <trkpt lat="47.1894340" lon="2.3913930">
    <ele>184.5</ele>
    <time>2024-08-25T08:55:16Z</time>
   </trkpt>
   <trkpt lat="47.1894490" lon="2.3913790">
    <ele>184.4</ele>
    <time>2024-08-25T08:55:17Z</time>
   </trkpt>
   <trkpt lat="47.1894620" lon="2.3913670">
    <ele>184.4</ele>
    <time>2024-08-25T08:55:18Z</time>
   </trkpt>
   <trkpt lat="47.1894890" lon="2.3913470">
    <ele>184.3</ele>
    <time>2024-08-25T08:55:19Z</time>
   </trkpt>
   <trkpt lat="47.1894990" lon="2.3913390">
    <ele>184.3</ele>
    <time>2024-08-25T08:55:20Z</time>
   </trkpt>
   <trkpt lat="47.1895140" lon="2.3913230">
    <ele>184.2</ele>
    <time>2024-08-25T08:55:21Z</time>
   </trkpt>
   <trkpt lat="47.1895290" lon="2.3913100">
    <ele>184.2</ele>
    <time>2024-08-25T08:55:22Z</time>
   </trkpt>
   <trkpt lat="47.1895530" lon="2.3912940">
    <ele>184.2</ele>
    <time>2024-08-25T08:55:23Z</time>
   </trkpt>
   <trkpt lat="47.1895620" lon="2.3912900">
    <ele>184.1</ele>
    <time>2024-08-25T08:55:24Z</time>
   </trkpt>
   <trkpt lat="47.1895890" lon="2.3912770">
    <ele>184.1</ele>
    <time>2024-08-25T08:55:25Z</time>
   </trkpt>
   <trkpt lat="47.1895980" lon="2.3912720">
    <ele>184.1</ele>
    <time>2024-08-25T08:55:26Z</time>
   </trkpt>
   <trkpt lat="47.1896300" lon="2.3912660">
    <ele>183.9</ele>
    <time>2024-08-25T08:55:27Z</time>
   </trkpt>
   <trkpt lat="47.1896400" lon="2.3912640">
    <ele>183.8</ele>
    <time>2024-08-25T08:55:28Z</time>
   </trkpt>
   <trkpt lat="47.1896710" lon="2.3912510">
    <ele>183.6</ele>
    <time>2024-08-25T08:55:29Z</time>
   </trkpt>
   <trkpt lat="47.1896820" lon="2.3912450">
    <ele>183.6</ele>
    <time>2024-08-25T08:55:30Z</time>
   </trkpt>
   <trkpt lat="47.1897170" lon="2.3912250">
    <ele>183.3</ele>
    <time>2024-08-25T08:55:31Z</time>
   </trkpt>
   <trkpt lat="47.1897290" lon="2.3912200">
    <ele>183.2</ele>
    <time>2024-08-25T08:55:32Z</time>
   </trkpt>
   <trkpt lat="47.1897660" lon="2.3912000">
    <ele>183.0</ele>
    <time>2024-08-25T08:55:33Z</time>
   </trkpt>
   <trkpt lat="47.1897800" lon="2.3911930">
    <ele>182.9</ele>
    <time>2024-08-25T08:55:34Z</time>
   </trkpt>
   <trkpt lat="47.1898060" lon="2.3911820">
    <ele>182.7</ele>
    <time>2024-08-25T08:55:35Z</time>
   </trkpt>
   <trkpt lat="47.1898460" lon="2.3911690">
    <ele>182.5</ele>
    <time>2024-08-25T08:55:36Z</time>
   </trkpt>
   <trkpt lat="47.1898600" lon="2.3911630">
    <ele>182.4</ele>
    <time>2024-08-25T08:55:37Z</time>
   </trkpt>
   <trkpt lat="47.1898970" lon="2.3911450">
    <ele>182.1</ele>
    <time>2024-08-25T08:55:38Z</time>
   </trkpt>
   <trkpt lat="47.1899090" lon="2.3911390">
    <ele>182.0</ele>
    <time>2024-08-25T08:55:39Z</time>
   </trkpt>
   <trkpt lat="47.1899480" lon="2.3911230">
    <ele>181.8</ele>
    <time>2024-08-25T08:55:40Z</time>
   </trkpt>
   <trkpt lat="47.1899610" lon="2.3911180">
    <ele>181.7</ele>
    <time>2024-08-25T08:55:41Z</time>
   </trkpt>
   <trkpt lat="47.1899970" lon="2.3911050">
    <ele>181.4</ele>
    <time>2024-08-25T08:55:42Z</time>
   </trkpt>
   <trkpt lat="47.1900080" lon="2.3911000">
    <ele>181.4</ele>
    <time>2024-08-25T08:55:43Z</time>
   </trkpt>
   <trkpt lat="47.1900400" lon="2.3910860">
    <ele>181.1</ele>
    <time>2024-08-25T08:55:44Z</time>
   </trkpt>
   <trkpt lat="47.1900500" lon="2.3910800">
    <ele>181.0</ele>
    <time>2024-08-25T08:55:45Z</time>
   </trkpt>
   <trkpt lat="47.1900810" lon="2.3910610">
    <ele>180.8</ele>
    <time>2024-08-25T08:55:46Z</time>
   </trkpt>
   <trkpt lat="47.1900920" lon="2.3910550">
    <ele>180.7</ele>
    <time>2024-08-25T08:55:47Z</time>
   </trkpt>
   <trkpt lat="47.1901260" lon="2.3910310">
    <ele>180.4</ele>
    <time>2024-08-25T08:55:48Z</time>
   </trkpt>
   <trkpt lat="47.1901370" lon="2.3910240">
    <ele>180.3</ele>
    <time>2024-08-25T08:55:49Z</time>
   </trkpt>
   <trkpt lat="47.1901730" lon="2.3910030">
    <ele>180.0</ele>
    <time>2024-08-25T08:55:50Z</time>
   </trkpt>
   <trkpt lat="47.1901870" lon="2.3909950">
    <ele>179.9</ele>
    <time>2024-08-25T08:55:51Z</time>
   </trkpt>
   <trkpt lat="47.1902160" lon="2.3909830">
    <ele>179.6</ele>
    <time>2024-08-25T08:55:52Z</time>
   </trkpt>
   <trkpt lat="47.1902420" lon="2.3909720">
    <ele>179.4</ele>
    <time>2024-08-25T08:55:53Z</time>
   </trkpt>
   <trkpt lat="47.1902710" lon="2.3909600">
    <ele>179.2</ele>
    <time>2024-08-25T08:55:54Z</time>
   </trkpt>
   <trkpt lat="47.1902980" lon="2.3909480">
    <ele>179.0</ele>
    <time>2024-08-25T08:55:55Z</time>
   </trkpt>
   <trkpt lat="47.1903350" lon="2.3909360">
    <ele>178.7</ele>
    <time>2024-08-25T08:55:56Z</time>
   </trkpt>
   <trkpt lat="47.1903470" lon="2.3909320">
    <ele>178.7</ele>
    <time>2024-08-25T08:55:57Z</time>
   </trkpt>
   <trkpt lat="47.1903760" lon="2.3909220">
    <ele>178.5</ele>
    <time>2024-08-25T08:55:58Z</time>
   </trkpt>
   <trkpt lat="47.1904140" lon="2.3909050">
    <ele>178.3</ele>
    <time>2024-08-25T08:55:59Z</time>
   </trkpt>
   <trkpt lat="47.1904280" lon="2.3908990">
    <ele>178.2</ele>
    <time>2024-08-25T08:56:00Z</time>
   </trkpt>
   <trkpt lat="47.1904550" lon="2.3908880">
    <ele>178.0</ele>
    <time>2024-08-25T08:56:01Z</time>
   </trkpt>
   <trkpt lat="47.1904810" lon="2.3908780">
    <ele>177.9</ele>
    <time>2024-08-25T08:56:02Z</time>
   </trkpt>
   <trkpt lat="47.1905160" lon="2.3908700">
    <ele>177.8</ele>
    <time>2024-08-25T08:56:03Z</time>
   </trkpt>
   <trkpt lat="47.1905280" lon="2.3908680">
    <ele>177.7</ele>
    <time>2024-08-25T08:56:04Z</time>
   </trkpt>
   <trkpt lat="47.1905560" lon="2.3908660">
    <ele>177.6</ele>
    <time>2024-08-25T08:56:05Z</time>
   </trkpt>
   <trkpt lat="47.1905900" lon="2.3908640">
    <ele>177.5</ele>
    <time>2024-08-25T08:56:06Z</time>
   </trkpt>
   <trkpt lat="47.1906010" lon="2.3908640">
    <ele>177.4</ele>
    <time>2024-08-25T08:56:07Z</time>
   </trkpt>
   <trkpt lat="47.1906400" lon="2.3908560">
    <ele>177.3</ele>
    <time>2024-08-25T08:56:08Z</time>
   </trkpt>
   <trkpt lat="47.1906520" lon="2.3908530">
    <ele>177.3</ele>
    <time>2024-08-25T08:56:09Z</time>
   </trkpt>
   <trkpt lat="47.1906870" lon="2.3908390">
    <ele>177.2</ele>
    <time>2024-08-25T08:56:10Z</time>
   </trkpt>
   <trkpt lat="47.1906990" lon="2.3908350">
    <ele>177.1</ele>
    <time>2024-08-25T08:56:11Z</time>
   </trkpt>
   <trkpt lat="47.1907350" lon="2.3908250">
    <ele>177.0</ele>
    <time>2024-08-25T08:56:12Z</time>
   </trkpt>
   <trkpt lat="47.1907480" lon="2.3908220">
    <ele>177.0</ele>
    <time>2024-08-25T08:56:13Z</time>
   </trkpt>
   <trkpt lat="47.1907830" lon="2.3908120">
    <ele>176.9</ele>
    <time>2024-08-25T08:56:14Z</time>
   </trkpt>
   <trkpt lat="47.1907930" lon="2.3908080">
    <ele>176.9</ele>
    <time>2024-08-25T08:56:15Z</time>
   </trkpt>
   <trkpt lat="47.1908290" lon="2.3907980">
    <ele>176.8</ele>
    <time>2024-08-25T08:56:16Z</time>
   </trkpt>
   <trkpt lat="47.1908410" lon="2.3907950">
    <ele>176.8</ele>
    <time>2024-08-25T08:56:17Z</time>
   </trkpt>
   <trkpt lat="47.1908770" lon="2.3907830">
    <ele>176.7</ele>
    <time>2024-08-25T08:56:18Z</time>
   </trkpt>
   <trkpt lat="47.1908880" lon="2.3907790">
    <ele>176.7</ele>
    <time>2024-08-25T08:56:19Z</time>
   </trkpt>
   <trkpt lat="47.1909260" lon="2.3907680">
    <ele>176.7</ele>
    <time>2024-08-25T08:56:20Z</time>
   </trkpt>
   <trkpt lat="47.1909400" lon="2.3907640">
    <ele>176.6</ele>
    <time>2024-08-25T08:56:21Z</time>
   </trkpt>
   <trkpt lat="47.1909760" lon="2.3907490">
    <ele>176.6</ele>
    <time>2024-08-25T08:56:22Z</time>
   </trkpt>
   <trkpt lat="47.1909870" lon="2.3907440">
    <ele>176.6</ele>
    <time>2024-08-25T08:56:23Z</time>
   </trkpt>
   <trkpt lat="47.1910230" lon="2.3907270">
    <ele>176.5</ele>
    <time>2024-08-25T08:56:24Z</time>
   </trkpt>
   <trkpt lat="47.1910350" lon="2.3907210">
    <ele>176.5</ele>
    <time>2024-08-25T08:56:25Z</time>
   </trkpt>
   <trkpt lat="47.1910720" lon="2.3907020">
    <ele>176.5</ele>
    <time>2024-08-25T08:56:26Z</time>
   </trkpt>
   <trkpt lat="47.1910830" lon="2.3906960">
    <ele>176.5</ele>
    <time>2024-08-25T08:56:27Z</time>
   </trkpt>
   <trkpt lat="47.1911140" lon="2.3906820">
    <ele>176.5</ele>
    <time>2024-08-25T08:56:28Z</time>
   </trkpt>
   <trkpt lat="47.1911250" lon="2.3906780">
    <ele>176.5</ele>
    <time>2024-08-25T08:56:29Z</time>
   </trkpt>
   <trkpt lat="47.1911620" lon="2.3906630">
    <ele>176.5</ele>
    <time>2024-08-25T08:56:30Z</time>
   </trkpt>
   <trkpt lat="47.1911750" lon="2.3906570">
    <ele>176.5</ele>
    <time>2024-08-25T08:56:31Z</time>
   </trkpt>
   <trkpt lat="47.1912020" lon="2.3906440">
    <ele>176.5</ele>
    <time>2024-08-25T08:56:32Z</time>
   </trkpt>
   <trkpt lat="47.1912300" lon="2.3906280">
    <ele>176.5</ele>
    <time>2024-08-25T08:56:33Z</time>
   </trkpt>
   <trkpt lat="47.1912570" lon="2.3906110">
    <ele>176.6</ele>
    <time>2024-08-25T08:56:34Z</time>
   </trkpt>
   <trkpt lat="47.1912930" lon="2.3905930">
    <ele>176.7</ele>
    <time>2024-08-25T08:56:35Z</time>
   </trkpt>
   <trkpt lat="47.1913060" lon="2.3905870">
    <ele>176.7</ele>
    <time>2024-08-25T08:56:36Z</time>
   </trkpt>
   <trkpt lat="47.1913370" lon="2.3905730">
    <ele>176.8</ele>
    <time>2024-08-25T08:56:37Z</time>
   </trkpt>
   <trkpt lat="47.1913670" lon="2.3905590">
    <ele>176.9</ele>
    <time>2024-08-25T08:56:38Z</time>
   </trkpt>
   <trkpt lat="47.1913970" lon="2.3905460">
    <ele>177.1</ele>
    <time>2024-08-25T08:56:39Z</time>
   </trkpt>
   <trkpt lat="47.1914250" lon="2.3905330">
    <ele>177.2</ele>
    <time>2024-08-25T08:56:40Z</time>
   </trkpt>
   <trkpt lat="47.1914640" lon="2.3905170">
    <ele>177.4</ele>
    <time>2024-08-25T08:56:41Z</time>
   </trkpt>
   <trkpt lat="47.1914760" lon="2.3905120">
    <ele>177.5</ele>
    <time>2024-08-25T08:56:42Z</time>
   </trkpt>
   <trkpt lat="47.1915100" lon="2.3905030">
    <ele>177.7</ele>
    <time>2024-08-25T08:56:43Z</time>
   </trkpt>
   <trkpt lat="47.1915210" lon="2.3905010">
    <ele>177.8</ele>
    <time>2024-08-25T08:56:44Z</time>
   </trkpt>
   <trkpt lat="47.1915570" lon="2.3904880">
    <ele>178.1</ele>
    <time>2024-08-25T08:56:45Z</time>
   </trkpt>
   <trkpt lat="47.1915690" lon="2.3904840">
    <ele>178.2</ele>
    <time>2024-08-25T08:56:46Z</time>
   </trkpt>
   <trkpt lat="47.1916000" lon="2.3904700">
    <ele>178.4</ele>
    <time>2024-08-25T08:56:47Z</time>
   </trkpt>
   <trkpt lat="47.1916120" lon="2.3904650">
    <ele>178.5</ele>
    <time>2024-08-25T08:56:48Z</time>
   </trkpt>
   <trkpt lat="47.1916470" lon="2.3904470">
    <ele>178.8</ele>
    <time>2024-08-25T08:56:49Z</time>
   </trkpt>
   <trkpt lat="47.1916580" lon="2.3904410">
    <ele>178.9</ele>
    <time>2024-08-25T08:56:50Z</time>
   </trkpt>
   <trkpt lat="47.1916930" lon="2.3904270">
    <ele>179.2</ele>
    <time>2024-08-25T08:56:51Z</time>
   </trkpt>
   <trkpt lat="47.1917040" lon="2.3904220">
    <ele>179.3</ele>
    <time>2024-08-25T08:56:52Z</time>
   </trkpt>
   <trkpt lat="47.1917310" lon="2.3904070">
    <ele>179.5</ele>
    <time>2024-08-25T08:56:53Z</time>
   </trkpt>
   <trkpt lat="47.1917620" lon="2.3903950">
    <ele>179.8</ele>
    <time>2024-08-25T08:56:54Z</time>
   </trkpt>
   <trkpt lat="47.1917900" lon="2.3903860">
    <ele>180.0</ele>
    <time>2024-08-25T08:56:55Z</time>
   </trkpt>
   <trkpt lat="47.1918260" lon="2.3903710">
    <ele>180.2</ele>
    <time>2024-08-25T08:56:56Z</time>
   </trkpt>
   <trkpt lat="47.1918370" lon="2.3903650">
    <ele>180.3</ele>
    <time>2024-08-25T08:56:57Z</time>
   </trkpt>
   <trkpt lat="47.1918700" lon="2.3903480">
    <ele>180.6</ele>
    <time>2024-08-25T08:56:58Z</time>
   </trkpt>
   <trkpt lat="47.1918810" lon="2.3903420">
    <ele>180.7</ele>
    <time>2024-08-25T08:56:59Z</time>
   </trkpt>
   <trkpt lat="47.1919120" lon="2.3903220">
    <ele>180.9</ele>
    <time>2024-08-25T08:57:00Z</time>
   </trkpt>
   <trkpt lat="47.1919230" lon="2.3903150">
    <ele>181.0</ele>
    <time>2024-08-25T08:57:01Z</time>
   </trkpt>
   <trkpt lat="47.1919530" lon="2.3902980">
    <ele>181.3</ele>
    <time>2024-08-25T08:57:02Z</time>
   </trkpt>
   <trkpt lat="47.1919630" lon="2.3902940">
    <ele>181.3</ele>
    <time>2024-08-25T08:57:03Z</time>
   </trkpt>
   <trkpt lat="47.1919990" lon="2.3902790">
    <ele>181.6</ele>
    <time>2024-08-25T08:57:04Z</time>
   </trkpt>
   <trkpt lat="47.1920120" lon="2.3902720">
    <ele>181.7</ele>
    <time>2024-08-25T08:57:05Z</time>
   </trkpt>
   <trkpt lat="47.1920480" lon="2.3902380">
    <ele>182.0</ele>
    <time>2024-08-25T08:57:06Z</time>
   </trkpt>
   <trkpt lat="47.1920600" lon="2.3902230">
    <ele>182.1</ele>
    <time>2024-08-25T08:57:07Z</time>
   </trkpt>
   <trkpt lat="47.1920840" lon="2.3901920">
    <ele>182.4</ele>
    <time>2024-08-25T08:57:08Z</time>
   </trkpt>
   <trkpt lat="47.1921140" lon="2.3901540">
    <ele>182.7</ele>
    <time>2024-08-25T08:57:09Z</time>
   </trkpt>
   <trkpt lat="47.1921230" lon="2.3901420">
    <ele>182.8</ele>
    <time>2024-08-25T08:57:10Z</time>
   </trkpt>
   <trkpt lat="47.1921550" lon="2.3901100">
    <ele>183.0</ele>
    <time>2024-08-25T08:57:11Z</time>
   </trkpt>
   <trkpt lat="47.1921660" lon="2.3900990">
    <ele>183.1</ele>
    <time>2024-08-25T08:57:12Z</time>
   </trkpt>
   <trkpt lat="47.1921940" lon="2.3900610">
    <ele>183.4</ele>
    <time>2024-08-25T08:57:13Z</time>
   </trkpt>
   <trkpt lat="47.1922030" lon="2.3900490">
    <ele>183.5</ele>
    <time>2024-08-25T08:57:14Z</time>
   </trkpt>
   <trkpt lat="47.1922290" lon="2.3900140">
    <ele>183.7</ele>
    <time>2024-08-25T08:57:15Z</time>
   </trkpt>
   <trkpt lat="47.1922380" lon="2.3900020">
    <ele>183.8</ele>
    <time>2024-08-25T08:57:16Z</time>
   </trkpt>
   <trkpt lat="47.1922660" lon="2.3899630">
    <ele>184.1</ele>
    <time>2024-08-25T08:57:17Z</time>
   </trkpt>
   <trkpt lat="47.1922740" lon="2.3899510">
    <ele>184.2</ele>
    <time>2024-08-25T08:57:18Z</time>
   </trkpt>
   <trkpt lat="47.1923010" lon="2.3899210">
    <ele>184.4</ele>
    <time>2024-08-25T08:57:19Z</time>
   </trkpt>
   <trkpt lat="47.1923110" lon="2.3899110">
    <ele>184.5</ele>
    <time>2024-08-25T08:57:20Z</time>
   </trkpt>
   <trkpt lat="47.1923420" lon="2.3898860">
    <ele>184.8</ele>
    <time>2024-08-25T08:57:21Z</time>
   </trkpt>
   <trkpt lat="47.1923520" lon="2.3898780">
    <ele>184.8</ele>
    <time>2024-08-25T08:57:22Z</time>
   </trkpt>
   <trkpt lat="47.1923830" lon="2.3898540">
    <ele>185.1</ele>
    <time>2024-08-25T08:57:23Z</time>
   </trkpt>
   <trkpt lat="47.1923930" lon="2.3898480">
    <ele>185.1</ele>
    <time>2024-08-25T08:57:24Z</time>
   </trkpt>
   <trkpt lat="47.1924190" lon="2.3898260">
    <ele>185.3</ele>
    <time>2024-08-25T08:57:25Z</time>
   </trkpt>
   <trkpt lat="47.1924270" lon="2.3898200">
    <ele>185.4</ele>
    <time>2024-08-25T08:57:26Z</time>
   </trkpt>
   <trkpt lat="47.1924530" lon="2.3898030">
    <ele>185.6</ele>
    <time>2024-08-25T08:57:27Z</time>
   </trkpt>
   <trkpt lat="47.1924630" lon="2.3897970">
    <ele>185.6</ele>
    <time>2024-08-25T08:57:28Z</time>
   </trkpt>
   <trkpt lat="47.1924900" lon="2.3897760">
    <ele>185.8</ele>
    <time>2024-08-25T08:57:29Z</time>
   </trkpt>
   <trkpt lat="47.1924980" lon="2.3897690">
    <ele>185.9</ele>
    <time>2024-08-25T08:57:30Z</time>
   </trkpt>
   <trkpt lat="47.1925230" lon="2.3897480">
    <ele>186.1</ele>
    <time>2024-08-25T08:57:31Z</time>
   </trkpt>
   <trkpt lat="47.1925320" lon="2.3897400">
    <ele>186.1</ele>
    <time>2024-08-25T08:57:32Z</time>
   </trkpt>
   <trkpt lat="47.1925620" lon="2.3897130">
    <ele>186.4</ele>
    <time>2024-08-25T08:57:33Z</time>
   </trkpt>
   <trkpt lat="47.1925710" lon="2.3897040">
    <ele>186.4</ele>
    <time>2024-08-25T08:57:34Z</time>
   </trkpt>
   <trkpt lat="47.1926010" lon="2.3896790">
    <ele>186.6</ele>
    <time>2024-08-25T08:57:35Z</time>
   </trkpt>
   <trkpt lat="47.1926110" lon="2.3896710">
    <ele>186.7</ele>
    <time>2024-08-25T08:57:36Z</time>
   </trkpt>
   <trkpt lat="47.1926390" lon="2.3896460">
    <ele>186.9</ele>
    <time>2024-08-25T08:57:37Z</time>
   </trkpt>
   <trkpt lat="47.1926470" lon="2.3896380">
    <ele>186.9</ele>
    <time>2024-08-25T08:57:38Z</time>
   </trkpt>
   <trkpt lat="47.1926710" lon="2.3896160">
    <ele>187.1</ele>
    <time>2024-08-25T08:57:39Z</time>
   </trkpt>
   <trkpt lat="47.1926790" lon="2.3896080">
    <ele>187.1</ele>
    <time>2024-08-25T08:57:40Z</time>
   </trkpt>
   <trkpt lat="47.1926930" lon="2.3895970">
    <ele>187.2</ele>
    <time>2024-08-25T08:57:41Z</time>
   </trkpt>
   <trkpt lat="47.1927070" lon="2.3895880">
    <ele>187.3</ele>
    <time>2024-08-25T08:57:42Z</time>
   </trkpt>
   <trkpt lat="47.1927380" lon="2.3895720">
    <ele>187.5</ele>
    <time>2024-08-25T08:57:43Z</time>
   </trkpt>
   <trkpt lat="47.1927500" lon="2.3895660">
    <ele>187.6</ele>
    <time>2024-08-25T08:57:44Z</time>
   </trkpt>
   <trkpt lat="47.1927830" lon="2.3895450">
    <ele>187.7</ele>
    <time>2024-08-25T08:57:45Z</time>
   </trkpt>
   <trkpt lat="47.1927930" lon="2.3895380">
    <ele>187.8</ele>
    <time>2024-08-25T08:57:46Z</time>
   </trkpt>
   <trkpt lat="47.1928230" lon="2.3895140">
    <ele>188.0</ele>
    <time>2024-08-25T08:57:47Z</time>
   </trkpt>
   <trkpt lat="47.1928330" lon="2.3895070">
    <ele>188.0</ele>
    <time>2024-08-25T08:57:48Z</time>
   </trkpt>
   <trkpt lat="47.1928620" lon="2.3894840">
    <ele>188.2</ele>
    <time>2024-08-25T08:57:49Z</time>
   </trkpt>
   <trkpt lat="47.1928710" lon="2.3894780">
    <ele>188.2</ele>
    <time>2024-08-25T08:57:50Z</time>
   </trkpt>
   <trkpt lat="47.1928980" lon="2.3894620">
    <ele>188.4</ele>
    <time>2024-08-25T08:57:51Z</time>
   </trkpt>
   <trkpt lat="47.1929070" lon="2.3894570">
    <ele>188.4</ele>
    <time>2024-08-25T08:57:52Z</time>
   </trkpt>
   <trkpt lat="47.1929390" lon="2.3894370">
    <ele>188.6</ele>
    <time>2024-08-25T08:57:53Z</time>
   </trkpt>
   <trkpt lat="47.1929500" lon="2.3894290">
    <ele>188.6</ele>
    <time>2024-08-25T08:57:54Z</time>
   </trkpt>
   <trkpt lat="47.1929740" lon="2.3894100">
    <ele>188.7</ele>
    <time>2024-08-25T08:57:55Z</time>
   </trkpt>
   <trkpt lat="47.1930000" lon="2.3893890">
    <ele>188.8</ele>
    <time>2024-08-25T08:57:56Z</time>
   </trkpt>
   <trkpt lat="47.1930250" lon="2.3893680">
    <ele>188.9</ele>
    <time>2024-08-25T08:57:57Z</time>
   </trkpt>
   <trkpt lat="47.1930550" lon="2.3893520">
    <ele>189.0</ele>
    <time>2024-08-25T08:57:58Z</time>
   </trkpt>
   <trkpt lat="47.1930630" lon="2.3893480">
    <ele>189.0</ele>
    <time>2024-08-25T08:57:59Z</time>
   </trkpt>
   <trkpt lat="47.1930910" lon="2.3893350">
    <ele>189.1</ele>
    <time>2024-08-25T08:58:00Z</time>
   </trkpt>
   <trkpt lat="47.1931010" lon="2.3893300">
    <ele>189.1</ele>
    <time>2024-08-25T08:58:01Z</time>
   </trkpt>
   <trkpt lat="47.1931280" lon="2.3893130">
    <ele>189.2</ele>
    <time>2024-08-25T08:58:02Z</time>
   </trkpt>
   <trkpt lat="47.1931380" lon="2.3893060">
    <ele>189.2</ele>
    <time>2024-08-25T08:58:03Z</time>
   </trkpt>
   <trkpt lat="47.1931620" lon="2.3892870">
    <ele>189.3</ele>
    <time>2024-08-25T08:58:04Z</time>
   </trkpt>
   <trkpt lat="47.1931990" lon="2.3892580">
    <ele>189.3</ele>
    <time>2024-08-25T08:58:05Z</time>
   </trkpt>
   <trkpt lat="47.1932120" lon="2.3892480">
    <ele>189.4</ele>
    <time>2024-08-25T08:58:06Z</time>
   </trkpt>
   <trkpt lat="47.1932440" lon="2.3892230">
    <ele>189.4</ele>
    <time>2024-08-25T08:58:07Z</time>
   </trkpt>
   <trkpt lat="47.1932550" lon="2.3892150">
    <ele>189.4</ele>
    <time>2024-08-25T08:58:08Z</time>
   </trkpt>
   <trkpt lat="47.1932890" lon="2.3891920">
    <ele>189.4</ele>
    <time>2024-08-25T08:58:09Z</time>
   </trkpt>
   <trkpt lat="47.1933000" lon="2.3891850">
    <ele>189.4</ele>
    <time>2024-08-25T08:58:10Z</time>
   </trkpt>
   <trkpt lat="47.1933280" lon="2.3891590">
    <ele>189.4</ele>
    <time>2024-08-25T08:58:11Z</time>
   </trkpt>
   <trkpt lat="47.1933360" lon="2.3891500">
    <ele>189.4</ele>
    <time>2024-08-25T08:58:12Z</time>
   </trkpt>
   <trkpt lat="47.1933640" lon="2.3891140">
    <ele>189.4</ele>
    <time>2024-08-25T08:58:13Z</time>
   </trkpt>
   <trkpt lat="47.1933750" lon="2.3891000">
    <ele>189.4</ele>
    <time>2024-08-25T08:58:14Z</time>
   </trkpt>
   <trkpt lat="47.1933980" lon="2.3890690">
    <ele>189.4</ele>
    <time>2024-08-25T08:58:15Z</time>
   </trkpt>
   <trkpt lat="47.1934180" lon="2.3890400">
    <ele>189.3</ele>
    <time>2024-08-25T08:58:16Z</time>
   </trkpt>
   <trkpt lat="47.1934440" lon="2.3890050">
    <ele>189.3</ele>
    <time>2024-08-25T08:58:17Z</time>
   </trkpt>
   <trkpt lat="47.1934530" lon="2.3889930">
    <ele>189.3</ele>
    <time>2024-08-25T08:58:18Z</time>
   </trkpt>
   <trkpt lat="47.1934790" lon="2.3889630">
    <ele>189.2</ele>
    <time>2024-08-25T08:58:19Z</time>
   </trkpt>
   <trkpt lat="47.1934880" lon="2.3889520">
    <ele>189.2</ele>
    <time>2024-08-25T08:58:20Z</time>
   </trkpt>
   <trkpt lat="47.1935150" lon="2.3889170">
    <ele>189.1</ele>
    <time>2024-08-25T08:58:21Z</time>
   </trkpt>
   <trkpt lat="47.1935240" lon="2.3889050">
    <ele>189.0</ele>
    <time>2024-08-25T08:58:22Z</time>
   </trkpt>
   <trkpt lat="47.1935530" lon="2.3888690">
    <ele>188.9</ele>
    <time>2024-08-25T08:58:23Z</time>
   </trkpt>
   <trkpt lat="47.1935630" lon="2.3888560">
    <ele>188.8</ele>
    <time>2024-08-25T08:58:24Z</time>
   </trkpt>
   <trkpt lat="47.1935950" lon="2.3888220">
    <ele>188.7</ele>
    <time>2024-08-25T08:58:25Z</time>
   </trkpt>
   <trkpt lat="47.1936050" lon="2.3888110">
    <ele>188.7</ele>
    <time>2024-08-25T08:58:26Z</time>
   </trkpt>
   <trkpt lat="47.1936320" lon="2.3887810">
    <ele>188.5</ele>
    <time>2024-08-25T08:58:27Z</time>
   </trkpt>
   <trkpt lat="47.1936410" lon="2.3887720">
    <ele>188.5</ele>
    <time>2024-08-25T08:58:28Z</time>
   </trkpt>
   <trkpt lat="47.1936670" lon="2.3887360">
    <ele>188.3</ele>
    <time>2024-08-25T08:58:29Z</time>
   </trkpt>
   <trkpt lat="47.1936750" lon="2.3887250">
    <ele>188.3</ele>
    <time>2024-08-25T08:58:30Z</time>
   </trkpt>
   <trkpt lat="47.1936950" lon="2.3886920">
    <ele>188.1</ele>
    <time>2024-08-25T08:58:31Z</time>
   </trkpt>
   <trkpt lat="47.1937010" lon="2.3886820">
    <ele>188.1</ele>
    <time>2024-08-25T08:58:32Z</time>
   </trkpt>
   <trkpt lat="47.1937270" lon="2.3886440">
    <ele>187.9</ele>
    <time>2024-08-25T08:58:33Z</time>
   </trkpt>
   <trkpt lat="47.1937360" lon="2.3886310">
    <ele>187.9</ele>
    <time>2024-08-25T08:58:34Z</time>
   </trkpt>
   <trkpt lat="47.1937580" lon="2.3886040">
    <ele>187.7</ele>
    <time>2024-08-25T08:58:35Z</time>
   </trkpt>
   <trkpt lat="47.1937790" lon="2.3885750">
    <ele>187.6</ele>
    <time>2024-08-25T08:58:36Z</time>
   </trkpt>
   <trkpt lat="47.1938050" lon="2.3885400">
    <ele>187.5</ele>
    <time>2024-08-25T08:58:37Z</time>
   </trkpt>
   <trkpt lat="47.1938130" lon="2.3885290">
    <ele>187.4</ele>
    <time>2024-08-25T08:58:38Z</time>
   </trkpt>
   <trkpt lat="47.1938360" lon="2.3884920">
    <ele>187.3</ele>
    <time>2024-08-25T08:58:39Z</time>
   </trkpt>
   <trkpt lat="47.1938440" lon="2.3884810">
    <ele>187.2</ele>
    <time>2024-08-25T08:58:40Z</time>
   </trkpt>
   <trkpt lat="47.1938700" lon="2.3884450">
    <ele>187.1</ele>
    <time>2024-08-25T08:58:41Z</time>
   </trkpt>
   <trkpt lat="47.1938780" lon="2.3884320">
    <ele>187.1</ele>
    <time>2024-08-25T08:58:42Z</time>
   </trkpt>
   <trkpt lat="47.1939020" lon="2.3883870">
    <ele>186.9</ele>
    <time>2024-08-25T08:58:43Z</time>
   </trkpt>
   <trkpt lat="47.1939100" lon="2.3883710">
    <ele>186.9</ele>
    <time>2024-08-25T08:58:44Z</time>
   </trkpt>
   <trkpt lat="47.1939330" lon="2.3883220">
    <ele>186.8</ele>
    <time>2024-08-25T08:58:45Z</time>
   </trkpt>
   <trkpt lat="47.1939410" lon="2.3883050">
    <ele>186.7</ele>
    <time>2024-08-25T08:58:46Z</time>
   </trkpt>
   <trkpt lat="47.1939570" lon="2.3882720">
    <ele>186.6</ele>
    <time>2024-08-25T08:58:47Z</time>
   </trkpt>
   <trkpt lat="47.1939730" lon="2.3882400">
    <ele>186.5</ele>
    <time>2024-08-25T08:58:48Z</time>
   </trkpt>
   <trkpt lat="47.1939890" lon="2.3882060">
    <ele>186.4</ele>
    <time>2024-08-25T08:58:49Z</time>
   </trkpt>
   <trkpt lat="47.1940050" lon="2.3881720">
    <ele>186.3</ele>
    <time>2024-08-25T08:58:50Z</time>
   </trkpt>
   <trkpt lat="47.1940240" lon="2.3881250">
    <ele>186.2</ele>
    <time>2024-08-25T08:58:51Z</time>
   </trkpt>
   <trkpt lat="47.1940300" lon="2.3881090">
    <ele>186.1</ele>
    <time>2024-08-25T08:58:52Z</time>
   </trkpt>
   <trkpt lat="47.1940410" lon="2.3880720">
    <ele>186.0</ele>
    <time>2024-08-25T08:58:53Z</time>
   </trkpt>
   <trkpt lat="47.1940500" lon="2.3880330">
    <ele>185.9</ele>
    <time>2024-08-25T08:58:54Z</time>
   </trkpt>
   <trkpt lat="47.1940640" lon="2.3879810">
    <ele>185.8</ele>
    <time>2024-08-25T08:58:55Z</time>
   </trkpt>
   <trkpt lat="47.1940700" lon="2.3879640">
    <ele>185.7</ele>
    <time>2024-08-25T08:58:56Z</time>
   </trkpt>
   <trkpt lat="47.1940780" lon="2.3879220">
    <ele>185.6</ele>
    <time>2024-08-25T08:58:57Z</time>
   </trkpt>
   <trkpt lat="47.1940860" lon="2.3878810">
    <ele>185.5</ele>
    <time>2024-08-25T08:58:58Z</time>
   </trkpt>
   <trkpt lat="47.1940970" lon="2.3878300">
    <ele>185.3</ele>
    <time>2024-08-25T08:58:59Z</time>
   </trkpt>
   <trkpt lat="47.1941010" lon="2.3878130">
    <ele>185.3</ele>
    <time>2024-08-25T08:59:00Z</time>
   </trkpt>
   <trkpt lat="47.1941140" lon="2.3877670">
    <ele>185.1</ele>
    <time>2024-08-25T08:59:01Z</time>
   </trkpt>
   <trkpt lat="47.1941190" lon="2.3877530">
    <ele>185.1</ele>
    <time>2024-08-25T08:59:02Z</time>
   </trkpt>
   <trkpt lat="47.1941330" lon="2.3876980">
    <ele>185.0</ele>
    <time>2024-08-25T08:59:03Z</time>
   </trkpt>
   <trkpt lat="47.1941370" lon="2.3876790">
    <ele>184.9</ele>
    <time>2024-08-25T08:59:04Z</time>
   </trkpt>
   <trkpt lat="47.1941500" lon="2.3876300">
    <ele>184.8</ele>
    <time>2024-08-25T08:59:05Z</time>
   </trkpt>
   <trkpt lat="47.1941540" lon="2.3876150">
    <ele>184.7</ele>
    <time>2024-08-25T08:59:06Z</time>
   </trkpt>
   <trkpt lat="47.1941690" lon="2.3875630">
    <ele>184.6</ele>
    <time>2024-08-25T08:59:07Z</time>
   </trkpt>
   <trkpt lat="47.1941730" lon="2.3875450">
    <ele>184.5</ele>
    <time>2024-08-25T08:59:08Z</time>
   </trkpt>
   <trkpt lat="47.1941880" lon="2.3874970">
    <ele>184.4</ele>
    <time>2024-08-25T08:59:09Z</time>
   </trkpt>
   <trkpt lat="47.1941930" lon="2.3874810">
    <ele>184.4</ele>
    <time>2024-08-25T08:59:10Z</time>
   </trkpt>
   <trkpt lat="47.1942090" lon="2.3874310">
    <ele>184.2</ele>
    <time>2024-08-25T08:59:11Z</time>
   </trkpt>
   <trkpt lat="47.1942150" lon="2.3874150">
    <ele>184.2</ele>
    <time>2024-08-25T08:59:12Z</time>
   </trkpt>
   <trkpt lat="47.1942290" lon="2.3873650">
    <ele>184.0</ele>
    <time>2024-08-25T08:59:13Z</time>
   </trkpt>
   <trkpt lat="47.1942340" lon="2.3873470">
    <ele>184.0</ele>
    <time>2024-08-25T08:59:14Z</time>
   </trkpt>
   <trkpt lat="47.1942480" lon="2.3873000">
    <ele>183.8</ele>
    <time>2024-08-25T08:59:15Z</time>
   </trkpt>
   <trkpt lat="47.1942530" lon="2.3872870">
    <ele>183.8</ele>
    <time>2024-08-25T08:59:16Z</time>
   </trkpt>
   <trkpt lat="47.1942720" lon="2.3872360">
    <ele>183.7</ele>
    <time>2024-08-25T08:59:17Z</time>
   </trkpt>
   <trkpt lat="47.1942790" lon="2.3872170">
    <ele>183.6</ele>
    <time>2024-08-25T08:59:18Z</time>
   </trkpt>
   <trkpt lat="47.1942910" lon="2.3871800">
    <ele>183.5</ele>
    <time>2024-08-25T08:59:19Z</time>
   </trkpt>
   <trkpt lat="47.1943050" lon="2.3871320">
    <ele>183.4</ele>
    <time>2024-08-25T08:59:20Z</time>
   </trkpt>
   <trkpt lat="47.1943100" lon="2.3871160">
    <ele>183.3</ele>
    <time>2024-08-25T08:59:21Z</time>
   </trkpt>
   <trkpt lat="47.1943270" lon="2.3870650">
    <ele>183.1</ele>
    <time>2024-08-25T08:59:22Z</time>
   </trkpt>
   <trkpt lat="47.1943320" lon="2.3870480">
    <ele>183.1</ele>
    <time>2024-08-25T08:59:23Z</time>
   </trkpt>
   <trkpt lat="47.1943470" lon="2.3869900">
    <ele>182.9</ele>
    <time>2024-08-25T08:59:24Z</time>
   </trkpt>
   <trkpt lat="47.1943520" lon="2.3869690">
    <ele>182.9</ele>
    <time>2024-08-25T08:59:25Z</time>
   </trkpt>
   <trkpt lat="47.1943650" lon="2.3869330">
    <ele>182.7</ele>
    <time>2024-08-25T08:59:26Z</time>
   </trkpt>
   <trkpt lat="47.1943770" lon="2.3868780">
    <ele>182.6</ele>
    <time>2024-08-25T08:59:27Z</time>
   </trkpt>
   <trkpt lat="47.1943810" lon="2.3868600">
    <ele>182.5</ele>
    <time>2024-08-25T08:59:28Z</time>
   </trkpt>
   <trkpt lat="47.1943880" lon="2.3868200">
    <ele>182.4</ele>
    <time>2024-08-25T08:59:29Z</time>
   </trkpt>
   <trkpt lat="47.1943960" lon="2.3867780">
    <ele>182.3</ele>
    <time>2024-08-25T08:59:30Z</time>
   </trkpt>
   <trkpt lat="47.1944100" lon="2.3867390">
    <ele>182.2</ele>
    <time>2024-08-25T08:59:31Z</time>
   </trkpt>
   <trkpt lat="47.1944250" lon="2.3867020">
    <ele>182.1</ele>
    <time>2024-08-25T08:59:32Z</time>
   </trkpt>
   <trkpt lat="47.1944440" lon="2.3866640">
    <ele>182.0</ele>
    <time>2024-08-25T08:59:33Z</time>
   </trkpt>
   <trkpt lat="47.1944620" lon="2.3866330">
    <ele>181.9</ele>
    <time>2024-08-25T08:59:34Z</time>
   </trkpt>
   <trkpt lat="47.1944870" lon="2.3865940">
    <ele>181.8</ele>
    <time>2024-08-25T08:59:35Z</time>
   </trkpt>
   <trkpt lat="47.1944950" lon="2.3865810">
    <ele>181.8</ele>
    <time>2024-08-25T08:59:36Z</time>
   </trkpt>
   <trkpt lat="47.1945200" lon="2.3865370">
    <ele>181.6</ele>
    <time>2024-08-25T08:59:37Z</time>
   </trkpt>
   <trkpt lat="47.1945280" lon="2.3865230">
    <ele>181.6</ele>
    <time>2024-08-25T08:59:38Z</time>
   </trkpt>
   <trkpt lat="47.1945520" lon="2.3864790">
    <ele>181.4</ele>
    <time>2024-08-25T08:59:39Z</time>
   </trkpt>
   <trkpt lat="47.1945600" lon="2.3864630">
    <ele>181.4</ele>
    <time>2024-08-25T08:59:40Z</time>
   </trkpt>
   <trkpt lat="47.1945840" lon="2.3864150">
    <ele>181.2</ele>
    <time>2024-08-25T08:59:41Z</time>
   </trkpt>
   <trkpt lat="47.1945920" lon="2.3863990">
    <ele>181.2</ele>
    <time>2024-08-25T08:59:42Z</time>
   </trkpt>
   <trkpt lat="47.1946120" lon="2.3863660">
    <ele>181.0</ele>
    <time>2024-08-25T08:59:43Z</time>
   </trkpt>
   <trkpt lat="47.1946320" lon="2.3863310">
    <ele>180.9</ele>
    <time>2024-08-25T08:59:44Z</time>
   </trkpt>
   <trkpt lat="47.1946510" lon="2.3862990">
    <ele>180.8</ele>
    <time>2024-08-25T08:59:45Z</time>
   </trkpt>
   <trkpt lat="47.1946700" lon="2.3862700">
    <ele>180.7</ele>
    <time>2024-08-25T08:59:46Z</time>
   </trkpt>
   <trkpt lat="47.1946890" lon="2.3862410">
    <ele>180.6</ele>
    <time>2024-08-25T08:59:47Z</time>
   </trkpt>
   <trkpt lat="47.1947110" lon="2.3862080">
    <ele>180.4</ele>
    <time>2024-08-25T08:59:48Z</time>
   </trkpt>
   <trkpt lat="47.1947310" lon="2.3861720">
    <ele>180.3</ele>
    <time>2024-08-25T08:59:49Z</time>
   </trkpt>
   <trkpt lat="47.1947490" lon="2.3861350">
    <ele>180.1</ele>
    <time>2024-08-25T08:59:50Z</time>
   </trkpt>
   <trkpt lat="47.1947680" lon="2.3861000">
    <ele>180.0</ele>
    <time>2024-08-25T08:59:51Z</time>
   </trkpt>
   <trkpt lat="47.1947870" lon="2.3860610">
    <ele>179.8</ele>
    <time>2024-08-25T08:59:52Z</time>
   </trkpt>
   <trkpt lat="47.1948050" lon="2.3860240">
    <ele>179.7</ele>
    <time>2024-08-25T08:59:53Z</time>
   </trkpt>
   <trkpt lat="47.1948210" lon="2.3859920">
    <ele>179.5</ele>
    <time>2024-08-25T08:59:54Z</time>
   </trkpt>
   <trkpt lat="47.1948380" lon="2.3859570">
    <ele>179.4</ele>
    <time>2024-08-25T08:59:55Z</time>
   </trkpt>
   <trkpt lat="47.1948560" lon="2.3859200">
    <ele>179.2</ele>
    <time>2024-08-25T08:59:56Z</time>
   </trkpt>
   <trkpt lat="47.1948730" lon="2.3858790">
    <ele>179.0</ele>
    <time>2024-08-25T08:59:57Z</time>
   </trkpt>
   <trkpt lat="47.1948900" lon="2.3858430">
    <ele>178.9</ele>
    <time>2024-08-25T08:59:58Z</time>
   </trkpt>
   <trkpt lat="47.1949050" lon="2.3858060">
    <ele>178.7</ele>
    <time>2024-08-25T08:59:59Z</time>
   </trkpt>
   <trkpt lat="47.1949220" lon="2.3857700">
    <ele>178.6</ele>
    <time>2024-08-25T09:00:00Z</time>
   </trkpt>
   <trkpt lat="47.1949380" lon="2.3857330">
    <ele>178.4</ele>
    <time>2024-08-25T09:00:01Z</time>
   </trkpt>
   <trkpt lat="47.1949530" lon="2.3856990">
    <ele>178.3</ele>
    <time>2024-08-25T09:00:02Z</time>
   </trkpt>
   <trkpt lat="47.1949730" lon="2.3856480">
    <ele>178.1</ele>
    <time>2024-08-25T09:00:03Z</time>
   </trkpt>
   <trkpt lat="47.1949800" lon="2.3856300">
    <ele>178.0</ele>
    <time>2024-08-25T09:00:04Z</time>
   </trkpt>
   <trkpt lat="47.1949910" lon="2.3855900">
    <ele>177.9</ele>
    <time>2024-08-25T09:00:05Z</time>
   </trkpt>
   <trkpt lat="47.1950080" lon="2.3855390">
    <ele>177.7</ele>
    <time>2024-08-25T09:00:06Z</time>
   </trkpt>
   <trkpt lat="47.1950140" lon="2.3855240">
    <ele>177.7</ele>
    <time>2024-08-25T09:00:07Z</time>
   </trkpt>
   <trkpt lat="47.1950250" lon="2.3854870">
    <ele>177.6</ele>
    <time>2024-08-25T09:00:08Z</time>
   </trkpt>
   <trkpt lat="47.1950360" lon="2.3854340">
    <ele>177.4</ele>
    <time>2024-08-25T09:00:09Z</time>
   </trkpt>
   <trkpt lat="47.1950390" lon="2.3854170">
    <ele>177.3</ele>
    <time>2024-08-25T09:00:10Z</time>
   </trkpt>
   <trkpt lat="47.1950510" lon="2.3853620">
    <ele>177.2</ele>
    <time>2024-08-25T09:00:11Z</time>
   </trkpt>
   <trkpt lat="47.1950560" lon="2.3853440">
    <ele>177.1</ele>
    <time>2024-08-25T09:00:12Z</time>
   </trkpt>
   <trkpt lat="47.1950730" lon="2.3852970">
    <ele>177.0</ele>
    <time>2024-08-25T09:00:13Z</time>
   </trkpt>
   <trkpt lat="47.1950790" lon="2.3852850">
    <ele>176.9</ele>
    <time>2024-08-25T09:00:14Z</time>
   </trkpt>
   <trkpt lat="47.1951090" lon="2.3852700">
    <ele>176.8</ele>
    <time>2024-08-25T09:00:15Z</time>
   </trkpt>
   <trkpt lat="47.1951220" lon="2.3852690">
    <ele>176.8</ele>
    <time>2024-08-25T09:00:16Z</time>
   </trkpt>
   <trkpt lat="47.1951540" lon="2.3853010">
    <ele>176.7</ele>
    <time>2024-08-25T09:00:17Z</time>
   </trkpt>
   <trkpt lat="47.1951640" lon="2.3853170">
    <ele>176.6</ele>
    <time>2024-08-25T09:00:18Z</time>
   </trkpt>
   <trkpt lat="47.1951800" lon="2.3853600">
    <ele>176.6</ele>
    <time>2024-08-25T09:00:19Z</time>
   </trkpt>
   <trkpt lat="47.1951910" lon="2.3854070">
    <ele>176.5</ele>
    <time>2024-08-25T09:00:20Z</time>
   </trkpt>
   <trkpt lat="47.1951990" lon="2.3854510">
    <ele>176.4</ele>
    <time>2024-08-25T09:00:21Z</time>
   </trkpt>
   <trkpt lat="47.1952080" lon="2.3854950">
    <ele>176.4</ele>
    <time>2024-08-25T09:00:22Z</time>
   </trkpt>
   <trkpt lat="47.1952160" lon="2.3855420">
    <ele>176.3</ele>
    <time>2024-08-25T09:00:23Z</time>
   </trkpt>
   <trkpt lat="47.1952280" lon="2.3856000">
    <ele>176.2</ele>
    <time>2024-08-25T09:00:24Z</time>
   </trkpt>
   <trkpt lat="47.1952330" lon="2.3856220">
    <ele>176.2</ele>
    <time>2024-08-25T09:00:25Z</time>
   </trkpt>
   <trkpt lat="47.1952470" lon="2.3856740">
    <ele>176.1</ele>
    <time>2024-08-25T09:00:26Z</time>
   </trkpt>
   <trkpt lat="47.1952590" lon="2.3857180">
    <ele>176.0</ele>
    <time>2024-08-25T09:00:27Z</time>
   </trkpt>
   <trkpt lat="47.1952700" lon="2.3857610">
    <ele>176.0</ele>
    <time>2024-08-25T09:00:28Z</time>
   </trkpt>
   <trkpt lat="47.1952820" lon="2.3858060">
    <ele>175.9</ele>
    <time>2024-08-25T09:00:29Z</time>
   </trkpt>
   <trkpt lat="47.1952930" lon="2.3858500">
    <ele>175.9</ele>
    <time>2024-08-25T09:00:30Z</time>
   </trkpt>
   <trkpt lat="47.1953060" lon="2.3859050">
    <ele>175.8</ele>
    <time>2024-08-25T09:00:31Z</time>
   </trkpt>
   <trkpt lat="47.1953100" lon="2.3859240">
    <ele>175.8</ele>
    <time>2024-08-25T09:00:32Z</time>
   </trkpt>
   <trkpt lat="47.1953200" lon="2.3859700">
    <ele>175.7</ele>
    <time>2024-08-25T09:00:33Z</time>
   </trkpt>
   <trkpt lat="47.1953310" lon="2.3860200">
    <ele>175.7</ele>
    <time>2024-08-25T09:00:34Z</time>
   </trkpt>
   <trkpt lat="47.1953410" lon="2.3860650">
    <ele>175.6</ele>
    <time>2024-08-25T09:00:35Z</time>
   </trkpt>
   <trkpt lat="47.1953540" lon="2.3861180">
    <ele>175.5</ele>
    <time>2024-08-25T09:00:36Z</time>
   </trkpt>
   <trkpt lat="47.1953570" lon="2.3861360">
    <ele>175.5</ele>
    <time>2024-08-25T09:00:37Z</time>
   </trkpt>
   <trkpt lat="47.1953680" lon="2.3861860">
    <ele>175.5</ele>
    <time>2024-08-25T09:00:38Z</time>
   </trkpt>
   <trkpt lat="47.1953760" lon="2.3862340">
    <ele>175.4</ele>
    <time>2024-08-25T09:00:39Z</time>
   </trkpt>
   <trkpt lat="47.1953870" lon="2.3862900">
    <ele>175.3</ele>
    <time>2024-08-25T09:00:40Z</time>
   </trkpt>
   <trkpt lat="47.1953910" lon="2.3863110">
    <ele>175.3</ele>
    <time>2024-08-25T09:00:41Z</time>
   </trkpt>
   <trkpt lat="47.1954020" lon="2.3863630">
    <ele>175.2</ele>
    <time>2024-08-25T09:00:42Z</time>
   </trkpt>
   <trkpt lat="47.1954120" lon="2.3864090">
    <ele>175.2</ele>
    <time>2024-08-25T09:00:43Z</time>
   </trkpt>
   <trkpt lat="47.1954230" lon="2.3864660">
    <ele>175.1</ele>
    <time>2024-08-25T09:00:44Z</time>
   </trkpt>
   <trkpt lat="47.1954270" lon="2.3864860">
    <ele>175.0</ele>
    <time>2024-08-25T09:00:45Z</time>
   </trkpt>
   <trkpt lat="47.1954360" lon="2.3865340">
    <ele>175.0</ele>
    <time>2024-08-25T09:00:46Z</time>
   </trkpt>
   <trkpt lat="47.1954430" lon="2.3865730">
    <ele>174.9</ele>
    <time>2024-08-25T09:00:47Z</time>
   </trkpt>
   <trkpt lat="47.1954500" lon="2.3866140">
    <ele>174.9</ele>
    <time>2024-08-25T09:00:48Z</time>
   </trkpt>
   <trkpt lat="47.1954600" lon="2.3866580">
    <ele>174.8</ele>
    <time>2024-08-25T09:00:49Z</time>
   </trkpt>
   <trkpt lat="47.1954720" lon="2.3867090">
    <ele>174.7</ele>
    <time>2024-08-25T09:00:50Z</time>
   </trkpt>
   <trkpt lat="47.1954820" lon="2.3867540">
    <ele>174.7</ele>
    <time>2024-08-25T09:00:51Z</time>
   </trkpt>
   <trkpt lat="47.1954920" lon="2.3868120">
    <ele>174.6</ele>
    <time>2024-08-25T09:00:52Z</time>
   </trkpt>
   <trkpt lat="47.1954960" lon="2.3868340">
    <ele>174.6</ele>
    <time>2024-08-25T09:00:53Z</time>
   </trkpt>
   <trkpt lat="47.1955060" lon="2.3868870">
    <ele>174.5</ele>
    <time>2024-08-25T09:00:54Z</time>
   </trkpt>
   <trkpt lat="47.1955170" lon="2.3869410">
    <ele>174.4</ele>
    <time>2024-08-25T09:00:55Z</time>
   </trkpt>
   <trkpt lat="47.1955250" lon="2.3869870">
    <ele>174.4</ele>
    <time>2024-08-25T09:00:56Z</time>
   </trkpt>
   <trkpt lat="47.1955320" lon="2.3870290">
    <ele>174.3</ele>
    <time>2024-08-25T09:00:57Z</time>
   </trkpt>
   <trkpt lat="47.1955430" lon="2.3870780">
    <ele>174.3</ele>
    <time>2024-08-25T09:00:58Z</time>
   </trkpt>
   <trkpt lat="47.1955520" lon="2.3871220">
    <ele>174.2</ele>
    <time>2024-08-25T09:00:59Z</time>
   </trkpt>
   <trkpt lat="47.1955600" lon="2.3871660">
    <ele>174.2</ele>
    <time>2024-08-25T09:01:00Z</time>
   </trkpt>
   <trkpt lat="47.1955670" lon="2.3872160">
    <ele>174.1</ele>
    <time>2024-08-25T09:01:01Z</time>
   </trkpt>
   <trkpt lat="47.1955740" lon="2.3872640">
    <ele>174.1</ele>
    <time>2024-08-25T09:01:02Z</time>
   </trkpt>
   <trkpt lat="47.1955820" lon="2.3873210">
    <ele>174.0</ele>
    <time>2024-08-25T09:01:03Z</time>
   </trkpt>
   <trkpt lat="47.1955840" lon="2.3873400">
    <ele>174.0</ele>
    <time>2024-08-25T09:01:04Z</time>
   </trkpt>
   <trkpt lat="47.1955900" lon="2.3873860">
    <ele>174.0</ele>
    <time>2024-08-25T09:01:05Z</time>
   </trkpt>
   <trkpt lat="47.1955930" lon="2.3874290">
    <ele>173.9</ele>
    <time>2024-08-25T09:01:06Z</time>
   </trkpt>
   <trkpt lat="47.1955960" lon="2.3874690">
    <ele>173.9</ele>
    <time>2024-08-25T09:01:07Z</time>
   </trkpt>
   <trkpt lat="47.1956020" lon="2.3875130">
    <ele>173.9</ele>
    <time>2024-08-25T09:01:08Z</time>
   </trkpt>
   <trkpt lat="47.1956070" lon="2.3875530">
    <ele>173.8</ele>
    <time>2024-08-25T09:01:09Z</time>
   </trkpt>
   <trkpt lat="47.1956140" lon="2.3876100">
    <ele>173.8</ele>
    <time>2024-08-25T09:01:10Z</time>
   </trkpt>
   <trkpt lat="47.1956160" lon="2.3876320">
    <ele>173.8</ele>
    <time>2024-08-25T09:01:11Z</time>
   </trkpt>
   <trkpt lat="47.1956200" lon="2.3876790">
    <ele>173.8</ele>
    <time>2024-08-25T09:01:12Z</time>
   </trkpt>
   <trkpt lat="47.1956230" lon="2.3877250">
    <ele>173.7</ele>
    <time>2024-08-25T09:01:13Z</time>
   </trkpt>
   <trkpt lat="47.1956290" lon="2.3877820">
    <ele>173.7</ele>
    <time>2024-08-25T09:01:14Z</time>
   </trkpt>
   <trkpt lat="47.1956310" lon="2.3878020">
    <ele>173.7</ele>
    <time>2024-08-25T09:01:15Z</time>
   </trkpt>
   <trkpt lat="47.1956380" lon="2.3878470">
    <ele>173.7</ele>
    <time>2024-08-25T09:01:16Z</time>
   </trkpt>
   <trkpt lat="47.1956450" lon="2.3878880">
    <ele>173.6</ele>
    <time>2024-08-25T09:01:17Z</time>
   </trkpt>
   <trkpt lat="47.1956520" lon="2.3879270">
    <ele>173.6</ele>
    <time>2024-08-25T09:01:18Z</time>
   </trkpt>
   <trkpt lat="47.1956580" lon="2.3879670">
    <ele>173.6</ele>
    <time>2024-08-25T09:01:19Z</time>
   </trkpt>
   <trkpt lat="47.1956600" lon="2.3880200">
    <ele>173.5</ele>
    <time>2024-08-25T09:01:20Z</time>
   </trkpt>
   <trkpt lat="47.1956600" lon="2.3880350">
    <ele>173.5</ele>
    <time>2024-08-25T09:01:21Z</time>
   </trkpt>
   <trkpt lat="47.1956550" lon="2.3880900">
    <ele>173.5</ele>
    <time>2024-08-25T09:01:22Z</time>
   </trkpt>
   <trkpt lat="47.1956560" lon="2.3881110">
    <ele>173.4</ele>
    <time>2024-08-25T09:01:23Z</time>
   </trkpt>
   <trkpt lat="47.1956480" lon="2.3881550">
    <ele>173.4</ele>
    <time>2024-08-25T09:01:24Z</time>
   </trkpt>
   <trkpt lat="47.1956450" lon="2.3882120">
    <ele>173.4</ele>
    <time>2024-08-25T09:01:25Z</time>
   </trkpt>
   <trkpt lat="47.1956440" lon="2.3882310">
    <ele>173.4</ele>
    <time>2024-08-25T09:01:26Z</time>
   </trkpt>
   <trkpt lat="47.1956480" lon="2.3882780">
    <ele>173.3</ele>
    <time>2024-08-25T09:01:27Z</time>
   </trkpt>
   <trkpt lat="47.1956470" lon="2.3883230">
    <ele>173.3</ele>
    <time>2024-08-25T09:01:28Z</time>
   </trkpt>
   <trkpt lat="47.1956490" lon="2.3883710">
    <ele>173.2</ele>
    <time>2024-08-25T09:01:29Z</time>
   </trkpt>
   <trkpt lat="47.1956580" lon="2.3884160">
    <ele>173.2</ele>
    <time>2024-08-25T09:01:30Z</time>
   </trkpt>
   <trkpt lat="47.1956670" lon="2.3884610">
    <ele>173.1</ele>
    <time>2024-08-25T09:01:31Z</time>
   </trkpt>
   <trkpt lat="47.1956750" lon="2.3885070">
    <ele>173.1</ele>
    <time>2024-08-25T09:01:32Z</time>
   </trkpt>
   <trkpt lat="47.1956840" lon="2.3885500">
    <ele>173.0</ele>
    <time>2024-08-25T09:01:33Z</time>
   </trkpt>
   <trkpt lat="47.1956930" lon="2.3885900">
    <ele>173.0</ele>
    <time>2024-08-25T09:01:34Z</time>
   </trkpt>
   <trkpt lat="47.1956980" lon="2.3886310">
    <ele>173.0</ele>
    <time>2024-08-25T09:01:35Z</time>
   </trkpt>
   <trkpt lat="47.1957030" lon="2.3886870">
    <ele>172.9</ele>
    <time>2024-08-25T09:01:36Z</time>
   </trkpt>
   <trkpt lat="47.1957050" lon="2.3887060">
    <ele>172.9</ele>
    <time>2024-08-25T09:01:37Z</time>
   </trkpt>
   <trkpt lat="47.1957120" lon="2.3887630">
    <ele>172.8</ele>
    <time>2024-08-25T09:01:38Z</time>
   </trkpt>
   <trkpt lat="47.1957150" lon="2.3887820">
    <ele>172.8</ele>
    <time>2024-08-25T09:01:39Z</time>
   </trkpt>
   <trkpt lat="47.1957240" lon="2.3888390">
    <ele>172.7</ele>
    <time>2024-08-25T09:01:40Z</time>
   </trkpt>
   <trkpt lat="47.1957260" lon="2.3888580">
    <ele>172.7</ele>
    <time>2024-08-25T09:01:41Z</time>
   </trkpt>
   <trkpt lat="47.1957290" lon="2.3889010">
    <ele>172.7</ele>
    <time>2024-08-25T09:01:42Z</time>
   </trkpt>
   <trkpt lat="47.1957300" lon="2.3889430">
    <ele>172.6</ele>
    <time>2024-08-25T09:01:43Z</time>
   </trkpt>
   <trkpt lat="47.1957310" lon="2.3889970">
    <ele>172.5</ele>
    <time>2024-08-25T09:01:44Z</time>
   </trkpt>
   <trkpt lat="47.1957310" lon="2.3890160">
    <ele>172.5</ele>
    <time>2024-08-25T09:01:45Z</time>
   </trkpt>
   <trkpt lat="47.1957350" lon="2.3890670">
    <ele>172.4</ele>
    <time>2024-08-25T09:01:46Z</time>
   </trkpt>
   <trkpt lat="47.1957350" lon="2.3890820">
    <ele>172.4</ele>
    <time>2024-08-25T09:01:47Z</time>
   </trkpt>
   <trkpt lat="47.1957370" lon="2.3891440">
    <ele>172.3</ele>
    <time>2024-08-25T09:01:48Z</time>
   </trkpt>
   <trkpt lat="47.1957370" lon="2.3891680">
    <ele>172.3</ele>
    <time>2024-08-25T09:01:49Z</time>
   </trkpt>
   <trkpt lat="47.1957380" lon="2.3892130">
    <ele>172.3</ele>
    <time>2024-08-25T09:01:50Z</time>
   </trkpt>
   <trkpt lat="47.1957410" lon="2.3892610">
    <ele>172.2</ele>
    <time>2024-08-25T09:01:51Z</time>
   </trkpt>
   <trkpt lat="47.1957460" lon="2.3893170">
    <ele>172.1</ele>
    <time>2024-08-25T09:01:52Z</time>
   </trkpt>
   <trkpt lat="47.1957550" lon="2.3893680">
    <ele>172.0</ele>
    <time>2024-08-25T09:01:53Z</time>
   </trkpt>
   <trkpt lat="47.1957640" lon="2.3894180">
    <ele>172.0</ele>
    <time>2024-08-25T09:01:54Z</time>
   </trkpt>
   <trkpt lat="47.1957730" lon="2.3894620">
    <ele>171.9</ele>
    <time>2024-08-25T09:01:55Z</time>
   </trkpt>
   <trkpt lat="47.1957820" lon="2.3895170">
    <ele>171.8</ele>
    <time>2024-08-25T09:01:56Z</time>
   </trkpt>
   <trkpt lat="47.1957840" lon="2.3895370">
    <ele>171.8</ele>
    <time>2024-08-25T09:01:57Z</time>
   </trkpt>
   <trkpt lat="47.1957840" lon="2.3895780">
    <ele>171.7</ele>
    <time>2024-08-25T09:01:58Z</time>
   </trkpt>
   <trkpt lat="47.1957800" lon="2.3896210">
    <ele>171.7</ele>
    <time>2024-08-25T09:01:59Z</time>
   </trkpt>
   <trkpt lat="47.1957760" lon="2.3896670">
    <ele>171.6</ele>
    <time>2024-08-25T09:02:00Z</time>
   </trkpt>
   <trkpt lat="47.1957740" lon="2.3897160">
    <ele>171.5</ele>
    <time>2024-08-25T09:02:01Z</time>
   </trkpt>
   <trkpt lat="47.1957730" lon="2.3897690">
    <ele>171.4</ele>
    <time>2024-08-25T09:02:02Z</time>
   </trkpt>
   <trkpt lat="47.1957720" lon="2.3898180">
    <ele>171.4</ele>
    <time>2024-08-25T09:02:03Z</time>
   </trkpt>
   <trkpt lat="47.1957740" lon="2.3898640">
    <ele>171.3</ele>
    <time>2024-08-25T09:02:04Z</time>
   </trkpt>
   <trkpt lat="47.1957790" lon="2.3899170">
    <ele>171.2</ele>
    <time>2024-08-25T09:02:05Z</time>
   </trkpt>
   <trkpt lat="47.1957910" lon="2.3899660">
    <ele>171.1</ele>
    <time>2024-08-25T09:02:06Z</time>
   </trkpt>
   <trkpt lat="47.1958030" lon="2.3900110">
    <ele>171.1</ele>
    <time>2024-08-25T09:02:07Z</time>
   </trkpt>
   <trkpt lat="47.1958070" lon="2.3900570">
    <ele>171.0</ele>
    <time>2024-08-25T09:02:08Z</time>
   </trkpt>
   <trkpt lat="47.1958080" lon="2.3901000">
    <ele>171.0</ele>
    <time>2024-08-25T09:02:09Z</time>
   </trkpt>
   <trkpt lat="47.1957980" lon="2.3901450">
    <ele>170.9</ele>
    <time>2024-08-25T09:02:10Z</time>
   </trkpt>
   <trkpt lat="47.1957840" lon="2.3901840">
    <ele>170.9</ele>
    <time>2024-08-25T09:02:11Z</time>
   </trkpt>
   <trkpt lat="47.1957710" lon="2.3902220">
    <ele>170.8</ele>
    <time>2024-08-25T09:02:12Z</time>
   </trkpt>
   <trkpt lat="47.1957630" lon="2.3902600">
    <ele>170.8</ele>
    <time>2024-08-25T09:02:13Z</time>
   </trkpt>
   <trkpt lat="47.1957580" lon="2.3903170">
    <ele>170.7</ele>
    <time>2024-08-25T09:02:14Z</time>
   </trkpt>
   <trkpt lat="47.1957570" lon="2.3903360">
    <ele>170.7</ele>
    <time>2024-08-25T09:02:15Z</time>
   </trkpt>
   <trkpt lat="47.1957620" lon="2.3903850">
    <ele>170.7</ele>
    <time>2024-08-25T09:02:16Z</time>
   </trkpt>
   <trkpt lat="47.1957690" lon="2.3904420">
    <ele>170.6</ele>
    <time>2024-08-25T09:02:17Z</time>
   </trkpt>
   <trkpt lat="47.1957740" lon="2.3904960">
    <ele>170.5</ele>
    <time>2024-08-25T09:02:18Z</time>
   </trkpt>
   <trkpt lat="47.1957810" lon="2.3905480">
    <ele>170.4</ele>
    <time>2024-08-25T09:02:19Z</time>
   </trkpt>
   <trkpt lat="47.1957890" lon="2.3905930">
    <ele>170.4</ele>
    <time>2024-08-25T09:02:20Z</time>
   </trkpt>
   <trkpt lat="47.1957970" lon="2.3906360">
    <ele>170.3</ele>
    <time>2024-08-25T09:02:21Z</time>
   </trkpt>
   <trkpt lat="47.1958030" lon="2.3906760">
    <ele>170.3</ele>
    <time>2024-08-25T09:02:22Z</time>
   </trkpt>
   <trkpt lat="47.1958130" lon="2.3907180">
    <ele>170.2</ele>
    <time>2024-08-25T09:02:23Z</time>
   </trkpt>
   <trkpt lat="47.1958230" lon="2.3907620">
    <ele>170.2</ele>
    <time>2024-08-25T09:02:24Z</time>
   </trkpt>
   <trkpt lat="47.1958310" lon="2.3908160">
    <ele>170.1</ele>
    <time>2024-08-25T09:02:25Z</time>
   </trkpt>
   <trkpt lat="47.1958370" lon="2.3908660">
    <ele>170.0</ele>
    <time>2024-08-25T09:02:26Z</time>
   </trkpt>
   <trkpt lat="47.1958390" lon="2.3909200">
    <ele>169.9</ele>
    <time>2024-08-25T09:02:27Z</time>
   </trkpt>
   <trkpt lat="47.1958390" lon="2.3909370">
    <ele>169.9</ele>
    <time>2024-08-25T09:02:28Z</time>
   </trkpt>
   <trkpt lat="47.1958430" lon="2.3909830">
    <ele>169.9</ele>
    <time>2024-08-25T09:02:29Z</time>
   </trkpt>
   <trkpt lat="47.1958510" lon="2.3910370">
    <ele>169.8</ele>
    <time>2024-08-25T09:02:30Z</time>
   </trkpt>
   <trkpt lat="47.1958600" lon="2.3910810">
    <ele>169.7</ele>
    <time>2024-08-25T09:02:31Z</time>
   </trkpt>
   <trkpt lat="47.1958760" lon="2.3911310">
    <ele>169.6</ele>
    <time>2024-08-25T09:02:32Z</time>
   </trkpt>
   <trkpt lat="47.1958820" lon="2.3911490">
    <ele>169.6</ele>
    <time>2024-08-25T09:02:33Z</time>
   </trkpt>
   <trkpt lat="47.1958910" lon="2.3911890">
    <ele>169.5</ele>
    <time>2024-08-25T09:02:34Z</time>
   </trkpt>
   <trkpt lat="47.1958990" lon="2.3912310">
    <ele>169.5</ele>
    <time>2024-08-25T09:02:35Z</time>
   </trkpt>
   <trkpt lat="47.1959030" lon="2.3912740">
    <ele>169.4</ele>
    <time>2024-08-25T09:02:36Z</time>
   </trkpt>
   <trkpt lat="47.1959070" lon="2.3913170">
    <ele>169.3</ele>
    <time>2024-08-25T09:02:37Z</time>
   </trkpt>
   <trkpt lat="47.1959110" lon="2.3913590">
    <ele>169.3</ele>
    <time>2024-08-25T09:02:38Z</time>
   </trkpt>
   <trkpt lat="47.1959270" lon="2.3914030">
    <ele>169.2</ele>
    <time>2024-08-25T09:02:39Z</time>
   </trkpt>
   <trkpt lat="47.1959310" lon="2.3914480">
    <ele>169.1</ele>
    <time>2024-08-25T09:02:40Z</time>
   </trkpt>
   <trkpt lat="47.1959320" lon="2.3914980">
    <ele>169.0</ele>
    <time>2024-08-25T09:02:41Z</time>
   </trkpt>
   <trkpt lat="47.1959290" lon="2.3915520">
    <ele>169.0</ele>
    <time>2024-08-25T09:02:42Z</time>
   </trkpt>
   <trkpt lat="47.1959220" lon="2.3916010">
    <ele>168.9</ele>
    <time>2024-08-25T09:02:43Z</time>
   </trkpt>
   <trkpt lat="47.1959110" lon="2.3916440">
    <ele>168.8</ele>
    <time>2024-08-25T09:02:44Z</time>
   </trkpt>
   <trkpt lat="47.1958980" lon="2.3916880">
    <ele>168.7</ele>
    <time>2024-08-25T09:02:45Z</time>
   </trkpt>
   <trkpt lat="47.1958890" lon="2.3917300">
    <ele>168.7</ele>
    <time>2024-08-25T09:02:46Z</time>
   </trkpt>
   <trkpt lat="47.1958800" lon="2.3917670">
    <ele>168.6</ele>
    <time>2024-08-25T09:02:47Z</time>
   </trkpt>
   <trkpt lat="47.1958670" lon="2.3918040">
    <ele>168.6</ele>
    <time>2024-08-25T09:02:48Z</time>
   </trkpt>
   <trkpt lat="47.1958530" lon="2.3918410">
    <ele>168.5</ele>
    <time>2024-08-25T09:02:49Z</time>
   </trkpt>
   <trkpt lat="47.1958370" lon="2.3918790">
    <ele>168.4</ele>
    <time>2024-08-25T09:02:50Z</time>
   </trkpt>
   <trkpt lat="47.1958260" lon="2.3919220">
    <ele>168.4</ele>
    <time>2024-08-25T09:02:51Z</time>
   </trkpt>
   <trkpt lat="47.1958090" lon="2.3919580">
    <ele>168.3</ele>
    <time>2024-08-25T09:02:52Z</time>
   </trkpt>
   <trkpt lat="47.1957950" lon="2.3919990">
    <ele>168.2</ele>
    <time>2024-08-25T09:02:53Z</time>
   </trkpt>
   <trkpt lat="47.1957840" lon="2.3920420">
    <ele>168.2</ele>
    <time>2024-08-25T09:02:54Z</time>
   </trkpt>
   <trkpt lat="47.1957800" lon="2.3920920">
    <ele>168.1</ele>
    <time>2024-08-25T09:02:55Z</time>
   </trkpt>
   <trkpt lat="47.1957760" lon="2.3921390">
    <ele>168.1</ele>
    <time>2024-08-25T09:02:56Z</time>
   </trkpt>
   <trkpt lat="47.1957740" lon="2.3921850">
    <ele>168.0</ele>
    <time>2024-08-25T09:02:57Z</time>
   </trkpt>
   <trkpt lat="47.1957730" lon="2.3922300">
    <ele>168.0</ele>
    <time>2024-08-25T09:02:58Z</time>
   </trkpt>
   <trkpt lat="47.1957750" lon="2.3922780">
    <ele>167.9</ele>
    <time>2024-08-25T09:02:59Z</time>
   </trkpt>
   <trkpt lat="47.1957750" lon="2.3923270">
    <ele>167.9</ele>
    <time>2024-08-25T09:03:00Z</time>
   </trkpt>
   <trkpt lat="47.1957740" lon="2.3923730">
    <ele>167.8</ele>
    <time>2024-08-25T09:03:01Z</time>
   </trkpt>
   <trkpt lat="47.1957720" lon="2.3924170">
    <ele>167.8</ele>
    <time>2024-08-25T09:03:02Z</time>
   </trkpt>
   <trkpt lat="47.1957670" lon="2.3924660">
    <ele>167.8</ele>
    <time>2024-08-25T09:03:03Z</time>
   </trkpt>
   <trkpt lat="47.1957560" lon="2.3925200">
    <ele>167.7</ele>
    <time>2024-08-25T09:03:04Z</time>
   </trkpt>
   <trkpt lat="47.1957510" lon="2.3925730">
    <ele>167.7</ele>
    <time>2024-08-25T09:03:05Z</time>
   </trkpt>
   <trkpt lat="47.1957470" lon="2.3926200">
    <ele>167.6</ele>
    <time>2024-08-25T09:03:06Z</time>
   </trkpt>
   <trkpt lat="47.1957530" lon="2.3926680">
    <ele>167.6</ele>
    <time>2024-08-25T09:03:07Z</time>
   </trkpt>
   <trkpt lat="47.1957590" lon="2.3927160">
    <ele>167.6</ele>
    <time>2024-08-25T09:03:08Z</time>
   </trkpt>
   <trkpt lat="47.1957650" lon="2.3927640">
    <ele>167.5</ele>
    <time>2024-08-25T09:03:09Z</time>
   </trkpt>
   <trkpt lat="47.1957610" lon="2.3928070">
    <ele>167.5</ele>
    <time>2024-08-25T09:03:10Z</time>
   </trkpt>
   <trkpt lat="47.1957480" lon="2.3928620">
    <ele>167.5</ele>
    <time>2024-08-25T09:03:11Z</time>
   </trkpt>
   <trkpt lat="47.1957440" lon="2.3928820">
    <ele>167.5</ele>
    <time>2024-08-25T09:03:12Z</time>
   </trkpt>
   <trkpt lat="47.1957350" lon="2.3929260">
    <ele>167.4</ele>
    <time>2024-08-25T09:03:13Z</time>
   </trkpt>
   <trkpt lat="47.1957280" lon="2.3929790">
    <ele>167.4</ele>
    <time>2024-08-25T09:03:14Z</time>
   </trkpt>
   <trkpt lat="47.1957270" lon="2.3930290">
    <ele>167.4</ele>
    <time>2024-08-25T09:03:15Z</time>
   </trkpt>
   <trkpt lat="47.1957270" lon="2.3930720">
    <ele>167.3</ele>
    <time>2024-08-25T09:03:16Z</time>
   </trkpt>
   <trkpt lat="47.1957290" lon="2.3931200">
    <ele>167.3</ele>
    <time>2024-08-25T09:03:17Z</time>
   </trkpt>
   <trkpt lat="47.1957290" lon="2.3931740">
    <ele>167.2</ele>
    <time>2024-08-25T09:03:18Z</time>
   </trkpt>
   <trkpt lat="47.1957240" lon="2.3932320">
    <ele>167.2</ele>
    <time>2024-08-25T09:03:20Z</time>
   </trkpt>
   <trkpt lat="47.1957160" lon="2.3932880">
    <ele>167.2</ele>
    <time>2024-08-25T09:03:21Z</time>
   </trkpt>
   <trkpt lat="47.1957040" lon="2.3933440">
    <ele>167.1</ele>
    <time>2024-08-25T09:03:22Z</time>
   </trkpt>
   <trkpt lat="47.1956930" lon="2.3933950">
    <ele>167.1</ele>
    <time>2024-08-25T09:03:23Z</time>
   </trkpt>
   <trkpt lat="47.1956830" lon="2.3934430">
    <ele>167.0</ele>
    <time>2024-08-25T09:03:24Z</time>
   </trkpt>
   <trkpt lat="47.1956680" lon="2.3934970">
    <ele>167.0</ele>
    <time>2024-08-25T09:03:25Z</time>
   </trkpt>
   <trkpt lat="47.1956530" lon="2.3935490">
    <ele>167.0</ele>
    <time>2024-08-25T09:03:26Z</time>
   </trkpt>
   <trkpt lat="47.1956430" lon="2.3935990">
    <ele>166.9</ele>
    <time>2024-08-25T09:03:27Z</time>
   </trkpt>
   <trkpt lat="47.1956290" lon="2.3936490">
    <ele>166.9</ele>
    <time>2024-08-25T09:03:28Z</time>
   </trkpt>
   <trkpt lat="47.1956140" lon="2.3937060">
    <ele>166.9</ele>
    <time>2024-08-25T09:03:29Z</time>
   </trkpt>
   <trkpt lat="47.1955960" lon="2.3937640">
    <ele>166.9</ele>
    <time>2024-08-25T09:03:30Z</time>
   </trkpt>
   <trkpt lat="47.1955770" lon="2.3938130">
    <ele>166.9</ele>
    <time>2024-08-25T09:03:31Z</time>
   </trkpt>
   <trkpt lat="47.1955550" lon="2.3938600">
    <ele>166.8</ele>
    <time>2024-08-25T09:03:32Z</time>
   </trkpt>
   <trkpt lat="47.1955350" lon="2.3939050">
    <ele>166.8</ele>
    <time>2024-08-25T09:03:33Z</time>
   </trkpt>
   <trkpt lat="47.1955190" lon="2.3939550">
    <ele>166.8</ele>
    <time>2024-08-25T09:03:34Z</time>
   </trkpt>
   <trkpt lat="47.1955080" lon="2.3940100">
    <ele>166.7</ele>
    <time>2024-08-25T09:03:35Z</time>
   </trkpt>
   <trkpt lat="47.1955030" lon="2.3940540">
    <ele>166.7</ele>
    <time>2024-08-25T09:03:36Z</time>
   </trkpt>
   <trkpt lat="47.1955000" lon="2.3941170">
    <ele>166.7</ele>
    <time>2024-08-25T09:03:37Z</time>
   </trkpt>
   <trkpt lat="47.1955000" lon="2.3941430">
    <ele>166.6</ele>
    <time>2024-08-25T09:03:38Z</time>
   </trkpt>
   <trkpt lat="47.1954950" lon="2.3941950">
    <ele>166.6</ele>
    <time>2024-08-25T09:03:39Z</time>
   </trkpt>
   <trkpt lat="47.1954900" lon="2.3942380">
    <ele>166.6</ele>
    <time>2024-08-25T09:03:40Z</time>
   </trkpt>
   <trkpt lat="47.1954830" lon="2.3942810">
    <ele>166.5</ele>
    <time>2024-08-25T09:03:41Z</time>
   </trkpt>
   <trkpt lat="47.1954760" lon="2.3943280">
    <ele>166.5</ele>
    <time>2024-08-25T09:03:42Z</time>
   </trkpt>
   <trkpt lat="47.1954700" lon="2.3943760">
    <ele>166.5</ele>
    <time>2024-08-25T09:03:43Z</time>
   </trkpt>
   <trkpt lat="47.1954660" lon="2.3944220">
    <ele>166.5</ele>
    <time>2024-08-25T09:03:44Z</time>
   </trkpt>
   <trkpt lat="47.1954610" lon="2.3944680">
    <ele>166.4</ele>
    <time>2024-08-25T09:03:45Z</time>
   </trkpt>
   <trkpt lat="47.1954550" lon="2.3945140">
    <ele>166.4</ele>
    <time>2024-08-25T09:03:46Z</time>
   </trkpt>
   <trkpt lat="47.1954440" lon="2.3945620">
    <ele>166.4</ele>
    <time>2024-08-25T09:03:47Z</time>
   </trkpt>
   <trkpt lat="47.1954280" lon="2.3946210">
    <ele>166.4</ele>
    <time>2024-08-25T09:03:48Z</time>
   </trkpt>
   <trkpt lat="47.1954090" lon="2.3946840">
    <ele>166.3</ele>
    <time>2024-08-25T09:03:49Z</time>
   </trkpt>
   <trkpt lat="47.1953930" lon="2.3947450">
    <ele>166.3</ele>
    <time>2024-08-25T09:03:50Z</time>
   </trkpt>
   <trkpt lat="47.1953790" lon="2.3947990">
    <ele>166.3</ele>
    <time>2024-08-25T09:03:51Z</time>
   </trkpt>
   <trkpt lat="47.1953700" lon="2.3948520">
    <ele>166.2</ele>
    <time>2024-08-25T09:03:52Z</time>
   </trkpt>
   <trkpt lat="47.1953620" lon="2.3949180">
    <ele>166.2</ele>
    <time>2024-08-25T09:03:53Z</time>
   </trkpt>
   <trkpt lat="47.1953550" lon="2.3949830">
    <ele>166.2</ele>
    <time>2024-08-25T09:03:54Z</time>
   </trkpt>
   <trkpt lat="47.1953510" lon="2.3950290">
    <ele>166.1</ele>
    <time>2024-08-25T09:03:55Z</time>
   </trkpt>
   <trkpt lat="47.1953450" lon="2.3950710">
    <ele>166.1</ele>
    <time>2024-08-25T09:03:56Z</time>
   </trkpt>
   <trkpt lat="47.1953380" lon="2.3951250">
    <ele>166.1</ele>
    <time>2024-08-25T09:03:57Z</time>
   </trkpt>
   <trkpt lat="47.1953300" lon="2.3951850">
    <ele>166.0</ele>
    <time>2024-08-25T09:03:58Z</time>
   </trkpt>
   <trkpt lat="47.1953130" lon="2.3952960">
    <ele>165.9</ele>
    <time>2024-08-25T09:03:59Z</time>
   </trkpt>
   <trkpt lat="47.1952980" lon="2.3953500">
    <ele>165.9</ele>
    <time>2024-08-25T09:04:00Z</time>
   </trkpt>
   <trkpt lat="47.1952820" lon="2.3954040">
    <ele>165.8</ele>
    <time>2024-08-25T09:04:01Z</time>
   </trkpt>
   <trkpt lat="47.1952690" lon="2.3954460">
    <ele>165.8</ele>
    <time>2024-08-25T09:04:02Z</time>
   </trkpt>
   <trkpt lat="47.1952570" lon="2.3954880">
    <ele>165.8</ele>
    <time>2024-08-25T09:04:03Z</time>
   </trkpt>
   <trkpt lat="47.1952460" lon="2.3955330">
    <ele>165.7</ele>
    <time>2024-08-25T09:04:04Z</time>
   </trkpt>
   <trkpt lat="47.1952350" lon="2.3955870">
    <ele>165.7</ele>
    <time>2024-08-25T09:04:05Z</time>
   </trkpt>
   <trkpt lat="47.1952260" lon="2.3956320">
    <ele>165.6</ele>
    <time>2024-08-25T09:04:06Z</time>
   </trkpt>
   <trkpt lat="47.1952130" lon="2.3956910">
    <ele>165.6</ele>
    <time>2024-08-25T09:04:07Z</time>
   </trkpt>
   <trkpt lat="47.1952080" lon="2.3957130">
    <ele>165.6</ele>
    <time>2024-08-25T09:04:08Z</time>
   </trkpt>
   <trkpt lat="47.1951970" lon="2.3957610">
    <ele>165.5</ele>
    <time>2024-08-25T09:04:09Z</time>
   </trkpt>
   <trkpt lat="47.1951840" lon="2.3958060">
    <ele>165.5</ele>
    <time>2024-08-25T09:04:10Z</time>
   </trkpt>
   <trkpt lat="47.1951700" lon="2.3958560">
    <ele>165.4</ele>
    <time>2024-08-25T09:04:11Z</time>
   </trkpt>
   <trkpt lat="47.1951660" lon="2.3958720">
    <ele>165.4</ele>
    <time>2024-08-25T09:04:12Z</time>
   </trkpt>
   <trkpt lat="47.1951550" lon="2.3959190">
    <ele>165.3</ele>
    <time>2024-08-25T09:04:13Z</time>
   </trkpt>
   <trkpt lat="47.1951440" lon="2.3959770">
    <ele>165.3</ele>
    <time>2024-08-25T09:04:14Z</time>
   </trkpt>
   <trkpt lat="47.1951360" lon="2.3960380">
    <ele>165.2</ele>
    <time>2024-08-25T09:04:15Z</time>
   </trkpt>
   <trkpt lat="47.1951290" lon="2.3960880">
    <ele>165.1</ele>
    <time>2024-08-25T09:04:16Z</time>
   </trkpt>
   <trkpt lat="47.1951260" lon="2.3961410">
    <ele>165.1</ele>
    <time>2024-08-25T09:04:17Z</time>
   </trkpt>
   <trkpt lat="47.1951250" lon="2.3961970">
    <ele>165.0</ele>
    <time>2024-08-25T09:04:18Z</time>
   </trkpt>
   <trkpt lat="47.1951240" lon="2.3962470">
    <ele>164.9</ele>
    <time>2024-08-25T09:04:19Z</time>
   </trkpt>
   <trkpt lat="47.1951180" lon="2.3962950">
    <ele>164.9</ele>
    <time>2024-08-25T09:04:20Z</time>
   </trkpt>
   <trkpt lat="47.1951110" lon="2.3963410">
    <ele>164.8</ele>
    <time>2024-08-25T09:04:21Z</time>
   </trkpt>
   <trkpt lat="47.1951070" lon="2.3963960">
    <ele>164.7</ele>
    <time>2024-08-25T09:04:22Z</time>
   </trkpt>
   <trkpt lat="47.1951000" lon="2.3964530">
    <ele>164.7</ele>
    <time>2024-08-25T09:04:23Z</time>
   </trkpt>
   <trkpt lat="47.1950960" lon="2.3965020">
    <ele>164.6</ele>
    <time>2024-08-25T09:04:24Z</time>
   </trkpt>
   <trkpt lat="47.1950930" lon="2.3965490">
    <ele>164.5</ele>
    <time>2024-08-25T09:04:25Z</time>
   </trkpt>
   <trkpt lat="47.1950880" lon="2.3966070">
    <ele>164.5</ele>
    <time>2024-08-25T09:04:26Z</time>
   </trkpt>
   <trkpt lat="47.1950860" lon="2.3966270">
    <ele>164.5</ele>
    <time>2024-08-25T09:04:27Z</time>
   </trkpt>
   <trkpt lat="47.1950810" lon="2.3966740">
    <ele>164.4</ele>
    <time>2024-08-25T09:04:28Z</time>
   </trkpt>
   <trkpt lat="47.1950780" lon="2.3967210">
    <ele>164.4</ele>
    <time>2024-08-25T09:04:29Z</time>
   </trkpt>
   <trkpt lat="47.1950770" lon="2.3967630">
    <ele>164.3</ele>
    <time>2024-08-25T09:04:30Z</time>
   </trkpt>
   <trkpt lat="47.1950760" lon="2.3968230">
    <ele>164.3</ele>
    <time>2024-08-25T09:04:31Z</time>
   </trkpt>
   <trkpt lat="47.1950750" lon="2.3968470">
    <ele>164.2</ele>
    <time>2024-08-25T09:04:32Z</time>
   </trkpt>
   <trkpt lat="47.1950710" lon="2.3969040">
    <ele>164.2</ele>
    <time>2024-08-25T09:04:33Z</time>
   </trkpt>
   <trkpt lat="47.1950690" lon="2.3969610">
    <ele>164.1</ele>
    <time>2024-08-25T09:04:34Z</time>
   </trkpt>
   <trkpt lat="47.1950700" lon="2.3970140">
    <ele>164.1</ele>
    <time>2024-08-25T09:04:35Z</time>
   </trkpt>
   <trkpt lat="47.1950740" lon="2.3970660">
    <ele>164.0</ele>
    <time>2024-08-25T09:04:36Z</time>
   </trkpt>
   <trkpt lat="47.1950780" lon="2.3971200">
    <ele>164.0</ele>
    <time>2024-08-25T09:04:37Z</time>
   </trkpt>
   <trkpt lat="47.1950800" lon="2.3971700">
    <ele>163.9</ele>
    <time>2024-08-25T09:04:38Z</time>
   </trkpt>
   <trkpt lat="47.1950810" lon="2.3972120">
    <ele>163.9</ele>
    <time>2024-08-25T09:04:39Z</time>
   </trkpt>
   <trkpt lat="47.1950840" lon="2.3972740">
    <ele>163.8</ele>
    <time>2024-08-25T09:04:40Z</time>
   </trkpt>
   <trkpt lat="47.1950850" lon="2.3972970">
    <ele>163.8</ele>
    <time>2024-08-25T09:04:41Z</time>
   </trkpt>
   <trkpt lat="47.1950930" lon="2.3973420">
    <ele>163.8</ele>
    <time>2024-08-25T09:04:42Z</time>
   </trkpt>
   <trkpt lat="47.1951060" lon="2.3973950">
    <ele>163.7</ele>
    <time>2024-08-25T09:04:43Z</time>
   </trkpt>
   <trkpt lat="47.1951100" lon="2.3974120">
    <ele>163.7</ele>
    <time>2024-08-25T09:04:44Z</time>
   </trkpt>
   <trkpt lat="47.1951300" lon="2.3974640">
    <ele>163.7</ele>
    <time>2024-08-25T09:04:45Z</time>
   </trkpt>
   <trkpt lat="47.1951370" lon="2.3974820">
    <ele>163.7</ele>
    <time>2024-08-25T09:04:46Z</time>
   </trkpt>
   <trkpt lat="47.1951510" lon="2.3975190">
    <ele>163.6</ele>
    <time>2024-08-25T09:04:47Z</time>
   </trkpt>
   <trkpt lat="47.1951630" lon="2.3975560">
    <ele>163.6</ele>
    <time>2024-08-25T09:04:48Z</time>
   </trkpt>
   <trkpt lat="47.1951730" lon="2.3975950">
    <ele>163.6</ele>
    <time>2024-08-25T09:04:49Z</time>
   </trkpt>
   <trkpt lat="47.1951810" lon="2.3976390">
    <ele>163.6</ele>
    <time>2024-08-25T09:04:50Z</time>
   </trkpt>
   <trkpt lat="47.1951890" lon="2.3976890">
    <ele>163.5</ele>
    <time>2024-08-25T09:04:51Z</time>
   </trkpt>
   <trkpt lat="47.1951940" lon="2.3977370">
    <ele>163.5</ele>
    <time>2024-08-25T09:04:52Z</time>
   </trkpt>
   <trkpt lat="47.1952040" lon="2.3977950">
    <ele>163.5</ele>
    <time>2024-08-25T09:04:53Z</time>
   </trkpt>
   <trkpt lat="47.1952080" lon="2.3978140">
    <ele>163.5</ele>
    <time>2024-08-25T09:04:54Z</time>
   </trkpt>
   <trkpt lat="47.1952210" lon="2.3978620">
    <ele>163.4</ele>
    <time>2024-08-25T09:04:55Z</time>
   </trkpt>
   <trkpt lat="47.1952350" lon="2.3979090">
    <ele>163.4</ele>
    <time>2024-08-25T09:04:56Z</time>
   </trkpt>
   <trkpt lat="47.1952500" lon="2.3979500">
    <ele>163.4</ele>
    <time>2024-08-25T09:04:57Z</time>
   </trkpt>
   <trkpt lat="47.1952650" lon="2.3979910">
    <ele>163.4</ele>
    <time>2024-08-25T09:04:58Z</time>
   </trkpt>
   <trkpt lat="47.1952790" lon="2.3980290">
    <ele>163.4</ele>
    <time>2024-08-25T09:04:59Z</time>
   </trkpt>
   <trkpt lat="47.1952950" lon="2.3980660">
    <ele>163.4</ele>
    <time>2024-08-25T09:05:00Z</time>
   </trkpt>
   <trkpt lat="47.1953130" lon="2.3981060">
    <ele>163.4</ele>
    <time>2024-08-25T09:05:01Z</time>
   </trkpt>
   <trkpt lat="47.1953280" lon="2.3981500">
    <ele>163.4</ele>
    <time>2024-08-25T09:05:02Z</time>
   </trkpt>
   <trkpt lat="47.1953400" lon="2.3981930">
    <ele>163.4</ele>
    <time>2024-08-25T09:05:03Z</time>
   </trkpt>
   <trkpt lat="47.1953530" lon="2.3982470">
    <ele>163.4</ele>
    <time>2024-08-25T09:05:04Z</time>
   </trkpt>
   <trkpt lat="47.1953570" lon="2.3982640">
    <ele>163.4</ele>
    <time>2024-08-25T09:05:05Z</time>
   </trkpt>
   <trkpt lat="47.1953720" lon="2.3983150">
    <ele>163.5</ele>
    <time>2024-08-25T09:05:06Z</time>
   </trkpt>
   <trkpt lat="47.1953770" lon="2.3983340">
    <ele>163.5</ele>
    <time>2024-08-25T09:05:07Z</time>
   </trkpt>
   <trkpt lat="47.1953870" lon="2.3983720">
    <ele>163.5</ele>
    <time>2024-08-25T09:05:08Z</time>
   </trkpt>
   <trkpt lat="47.1954010" lon="2.3984150">
    <ele>163.5</ele>
    <time>2024-08-25T09:05:09Z</time>
   </trkpt>
   <trkpt lat="47.1954170" lon="2.3984590">
    <ele>163.5</ele>
    <time>2024-08-25T09:05:10Z</time>
   </trkpt>
   <trkpt lat="47.1954310" lon="2.3984960">
    <ele>163.5</ele>
    <time>2024-08-25T09:05:11Z</time>
   </trkpt>
   <trkpt lat="47.1954530" lon="2.3985470">
    <ele>163.5</ele>
    <time>2024-08-25T09:05:12Z</time>
   </trkpt>
   <trkpt lat="47.1954620" lon="2.3985640">
    <ele>163.5</ele>
    <time>2024-08-25T09:05:13Z</time>
   </trkpt>
   <trkpt lat="47.1954800" lon="2.3985930">
    <ele>163.5</ele>
    <time>2024-08-25T09:05:14Z</time>
   </trkpt>
   <trkpt lat="47.1955020" lon="2.3986210">
    <ele>163.5</ele>
    <time>2024-08-25T09:05:15Z</time>
   </trkpt>
   <trkpt lat="47.1955270" lon="2.3986470">
    <ele>163.5</ele>
    <time>2024-08-25T09:05:16Z</time>
   </trkpt>
   <trkpt lat="47.1955540" lon="2.3986650">
    <ele>163.5</ele>
    <time>2024-08-25T09:05:17Z</time>
   </trkpt>
   <trkpt lat="47.1955820" lon="2.3986750">
    <ele>163.5</ele>
    <time>2024-08-25T09:05:18Z</time>
   </trkpt>
   <trkpt lat="47.1956220" lon="2.3986810">
    <ele>163.5</ele>
    <time>2024-08-25T09:05:19Z</time>
   </trkpt>
   <trkpt lat="47.1956370" lon="2.3986830">
    <ele>163.5</ele>
    <time>2024-08-25T09:05:20Z</time>
   </trkpt>
   <trkpt lat="47.1956660" lon="2.3986860">
    <ele>163.5</ele>
    <time>2024-08-25T09:05:21Z</time>
   </trkpt>
   <trkpt lat="47.1956950" lon="2.3986890">
    <ele>163.5</ele>
    <time>2024-08-25T09:05:22Z</time>
   </trkpt>
   <trkpt lat="47.1957280" lon="2.3986930">
    <ele>163.6</ele>
    <time>2024-08-25T09:05:23Z</time>
   </trkpt>
   <trkpt lat="47.1957610" lon="2.3986990">
    <ele>163.6</ele>
    <time>2024-08-25T09:05:24Z</time>
   </trkpt>
   <trkpt lat="47.1957910" lon="2.3987040">
    <ele>163.6</ele>
    <time>2024-08-25T09:05:25Z</time>
   </trkpt>
   <trkpt lat="47.1958210" lon="2.3987090">
    <ele>163.6</ele>
    <time>2024-08-25T09:05:26Z</time>
   </trkpt>
   <trkpt lat="47.1958530" lon="2.3987130">
    <ele>163.6</ele>
    <time>2024-08-25T09:05:27Z</time>
   </trkpt>
   <trkpt lat="47.1958920" lon="2.3987120">
    <ele>163.6</ele>
    <time>2024-08-25T09:05:28Z</time>
   </trkpt>
   <trkpt lat="47.1959050" lon="2.3987100">
    <ele>163.6</ele>
    <time>2024-08-25T09:05:29Z</time>
   </trkpt>
   <trkpt lat="47.1959350" lon="2.3986990">
    <ele>163.7</ele>
    <time>2024-08-25T09:05:30Z</time>
   </trkpt>
   <trkpt lat="47.1959620" lon="2.3986920">
    <ele>163.7</ele>
    <time>2024-08-25T09:05:31Z</time>
   </trkpt>
   <trkpt lat="47.1960030" lon="2.3986850">
    <ele>163.7</ele>
    <time>2024-08-25T09:05:32Z</time>
   </trkpt>
   <trkpt lat="47.1960190" lon="2.3986820">
    <ele>163.8</ele>
    <time>2024-08-25T09:05:33Z</time>
   </trkpt>
   <trkpt lat="47.1960480" lon="2.3986750">
    <ele>163.8</ele>
    <time>2024-08-25T09:05:34Z</time>
   </trkpt>
   <trkpt lat="47.1960760" lon="2.3986690">
    <ele>163.9</ele>
    <time>2024-08-25T09:05:35Z</time>
   </trkpt>
   <trkpt lat="47.1961090" lon="2.3986650">
    <ele>163.9</ele>
    <time>2024-08-25T09:05:36Z</time>
   </trkpt>
   <trkpt lat="47.1961430" lon="2.3986590">
    <ele>164.0</ele>
    <time>2024-08-25T09:05:37Z</time>
   </trkpt>
   <trkpt lat="47.1961750" lon="2.3986480">
    <ele>164.0</ele>
    <time>2024-08-25T09:05:38Z</time>
   </trkpt>
   <trkpt lat="47.1962070" lon="2.3986340">
    <ele>164.1</ele>
    <time>2024-08-25T09:05:39Z</time>
   </trkpt>
   <trkpt lat="47.1962360" lon="2.3986170">
    <ele>164.2</ele>
    <time>2024-08-25T09:05:40Z</time>
   </trkpt>
   <trkpt lat="47.1962620" lon="2.3986020">
    <ele>164.2</ele>
    <time>2024-08-25T09:05:41Z</time>
   </trkpt>
   <trkpt lat="47.1962890" lon="2.3985850">
    <ele>164.3</ele>
    <time>2024-08-25T09:05:42Z</time>
   </trkpt>
   <trkpt lat="47.1963160" lon="2.3985710">
    <ele>164.3</ele>
    <time>2024-08-25T09:05:43Z</time>
   </trkpt>
   <trkpt lat="47.1963500" lon="2.3985570">
    <ele>164.4</ele>
    <time>2024-08-25T09:05:44Z</time>
   </trkpt>
   <trkpt lat="47.1963620" lon="2.3985530">
    <ele>164.4</ele>
    <time>2024-08-25T09:05:45Z</time>
   </trkpt>
   <trkpt lat="47.1963960" lon="2.3985390">
    <ele>164.4</ele>
    <time>2024-08-25T09:05:46Z</time>
   </trkpt>
   <trkpt lat="47.1964050" lon="2.3985330">
    <ele>164.5</ele>
    <time>2024-08-25T09:05:47Z</time>
   </trkpt>
   <trkpt lat="47.1964380" lon="2.3985110">
    <ele>164.5</ele>
    <time>2024-08-25T09:05:48Z</time>
   </trkpt>
   <trkpt lat="47.1964500" lon="2.3985040">
    <ele>164.5</ele>
    <time>2024-08-25T09:05:49Z</time>
   </trkpt>
   <trkpt lat="47.1964810" lon="2.3984810">
    <ele>164.6</ele>
    <time>2024-08-25T09:05:50Z</time>
   </trkpt>
   <trkpt lat="47.1964900" lon="2.3984730">
    <ele>164.6</ele>
    <time>2024-08-25T09:05:51Z</time>
   </trkpt>
   <trkpt lat="47.1965240" lon="2.3984480">
    <ele>164.6</ele>
    <time>2024-08-25T09:05:52Z</time>
   </trkpt>
   <trkpt lat="47.1965360" lon="2.3984400">
    <ele>164.7</ele>
    <time>2024-08-25T09:05:53Z</time>
   </trkpt>
   <trkpt lat="47.1965640" lon="2.3984210">
    <ele>164.7</ele>
    <time>2024-08-25T09:05:54Z</time>
   </trkpt>
   <trkpt lat="47.1965730" lon="2.3984140">
    <ele>164.7</ele>
    <time>2024-08-25T09:05:55Z</time>
   </trkpt>
   <trkpt lat="47.1966050" lon="2.3983900">
    <ele>164.8</ele>
    <time>2024-08-25T09:05:56Z</time>
   </trkpt>
   <trkpt lat="47.1966160" lon="2.3983830">
    <ele>164.8</ele>
    <time>2024-08-25T09:05:57Z</time>
   </trkpt>
   <trkpt lat="47.1966560" lon="2.3983700">
    <ele>164.8</ele>
    <time>2024-08-25T09:05:58Z</time>
   </trkpt>
   <trkpt lat="47.1966700" lon="2.3983660">
    <ele>164.8</ele>
    <time>2024-08-25T09:05:59Z</time>
   </trkpt>
   <trkpt lat="47.1966990" lon="2.3983580">
    <ele>164.9</ele>
    <time>2024-08-25T09:06:00Z</time>
   </trkpt>
   <trkpt lat="47.1967260" lon="2.3983450">
    <ele>164.9</ele>
    <time>2024-08-25T09:06:01Z</time>
   </trkpt>
   <trkpt lat="47.1967530" lon="2.3983280">
    <ele>165.0</ele>
    <time>2024-08-25T09:06:02Z</time>
   </trkpt>
   <trkpt lat="47.1967890" lon="2.3983080">
    <ele>165.0</ele>
    <time>2024-08-25T09:06:03Z</time>
   </trkpt>
   <trkpt lat="47.1968010" lon="2.3983020">
    <ele>165.0</ele>
    <time>2024-08-25T09:06:04Z</time>
   </trkpt>
   <trkpt lat="47.1968350" lon="2.3982850">
    <ele>165.1</ele>
    <time>2024-08-25T09:06:05Z</time>
   </trkpt>
   <trkpt lat="47.1968470" lon="2.3982800">
    <ele>165.1</ele>
    <time>2024-08-25T09:06:06Z</time>
   </trkpt>
   <trkpt lat="47.1968820" lon="2.3982610">
    <ele>165.1</ele>
    <time>2024-08-25T09:06:07Z</time>
   </trkpt>
   <trkpt lat="47.1968950" lon="2.3982550">
    <ele>165.2</ele>
    <time>2024-08-25T09:06:08Z</time>
   </trkpt>
   <trkpt lat="47.1969230" lon="2.3982410">
    <ele>165.2</ele>
    <time>2024-08-25T09:06:09Z</time>
   </trkpt>
   <trkpt lat="47.1969600" lon="2.3982200">
    <ele>165.3</ele>
    <time>2024-08-25T09:06:10Z</time>
   </trkpt>
   <trkpt lat="47.1969720" lon="2.3982140">
    <ele>165.3</ele>
    <time>2024-08-25T09:06:11Z</time>
   </trkpt>
   <trkpt lat="47.1970000" lon="2.3982030">
    <ele>165.3</ele>
    <time>2024-08-25T09:06:12Z</time>
   </trkpt>
   <trkpt lat="47.1970360" lon="2.3981780">
    <ele>165.4</ele>
    <time>2024-08-25T09:06:13Z</time>
   </trkpt>
   <trkpt lat="47.1970490" lon="2.3981700">
    <ele>165.4</ele>
    <time>2024-08-25T09:06:14Z</time>
   </trkpt>
   <trkpt lat="47.1970750" lon="2.3981500">
    <ele>165.4</ele>
    <time>2024-08-25T09:06:15Z</time>
   </trkpt>
   <trkpt lat="47.1971020" lon="2.3981320">
    <ele>165.4</ele>
    <time>2024-08-25T09:06:16Z</time>
   </trkpt>
   <trkpt lat="47.1971260" lon="2.3981110">
    <ele>165.4</ele>
    <time>2024-08-25T09:06:17Z</time>
   </trkpt>
   <trkpt lat="47.1971580" lon="2.3980800">
    <ele>165.4</ele>
    <time>2024-08-25T09:06:18Z</time>
   </trkpt>
   <trkpt lat="47.1971680" lon="2.3980700">
    <ele>165.4</ele>
    <time>2024-08-25T09:06:19Z</time>
   </trkpt>
   <trkpt lat="47.1971960" lon="2.3980400">
    <ele>165.4</ele>
    <time>2024-08-25T09:06:20Z</time>
   </trkpt>
   <trkpt lat="47.1972060" lon="2.3980310">
    <ele>165.4</ele>
    <time>2024-08-25T09:06:21Z</time>
   </trkpt>
   <trkpt lat="47.1972400" lon="2.3980030">
    <ele>165.4</ele>
    <time>2024-08-25T09:06:22Z</time>
   </trkpt>
   <trkpt lat="47.1972510" lon="2.3979950">
    <ele>165.4</ele>
    <time>2024-08-25T09:06:23Z</time>
   </trkpt>
   <trkpt lat="47.1972840" lon="2.3979720">
    <ele>165.4</ele>
    <time>2024-08-25T09:06:24Z</time>
   </trkpt>
   <trkpt lat="47.1972970" lon="2.3979640">
    <ele>165.4</ele>
    <time>2024-08-25T09:06:25Z</time>
   </trkpt>
   <trkpt lat="47.1973220" lon="2.3979460">
    <ele>165.5</ele>
    <time>2024-08-25T09:06:26Z</time>
   </trkpt>
   <trkpt lat="47.1973470" lon="2.3979280">
    <ele>165.5</ele>
    <time>2024-08-25T09:06:27Z</time>
   </trkpt>
   <trkpt lat="47.1973760" lon="2.3979060">
    <ele>165.5</ele>
    <time>2024-08-25T09:06:28Z</time>
   </trkpt>
   <trkpt lat="47.1974060" lon="2.3978850">
    <ele>165.5</ele>
    <time>2024-08-25T09:06:29Z</time>
   </trkpt>
   <trkpt lat="47.1974350" lon="2.3978680">
    <ele>165.5</ele>
    <time>2024-08-25T09:06:30Z</time>
   </trkpt>
   <trkpt lat="47.1974650" lon="2.3978540">
    <ele>165.6</ele>
    <time>2024-08-25T09:06:31Z</time>
   </trkpt>
   <trkpt lat="47.1974960" lon="2.3978420">
    <ele>165.6</ele>
    <time>2024-08-25T09:06:32Z</time>
   </trkpt>
   <trkpt lat="47.1975280" lon="2.3978300">
    <ele>165.6</ele>
    <time>2024-08-25T09:06:33Z</time>
   </trkpt>
   <trkpt lat="47.1975610" lon="2.3978190">
    <ele>165.6</ele>
    <time>2024-08-25T09:06:34Z</time>
   </trkpt>
   <trkpt lat="47.1975920" lon="2.3978070">
    <ele>165.7</ele>
    <time>2024-08-25T09:06:35Z</time>
   </trkpt>
   <trkpt lat="47.1976270" lon="2.3977880">
    <ele>165.7</ele>
    <time>2024-08-25T09:06:36Z</time>
   </trkpt>
   <trkpt lat="47.1976600" lon="2.3977700">
    <ele>165.7</ele>
    <time>2024-08-25T09:06:37Z</time>
   </trkpt>
   <trkpt lat="47.1976900" lon="2.3977480">
    <ele>165.8</ele>
    <time>2024-08-25T09:06:38Z</time>
   </trkpt>
   <trkpt lat="47.1977190" lon="2.3977250">
    <ele>165.8</ele>
    <time>2024-08-25T09:06:39Z</time>
   </trkpt>
   <trkpt lat="47.1977480" lon="2.3977040">
    <ele>165.8</ele>
    <time>2024-08-25T09:06:40Z</time>
   </trkpt>
   <trkpt lat="47.1977770" lon="2.3976890">
    <ele>165.8</ele>
    <time>2024-08-25T09:06:41Z</time>
   </trkpt>
   <trkpt lat="47.1978060" lon="2.3976740">
    <ele>165.9</ele>
    <time>2024-08-25T09:06:42Z</time>
   </trkpt>
   <trkpt lat="47.1978360" lon="2.3976600">
    <ele>165.9</ele>
    <time>2024-08-25T09:06:43Z</time>
   </trkpt>
   <trkpt lat="47.1978660" lon="2.3976440">
    <ele>165.9</ele>
    <time>2024-08-25T09:06:44Z</time>
   </trkpt>
   <trkpt lat="47.1978920" lon="2.3976260">
    <ele>166.0</ele>
    <time>2024-08-25T09:06:45Z</time>
   </trkpt>
   <trkpt lat="47.1979180" lon="2.3976070">
    <ele>166.0</ele>
    <time>2024-08-25T09:06:46Z</time>
   </trkpt>
   <trkpt lat="47.1979460" lon="2.3975870">
    <ele>166.0</ele>
    <time>2024-08-25T09:06:47Z</time>
   </trkpt>
   <trkpt lat="47.1979730" lon="2.3975680">
    <ele>166.1</ele>
    <time>2024-08-25T09:06:48Z</time>
   </trkpt>
   <trkpt lat="47.1980000" lon="2.3975520">
    <ele>166.1</ele>
    <time>2024-08-25T09:06:49Z</time>
   </trkpt>
   <trkpt lat="47.1980370" lon="2.3975330">
    <ele>166.1</ele>
    <time>2024-08-25T09:06:50Z</time>
   </trkpt>
   <trkpt lat="47.1980480" lon="2.3975260">
    <ele>166.2</ele>
    <time>2024-08-25T09:06:51Z</time>
   </trkpt>
   <trkpt lat="47.1980860" lon="2.3975070">
    <ele>166.2</ele>
    <time>2024-08-25T09:06:52Z</time>
   </trkpt>
   <trkpt lat="47.1980980" lon="2.3975000">
    <ele>166.2</ele>
    <time>2024-08-25T09:06:53Z</time>
   </trkpt>
   <trkpt lat="47.1981260" lon="2.3974910">
    <ele>166.3</ele>
    <time>2024-08-25T09:06:54Z</time>
   </trkpt>
   <trkpt lat="47.1981520" lon="2.3974800">
    <ele>166.3</ele>
    <time>2024-08-25T09:06:55Z</time>
   </trkpt>
   <trkpt lat="47.1981900" lon="2.3974610">
    <ele>166.4</ele>
    <time>2024-08-25T09:06:56Z</time>
   </trkpt>
   <trkpt lat="47.1982020" lon="2.3974540">
    <ele>166.4</ele>
    <time>2024-08-25T09:06:57Z</time>
   </trkpt>
   <trkpt lat="47.1982280" lon="2.3974380">
    <ele>166.4</ele>
    <time>2024-08-25T09:06:58Z</time>
   </trkpt>
   <trkpt lat="47.1982640" lon="2.3974170">
    <ele>166.5</ele>
    <time>2024-08-25T09:06:59Z</time>
   </trkpt>
   <trkpt lat="47.1982760" lon="2.3974110">
    <ele>166.5</ele>
    <time>2024-08-25T09:07:00Z</time>
   </trkpt>
   <trkpt lat="47.1983130" lon="2.3973900">
    <ele>166.5</ele>
    <time>2024-08-25T09:07:01Z</time>
   </trkpt>
   <trkpt lat="47.1983260" lon="2.3973820">
    <ele>166.5</ele>
    <time>2024-08-25T09:07:02Z</time>
   </trkpt>
   <trkpt lat="47.1983540" lon="2.3973640">
    <ele>166.6</ele>
    <time>2024-08-25T09:07:03Z</time>
   </trkpt>
   <trkpt lat="47.1983800" lon="2.3973470">
    <ele>166.6</ele>
    <time>2024-08-25T09:07:04Z</time>
   </trkpt>
   <trkpt lat="47.1984080" lon="2.3973240">
    <ele>166.7</ele>
    <time>2024-08-25T09:07:05Z</time>
   </trkpt>
   <trkpt lat="47.1984370" lon="2.3973020">
    <ele>166.7</ele>
    <time>2024-08-25T09:07:06Z</time>
   </trkpt>
   <trkpt lat="47.1984670" lon="2.3972800">
    <ele>166.8</ele>
    <time>2024-08-25T09:07:07Z</time>
   </trkpt>
   <trkpt lat="47.1984930" lon="2.3972610">
    <ele>166.8</ele>
    <time>2024-08-25T09:07:08Z</time>
   </trkpt>
   <trkpt lat="47.1985180" lon="2.3972450">
    <ele>166.9</ele>
    <time>2024-08-25T09:07:09Z</time>
   </trkpt>
   <trkpt lat="47.1985470" lon="2.3972280">
    <ele>166.9</ele>
    <time>2024-08-25T09:07:10Z</time>
   </trkpt>
   <trkpt lat="47.1985750" lon="2.3972140">
    <ele>167.0</ele>
    <time>2024-08-25T09:07:11Z</time>
   </trkpt>
   <trkpt lat="47.1986130" lon="2.3971930">
    <ele>167.0</ele>
    <time>2024-08-25T09:07:12Z</time>
   </trkpt>
   <trkpt lat="47.1986260" lon="2.3971850">
    <ele>167.1</ele>
    <time>2024-08-25T09:07:13Z</time>
   </trkpt>
   <trkpt lat="47.1986560" lon="2.3971630">
    <ele>167.1</ele>
    <time>2024-08-25T09:07:14Z</time>
   </trkpt>
   <trkpt lat="47.1986860" lon="2.3971400">
    <ele>167.2</ele>
    <time>2024-08-25T09:07:15Z</time>
   </trkpt>
   <trkpt lat="47.1987150" lon="2.3971150">
    <ele>167.2</ele>
    <time>2024-08-25T09:07:16Z</time>
   </trkpt>
   <trkpt lat="47.1987450" lon="2.3970870">
    <ele>167.3</ele>
    <time>2024-08-25T09:07:17Z</time>
   </trkpt>
   <trkpt lat="47.1987740" lon="2.3970620">
    <ele>167.4</ele>
    <time>2024-08-25T09:07:18Z</time>
   </trkpt>
   <trkpt lat="47.1988040" lon="2.3970380">
    <ele>167.4</ele>
    <time>2024-08-25T09:07:19Z</time>
   </trkpt>
   <trkpt lat="47.1988300" lon="2.3970100">
    <ele>167.5</ele>
    <time>2024-08-25T09:07:20Z</time>
   </trkpt>
   <trkpt lat="47.1988510" lon="2.3969920">
    <ele>167.5</ele>
    <time>2024-08-25T09:07:21Z</time>
   </trkpt>
   <trkpt lat="47.1988610" lon="2.3969840">
    <ele>167.6</ele>
    <time>2024-08-25T09:07:22Z</time>
   </trkpt>
   <trkpt lat="47.1988600" lon="2.3969680">
    <ele>167.6</ele>
    <time>2024-08-25T09:07:23Z</time>
   </trkpt>
   <trkpt lat="47.1988520" lon="2.3969600">
    <ele>167.5</ele>
    <time>2024-08-25T09:07:24Z</time>
   </trkpt>
   <trkpt lat="47.1988440" lon="2.3969530">
    <ele>167.5</ele>
    <time>2024-08-25T09:07:25Z</time>
   </trkpt>
   <trkpt lat="47.1988360" lon="2.3969450">
    <ele>167.5</ele>
    <time>2024-08-25T09:07:26Z</time>
   </trkpt>
   <trkpt lat="47.1988190" lon="2.3969490">
    <ele>167.4</ele>
    <time>2024-08-25T09:07:27Z</time>
   </trkpt>
   <trkpt lat="47.1988030" lon="2.3969570">
    <ele>167.4</ele>
    <time>2024-08-25T09:07:28Z</time>
   </trkpt>
   <trkpt lat="47.1987870" lon="2.3969610">
    <ele>167.3</ele>
    <time>2024-08-25T09:07:29Z</time>
   </trkpt>
   <trkpt lat="47.1987710" lon="2.3969570">
    <ele>167.3</ele>
    <time>2024-08-25T09:07:30Z</time>
   </trkpt>
   <trkpt lat="47.1987540" lon="2.3969280">
    <ele>167.2</ele>
    <time>2024-08-25T09:07:31Z</time>
   </trkpt>
   <trkpt lat="47.1987500" lon="2.3969120">
    <ele>167.2</ele>
    <time>2024-08-25T09:07:32Z</time>
   </trkpt>
   <trkpt lat="47.1987500" lon="2.3968720">
    <ele>167.1</ele>
    <time>2024-08-25T09:07:33Z</time>
   </trkpt>
   <trkpt lat="47.1987620" lon="2.3968300">
    <ele>167.1</ele>
    <time>2024-08-25T09:07:34Z</time>
   </trkpt>
   <trkpt lat="47.1987820" lon="2.3967860">
    <ele>167.0</ele>
    <time>2024-08-25T09:07:35Z</time>
   </trkpt>
   <trkpt lat="47.1988080" lon="2.3967480">
    <ele>167.0</ele>
    <time>2024-08-25T09:07:36Z</time>
   </trkpt>
   <trkpt lat="47.1988340" lon="2.3967120">
    <ele>167.0</ele>
    <time>2024-08-25T09:07:37Z</time>
   </trkpt>
   <trkpt lat="47.1988580" lon="2.3966770">
    <ele>166.9</ele>
    <time>2024-08-25T09:07:38Z</time>
   </trkpt>
   <trkpt lat="47.1988800" lon="2.3966490">
    <ele>166.9</ele>
    <time>2024-08-25T09:07:39Z</time>
   </trkpt>
   <trkpt lat="47.1989000" lon="2.3966220">
    <ele>166.9</ele>
    <time>2024-08-25T09:07:40Z</time>
   </trkpt>
   <trkpt lat="47.1989270" lon="2.3965940">
    <ele>166.9</ele>
    <time>2024-08-25T09:07:41Z</time>
   </trkpt>
   <trkpt lat="47.1989530" lon="2.3965710">
    <ele>166.9</ele>
    <time>2024-08-25T09:07:42Z</time>
   </trkpt>
   <trkpt lat="47.1989770" lon="2.3965520">
    <ele>166.9</ele>
    <time>2024-08-25T09:07:43Z</time>
   </trkpt>
   <trkpt lat="47.1990030" lon="2.3965330">
    <ele>166.9</ele>
    <time>2024-08-25T09:07:44Z</time>
   </trkpt>
   <trkpt lat="47.1990290" lon="2.3965120">
    <ele>166.8</ele>
    <time>2024-08-25T09:07:45Z</time>
   </trkpt>
   <trkpt lat="47.1990570" lon="2.3964910">
    <ele>166.8</ele>
    <time>2024-08-25T09:07:46Z</time>
   </trkpt>
   <trkpt lat="47.1990830" lon="2.3964680">
    <ele>166.8</ele>
    <time>2024-08-25T09:07:47Z</time>
   </trkpt>
   <trkpt lat="47.1991080" lon="2.3964470">
    <ele>166.8</ele>
    <time>2024-08-25T09:07:48Z</time>
   </trkpt>
   <trkpt lat="47.1991460" lon="2.3964240">
    <ele>166.8</ele>
    <time>2024-08-25T09:07:49Z</time>
   </trkpt>
   <trkpt lat="47.1991600" lon="2.3964160">
    <ele>166.8</ele>
    <time>2024-08-25T09:07:50Z</time>
   </trkpt>
   <trkpt lat="47.1991860" lon="2.3964020">
    <ele>166.8</ele>
    <time>2024-08-25T09:07:51Z</time>
   </trkpt>
   <trkpt lat="47.1992150" lon="2.3963880">
    <ele>166.8</ele>
    <time>2024-08-25T09:07:52Z</time>
   </trkpt>
   <trkpt lat="47.1992440" lon="2.3963730">
    <ele>166.8</ele>
    <time>2024-08-25T09:07:53Z</time>
   </trkpt>
   <trkpt lat="47.1992700" lon="2.3963560">
    <ele>166.8</ele>
    <time>2024-08-25T09:07:54Z</time>
   </trkpt>
   <trkpt lat="47.1992940" lon="2.3963380">
    <ele>166.8</ele>
    <time>2024-08-25T09:07:55Z</time>
   </trkpt>
   <trkpt lat="47.1993290" lon="2.3963150">
    <ele>166.8</ele>
    <time>2024-08-25T09:07:56Z</time>
   </trkpt>
   <trkpt lat="47.1993410" lon="2.3963070">
    <ele>166.8</ele>
    <time>2024-08-25T09:07:57Z</time>
   </trkpt>
   <trkpt lat="47.1993680" lon="2.3962900">
    <ele>166.8</ele>
    <time>2024-08-25T09:07:58Z</time>
   </trkpt>
   <trkpt lat="47.1993930" lon="2.3962710">
    <ele>166.8</ele>
    <time>2024-08-25T09:07:59Z</time>
   </trkpt>
   <trkpt lat="47.1994220" lon="2.3962530">
    <ele>166.8</ele>
    <time>2024-08-25T09:08:00Z</time>
   </trkpt>
   <trkpt lat="47.1994500" lon="2.3962390">
    <ele>166.8</ele>
    <time>2024-08-25T09:08:01Z</time>
   </trkpt>
   <trkpt lat="47.1994830" lon="2.3962200">
    <ele>166.8</ele>
    <time>2024-08-25T09:08:02Z</time>
   </trkpt>
   <trkpt lat="47.1994940" lon="2.3962140">
    <ele>166.8</ele>
    <time>2024-08-25T09:08:03Z</time>
   </trkpt>
   <trkpt lat="47.1995270" lon="2.3961920">
    <ele>166.8</ele>
    <time>2024-08-25T09:08:04Z</time>
   </trkpt>
   <trkpt lat="47.1995380" lon="2.3961840">
    <ele>166.8</ele>
    <time>2024-08-25T09:08:05Z</time>
   </trkpt>
   <trkpt lat="47.1995680" lon="2.3961580">
    <ele>166.8</ele>
    <time>2024-08-25T09:08:06Z</time>
   </trkpt>
   <trkpt lat="47.1995770" lon="2.3961480">
    <ele>166.8</ele>
    <time>2024-08-25T09:08:07Z</time>
   </trkpt>
   <trkpt lat="47.1996070" lon="2.3961090">
    <ele>166.8</ele>
    <time>2024-08-25T09:08:08Z</time>
   </trkpt>
   <trkpt lat="47.1996170" lon="2.3960940">
    <ele>166.8</ele>
    <time>2024-08-25T09:08:09Z</time>
   </trkpt>
   <trkpt lat="47.1996400" lon="2.3960620">
    <ele>166.8</ele>
    <time>2024-08-25T09:08:10Z</time>
   </trkpt>
   <trkpt lat="47.1996630" lon="2.3960350">
    <ele>166.8</ele>
    <time>2024-08-25T09:08:11Z</time>
   </trkpt>
   <trkpt lat="47.1996860" lon="2.3960090">
    <ele>166.8</ele>
    <time>2024-08-25T09:08:12Z</time>
   </trkpt>
   <trkpt lat="47.1997180" lon="2.3959760">
    <ele>166.8</ele>
    <time>2024-08-25T09:08:13Z</time>
   </trkpt>
   <trkpt lat="47.1997280" lon="2.3959650">
    <ele>166.7</ele>
    <time>2024-08-25T09:08:14Z</time>
   </trkpt>
   <trkpt lat="47.1997600" lon="2.3959310">
    <ele>166.7</ele>
    <time>2024-08-25T09:08:15Z</time>
   </trkpt>
   <trkpt lat="47.1997700" lon="2.3959210">
    <ele>166.7</ele>
    <time>2024-08-25T09:08:16Z</time>
   </trkpt>
   <trkpt lat="47.1997980" lon="2.3958880">
    <ele>166.7</ele>
    <time>2024-08-25T09:08:17Z</time>
   </trkpt>
   <trkpt lat="47.1998070" lon="2.3958780">
    <ele>166.7</ele>
    <time>2024-08-25T09:08:18Z</time>
   </trkpt>
   <trkpt lat="47.1998360" lon="2.3958500">
    <ele>166.6</ele>
    <time>2024-08-25T09:08:19Z</time>
   </trkpt>
   <trkpt lat="47.1998460" lon="2.3958410">
    <ele>166.5</ele>
    <time>2024-08-25T09:08:20Z</time>
   </trkpt>
   <trkpt lat="47.1998730" lon="2.3958050">
    <ele>166.3</ele>
    <time>2024-08-25T09:08:21Z</time>
   </trkpt>
   <trkpt lat="47.1998810" lon="2.3957920">
    <ele>166.3</ele>
    <time>2024-08-25T09:08:22Z</time>
   </trkpt>
   <trkpt lat="47.1999050" lon="2.3957530">
    <ele>166.1</ele>
    <time>2024-08-25T09:08:23Z</time>
   </trkpt>
   <trkpt lat="47.1999140" lon="2.3957400">
    <ele>166.0</ele>
    <time>2024-08-25T09:08:24Z</time>
   </trkpt>
   <trkpt lat="47.1999420" lon="2.3957010">
    <ele>165.8</ele>
    <time>2024-08-25T09:08:25Z</time>
   </trkpt>
   <trkpt lat="47.1999510" lon="2.3956870">
    <ele>165.7</ele>
    <time>2024-08-25T09:08:26Z</time>
   </trkpt>
   <trkpt lat="47.1999760" lon="2.3956420">
    <ele>165.5</ele>
    <time>2024-08-25T09:08:27Z</time>
   </trkpt>
   <trkpt lat="47.1999840" lon="2.3956260">
    <ele>165.4</ele>
    <time>2024-08-25T09:08:28Z</time>
   </trkpt>
   <trkpt lat="47.2000030" lon="2.3955930">
    <ele>165.3</ele>
    <time>2024-08-25T09:08:29Z</time>
   </trkpt>
   <trkpt lat="47.2000190" lon="2.3955570">
    <ele>165.1</ele>
    <time>2024-08-25T09:08:30Z</time>
   </trkpt>
   <trkpt lat="47.2000320" lon="2.3955210">
    <ele>165.0</ele>
    <time>2024-08-25T09:08:31Z</time>
   </trkpt>
   <trkpt lat="47.2000350" lon="2.3954640">
    <ele>164.8</ele>
    <time>2024-08-25T09:08:32Z</time>
   </trkpt>
   <trkpt lat="47.2000340" lon="2.3954440">
    <ele>164.7</ele>
    <time>2024-08-25T09:08:33Z</time>
   </trkpt>
   <trkpt lat="47.2000250" lon="2.3954060">
    <ele>164.6</ele>
    <time>2024-08-25T09:08:34Z</time>
   </trkpt>
   <trkpt lat="47.2000120" lon="2.3953670">
    <ele>164.4</ele>
    <time>2024-08-25T09:08:35Z</time>
   </trkpt>
   <trkpt lat="47.1999960" lon="2.3953170">
    <ele>164.3</ele>
    <time>2024-08-25T09:08:36Z</time>
   </trkpt>
   <trkpt lat="47.1999910" lon="2.3953010">
    <ele>164.2</ele>
    <time>2024-08-25T09:08:37Z</time>
   </trkpt>
   <trkpt lat="47.1999860" lon="2.3952530">
    <ele>164.1</ele>
    <time>2024-08-25T09:08:38Z</time>
   </trkpt>
   <trkpt lat="47.1999870" lon="2.3952340">
    <ele>164.0</ele>
    <time>2024-08-25T09:08:39Z</time>
   </trkpt>
   <trkpt lat="47.1999960" lon="2.3951860">
    <ele>163.9</ele>
    <time>2024-08-25T09:08:40Z</time>
   </trkpt>
   <trkpt lat="47.2000050" lon="2.3951400">
    <ele>163.8</ele>
    <time>2024-08-25T09:08:41Z</time>
   </trkpt>
   <trkpt lat="47.2000140" lon="2.3950990">
    <ele>163.7</ele>
    <time>2024-08-25T09:08:42Z</time>
   </trkpt>
   <trkpt lat="47.2000240" lon="2.3950420">
    <ele>163.6</ele>
    <time>2024-08-25T09:08:43Z</time>
   </trkpt>
   <trkpt lat="47.2000260" lon="2.3950230">
    <ele>163.6</ele>
    <time>2024-08-25T09:08:44Z</time>
   </trkpt>
   <trkpt lat="47.2000320" lon="2.3949840">
    <ele>163.5</ele>
    <time>2024-08-25T09:08:45Z</time>
   </trkpt>
   <trkpt lat="47.2000350" lon="2.3949310">
    <ele>163.5</ele>
    <time>2024-08-25T09:08:46Z</time>
   </trkpt>
   <trkpt lat="47.2000350" lon="2.3949120">
    <ele>163.5</ele>
    <time>2024-08-25T09:08:47Z</time>
   </trkpt>
   <trkpt lat="47.2000320" lon="2.3948680">
    <ele>163.5</ele>
    <time>2024-08-25T09:08:48Z</time>
   </trkpt>
   <trkpt lat="47.2000260" lon="2.3948240">
    <ele>163.5</ele>
    <time>2024-08-25T09:08:49Z</time>
   </trkpt>
   <trkpt lat="47.2000140" lon="2.3947820">
    <ele>163.5</ele>
    <time>2024-08-25T09:08:50Z</time>
   </trkpt>
   <trkpt lat="47.1999990" lon="2.3947440">
    <ele>163.5</ele>
    <time>2024-08-25T09:08:51Z</time>
   </trkpt>
   <trkpt lat="47.1999780" lon="2.3947090">
    <ele>163.6</ele>
    <time>2024-08-25T09:08:52Z</time>
   </trkpt>
   <trkpt lat="47.1999580" lon="2.3946810">
    <ele>163.6</ele>
    <time>2024-08-25T09:08:53Z</time>
   </trkpt>
   <trkpt lat="47.1999360" lon="2.3946520">
    <ele>163.6</ele>
    <time>2024-08-25T09:08:54Z</time>
   </trkpt>
   <trkpt lat="47.1999040" lon="2.3946230">
    <ele>163.6</ele>
    <time>2024-08-25T09:08:55Z</time>
   </trkpt>
   <trkpt lat="47.1998940" lon="2.3946140">
    <ele>163.6</ele>
    <time>2024-08-25T09:08:56Z</time>
   </trkpt>
   <trkpt lat="47.1998670" lon="2.3945950">
    <ele>163.6</ele>
    <time>2024-08-25T09:08:57Z</time>
   </trkpt>
   <trkpt lat="47.1998350" lon="2.3945790">
    <ele>163.5</ele>
    <time>2024-08-25T09:08:58Z</time>
   </trkpt>
   <trkpt lat="47.1998040" lon="2.3945660">
    <ele>163.5</ele>
    <time>2024-08-25T09:08:59Z</time>
   </trkpt>
   <trkpt lat="47.1997770" lon="2.3945520">
    <ele>163.5</ele>
    <time>2024-08-25T09:09:00Z</time>
   </trkpt>
   <trkpt lat="47.1997510" lon="2.3945380">
    <ele>163.5</ele>
    <time>2024-08-25T09:09:01Z</time>
   </trkpt>
   <trkpt lat="47.1997140" lon="2.3945210">
    <ele>163.5</ele>
    <time>2024-08-25T09:09:02Z</time>
   </trkpt>
   <trkpt lat="47.1997010" lon="2.3945190">
    <ele>163.5</ele>
    <time>2024-08-25T09:09:03Z</time>
   </trkpt>
   <trkpt lat="47.1996660" lon="2.3945250">
    <ele>163.5</ele>
    <time>2024-08-25T09:09:04Z</time>
   </trkpt>
   <trkpt lat="47.1996300" lon="2.3945400">
    <ele>163.5</ele>
    <time>2024-08-25T09:09:05Z</time>
   </trkpt>
   <trkpt lat="47.1995990" lon="2.3945600">
    <ele>163.5</ele>
    <time>2024-08-25T09:09:06Z</time>
   </trkpt>
   <trkpt lat="47.1995680" lon="2.3945820">
    <ele>163.5</ele>
    <time>2024-08-25T09:09:07Z</time>
   </trkpt>
   <trkpt lat="47.1995420" lon="2.3946020">
    <ele>163.4</ele>
    <time>2024-08-25T09:09:08Z</time>
   </trkpt>
   <trkpt lat="47.1995120" lon="2.3946250">
    <ele>163.4</ele>
    <time>2024-08-25T09:09:09Z</time>
   </trkpt>
   <trkpt lat="47.1994810" lon="2.3946470">
    <ele>163.4</ele>
    <time>2024-08-25T09:09:10Z</time>
   </trkpt>
   <trkpt lat="47.1994560" lon="2.3946660">
    <ele>163.4</ele>
    <time>2024-08-25T09:09:11Z</time>
   </trkpt>
   <trkpt lat="47.1994240" lon="2.3946860">
    <ele>163.4</ele>
    <time>2024-08-25T09:09:12Z</time>
   </trkpt>
   <trkpt lat="47.1994140" lon="2.3946920">
    <ele>163.4</ele>
    <time>2024-08-25T09:09:13Z</time>
   </trkpt>
   <trkpt lat="47.1993820" lon="2.3947190">
    <ele>163.3</ele>
    <time>2024-08-25T09:09:14Z</time>
   </trkpt>
   <trkpt lat="47.1993700" lon="2.3947290">
    <ele>163.3</ele>
    <time>2024-08-25T09:09:15Z</time>
   </trkpt>
   <trkpt lat="47.1993380" lon="2.3947540">
    <ele>163.3</ele>
    <time>2024-08-25T09:09:16Z</time>
   </trkpt>
   <trkpt lat="47.1993270" lon="2.3947620">
    <ele>163.3</ele>
    <time>2024-08-25T09:09:17Z</time>
   </trkpt>
   <trkpt lat="47.1993020" lon="2.3947790">
    <ele>163.3</ele>
    <time>2024-08-25T09:09:18Z</time>
   </trkpt>
   <trkpt lat="47.1992760" lon="2.3947930">
    <ele>163.3</ele>
    <time>2024-08-25T09:09:19Z</time>
   </trkpt>
   <trkpt lat="47.1992480" lon="2.3948070">
    <ele>163.3</ele>
    <time>2024-08-25T09:09:20Z</time>
   </trkpt>
   <trkpt lat="47.1992210" lon="2.3948200">
    <ele>163.3</ele>
    <time>2024-08-25T09:09:21Z</time>
   </trkpt>
   <trkpt lat="47.1991890" lon="2.3948430">
    <ele>163.3</ele>
    <time>2024-08-25T09:09:22Z</time>
   </trkpt>
   <trkpt lat="47.1991790" lon="2.3948510">
    <ele>163.3</ele>
    <time>2024-08-25T09:09:23Z</time>
   </trkpt>
   <trkpt lat="47.1991460" lon="2.3948780">
    <ele>163.3</ele>
    <time>2024-08-25T09:09:24Z</time>
   </trkpt>
   <trkpt lat="47.1991330" lon="2.3948870">
    <ele>163.3</ele>
    <time>2024-08-25T09:09:25Z</time>
   </trkpt>
   <trkpt lat="47.1991070" lon="2.3949050">
    <ele>163.3</ele>
    <time>2024-08-25T09:09:26Z</time>
   </trkpt>
   <trkpt lat="47.1990820" lon="2.3949240">
    <ele>163.3</ele>
    <time>2024-08-25T09:09:27Z</time>
   </trkpt>
   <trkpt lat="47.1990550" lon="2.3949470">
    <ele>163.3</ele>
    <time>2024-08-25T09:09:28Z</time>
   </trkpt>
   <trkpt lat="47.1990240" lon="2.3949710">
    <ele>163.3</ele>
    <time>2024-08-25T09:09:29Z</time>
   </trkpt>
   <trkpt lat="47.1989930" lon="2.3949920">
    <ele>163.3</ele>
    <time>2024-08-25T09:09:30Z</time>
   </trkpt>
   <trkpt lat="47.1989590" lon="2.3950150">
    <ele>163.4</ele>
    <time>2024-08-25T09:09:31Z</time>
   </trkpt>
   <trkpt lat="47.1989250" lon="2.3950340">
    <ele>163.4</ele>
    <time>2024-08-25T09:09:32Z</time>
   </trkpt>
   <trkpt lat="47.1988900" lon="2.3950520">
    <ele>163.5</ele>
    <time>2024-08-25T09:09:33Z</time>
   </trkpt>
   <trkpt lat="47.1988620" lon="2.3950710">
    <ele>163.6</ele>
    <time>2024-08-25T09:09:34Z</time>
   </trkpt>
   <trkpt lat="47.1988290" lon="2.3951000">
    <ele>163.7</ele>
    <time>2024-08-25T09:09:35Z</time>
   </trkpt>
   <trkpt lat="47.1988190" lon="2.3951090">
    <ele>163.7</ele>
    <time>2024-08-25T09:09:36Z</time>
   </trkpt>
   <trkpt lat="47.1987890" lon="2.3951370">
    <ele>163.8</ele>
    <time>2024-08-25T09:09:37Z</time>
   </trkpt>
   <trkpt lat="47.1987770" lon="2.3951470">
    <ele>163.9</ele>
    <time>2024-08-25T09:09:38Z</time>
   </trkpt>
   <trkpt lat="47.1987540" lon="2.3951720">
    <ele>164.0</ele>
    <time>2024-08-25T09:09:39Z</time>
   </trkpt>
   <trkpt lat="47.1987320" lon="2.3951970">
    <ele>164.1</ele>
    <time>2024-08-25T09:09:40Z</time>
   </trkpt>
   <trkpt lat="47.1987090" lon="2.3952240">
    <ele>164.2</ele>
    <time>2024-08-25T09:09:41Z</time>
   </trkpt>
   <trkpt lat="47.1986830" lon="2.3952500">
    <ele>164.4</ele>
    <time>2024-08-25T09:09:42Z</time>
   </trkpt>
   <trkpt lat="47.1986550" lon="2.3952780">
    <ele>164.5</ele>
    <time>2024-08-25T09:09:43Z</time>
   </trkpt>
   <trkpt lat="47.1986240" lon="2.3953030">
    <ele>164.6</ele>
    <time>2024-08-25T09:09:44Z</time>
   </trkpt>
   <trkpt lat="47.1985960" lon="2.3953300">
    <ele>164.7</ele>
    <time>2024-08-25T09:09:45Z</time>
   </trkpt>
   <trkpt lat="47.1985670" lon="2.3953570">
    <ele>164.8</ele>
    <time>2024-08-25T09:09:46Z</time>
   </trkpt>
   <trkpt lat="47.1985370" lon="2.3953870">
    <ele>164.8</ele>
    <time>2024-08-25T09:09:47Z</time>
   </trkpt>
   <trkpt lat="47.1985090" lon="2.3954170">
    <ele>164.9</ele>
    <time>2024-08-25T09:09:48Z</time>
   </trkpt>
   <trkpt lat="47.1984800" lon="2.3954470">
    <ele>164.8</ele>
    <time>2024-08-25T09:09:49Z</time>
   </trkpt>
   <trkpt lat="47.1984450" lon="2.3954740">
    <ele>164.8</ele>
    <time>2024-08-25T09:09:50Z</time>
   </trkpt>
   <trkpt lat="47.1984140" lon="2.3954990">
    <ele>164.7</ele>
    <time>2024-08-25T09:09:51Z</time>
   </trkpt>
   <trkpt lat="47.1983850" lon="2.3955220">
    <ele>164.6</ele>
    <time>2024-08-25T09:09:52Z</time>
   </trkpt>
   <trkpt lat="47.1983560" lon="2.3955460">
    <ele>164.6</ele>
    <time>2024-08-25T09:09:53Z</time>
   </trkpt>
   <trkpt lat="47.1983280" lon="2.3955660">
    <ele>164.5</ele>
    <time>2024-08-25T09:09:54Z</time>
   </trkpt>
   <trkpt lat="47.1983010" lon="2.3955820">
    <ele>164.5</ele>
    <time>2024-08-25T09:09:55Z</time>
   </trkpt>
   <trkpt lat="47.1982750" lon="2.3955970">
    <ele>164.5</ele>
    <time>2024-08-25T09:09:56Z</time>
   </trkpt>
   <trkpt lat="47.1982390" lon="2.3956180">
    <ele>164.5</ele>
    <time>2024-08-25T09:09:57Z</time>
   </trkpt>
   <trkpt lat="47.1982270" lon="2.3956250">
    <ele>164.5</ele>
    <time>2024-08-25T09:09:58Z</time>
   </trkpt>
   <trkpt lat="47.1981980" lon="2.3956420">
    <ele>164.5</ele>
    <time>2024-08-25T09:09:59Z</time>
   </trkpt>
   <trkpt lat="47.1981680" lon="2.3956580">
    <ele>164.6</ele>
    <time>2024-08-25T09:10:00Z</time>
   </trkpt>
   <trkpt lat="47.1981370" lon="2.3956700">
    <ele>164.7</ele>
    <time>2024-08-25T09:10:01Z</time>
   </trkpt>
   <trkpt lat="47.1981020" lon="2.3956810">
    <ele>164.8</ele>
    <time>2024-08-25T09:10:02Z</time>
   </trkpt>
   <trkpt lat="47.1980680" lon="2.3956940">
    <ele>164.9</ele>
    <time>2024-08-25T09:10:03Z</time>
   </trkpt>
   <trkpt lat="47.1980370" lon="2.3957110">
    <ele>165.0</ele>
    <time>2024-08-25T09:10:04Z</time>
   </trkpt>
   <trkpt lat="47.1980070" lon="2.3957280">
    <ele>165.1</ele>
    <time>2024-08-25T09:10:05Z</time>
   </trkpt>
   <trkpt lat="47.1979750" lon="2.3957450">
    <ele>165.1</ele>
    <time>2024-08-25T09:10:06Z</time>
   </trkpt>
   <trkpt lat="47.1979470" lon="2.3957570">
    <ele>165.2</ele>
    <time>2024-08-25T09:10:07Z</time>
   </trkpt>
   <trkpt lat="47.1979110" lon="2.3957710">
    <ele>165.3</ele>
    <time>2024-08-25T09:10:08Z</time>
   </trkpt>
   <trkpt lat="47.1979000" lon="2.3957760">
    <ele>165.3</ele>
    <time>2024-08-25T09:10:09Z</time>
   </trkpt>
   <trkpt lat="47.1978630" lon="2.3957920">
    <ele>165.3</ele>
    <time>2024-08-25T09:10:10Z</time>
   </trkpt>
   <trkpt lat="47.1978490" lon="2.3957960">
    <ele>165.3</ele>
    <time>2024-08-25T09:10:11Z</time>
   </trkpt>
   <trkpt lat="47.1978130" lon="2.3958130">
    <ele>165.3</ele>
    <time>2024-08-25T09:10:12Z</time>
   </trkpt>
   <trkpt lat="47.1978010" lon="2.3958180">
    <ele>165.3</ele>
    <time>2024-08-25T09:10:13Z</time>
   </trkpt>
   <trkpt lat="47.1977640" lon="2.3958380">
    <ele>165.4</ele>
    <time>2024-08-25T09:10:14Z</time>
   </trkpt>
   <trkpt lat="47.1977520" lon="2.3958450">
    <ele>165.4</ele>
    <time>2024-08-25T09:10:15Z</time>
   </trkpt>
   <trkpt lat="47.1977210" lon="2.3958600">
    <ele>165.4</ele>
    <time>2024-08-25T09:10:16Z</time>
   </trkpt>
   <trkpt lat="47.1976890" lon="2.3958770">
    <ele>165.4</ele>
    <time>2024-08-25T09:10:17Z</time>
   </trkpt>
   <trkpt lat="47.1976580" lon="2.3958940">
    <ele>165.4</ele>
    <time>2024-08-25T09:10:18Z</time>
   </trkpt>
   <trkpt lat="47.1976270" lon="2.3959100">
    <ele>165.4</ele>
    <time>2024-08-25T09:10:19Z</time>
   </trkpt>
   <trkpt lat="47.1975950" lon="2.3959230">
    <ele>165.3</ele>
    <time>2024-08-25T09:10:20Z</time>
   </trkpt>
   <trkpt lat="47.1975630" lon="2.3959350">
    <ele>165.3</ele>
    <time>2024-08-25T09:10:21Z</time>
   </trkpt>
   <trkpt lat="47.1975310" lon="2.3959470">
    <ele>165.2</ele>
    <time>2024-08-25T09:10:22Z</time>
   </trkpt>
   <trkpt lat="47.1974970" lon="2.3959610">
    <ele>165.1</ele>
    <time>2024-08-25T09:10:23Z</time>
   </trkpt>
   <trkpt lat="47.1974610" lon="2.3959710">
    <ele>165.0</ele>
    <time>2024-08-25T09:10:24Z</time>
   </trkpt>
   <trkpt lat="47.1974270" lon="2.3959840">
    <ele>164.9</ele>
    <time>2024-08-25T09:10:25Z</time>
   </trkpt>
   <trkpt lat="47.1973940" lon="2.3959970">
    <ele>164.7</ele>
    <time>2024-08-25T09:10:26Z</time>
   </trkpt>
   <trkpt lat="47.1973630" lon="2.3960150">
    <ele>164.6</ele>
    <time>2024-08-25T09:10:27Z</time>
   </trkpt>
   <trkpt lat="47.1973320" lon="2.3960310">
    <ele>164.4</ele>
    <time>2024-08-25T09:10:28Z</time>
   </trkpt>
   <trkpt lat="47.1973040" lon="2.3960460">
    <ele>164.3</ele>
    <time>2024-08-25T09:10:30Z</time>
   </trkpt>
   <trkpt lat="47.1972750" lon="2.3960630">
    <ele>164.1</ele>
    <time>2024-08-25T09:10:31Z</time>
   </trkpt>
   <trkpt lat="47.1972440" lon="2.3960820">
    <ele>164.0</ele>
    <time>2024-08-25T09:10:32Z</time>
   </trkpt>
   <trkpt lat="47.1972160" lon="2.3961040">
    <ele>163.9</ele>
    <time>2024-08-25T09:10:33Z</time>
   </trkpt>
   <trkpt lat="47.1971860" lon="2.3961240">
    <ele>163.8</ele>
    <time>2024-08-25T09:10:34Z</time>
   </trkpt>
   <trkpt lat="47.1971540" lon="2.3961440">
    <ele>163.8</ele>
    <time>2024-08-25T09:10:35Z</time>
   </trkpt>
   <trkpt lat="47.1971230" lon="2.3961610">
    <ele>163.7</ele>
    <time>2024-08-25T09:10:36Z</time>
   </trkpt>
   <trkpt lat="47.1970930" lon="2.3961750">
    <ele>163.7</ele>
    <time>2024-08-25T09:10:37Z</time>
   </trkpt>
   <trkpt lat="47.1970630" lon="2.3961910">
    <ele>163.6</ele>
    <time>2024-08-25T09:10:38Z</time>
   </trkpt>
   <trkpt lat="47.1970310" lon="2.3962070">
    <ele>163.6</ele>
    <time>2024-08-25T09:10:39Z</time>
   </trkpt>
   <trkpt lat="47.1969980" lon="2.3962210">
    <ele>163.5</ele>
    <time>2024-08-25T09:10:40Z</time>
   </trkpt>
   <trkpt lat="47.1969640" lon="2.3962330">
    <ele>163.5</ele>
    <time>2024-08-25T09:10:41Z</time>
   </trkpt>
   <trkpt lat="47.1969290" lon="2.3962460">
    <ele>163.4</ele>
    <time>2024-08-25T09:10:42Z</time>
   </trkpt>
   <trkpt lat="47.1968960" lon="2.3962570">
    <ele>163.3</ele>
    <time>2024-08-25T09:10:43Z</time>
   </trkpt>
   <trkpt lat="47.1968640" lon="2.3962700">
    <ele>163.3</ele>
    <time>2024-08-25T09:10:44Z</time>
   </trkpt>
   <trkpt lat="47.1968320" lon="2.3962840">
    <ele>163.2</ele>
    <time>2024-08-25T09:10:45Z</time>
   </trkpt>
   <trkpt lat="47.1968020" lon="2.3962960">
    <ele>163.2</ele>
    <time>2024-08-25T09:10:46Z</time>
   </trkpt>
   <trkpt lat="47.1967720" lon="2.3963100">
    <ele>163.1</ele>
    <time>2024-08-25T09:10:47Z</time>
   </trkpt>
   <trkpt lat="47.1967410" lon="2.3963250">
    <ele>163.1</ele>
    <time>2024-08-25T09:10:48Z</time>
   </trkpt>
   <trkpt lat="47.1967070" lon="2.3963440">
    <ele>163.1</ele>
    <time>2024-08-25T09:10:49Z</time>
   </trkpt>
   <trkpt lat="47.1966410" lon="2.3963750">
    <ele>163.0</ele>
    <time>2024-08-25T09:10:50Z</time>
   </trkpt>
   <trkpt lat="47.1966070" lon="2.3963890">
    <ele>163.0</ele>
    <time>2024-08-25T09:10:51Z</time>
   </trkpt>
   <trkpt lat="47.1965740" lon="2.3963970">
    <ele>162.9</ele>
    <time>2024-08-25T09:10:52Z</time>
   </trkpt>
   <trkpt lat="47.1965420" lon="2.3964010">
    <ele>162.9</ele>
    <time>2024-08-25T09:10:53Z</time>
   </trkpt>
   <trkpt lat="47.1965120" lon="2.3964010">
    <ele>162.9</ele>
    <time>2024-08-25T09:10:54Z</time>
   </trkpt>
   <trkpt lat="47.1964780" lon="2.3963970">
    <ele>162.9</ele>
    <time>2024-08-25T09:10:55Z</time>
   </trkpt>
   <trkpt lat="47.1964400" lon="2.3963890">
    <ele>162.9</ele>
    <time>2024-08-25T09:10:56Z</time>
   </trkpt>
   <trkpt lat="47.1964040" lon="2.3963740">
    <ele>162.9</ele>
    <time>2024-08-25T09:10:57Z</time>
   </trkpt>
   <trkpt lat="47.1963690" lon="2.3963560">
    <ele>162.9</ele>
    <time>2024-08-25T09:10:58Z</time>
   </trkpt>
   <trkpt lat="47.1963320" lon="2.3963330">
    <ele>162.9</ele>
    <time>2024-08-25T09:10:59Z</time>
   </trkpt>
   <trkpt lat="47.1962990" lon="2.3963070">
    <ele>162.9</ele>
    <time>2024-08-25T09:11:00Z</time>
   </trkpt>
   <trkpt lat="47.1962750" lon="2.3962740">
    <ele>162.9</ele>
    <time>2024-08-25T09:11:01Z</time>
   </trkpt>
   <trkpt lat="47.1962550" lon="2.3962390">
    <ele>162.9</ele>
    <time>2024-08-25T09:11:02Z</time>
   </trkpt>
   <trkpt lat="47.1962410" lon="2.3962010">
    <ele>162.9</ele>
    <time>2024-08-25T09:11:03Z</time>
   </trkpt>
   <trkpt lat="47.1962280" lon="2.3961600">
    <ele>162.9</ele>
    <time>2024-08-25T09:11:04Z</time>
   </trkpt>
   <trkpt lat="47.1962150" lon="2.3961160">
    <ele>162.9</ele>
    <time>2024-08-25T09:11:05Z</time>
   </trkpt>
   <trkpt lat="47.1962050" lon="2.3960720">
    <ele>162.9</ele>
    <time>2024-08-25T09:11:06Z</time>
   </trkpt>
   <trkpt lat="47.1961930" lon="2.3960220">
    <ele>162.9</ele>
    <time>2024-08-25T09:11:07Z</time>
   </trkpt>
   <trkpt lat="47.1961830" lon="2.3959690">
    <ele>162.9</ele>
    <time>2024-08-25T09:11:08Z</time>
   </trkpt>
   <trkpt lat="47.1961730" lon="2.3959200">
    <ele>162.9</ele>
    <time>2024-08-25T09:11:09Z</time>
   </trkpt>
   <trkpt lat="47.1961630" lon="2.3958740">
    <ele>162.9</ele>
    <time>2024-08-25T09:11:10Z</time>
   </trkpt>
   <trkpt lat="47.1961530" lon="2.3958250">
    <ele>162.9</ele>
    <time>2024-08-25T09:11:11Z</time>
   </trkpt>
   <trkpt lat="47.1961470" lon="2.3957750">
    <ele>162.9</ele>
    <time>2024-08-25T09:11:12Z</time>
   </trkpt>
   <trkpt lat="47.1961420" lon="2.3957310">
    <ele>162.9</ele>
    <time>2024-08-25T09:11:13Z</time>
   </trkpt>
   <trkpt lat="47.1961380" lon="2.3956910">
    <ele>162.9</ele>
    <time>2024-08-25T09:11:14Z</time>
   </trkpt>
   <trkpt lat="47.1961300" lon="2.3956490">
    <ele>162.9</ele>
    <time>2024-08-25T09:11:15Z</time>
   </trkpt>
   <trkpt lat="47.1961180" lon="2.3956090">
    <ele>162.9</ele>
    <time>2024-08-25T09:11:16Z</time>
   </trkpt>
   <trkpt lat="47.1961040" lon="2.3955570">
    <ele>162.9</ele>
    <time>2024-08-25T09:11:17Z</time>
   </trkpt>
   <trkpt lat="47.1961000" lon="2.3955370">
    <ele>162.9</ele>
    <time>2024-08-25T09:11:18Z</time>
   </trkpt>
   <trkpt lat="47.1960960" lon="2.3954880">
    <ele>162.9</ele>
    <time>2024-08-25T09:11:19Z</time>
   </trkpt>
   <trkpt lat="47.1960920" lon="2.3954370">
    <ele>162.9</ele>
    <time>2024-08-25T09:11:20Z</time>
   </trkpt>
   <trkpt lat="47.1960800" lon="2.3953840">
    <ele>162.9</ele>
    <time>2024-08-25T09:11:21Z</time>
   </trkpt>
   <trkpt lat="47.1960690" lon="2.3953380">
    <ele>162.9</ele>
    <time>2024-08-25T09:11:22Z</time>
   </trkpt>
   <trkpt lat="47.1960560" lon="2.3952980">
    <ele>162.9</ele>
    <time>2024-08-25T09:11:23Z</time>
   </trkpt>
   <trkpt lat="47.1960440" lon="2.3952610">
    <ele>162.9</ele>
    <time>2024-08-25T09:11:24Z</time>
   </trkpt>
   <trkpt lat="47.1960320" lon="2.3952110">
    <ele>162.9</ele>
    <time>2024-08-25T09:11:25Z</time>
   </trkpt>
   <trkpt lat="47.1960270" lon="2.3951940">
    <ele>162.8</ele>
    <time>2024-08-25T09:11:26Z</time>
   </trkpt>
   <trkpt lat="47.1960210" lon="2.3951550">
    <ele>162.8</ele>
    <time>2024-08-25T09:11:27Z</time>
   </trkpt>
   <trkpt lat="47.1960120" lon="2.3951140">
    <ele>162.8</ele>
    <time>2024-08-25T09:11:28Z</time>
   </trkpt>
   <trkpt lat="47.1960020" lon="2.3950770">
    <ele>162.8</ele>
    <time>2024-08-25T09:11:29Z</time>
   </trkpt>
   <trkpt lat="47.1959910" lon="2.3950270">
    <ele>162.8</ele>
    <time>2024-08-25T09:11:30Z</time>
   </trkpt>
   <trkpt lat="47.1959890" lon="2.3950060">
    <ele>162.8</ele>
    <time>2024-08-25T09:11:31Z</time>
   </trkpt>
   <trkpt lat="47.1959760" lon="2.3949660">
    <ele>162.8</ele>
    <time>2024-08-25T09:11:32Z</time>
   </trkpt>
   <trkpt lat="47.1959670" lon="2.3949570">
    <ele>162.8</ele>
    <time>2024-08-25T09:11:33Z</time>
   </trkpt>
   <trkpt lat="47.1959380" lon="2.3949390">
    <ele>162.9</ele>
    <time>2024-08-25T09:11:34Z</time>
   </trkpt>
   <trkpt lat="47.1959070" lon="2.3949270">
    <ele>162.9</ele>
    <time>2024-08-25T09:11:35Z</time>
   </trkpt>
   <trkpt lat="47.1958740" lon="2.3949130">
    <ele>163.0</ele>
    <time>2024-08-25T09:11:36Z</time>
   </trkpt>
   <trkpt lat="47.1958410" lon="2.3948810">
    <ele>163.0</ele>
    <time>2024-08-25T09:11:37Z</time>
   </trkpt>
   <trkpt lat="47.1958310" lon="2.3948670">
    <ele>163.0</ele>
    <time>2024-08-25T09:11:38Z</time>
   </trkpt>
   <trkpt lat="47.1958130" lon="2.3948310">
    <ele>163.1</ele>
    <time>2024-08-25T09:11:39Z</time>
   </trkpt>
   <trkpt lat="47.1957980" lon="2.3947780">
    <ele>163.1</ele>
    <time>2024-08-25T09:11:40Z</time>
   </trkpt>
   <trkpt lat="47.1957930" lon="2.3947570">
    <ele>163.1</ele>
    <time>2024-08-25T09:11:41Z</time>
   </trkpt>
   <trkpt lat="47.1957840" lon="2.3947050">
    <ele>163.2</ele>
    <time>2024-08-25T09:11:42Z</time>
   </trkpt>
   <trkpt lat="47.1957780" lon="2.3946530">
    <ele>163.2</ele>
    <time>2024-08-25T09:11:43Z</time>
   </trkpt>
   <trkpt lat="47.1957750" lon="2.3946020">
    <ele>163.2</ele>
    <time>2024-08-25T09:11:44Z</time>
   </trkpt>
   <trkpt lat="47.1957720" lon="2.3945450">
    <ele>163.3</ele>
    <time>2024-08-25T09:11:45Z</time>
   </trkpt>
   <trkpt lat="47.1957680" lon="2.3944950">
    <ele>163.3</ele>
    <time>2024-08-25T09:11:46Z</time>
   </trkpt>
   <trkpt lat="47.1957640" lon="2.3944480">
    <ele>163.3</ele>
    <time>2024-08-25T09:11:47Z</time>
   </trkpt>
   <trkpt lat="47.1957600" lon="2.3943920">
    <ele>163.4</ele>
    <time>2024-08-25T09:11:48Z</time>
   </trkpt>
   <trkpt lat="47.1957580" lon="2.3943420">
    <ele>163.4</ele>
    <time>2024-08-25T09:11:49Z</time>
   </trkpt>
   <trkpt lat="47.1957610" lon="2.3942970">
    <ele>163.4</ele>
    <time>2024-08-25T09:11:50Z</time>
   </trkpt>
   <trkpt lat="47.1957650" lon="2.3942540">
    <ele>163.5</ele>
    <time>2024-08-25T09:11:51Z</time>
   </trkpt>
   <trkpt lat="47.1957730" lon="2.3942020">
    <ele>163.5</ele>
    <time>2024-08-25T09:11:52Z</time>
   </trkpt>
   <trkpt lat="47.1957760" lon="2.3941860">
    <ele>163.5</ele>
    <time>2024-08-25T09:11:53Z</time>
   </trkpt>
   <trkpt lat="47.1957860" lon="2.3941350">
    <ele>163.6</ele>
    <time>2024-08-25T09:11:54Z</time>
   </trkpt>
   <trkpt lat="47.1957880" lon="2.3941190">
    <ele>163.6</ele>
    <time>2024-08-25T09:11:55Z</time>
   </trkpt>
   <trkpt lat="47.1957940" lon="2.3940670">
    <ele>163.7</ele>
    <time>2024-08-25T09:11:56Z</time>
   </trkpt>
   <trkpt lat="47.1957960" lon="2.3940490">
    <ele>163.7</ele>
    <time>2024-08-25T09:11:57Z</time>
   </trkpt>
   <trkpt lat="47.1957980" lon="2.3939970">
    <ele>163.8</ele>
    <time>2024-08-25T09:11:58Z</time>
   </trkpt>
   <trkpt lat="47.1958000" lon="2.3939790">
    <ele>163.9</ele>
    <time>2024-08-25T09:11:59Z</time>
   </trkpt>
   <trkpt lat="47.1958080" lon="2.3939230">
    <ele>164.0</ele>
    <time>2024-08-25T09:12:00Z</time>
   </trkpt>
   <trkpt lat="47.1958110" lon="2.3939040">
    <ele>164.1</ele>
    <time>2024-08-25T09:12:01Z</time>
   </trkpt>
   <trkpt lat="47.1958140" lon="2.3938630">
    <ele>164.2</ele>
    <time>2024-08-25T09:12:02Z</time>
   </trkpt>
   <trkpt lat="47.1958130" lon="2.3938210">
    <ele>164.4</ele>
    <time>2024-08-25T09:12:03Z</time>
   </trkpt>
   <trkpt lat="47.1958050" lon="2.3937770">
    <ele>164.6</ele>
    <time>2024-08-25T09:12:04Z</time>
   </trkpt>
   <trkpt lat="47.1957970" lon="2.3937380">
    <ele>164.8</ele>
    <time>2024-08-25T09:12:05Z</time>
   </trkpt>
   <trkpt lat="47.1957800" lon="2.3936850">
    <ele>165.1</ele>
    <time>2024-08-25T09:12:06Z</time>
   </trkpt>
   <trkpt lat="47.1957720" lon="2.3936670">
    <ele>165.2</ele>
    <time>2024-08-25T09:12:07Z</time>
   </trkpt>
   <trkpt lat="47.1957520" lon="2.3936200">
    <ele>165.5</ele>
    <time>2024-08-25T09:12:08Z</time>
   </trkpt>
   <trkpt lat="47.1957440" lon="2.3936080">
    <ele>165.6</ele>
    <time>2024-08-25T09:12:09Z</time>
   </trkpt>
   <trkpt lat="47.1957300" lon="2.3935910">
    <ele>165.7</ele>
    <time>2024-08-25T09:12:10Z</time>
   </trkpt>
   <trkpt lat="47.1957180" lon="2.3935820">
    <ele>165.8</ele>
    <time>2024-08-25T09:12:11Z</time>
   </trkpt>
   <trkpt lat="47.1956850" lon="2.3935680">
    <ele>166.1</ele>
    <time>2024-08-25T09:12:12Z</time>
   </trkpt>
   <trkpt lat="47.1956730" lon="2.3935630">
    <ele>166.2</ele>
    <time>2024-08-25T09:12:13Z</time>
   </trkpt>
   <trkpt lat="47.1956370" lon="2.3935400">
    <ele>166.4</ele>
    <time>2024-08-25T09:12:14Z</time>
   </trkpt>
   <trkpt lat="47.1956250" lon="2.3935310">
    <ele>166.5</ele>
    <time>2024-08-25T09:12:15Z</time>
   </trkpt>
   <trkpt lat="47.1956070" lon="2.3934980">
    <ele>166.7</ele>
    <time>2024-08-25T09:12:16Z</time>
   </trkpt>
   <trkpt lat="47.1955980" lon="2.3934590">
    <ele>166.9</ele>
    <time>2024-08-25T09:12:17Z</time>
   </trkpt>
   <trkpt lat="47.1956030" lon="2.3934020">
    <ele>167.0</ele>
    <time>2024-08-25T09:12:18Z</time>
   </trkpt>
   <trkpt lat="47.1956070" lon="2.3933840">
    <ele>167.0</ele>
    <time>2024-08-25T09:12:19Z</time>
   </trkpt>
   <trkpt lat="47.1956200" lon="2.3933290">
    <ele>167.0</ele>
    <time>2024-08-25T09:12:20Z</time>
   </trkpt>
   <trkpt lat="47.1956230" lon="2.3933070">
    <ele>167.0</ele>
    <time>2024-08-25T09:12:21Z</time>
   </trkpt>
   <trkpt lat="47.1956290" lon="2.3932620">
    <ele>167.1</ele>
    <time>2024-08-25T09:12:22Z</time>
   </trkpt>
   <trkpt lat="47.1956370" lon="2.3932170">
    <ele>167.1</ele>
    <time>2024-08-25T09:12:23Z</time>
   </trkpt>
   <trkpt lat="47.1956450" lon="2.3931680">
    <ele>167.2</ele>
    <time>2024-08-25T09:12:24Z</time>
   </trkpt>
   <trkpt lat="47.1956570" lon="2.3931170">
    <ele>167.2</ele>
    <time>2024-08-25T09:12:25Z</time>
   </trkpt>
   <trkpt lat="47.1956610" lon="2.3931030">
    <ele>167.2</ele>
    <time>2024-08-25T09:12:26Z</time>
   </trkpt>
   <trkpt lat="47.1956740" lon="2.3930530">
    <ele>167.3</ele>
    <time>2024-08-25T09:12:27Z</time>
   </trkpt>
   <trkpt lat="47.1956780" lon="2.3930360">
    <ele>167.3</ele>
    <time>2024-08-25T09:12:28Z</time>
   </trkpt>
   <trkpt lat="47.1956830" lon="2.3929830">
    <ele>167.3</ele>
    <time>2024-08-25T09:12:29Z</time>
   </trkpt>
   <trkpt lat="47.1956840" lon="2.3929640">
    <ele>167.3</ele>
    <time>2024-08-25T09:12:30Z</time>
   </trkpt>
   <trkpt lat="47.1956870" lon="2.3929130">
    <ele>167.4</ele>
    <time>2024-08-25T09:12:31Z</time>
   </trkpt>
   <trkpt lat="47.1956870" lon="2.3928960">
    <ele>167.4</ele>
    <time>2024-08-25T09:12:32Z</time>
   </trkpt>
   <trkpt lat="47.1956940" lon="2.3928370">
    <ele>167.5</ele>
    <time>2024-08-25T09:12:33Z</time>
   </trkpt>
   <trkpt lat="47.1956970" lon="2.3928170">
    <ele>167.5</ele>
    <time>2024-08-25T09:12:34Z</time>
   </trkpt>
   <trkpt lat="47.1957020" lon="2.3927600">
    <ele>167.5</ele>
    <time>2024-08-25T09:12:35Z</time>
   </trkpt>
   <trkpt lat="47.1957040" lon="2.3927430">
    <ele>167.5</ele>
    <time>2024-08-25T09:12:36Z</time>
   </trkpt>
   <trkpt lat="47.1957140" lon="2.3926880">
    <ele>167.6</ele>
    <time>2024-08-25T09:12:37Z</time>
   </trkpt>
   <trkpt lat="47.1957170" lon="2.3926710">
    <ele>167.6</ele>
    <time>2024-08-25T09:12:38Z</time>
   </trkpt>
   <trkpt lat="47.1957290" lon="2.3926190">
    <ele>167.6</ele>
    <time>2024-08-25T09:12:39Z</time>
   </trkpt>
   <trkpt lat="47.1957320" lon="2.3926020">
    <ele>167.6</ele>
    <time>2024-08-25T09:12:40Z</time>
   </trkpt>
   <trkpt lat="47.1957440" lon="2.3925560">
    <ele>167.7</ele>
    <time>2024-08-25T09:12:41Z</time>
   </trkpt>
   <trkpt lat="47.1957480" lon="2.3925420">
    <ele>167.7</ele>
    <time>2024-08-25T09:12:42Z</time>
   </trkpt>
   <trkpt lat="47.1957550" lon="2.3925170">
    <ele>167.7</ele>
    <time>2024-08-25T09:12:43Z</time>
   </trkpt>
   <trkpt lat="47.1957630" lon="2.3925010">
    <ele>167.7</ele>
    <time>2024-08-25T09:12:44Z</time>
   </trkpt>
   <trkpt lat="47.1957720" lon="2.3924620">
    <ele>167.8</ele>
    <time>2024-08-25T09:12:45Z</time>
   </trkpt>
   <trkpt lat="47.1957750" lon="2.3924450">
    <ele>167.8</ele>
    <time>2024-08-25T09:12:46Z</time>
   </trkpt>
   <trkpt lat="47.1957840" lon="2.3923910">
    <ele>167.8</ele>
    <time>2024-08-25T09:12:47Z</time>
   </trkpt>
   <trkpt lat="47.1957860" lon="2.3923740">
    <ele>167.8</ele>
    <time>2024-08-25T09:12:48Z</time>
   </trkpt>
   <trkpt lat="47.1957930" lon="2.3923220">
    <ele>167.9</ele>
    <time>2024-08-25T09:12:49Z</time>
   </trkpt>
   <trkpt lat="47.1957940" lon="2.3923050">
    <ele>167.9</ele>
    <time>2024-08-25T09:12:50Z</time>
   </trkpt>
   <trkpt lat="47.1957980" lon="2.3922790">
    <ele>167.9</ele>
    <time>2024-08-25T09:12:51Z</time>
   </trkpt>
   <trkpt lat="47.1958030" lon="2.3922580">
    <ele>167.9</ele>
    <time>2024-08-25T09:12:52Z</time>
   </trkpt>
   <trkpt lat="47.1958130" lon="2.3922160">
    <ele>168.0</ele>
    <time>2024-08-25T09:12:53Z</time>
   </trkpt>
   <trkpt lat="47.1958170" lon="2.3921990">
    <ele>168.0</ele>
    <time>2024-08-25T09:12:54Z</time>
   </trkpt>
   <trkpt lat="47.1958290" lon="2.3921460">
    <ele>168.1</ele>
    <time>2024-08-25T09:12:55Z</time>
   </trkpt>
   <trkpt lat="47.1958320" lon="2.3921300">
    <ele>168.1</ele>
    <time>2024-08-25T09:12:56Z</time>
   </trkpt>
   <trkpt lat="47.1958360" lon="2.3920800">
    <ele>168.1</ele>
    <time>2024-08-25T09:12:57Z</time>
   </trkpt>
   <trkpt lat="47.1958370" lon="2.3920630">
    <ele>168.2</ele>
    <time>2024-08-25T09:12:58Z</time>
   </trkpt>
   <trkpt lat="47.1958420" lon="2.3920070">
    <ele>168.3</ele>
    <time>2024-08-25T09:12:59Z</time>
   </trkpt>
   <trkpt lat="47.1958450" lon="2.3919880">
    <ele>168.3</ele>
    <time>2024-08-25T09:13:00Z</time>
   </trkpt>
   <trkpt lat="47.1958540" lon="2.3919430">
    <ele>168.4</ele>
    <time>2024-08-25T09:13:01Z</time>
   </trkpt>
   <trkpt lat="47.1958570" lon="2.3919290">
    <ele>168.4</ele>
    <time>2024-08-25T09:13:02Z</time>
   </trkpt>
   <trkpt lat="47.1958670" lon="2.3918860">
    <ele>168.4</ele>
    <time>2024-08-25T09:13:03Z</time>
   </trkpt>
   <trkpt lat="47.1958690" lon="2.3918710">
    <ele>168.5</ele>
    <time>2024-08-25T09:13:04Z</time>
   </trkpt>
   <trkpt lat="47.1958730" lon="2.3918290">
    <ele>168.5</ele>
    <time>2024-08-25T09:13:05Z</time>
   </trkpt>
   <trkpt lat="47.1958750" lon="2.3918150">
    <ele>168.5</ele>
    <time>2024-08-25T09:13:06Z</time>
   </trkpt>
   <trkpt lat="47.1958840" lon="2.3917640">
    <ele>168.6</ele>
    <time>2024-08-25T09:13:07Z</time>
   </trkpt>
   <trkpt lat="47.1958880" lon="2.3917450">
    <ele>168.6</ele>
    <time>2024-08-25T09:13:08Z</time>
   </trkpt>
   <trkpt lat="47.1959000" lon="2.3917060">
    <ele>168.7</ele>
    <time>2024-08-25T09:13:09Z</time>
   </trkpt>
   <trkpt lat="47.1959130" lon="2.3916680">
    <ele>168.8</ele>
    <time>2024-08-25T09:13:10Z</time>
   </trkpt>
   <trkpt lat="47.1959220" lon="2.3916300">
    <ele>168.8</ele>
    <time>2024-08-25T09:13:11Z</time>
   </trkpt>
   <trkpt lat="47.1959310" lon="2.3915780">
    <ele>168.9</ele>
    <time>2024-08-25T09:13:12Z</time>
   </trkpt>
   <trkpt lat="47.1959340" lon="2.3915590">
    <ele>168.9</ele>
    <time>2024-08-25T09:13:13Z</time>
   </trkpt>
   <trkpt lat="47.1959390" lon="2.3915060">
    <ele>169.0</ele>
    <time>2024-08-25T09:13:14Z</time>
   </trkpt>
   <trkpt lat="47.1959400" lon="2.3914900">
    <ele>169.0</ele>
    <time>2024-08-25T09:13:15Z</time>
   </trkpt>
   <trkpt lat="47.1959400" lon="2.3914380">
    <ele>169.1</ele>
    <time>2024-08-25T09:13:16Z</time>
   </trkpt>
   <trkpt lat="47.1959400" lon="2.3914200">
    <ele>169.1</ele>
    <time>2024-08-25T09:13:17Z</time>
   </trkpt>
   <trkpt lat="47.1959380" lon="2.3913630">
    <ele>169.2</ele>
    <time>2024-08-25T09:13:18Z</time>
   </trkpt>
   <trkpt lat="47.1959380" lon="2.3913450">
    <ele>169.3</ele>
    <time>2024-08-25T09:13:19Z</time>
   </trkpt>
   <trkpt lat="47.1959400" lon="2.3912900">
    <ele>169.3</ele>
    <time>2024-08-25T09:13:20Z</time>
   </trkpt>
   <trkpt lat="47.1959420" lon="2.3912710">
    <ele>169.4</ele>
    <time>2024-08-25T09:13:21Z</time>
   </trkpt>
   <trkpt lat="47.1959420" lon="2.3912290">
    <ele>169.4</ele>
    <time>2024-08-25T09:13:22Z</time>
   </trkpt>
   <trkpt lat="47.1959410" lon="2.3911810">
    <ele>169.5</ele>
    <time>2024-08-25T09:13:23Z</time>
   </trkpt>
   <trkpt lat="47.1959360" lon="2.3911400">
    <ele>169.6</ele>
    <time>2024-08-25T09:13:24Z</time>
   </trkpt>
   <trkpt lat="47.1959260" lon="2.3910900">
    <ele>169.7</ele>
    <time>2024-08-25T09:13:25Z</time>
   </trkpt>
   <trkpt lat="47.1959140" lon="2.3910430">
    <ele>169.7</ele>
    <time>2024-08-25T09:13:26Z</time>
   </trkpt>
   <trkpt lat="47.1959000" lon="2.3909880">
    <ele>169.8</ele>
    <time>2024-08-25T09:13:27Z</time>
   </trkpt>
   <trkpt lat="47.1958960" lon="2.3909690">
    <ele>169.9</ele>
    <time>2024-08-25T09:13:28Z</time>
   </trkpt>
   <trkpt lat="47.1958870" lon="2.3909320">
    <ele>169.9</ele>
    <time>2024-08-25T09:13:29Z</time>
   </trkpt>
   <trkpt lat="47.1958750" lon="2.3908770">
    <ele>170.0</ele>
    <time>2024-08-25T09:13:30Z</time>
   </trkpt>
   <trkpt lat="47.1958730" lon="2.3908590">
    <ele>170.0</ele>
    <time>2024-08-25T09:13:31Z</time>
   </trkpt>
   <trkpt lat="47.1958630" lon="2.3908090">
    <ele>170.1</ele>
    <time>2024-08-25T09:13:32Z</time>
   </trkpt>
   <trkpt lat="47.1958590" lon="2.3907930">
    <ele>170.1</ele>
    <time>2024-08-25T09:13:33Z</time>
   </trkpt>
   <trkpt lat="47.1958470" lon="2.3907430">
    <ele>170.2</ele>
    <time>2024-08-25T09:13:34Z</time>
   </trkpt>
   <trkpt lat="47.1958440" lon="2.3907270">
    <ele>170.2</ele>
    <time>2024-08-25T09:13:35Z</time>
   </trkpt>
   <trkpt lat="47.1958380" lon="2.3906760">
    <ele>170.3</ele>
    <time>2024-08-25T09:13:36Z</time>
   </trkpt>
   <trkpt lat="47.1958370" lon="2.3906560">
    <ele>170.3</ele>
    <time>2024-08-25T09:13:37Z</time>
   </trkpt>
   <trkpt lat="47.1958330" lon="2.3906010">
    <ele>170.4</ele>
    <time>2024-08-25T09:13:38Z</time>
   </trkpt>
   <trkpt lat="47.1958320" lon="2.3905840">
    <ele>170.4</ele>
    <time>2024-08-25T09:13:39Z</time>
   </trkpt>
   <trkpt lat="47.1958210" lon="2.3905300">
    <ele>170.5</ele>
    <time>2024-08-25T09:13:40Z</time>
   </trkpt>
   <trkpt lat="47.1958180" lon="2.3905120">
    <ele>170.5</ele>
    <time>2024-08-25T09:13:41Z</time>
   </trkpt>
   <trkpt lat="47.1958090" lon="2.3904540">
    <ele>170.6</ele>
    <time>2024-08-25T09:13:42Z</time>
   </trkpt>
   <trkpt lat="47.1958050" lon="2.3904340">
    <ele>170.6</ele>
    <time>2024-08-25T09:13:43Z</time>
   </trkpt>
   <trkpt lat="47.1957980" lon="2.3903940">
    <ele>170.6</ele>
    <time>2024-08-25T09:13:44Z</time>
   </trkpt>
   <trkpt lat="47.1957910" lon="2.3903360">
    <ele>170.7</ele>
    <time>2024-08-25T09:13:45Z</time>
   </trkpt>
   <trkpt lat="47.1957890" lon="2.3903160">
    <ele>170.7</ele>
    <time>2024-08-25T09:13:46Z</time>
   </trkpt>
   <trkpt lat="47.1957850" lon="2.3902590">
    <ele>170.8</ele>
    <time>2024-08-25T09:13:47Z</time>
   </trkpt>
   <trkpt lat="47.1957840" lon="2.3902410">
    <ele>170.8</ele>
    <time>2024-08-25T09:13:48Z</time>
   </trkpt>
   <trkpt lat="47.1957830" lon="2.3902000">
    <ele>170.9</ele>
    <time>2024-08-25T09:13:49Z</time>
   </trkpt>
   <trkpt lat="47.1957850" lon="2.3901540">
    <ele>170.9</ele>
    <time>2024-08-25T09:13:50Z</time>
   </trkpt>
   <trkpt lat="47.1957860" lon="2.3901110">
    <ele>171.0</ele>
    <time>2024-08-25T09:13:51Z</time>
   </trkpt>
   <trkpt lat="47.1957820" lon="2.3900550">
    <ele>171.0</ele>
    <time>2024-08-25T09:13:52Z</time>
   </trkpt>
   <trkpt lat="47.1957790" lon="2.3900370">
    <ele>171.0</ele>
    <time>2024-08-25T09:13:53Z</time>
   </trkpt>
   <trkpt lat="47.1957710" lon="2.3899960">
    <ele>171.1</ele>
    <time>2024-08-25T09:13:54Z</time>
   </trkpt>
   <trkpt lat="47.1957650" lon="2.3899560">
    <ele>171.1</ele>
    <time>2024-08-25T09:13:55Z</time>
   </trkpt>
   <trkpt lat="47.1957570" lon="2.3899130">
    <ele>171.2</ele>
    <time>2024-08-25T09:13:56Z</time>
   </trkpt>
   <trkpt lat="47.1957490" lon="2.3898650">
    <ele>171.3</ele>
    <time>2024-08-25T09:13:57Z</time>
   </trkpt>
   <trkpt lat="47.1957420" lon="2.3898220">
    <ele>171.3</ele>
    <time>2024-08-25T09:13:58Z</time>
   </trkpt>
   <trkpt lat="47.1957370" lon="2.3897800">
    <ele>171.4</ele>
    <time>2024-08-25T09:13:59Z</time>
   </trkpt>
   <trkpt lat="47.1957310" lon="2.3897320">
    <ele>171.5</ele>
    <time>2024-08-25T09:14:00Z</time>
   </trkpt>
   <trkpt lat="47.1957280" lon="2.3896870">
    <ele>171.5</ele>
    <time>2024-08-25T09:14:01Z</time>
   </trkpt>
   <trkpt lat="47.1957260" lon="2.3896470">
    <ele>171.6</ele>
    <time>2024-08-25T09:14:02Z</time>
   </trkpt>
   <trkpt lat="47.1957240" lon="2.3896060">
    <ele>171.7</ele>
    <time>2024-08-25T09:14:03Z</time>
   </trkpt>
   <trkpt lat="47.1957190" lon="2.3895650">
    <ele>171.7</ele>
    <time>2024-08-25T09:14:04Z</time>
   </trkpt>
   <trkpt lat="47.1957160" lon="2.3895250">
    <ele>171.8</ele>
    <time>2024-08-25T09:14:05Z</time>
   </trkpt>
   <trkpt lat="47.1957110" lon="2.3894840">
    <ele>171.9</ele>
    <time>2024-08-25T09:14:06Z</time>
   </trkpt>
   <trkpt lat="47.1957080" lon="2.3894430">
    <ele>171.9</ele>
    <time>2024-08-25T09:14:07Z</time>
   </trkpt>
   <trkpt lat="47.1957060" lon="2.3894000">
    <ele>172.0</ele>
    <time>2024-08-25T09:14:08Z</time>
   </trkpt>
   <trkpt lat="47.1957040" lon="2.3893530">
    <ele>172.1</ele>
    <time>2024-08-25T09:14:09Z</time>
   </trkpt>
   <trkpt lat="47.1957050" lon="2.3893060">
    <ele>172.1</ele>
    <time>2024-08-25T09:14:10Z</time>
   </trkpt>
   <trkpt lat="47.1957050" lon="2.3892620">
    <ele>172.2</ele>
    <time>2024-08-25T09:14:11Z</time>
   </trkpt>
   <trkpt lat="47.1957060" lon="2.3892210">
    <ele>172.2</ele>
    <time>2024-08-25T09:14:12Z</time>
   </trkpt>
   <trkpt lat="47.1957100" lon="2.3891790">
    <ele>172.3</ele>
    <time>2024-08-25T09:14:13Z</time>
   </trkpt>
   <trkpt lat="47.1957120" lon="2.3891640">
    <ele>172.3</ele>
    <time>2024-08-25T09:14:14Z</time>
   </trkpt>
   <trkpt lat="47.1957130" lon="2.3891230">
    <ele>172.4</ele>
    <time>2024-08-25T09:14:15Z</time>
   </trkpt>
   <trkpt lat="47.1957110" lon="2.3890730">
    <ele>172.4</ele>
    <time>2024-08-25T09:14:16Z</time>
   </trkpt>
   <trkpt lat="47.1957090" lon="2.3890240">
    <ele>172.5</ele>
    <time>2024-08-25T09:14:17Z</time>
   </trkpt>
   <trkpt lat="47.1957060" lon="2.3889750">
    <ele>172.6</ele>
    <time>2024-08-25T09:14:18Z</time>
   </trkpt>
   <trkpt lat="47.1957030" lon="2.3889290">
    <ele>172.6</ele>
    <time>2024-08-25T09:14:19Z</time>
   </trkpt>
   <trkpt lat="47.1956980" lon="2.3888720">
    <ele>172.7</ele>
    <time>2024-08-25T09:14:20Z</time>
   </trkpt>
   <trkpt lat="47.1956960" lon="2.3888550">
    <ele>172.7</ele>
    <time>2024-08-25T09:14:21Z</time>
   </trkpt>
   <trkpt lat="47.1956920" lon="2.3887940">
    <ele>172.8</ele>
    <time>2024-08-25T09:14:22Z</time>
   </trkpt>
   <trkpt lat="47.1956910" lon="2.3887720">
    <ele>172.8</ele>
    <time>2024-08-25T09:14:23Z</time>
   </trkpt>
   <trkpt lat="47.1956870" lon="2.3887200">
    <ele>172.9</ele>
    <time>2024-08-25T09:14:24Z</time>
   </trkpt>
   <trkpt lat="47.1956840" lon="2.3886720">
    <ele>172.9</ele>
    <time>2024-08-25T09:14:25Z</time>
   </trkpt>
   <trkpt lat="47.1956830" lon="2.3886150">
    <ele>173.0</ele>
    <time>2024-08-25T09:14:26Z</time>
   </trkpt>
   <trkpt lat="47.1956830" lon="2.3885960">
    <ele>173.0</ele>
    <time>2024-08-25T09:14:27Z</time>
   </trkpt>
   <trkpt lat="47.1956820" lon="2.3885420">
    <ele>173.0</ele>
    <time>2024-08-25T09:14:28Z</time>
   </trkpt>
   <trkpt lat="47.1956820" lon="2.3885250">
    <ele>173.1</ele>
    <time>2024-08-25T09:14:29Z</time>
   </trkpt>
   <trkpt lat="47.1956820" lon="2.3884840">
    <ele>173.1</ele>
    <time>2024-08-25T09:14:30Z</time>
   </trkpt>
   <trkpt lat="47.1956840" lon="2.3884400">
    <ele>173.1</ele>
    <time>2024-08-25T09:14:31Z</time>
   </trkpt>
   <trkpt lat="47.1956860" lon="2.3884010">
    <ele>173.2</ele>
    <time>2024-08-25T09:14:32Z</time>
   </trkpt>
   <trkpt lat="47.1956850" lon="2.3883450">
    <ele>173.2</ele>
    <time>2024-08-25T09:14:33Z</time>
   </trkpt>
   <trkpt lat="47.1956850" lon="2.3883280">
    <ele>173.3</ele>
    <time>2024-08-25T09:14:34Z</time>
   </trkpt>
   <trkpt lat="47.1956750" lon="2.3882730">
    <ele>173.3</ele>
    <time>2024-08-25T09:14:35Z</time>
   </trkpt>
   <trkpt lat="47.1956710" lon="2.3882530">
    <ele>173.3</ele>
    <time>2024-08-25T09:14:36Z</time>
   </trkpt>
   <trkpt lat="47.1956670" lon="2.3882130">
    <ele>173.4</ele>
    <time>2024-08-25T09:14:37Z</time>
   </trkpt>
   <trkpt lat="47.1956630" lon="2.3881700">
    <ele>173.4</ele>
    <time>2024-08-25T09:14:38Z</time>
   </trkpt>
   <trkpt lat="47.1956560" lon="2.3881190">
    <ele>173.4</ele>
    <time>2024-08-25T09:14:39Z</time>
   </trkpt>
   <trkpt lat="47.1956520" lon="2.3880750">
    <ele>173.5</ele>
    <time>2024-08-25T09:14:40Z</time>
   </trkpt>
   <trkpt lat="47.1956510" lon="2.3880330">
    <ele>173.5</ele>
    <time>2024-08-25T09:14:41Z</time>
   </trkpt>
   <trkpt lat="47.1956540" lon="2.3879910">
    <ele>173.5</ele>
    <time>2024-08-25T09:14:42Z</time>
   </trkpt>
   <trkpt lat="47.1956560" lon="2.3879450">
    <ele>173.6</ele>
    <time>2024-08-25T09:14:43Z</time>
   </trkpt>
   <trkpt lat="47.1956530" lon="2.3879000">
    <ele>173.6</ele>
    <time>2024-08-25T09:14:44Z</time>
   </trkpt>
   <trkpt lat="47.1956500" lon="2.3878560">
    <ele>173.6</ele>
    <time>2024-08-25T09:14:45Z</time>
   </trkpt>
   <trkpt lat="47.1956500" lon="2.3877990">
    <ele>173.7</ele>
    <time>2024-08-25T09:14:46Z</time>
   </trkpt>
   <trkpt lat="47.1956500" lon="2.3877800">
    <ele>173.7</ele>
    <time>2024-08-25T09:14:47Z</time>
   </trkpt>
   <trkpt lat="47.1956550" lon="2.3877400">
    <ele>173.7</ele>
    <time>2024-08-25T09:14:48Z</time>
   </trkpt>
   <trkpt lat="47.1956540" lon="2.3876920">
    <ele>173.8</ele>
    <time>2024-08-25T09:14:49Z</time>
   </trkpt>
   <trkpt lat="47.1956450" lon="2.3876470">
    <ele>173.8</ele>
    <time>2024-08-25T09:14:50Z</time>
   </trkpt>
   <trkpt lat="47.1956390" lon="2.3876040">
    <ele>173.8</ele>
    <time>2024-08-25T09:14:51Z</time>
   </trkpt>
   <trkpt lat="47.1956360" lon="2.3875570">
    <ele>173.8</ele>
    <time>2024-08-25T09:14:52Z</time>
   </trkpt>
   <trkpt lat="47.1956340" lon="2.3875080">
    <ele>173.9</ele>
    <time>2024-08-25T09:14:53Z</time>
   </trkpt>
   <trkpt lat="47.1956310" lon="2.3874650">
    <ele>173.9</ele>
    <time>2024-08-25T09:14:54Z</time>
   </trkpt>
   <trkpt lat="47.1956170" lon="2.3874060">
    <ele>173.9</ele>
    <time>2024-08-25T09:14:55Z</time>
   </trkpt>
   <trkpt lat="47.1956130" lon="2.3873850">
    <ele>174.0</ele>
    <time>2024-08-25T09:14:56Z</time>
   </trkpt>
   <trkpt lat="47.1956010" lon="2.3873420">
    <ele>174.0</ele>
    <time>2024-08-25T09:14:57Z</time>
   </trkpt>
   <trkpt lat="47.1955930" lon="2.3872890">
    <ele>174.0</ele>
    <time>2024-08-25T09:14:58Z</time>
   </trkpt>
   <trkpt lat="47.1955910" lon="2.3872710">
    <ele>174.1</ele>
    <time>2024-08-25T09:14:59Z</time>
   </trkpt>
   <trkpt lat="47.1955830" lon="2.3872150">
    <ele>174.1</ele>
    <time>2024-08-25T09:15:00Z</time>
   </trkpt>
   <trkpt lat="47.1955790" lon="2.3871950">
    <ele>174.1</ele>
    <time>2024-08-25T09:15:01Z</time>
   </trkpt>
   <trkpt lat="47.1955700" lon="2.3871540">
    <ele>174.2</ele>
    <time>2024-08-25T09:15:02Z</time>
   </trkpt>
   <trkpt lat="47.1955600" lon="2.3871110">
    <ele>174.2</ele>
    <time>2024-08-25T09:15:03Z</time>
   </trkpt>
   <trkpt lat="47.1955490" lon="2.3870680">
    <ele>174.3</ele>
    <time>2024-08-25T09:15:04Z</time>
   </trkpt>
   <trkpt lat="47.1955400" lon="2.3870280">
    <ele>174.3</ele>
    <time>2024-08-25T09:15:05Z</time>
   </trkpt>
   <trkpt lat="47.1955300" lon="2.3869850">
    <ele>174.4</ele>
    <time>2024-08-25T09:15:06Z</time>
   </trkpt>
   <trkpt lat="47.1955260" lon="2.3869720">
    <ele>174.4</ele>
    <time>2024-08-25T09:15:07Z</time>
   </trkpt>
   <trkpt lat="47.1955110" lon="2.3869210">
    <ele>174.4</ele>
    <time>2024-08-25T09:15:08Z</time>
   </trkpt>
   <trkpt lat="47.1955060" lon="2.3869020">
    <ele>174.5</ele>
    <time>2024-08-25T09:15:09Z</time>
   </trkpt>
   <trkpt lat="47.1954940" lon="2.3868520">
    <ele>174.5</ele>
    <time>2024-08-25T09:15:10Z</time>
   </trkpt>
   <trkpt lat="47.1954810" lon="2.3868000">
    <ele>174.6</ele>
    <time>2024-08-25T09:15:11Z</time>
   </trkpt>
   <trkpt lat="47.1954730" lon="2.3867580">
    <ele>174.7</ele>
    <time>2024-08-25T09:15:12Z</time>
   </trkpt>
   <trkpt lat="47.1954650" lon="2.3867060">
    <ele>174.7</ele>
    <time>2024-08-25T09:15:13Z</time>
   </trkpt>
   <trkpt lat="47.1954620" lon="2.3866900">
    <ele>174.8</ele>
    <time>2024-08-25T09:15:14Z</time>
   </trkpt>
   <trkpt lat="47.1954520" lon="2.3866430">
    <ele>174.8</ele>
    <time>2024-08-25T09:15:15Z</time>
   </trkpt>
   <trkpt lat="47.1954480" lon="2.3866250">
    <ele>174.9</ele>
    <time>2024-08-25T09:15:16Z</time>
   </trkpt>
   <trkpt lat="47.1954380" lon="2.3865780">
    <ele>174.9</ele>
    <time>2024-08-25T09:15:17Z</time>
   </trkpt>
   <trkpt lat="47.1954290" lon="2.3865230">
    <ele>175.0</ele>
    <time>2024-08-25T09:15:18Z</time>
   </trkpt>
   <trkpt lat="47.1954200" lon="2.3864640">
    <ele>175.1</ele>
    <time>2024-08-25T09:15:19Z</time>
   </trkpt>
   <trkpt lat="47.1954110" lon="2.3864010">
    <ele>175.2</ele>
    <time>2024-08-25T09:15:20Z</time>
   </trkpt>
   <trkpt lat="47.1954040" lon="2.3863480">
    <ele>175.2</ele>
    <time>2024-08-25T09:15:21Z</time>
   </trkpt>
   <trkpt lat="47.1953970" lon="2.3863080">
    <ele>175.3</ele>
    <time>2024-08-25T09:15:22Z</time>
   </trkpt>
   <trkpt lat="47.1953840" lon="2.3862530">
    <ele>175.4</ele>
    <time>2024-08-25T09:15:23Z</time>
   </trkpt>
   <trkpt lat="47.1953800" lon="2.3862340">
    <ele>175.4</ele>
    <time>2024-08-25T09:15:24Z</time>
   </trkpt>
   <trkpt lat="47.1953650" lon="2.3861830">
    <ele>175.5</ele>
    <time>2024-08-25T09:15:25Z</time>
   </trkpt>
   <trkpt lat="47.1953600" lon="2.3861640">
    <ele>175.5</ele>
    <time>2024-08-25T09:15:26Z</time>
   </trkpt>
   <trkpt lat="47.1953470" lon="2.3861150">
    <ele>175.6</ele>
    <time>2024-08-25T09:15:27Z</time>
   </trkpt>
   <trkpt lat="47.1953320" lon="2.3860520">
    <ele>175.6</ele>
    <time>2024-08-25T09:15:28Z</time>
   </trkpt>
   <trkpt lat="47.1953190" lon="2.3859880">
    <ele>175.7</ele>
    <time>2024-08-25T09:15:29Z</time>
   </trkpt>
   <trkpt lat="47.1953110" lon="2.3859340">
    <ele>175.8</ele>
    <time>2024-08-25T09:15:30Z</time>
   </trkpt>
   <trkpt lat="47.1953050" lon="2.3858910">
    <ele>175.8</ele>
    <time>2024-08-25T09:15:31Z</time>
   </trkpt>
   <trkpt lat="47.1952950" lon="2.3858440">
    <ele>175.9</ele>
    <time>2024-08-25T09:15:32Z</time>
   </trkpt>
   <trkpt lat="47.1952920" lon="2.3858270">
    <ele>175.9</ele>
    <time>2024-08-25T09:15:33Z</time>
   </trkpt>
   <trkpt lat="47.1952810" lon="2.3857820">
    <ele>176.0</ele>
    <time>2024-08-25T09:15:34Z</time>
   </trkpt>
   <trkpt lat="47.1952660" lon="2.3857370">
    <ele>176.0</ele>
    <time>2024-08-25T09:15:35Z</time>
   </trkpt>
   <trkpt lat="47.1952500" lon="2.3856940">
    <ele>176.1</ele>
    <time>2024-08-25T09:15:36Z</time>
   </trkpt>
   <trkpt lat="47.1952340" lon="2.3856470">
    <ele>176.1</ele>
    <time>2024-08-25T09:15:37Z</time>
   </trkpt>
   <trkpt lat="47.1952190" lon="2.3856000">
    <ele>176.2</ele>
    <time>2024-08-25T09:15:38Z</time>
   </trkpt>
   <trkpt lat="47.1952100" lon="2.3855610">
    <ele>176.3</ele>
    <time>2024-08-25T09:15:39Z</time>
   </trkpt>
   <trkpt lat="47.1951960" lon="2.3855170">
    <ele>176.3</ele>
    <time>2024-08-25T09:15:40Z</time>
   </trkpt>
   <trkpt lat="47.1951900" lon="2.3855020">
    <ele>176.4</ele>
    <time>2024-08-25T09:15:41Z</time>
   </trkpt>
   <trkpt lat="47.1951640" lon="2.3854530">
    <ele>176.5</ele>
    <time>2024-08-25T09:15:42Z</time>
   </trkpt>
   <trkpt lat="47.1951550" lon="2.3854360">
    <ele>176.5</ele>
    <time>2024-08-25T09:15:43Z</time>
   </trkpt>
   <trkpt lat="47.1951330" lon="2.3853890">
    <ele>176.6</ele>
    <time>2024-08-25T09:15:44Z</time>
   </trkpt>
   <trkpt lat="47.1951100" lon="2.3853370">
    <ele>176.7</ele>
    <time>2024-08-25T09:15:45Z</time>
   </trkpt>
   <trkpt lat="47.1950870" lon="2.3852920">
    <ele>176.8</ele>
    <time>2024-08-25T09:15:46Z</time>
   </trkpt>
   <trkpt lat="47.1950610" lon="2.3852670">
    <ele>176.9</ele>
    <time>2024-08-25T09:15:47Z</time>
   </trkpt>
   <trkpt lat="47.1950350" lon="2.3852760">
    <ele>176.9</ele>
    <time>2024-08-25T09:15:48Z</time>
   </trkpt>
   <trkpt lat="47.1950160" lon="2.3853160">
    <ele>177.1</ele>
    <time>2024-08-25T09:15:49Z</time>
   </trkpt>
   <trkpt lat="47.1950090" lon="2.3853750">
    <ele>177.3</ele>
    <time>2024-08-25T09:15:50Z</time>
   </trkpt>
   <trkpt lat="47.1950060" lon="2.3854330">
    <ele>177.4</ele>
    <time>2024-08-25T09:15:51Z</time>
   </trkpt>
   <trkpt lat="47.1950000" lon="2.3854890">
    <ele>177.6</ele>
    <time>2024-08-25T09:15:52Z</time>
   </trkpt>
   <trkpt lat="47.1949930" lon="2.3855360">
    <ele>177.7</ele>
    <time>2024-08-25T09:15:53Z</time>
   </trkpt>
   <trkpt lat="47.1949860" lon="2.3855830">
    <ele>177.9</ele>
    <time>2024-08-25T09:15:54Z</time>
   </trkpt>
   <trkpt lat="47.1949780" lon="2.3856310">
    <ele>178.0</ele>
    <time>2024-08-25T09:15:55Z</time>
   </trkpt>
   <trkpt lat="47.1949680" lon="2.3856690">
    <ele>178.2</ele>
    <time>2024-08-25T09:15:56Z</time>
   </trkpt>
   <trkpt lat="47.1949560" lon="2.3857100">
    <ele>178.3</ele>
    <time>2024-08-25T09:15:57Z</time>
   </trkpt>
   <trkpt lat="47.1949430" lon="2.3857550">
    <ele>178.5</ele>
    <time>2024-08-25T09:15:58Z</time>
   </trkpt>
   <trkpt lat="47.1949310" lon="2.3857980">
    <ele>178.6</ele>
    <time>2024-08-25T09:15:59Z</time>
   </trkpt>
   <trkpt lat="47.1949200" lon="2.3858420">
    <ele>178.8</ele>
    <time>2024-08-25T09:16:00Z</time>
   </trkpt>
   <trkpt lat="47.1949070" lon="2.3858790">
    <ele>178.9</ele>
    <time>2024-08-25T09:16:01Z</time>
   </trkpt>
   <trkpt lat="47.1948880" lon="2.3859250">
    <ele>179.1</ele>
    <time>2024-08-25T09:16:02Z</time>
   </trkpt>
   <trkpt lat="47.1948820" lon="2.3859380">
    <ele>179.2</ele>
    <time>2024-08-25T09:16:03Z</time>
   </trkpt>
   <trkpt lat="47.1948600" lon="2.3859840">
    <ele>179.4</ele>
    <time>2024-08-25T09:16:04Z</time>
   </trkpt>
   <trkpt lat="47.1948520" lon="2.3859990">
    <ele>179.4</ele>
    <time>2024-08-25T09:16:05Z</time>
   </trkpt>
   <trkpt lat="47.1948310" lon="2.3860400">
    <ele>179.6</ele>
    <time>2024-08-25T09:16:06Z</time>
   </trkpt>
   <trkpt lat="47.1948240" lon="2.3860540">
    <ele>179.7</ele>
    <time>2024-08-25T09:16:07Z</time>
   </trkpt>
   <trkpt lat="47.1948010" lon="2.3860900">
    <ele>179.9</ele>
    <time>2024-08-25T09:16:08Z</time>
   </trkpt>
   <trkpt lat="47.1947930" lon="2.3861040">
    <ele>179.9</ele>
    <time>2024-08-25T09:16:09Z</time>
   </trkpt>
   <trkpt lat="47.1947700" lon="2.3861450">
    <ele>180.1</ele>
    <time>2024-08-25T09:16:10Z</time>
   </trkpt>
   <trkpt lat="47.1947630" lon="2.3861570">
    <ele>180.2</ele>
    <time>2024-08-25T09:16:11Z</time>
   </trkpt>
   <trkpt lat="47.1947410" lon="2.3861970">
    <ele>180.3</ele>
    <time>2024-08-25T09:16:12Z</time>
   </trkpt>
   <trkpt lat="47.1947340" lon="2.3862100">
    <ele>180.4</ele>
    <time>2024-08-25T09:16:13Z</time>
   </trkpt>
   <trkpt lat="47.1947100" lon="2.3862490">
    <ele>180.5</ele>
    <time>2024-08-25T09:16:14Z</time>
   </trkpt>
   <trkpt lat="47.1947030" lon="2.3862600">
    <ele>180.6</ele>
    <time>2024-08-25T09:16:15Z</time>
   </trkpt>
   <trkpt lat="47.1946790" lon="2.3863020">
    <ele>180.7</ele>
    <time>2024-08-25T09:16:16Z</time>
   </trkpt>
   <trkpt lat="47.1946710" lon="2.3863170">
    <ele>180.8</ele>
    <time>2024-08-25T09:16:17Z</time>
   </trkpt>
   <trkpt lat="47.1946480" lon="2.3863630">
    <ele>180.9</ele>
    <time>2024-08-25T09:16:18Z</time>
   </trkpt>
   <trkpt lat="47.1946400" lon="2.3863760">
    <ele>181.0</ele>
    <time>2024-08-25T09:16:19Z</time>
   </trkpt>
   <trkpt lat="47.1946140" lon="2.3864170">
    <ele>181.1</ele>
    <time>2024-08-25T09:16:20Z</time>
   </trkpt>
   <trkpt lat="47.1946030" lon="2.3864320">
    <ele>181.2</ele>
    <time>2024-08-25T09:16:21Z</time>
   </trkpt>
   <trkpt lat="47.1945840" lon="2.3864610">
    <ele>181.3</ele>
    <time>2024-08-25T09:16:22Z</time>
   </trkpt>
   <trkpt lat="47.1945590" lon="2.3865040">
    <ele>181.4</ele>
    <time>2024-08-25T09:16:23Z</time>
   </trkpt>
   <trkpt lat="47.1945510" lon="2.3865190">
    <ele>181.5</ele>
    <time>2024-08-25T09:16:24Z</time>
   </trkpt>
   <trkpt lat="47.1945290" lon="2.3865600">
    <ele>181.6</ele>
    <time>2024-08-25T09:16:25Z</time>
   </trkpt>
   <trkpt lat="47.1945210" lon="2.3865730">
    <ele>181.7</ele>
    <time>2024-08-25T09:16:26Z</time>
   </trkpt>
   <trkpt lat="47.1944980" lon="2.3866100">
    <ele>181.8</ele>
    <time>2024-08-25T09:16:27Z</time>
   </trkpt>
   <trkpt lat="47.1944890" lon="2.3866240">
    <ele>181.9</ele>
    <time>2024-08-25T09:16:28Z</time>
   </trkpt>
   <trkpt lat="47.1944630" lon="2.3866690">
    <ele>182.0</ele>
    <time>2024-08-25T09:16:29Z</time>
   </trkpt>
   <trkpt lat="47.1944550" lon="2.3866850">
    <ele>182.0</ele>
    <time>2024-08-25T09:16:30Z</time>
   </trkpt>
   <trkpt lat="47.1944310" lon="2.3867320">
    <ele>182.2</ele>
    <time>2024-08-25T09:16:31Z</time>
   </trkpt>
   <trkpt lat="47.1944220" lon="2.3867480">
    <ele>182.2</ele>
    <time>2024-08-25T09:16:32Z</time>
   </trkpt>
   <trkpt lat="47.1944050" lon="2.3867810">
    <ele>182.3</ele>
    <time>2024-08-25T09:16:33Z</time>
   </trkpt>
   <trkpt lat="47.1943850" lon="2.3868280">
    <ele>182.4</ele>
    <time>2024-08-25T09:16:34Z</time>
   </trkpt>
   <trkpt lat="47.1943790" lon="2.3868420">
    <ele>182.5</ele>
    <time>2024-08-25T09:16:35Z</time>
   </trkpt>
   <trkpt lat="47.1943570" lon="2.3868860">
    <ele>182.6</ele>
    <time>2024-08-25T09:16:36Z</time>
   </trkpt>
   <trkpt lat="47.1943500" lon="2.3869000">
    <ele>182.7</ele>
    <time>2024-08-25T09:16:37Z</time>
   </trkpt>
   <trkpt lat="47.1943280" lon="2.3869450">
    <ele>182.8</ele>
    <time>2024-08-25T09:16:38Z</time>
   </trkpt>
   <trkpt lat="47.1943200" lon="2.3869610">
    <ele>182.9</ele>
    <time>2024-08-25T09:16:39Z</time>
   </trkpt>
   <trkpt lat="47.1943000" lon="2.3870090">
    <ele>183.0</ele>
    <time>2024-08-25T09:16:40Z</time>
   </trkpt>
   <trkpt lat="47.1942940" lon="2.3870260">
    <ele>183.1</ele>
    <time>2024-08-25T09:16:41Z</time>
   </trkpt>
   <trkpt lat="47.1942820" lon="2.3870760">
    <ele>183.2</ele>
    <time>2024-08-25T09:16:42Z</time>
   </trkpt>
   <trkpt lat="47.1942790" lon="2.3870930">
    <ele>183.3</ele>
    <time>2024-08-25T09:16:43Z</time>
   </trkpt>
   <trkpt lat="47.1942640" lon="2.3871460">
    <ele>183.4</ele>
    <time>2024-08-25T09:16:44Z</time>
   </trkpt>
   <trkpt lat="47.1942590" lon="2.3871640">
    <ele>183.5</ele>
    <time>2024-08-25T09:16:45Z</time>
   </trkpt>
   <trkpt lat="47.1942470" lon="2.3872100">
    <ele>183.6</ele>
    <time>2024-08-25T09:16:46Z</time>
   </trkpt>
   <trkpt lat="47.1942440" lon="2.3872250">
    <ele>183.7</ele>
    <time>2024-08-25T09:16:47Z</time>
   </trkpt>
   <trkpt lat="47.1942340" lon="2.3872720">
    <ele>183.8</ele>
    <time>2024-08-25T09:16:48Z</time>
   </trkpt>
   <trkpt lat="47.1942310" lon="2.3872870">
    <ele>183.8</ele>
    <time>2024-08-25T09:16:49Z</time>
   </trkpt>
   <trkpt lat="47.1942220" lon="2.3873300">
    <ele>183.9</ele>
    <time>2024-08-25T09:16:50Z</time>
   </trkpt>
   <trkpt lat="47.1942200" lon="2.3873440">
    <ele>184.0</ele>
    <time>2024-08-25T09:16:51Z</time>
   </trkpt>
   <trkpt lat="47.1942030" lon="2.3873910">
    <ele>184.1</ele>
    <time>2024-08-25T09:16:52Z</time>
   </trkpt>
   <trkpt lat="47.1941980" lon="2.3874070">
    <ele>184.2</ele>
    <time>2024-08-25T09:16:53Z</time>
   </trkpt>
   <trkpt lat="47.1941820" lon="2.3874480">
    <ele>184.3</ele>
    <time>2024-08-25T09:16:54Z</time>
   </trkpt>
   <trkpt lat="47.1941760" lon="2.3874640">
    <ele>184.3</ele>
    <time>2024-08-25T09:16:55Z</time>
   </trkpt>
   <trkpt lat="47.1941620" lon="2.3875120">
    <ele>184.5</ele>
    <time>2024-08-25T09:16:56Z</time>
   </trkpt>
   <trkpt lat="47.1941570" lon="2.3875280">
    <ele>184.5</ele>
    <time>2024-08-25T09:16:57Z</time>
   </trkpt>
   <trkpt lat="47.1941420" lon="2.3875790">
    <ele>184.6</ele>
    <time>2024-08-25T09:16:58Z</time>
   </trkpt>
   <trkpt lat="47.1941380" lon="2.3875960">
    <ele>184.7</ele>
    <time>2024-08-25T09:16:59Z</time>
   </trkpt>
   <trkpt lat="47.1941290" lon="2.3876500">
    <ele>184.8</ele>
    <time>2024-08-25T09:17:00Z</time>
   </trkpt>
   <trkpt lat="47.1941270" lon="2.3876680">
    <ele>184.9</ele>
    <time>2024-08-25T09:17:01Z</time>
   </trkpt>
   <trkpt lat="47.1941230" lon="2.3877220">
    <ele>185.0</ele>
    <time>2024-08-25T09:17:02Z</time>
   </trkpt>
   <trkpt lat="47.1941210" lon="2.3877380">
    <ele>185.1</ele>
    <time>2024-08-25T09:17:03Z</time>
   </trkpt>
   <trkpt lat="47.1941120" lon="2.3877850">
    <ele>185.2</ele>
    <time>2024-08-25T09:17:04Z</time>
   </trkpt>
   <trkpt lat="47.1941090" lon="2.3878000">
    <ele>185.2</ele>
    <time>2024-08-25T09:17:05Z</time>
   </trkpt>
   <trkpt lat="47.1940990" lon="2.3878500">
    <ele>185.4</ele>
    <time>2024-08-25T09:17:06Z</time>
   </trkpt>
   <trkpt lat="47.1940960" lon="2.3878660">
    <ele>185.4</ele>
    <time>2024-08-25T09:17:07Z</time>
   </trkpt>
   <trkpt lat="47.1940850" lon="2.3879140">
    <ele>185.6</ele>
    <time>2024-08-25T09:17:08Z</time>
   </trkpt>
   <trkpt lat="47.1940810" lon="2.3879320">
    <ele>185.6</ele>
    <time>2024-08-25T09:17:09Z</time>
   </trkpt>
   <trkpt lat="47.1940710" lon="2.3879870">
    <ele>185.8</ele>
    <time>2024-08-25T09:17:10Z</time>
   </trkpt>
   <trkpt lat="47.1940680" lon="2.3880050">
    <ele>185.8</ele>
    <time>2024-08-25T09:17:11Z</time>
   </trkpt>
   <trkpt lat="47.1940590" lon="2.3880570">
    <ele>186.0</ele>
    <time>2024-08-25T09:17:12Z</time>
   </trkpt>
   <trkpt lat="47.1940550" lon="2.3880740">
    <ele>186.0</ele>
    <time>2024-08-25T09:17:13Z</time>
   </trkpt>
   <trkpt lat="47.1940440" lon="2.3881310">
    <ele>186.2</ele>
    <time>2024-08-25T09:17:14Z</time>
   </trkpt>
   <trkpt lat="47.1940400" lon="2.3881510">
    <ele>186.2</ele>
    <time>2024-08-25T09:17:15Z</time>
   </trkpt>
   <trkpt lat="47.1940280" lon="2.3882050">
    <ele>186.4</ele>
    <time>2024-08-25T09:17:16Z</time>
   </trkpt>
   <trkpt lat="47.1940250" lon="2.3882210">
    <ele>186.4</ele>
    <time>2024-08-25T09:17:17Z</time>
   </trkpt>
   <trkpt lat="47.1940110" lon="2.3882620">
    <ele>186.5</ele>
    <time>2024-08-25T09:17:18Z</time>
   </trkpt>
   <trkpt lat="47.1940070" lon="2.3882740">
    <ele>186.5</ele>
    <time>2024-08-25T09:17:19Z</time>
   </trkpt>
   <trkpt lat="47.1939940" lon="2.3883090">
    <ele>186.6</ele>
    <time>2024-08-25T09:17:20Z</time>
   </trkpt>
   <trkpt lat="47.1939890" lon="2.3883220">
    <ele>186.7</ele>
    <time>2024-08-25T09:17:21Z</time>
   </trkpt>
   <trkpt lat="47.1939670" lon="2.3883650">
    <ele>186.8</ele>
    <time>2024-08-25T09:17:22Z</time>
   </trkpt>
   <trkpt lat="47.1939590" lon="2.3883800">
    <ele>186.8</ele>
    <time>2024-08-25T09:17:23Z</time>
   </trkpt>
   <trkpt lat="47.1939360" lon="2.3884240">
    <ele>187.0</ele>
    <time>2024-08-25T09:17:24Z</time>
   </trkpt>
   <trkpt lat="47.1939290" lon="2.3884390">
    <ele>187.0</ele>
    <time>2024-08-25T09:17:25Z</time>
   </trkpt>
   <trkpt lat="47.1939070" lon="2.3884830">
    <ele>187.1</ele>
    <time>2024-08-25T09:17:26Z</time>
   </trkpt>
   <trkpt lat="47.1938990" lon="2.3884970">
    <ele>187.2</ele>
    <time>2024-08-25T09:17:27Z</time>
   </trkpt>
   <trkpt lat="47.1938750" lon="2.3885330">
    <ele>187.3</ele>
    <time>2024-08-25T09:17:28Z</time>
   </trkpt>
   <trkpt lat="47.1938670" lon="2.3885450">
    <ele>187.3</ele>
    <time>2024-08-25T09:17:29Z</time>
   </trkpt>
   <trkpt lat="47.1938400" lon="2.3885780">
    <ele>187.5</ele>
    <time>2024-08-25T09:17:30Z</time>
   </trkpt>
   <trkpt lat="47.1938310" lon="2.3885900">
    <ele>187.5</ele>
    <time>2024-08-25T09:17:31Z</time>
   </trkpt>
   <trkpt lat="47.1938050" lon="2.3886220">
    <ele>187.7</ele>
    <time>2024-08-25T09:17:32Z</time>
   </trkpt>
   <trkpt lat="47.1937970" lon="2.3886310">
    <ele>187.7</ele>
    <time>2024-08-25T09:17:33Z</time>
   </trkpt>
   <trkpt lat="47.1937720" lon="2.3886690">
    <ele>187.9</ele>
    <time>2024-08-25T09:17:34Z</time>
   </trkpt>
   <trkpt lat="47.1937630" lon="2.3886840">
    <ele>187.9</ele>
    <time>2024-08-25T09:17:35Z</time>
   </trkpt>
   <trkpt lat="47.1937380" lon="2.3887250">
    <ele>188.1</ele>
    <time>2024-08-25T09:17:36Z</time>
   </trkpt>
   <trkpt lat="47.1937300" lon="2.3887390">
    <ele>188.2</ele>
    <time>2024-08-25T09:17:37Z</time>
   </trkpt>
   <trkpt lat="47.1937070" lon="2.3887730">
    <ele>188.3</ele>
    <time>2024-08-25T09:17:38Z</time>
   </trkpt>
   <trkpt lat="47.1936990" lon="2.3887830">
    <ele>188.4</ele>
    <time>2024-08-25T09:17:39Z</time>
   </trkpt>
   <trkpt lat="47.1936750" lon="2.3888130">
    <ele>188.5</ele>
    <time>2024-08-25T09:17:41Z</time>
   </trkpt>
   <trkpt lat="47.1936670" lon="2.3888230">
    <ele>188.5</ele>
    <time>2024-08-25T09:17:42Z</time>
   </trkpt>
   <trkpt lat="47.1936380" lon="2.3888560">
    <ele>188.7</ele>
    <time>2024-08-25T09:17:43Z</time>
   </trkpt>
   <trkpt lat="47.1936280" lon="2.3888660">
    <ele>188.7</ele>
    <time>2024-08-25T09:17:44Z</time>
   </trkpt>
   <trkpt lat="47.1935990" lon="2.3888980">
    <ele>188.9</ele>
    <time>2024-08-25T09:17:45Z</time>
   </trkpt>
   <trkpt lat="47.1935890" lon="2.3889090">
    <ele>188.9</ele>
    <time>2024-08-25T09:17:46Z</time>
   </trkpt>
   <trkpt lat="47.1935630" lon="2.3889380">
    <ele>189.0</ele>
    <time>2024-08-25T09:17:47Z</time>
   </trkpt>
   <trkpt lat="47.1935540" lon="2.3889490">
    <ele>189.0</ele>
    <time>2024-08-25T09:17:48Z</time>
   </trkpt>
   <trkpt lat="47.1935250" lon="2.3889800">
    <ele>189.2</ele>
    <time>2024-08-25T09:17:49Z</time>
   </trkpt>
   <trkpt lat="47.1935150" lon="2.3889910">
    <ele>189.2</ele>
    <time>2024-08-25T09:17:50Z</time>
   </trkpt>
   <trkpt lat="47.1934900" lon="2.3890190">
    <ele>189.3</ele>
    <time>2024-08-25T09:17:51Z</time>
   </trkpt>
   <trkpt lat="47.1934820" lon="2.3890280">
    <ele>189.3</ele>
    <time>2024-08-25T09:17:52Z</time>
   </trkpt>
   <trkpt lat="47.1934540" lon="2.3890580">
    <ele>189.3</ele>
    <time>2024-08-25T09:17:53Z</time>
   </trkpt>
   <trkpt lat="47.1934440" lon="2.3890690">
    <ele>189.4</ele>
    <time>2024-08-25T09:17:54Z</time>
   </trkpt>
   <trkpt lat="47.1934230" lon="2.3890940">
    <ele>189.4</ele>
    <time>2024-08-25T09:17:55Z</time>
   </trkpt>
   <trkpt lat="47.1933950" lon="2.3891280">
    <ele>189.4</ele>
    <time>2024-08-25T09:17:56Z</time>
   </trkpt>
   <trkpt lat="47.1933870" lon="2.3891390">
    <ele>189.4</ele>
    <time>2024-08-25T09:17:57Z</time>
   </trkpt>
   <trkpt lat="47.1933600" lon="2.3891730">
    <ele>189.4</ele>
    <time>2024-08-25T09:17:58Z</time>
   </trkpt>
   <trkpt lat="47.1933510" lon="2.3891850">
    <ele>189.4</ele>
    <time>2024-08-25T09:17:59Z</time>
   </trkpt>
   <trkpt lat="47.1933230" lon="2.3892210">
    <ele>189.4</ele>
    <time>2024-08-25T09:18:00Z</time>
   </trkpt>
   <trkpt lat="47.1933150" lon="2.3892330">
    <ele>189.4</ele>
    <time>2024-08-25T09:18:01Z</time>
   </trkpt>
   <trkpt lat="47.1932890" lon="2.3892650">
    <ele>189.4</ele>
    <time>2024-08-25T09:18:02Z</time>
   </trkpt>
   <trkpt lat="47.1932800" lon="2.3892760">
    <ele>189.4</ele>
    <time>2024-08-25T09:18:03Z</time>
   </trkpt>
   <trkpt lat="47.1932490" lon="2.3893140">
    <ele>189.3</ele>
    <time>2024-08-25T09:18:04Z</time>
   </trkpt>
   <trkpt lat="47.1932390" lon="2.3893260">
    <ele>189.3</ele>
    <time>2024-08-25T09:18:05Z</time>
   </trkpt>
   <trkpt lat="47.1932060" lon="2.3893580">
    <ele>189.3</ele>
    <time>2024-08-25T09:18:06Z</time>
   </trkpt>
   <trkpt lat="47.1931940" lon="2.3893680">
    <ele>189.2</ele>
    <time>2024-08-25T09:18:07Z</time>
   </trkpt>
   <trkpt lat="47.1931700" lon="2.3893890">
    <ele>189.2</ele>
    <time>2024-08-25T09:18:08Z</time>
   </trkpt>
   <trkpt lat="47.1931380" lon="2.3894130">
    <ele>189.1</ele>
    <time>2024-08-25T09:18:09Z</time>
   </trkpt>
   <trkpt lat="47.1931270" lon="2.3894210">
    <ele>189.1</ele>
    <time>2024-08-25T09:18:10Z</time>
   </trkpt>
   <trkpt lat="47.1931020" lon="2.3894380">
    <ele>189.0</ele>
    <time>2024-08-25T09:18:11Z</time>
   </trkpt>
   <trkpt lat="47.1930670" lon="2.3894570">
    <ele>188.9</ele>
    <time>2024-08-25T09:18:12Z</time>
   </trkpt>
   <trkpt lat="47.1930560" lon="2.3894620">
    <ele>188.8</ele>
    <time>2024-08-25T09:18:13Z</time>
   </trkpt>
   <trkpt lat="47.1930190" lon="2.3894810">
    <ele>188.7</ele>
    <time>2024-08-25T09:18:14Z</time>
   </trkpt>
   <trkpt lat="47.1930070" lon="2.3894880">
    <ele>188.7</ele>
    <time>2024-08-25T09:18:15Z</time>
   </trkpt>
   <trkpt lat="47.1929710" lon="2.3895050">
    <ele>188.5</ele>
    <time>2024-08-25T09:18:16Z</time>
   </trkpt>
   <trkpt lat="47.1929590" lon="2.3895100">
    <ele>188.5</ele>
    <time>2024-08-25T09:18:17Z</time>
   </trkpt>
   <trkpt lat="47.1929230" lon="2.3895270">
    <ele>188.3</ele>
    <time>2024-08-25T09:18:18Z</time>
   </trkpt>
   <trkpt lat="47.1929130" lon="2.3895320">
    <ele>188.2</ele>
    <time>2024-08-25T09:18:19Z</time>
   </trkpt>
   <trkpt lat="47.1928800" lon="2.3895510">
    <ele>188.1</ele>
    <time>2024-08-25T09:18:20Z</time>
   </trkpt>
   <trkpt lat="47.1928690" lon="2.3895570">
    <ele>188.0</ele>
    <time>2024-08-25T09:18:21Z</time>
   </trkpt>
   <trkpt lat="47.1928370" lon="2.3895770">
    <ele>187.8</ele>
    <time>2024-08-25T09:18:22Z</time>
   </trkpt>
   <trkpt lat="47.1928260" lon="2.3895840">
    <ele>187.8</ele>
    <time>2024-08-25T09:18:23Z</time>
   </trkpt>
   <trkpt lat="47.1927940" lon="2.3896060">
    <ele>187.6</ele>
    <time>2024-08-25T09:18:24Z</time>
   </trkpt>
   <trkpt lat="47.1927820" lon="2.3896140">
    <ele>187.5</ele>
    <time>2024-08-25T09:18:25Z</time>
   </trkpt>
   <trkpt lat="47.1927470" lon="2.3896390">
    <ele>187.3</ele>
    <time>2024-08-25T09:18:26Z</time>
   </trkpt>
   <trkpt lat="47.1927360" lon="2.3896470">
    <ele>187.3</ele>
    <time>2024-08-25T09:18:27Z</time>
   </trkpt>
   <trkpt lat="47.1927040" lon="2.3896690">
    <ele>187.1</ele>
    <time>2024-08-25T09:18:28Z</time>
   </trkpt>
   <trkpt lat="47.1926930" lon="2.3896760">
    <ele>187.0</ele>
    <time>2024-08-25T09:18:29Z</time>
   </trkpt>
   <trkpt lat="47.1926620" lon="2.3896970">
    <ele>186.8</ele>
    <time>2024-08-25T09:18:30Z</time>
   </trkpt>
   <trkpt lat="47.1926510" lon="2.3897040">
    <ele>186.7</ele>
    <time>2024-08-25T09:18:31Z</time>
   </trkpt>
   <trkpt lat="47.1926190" lon="2.3897260">
    <ele>186.5</ele>
    <time>2024-08-25T09:18:32Z</time>
   </trkpt>
   <trkpt lat="47.1926100" lon="2.3897320">
    <ele>186.5</ele>
    <time>2024-08-25T09:18:33Z</time>
   </trkpt>
   <trkpt lat="47.1925770" lon="2.3897540">
    <ele>186.3</ele>
    <time>2024-08-25T09:18:34Z</time>
   </trkpt>
   <trkpt lat="47.1925660" lon="2.3897630">
    <ele>186.2</ele>
    <time>2024-08-25T09:18:35Z</time>
   </trkpt>
   <trkpt lat="47.1925330" lon="2.3897920">
    <ele>186.0</ele>
    <time>2024-08-25T09:18:36Z</time>
   </trkpt>
   <trkpt lat="47.1925230" lon="2.3898020">
    <ele>185.9</ele>
    <time>2024-08-25T09:18:37Z</time>
   </trkpt>
   <trkpt lat="47.1924940" lon="2.3898300">
    <ele>185.7</ele>
    <time>2024-08-25T09:18:38Z</time>
   </trkpt>
   <trkpt lat="47.1924850" lon="2.3898390">
    <ele>185.6</ele>
    <time>2024-08-25T09:18:39Z</time>
   </trkpt>
   <trkpt lat="47.1924560" lon="2.3898700">
    <ele>185.4</ele>
    <time>2024-08-25T09:18:40Z</time>
   </trkpt>
   <trkpt lat="47.1924470" lon="2.3898810">
    <ele>185.3</ele>
    <time>2024-08-25T09:18:41Z</time>
   </trkpt>
   <trkpt lat="47.1924240" lon="2.3899070">
    <ele>185.1</ele>
    <time>2024-08-25T09:18:42Z</time>
   </trkpt>
   <trkpt lat="47.1923960" lon="2.3899390">
    <ele>184.9</ele>
    <time>2024-08-25T09:18:43Z</time>
   </trkpt>
   <trkpt lat="47.1923860" lon="2.3899480">
    <ele>184.8</ele>
    <time>2024-08-25T09:18:44Z</time>
   </trkpt>
   <trkpt lat="47.1923610" lon="2.3899720">
    <ele>184.6</ele>
    <time>2024-08-25T09:18:45Z</time>
   </trkpt>
   <trkpt lat="47.1923380" lon="2.3899930">
    <ele>184.4</ele>
    <time>2024-08-25T09:18:46Z</time>
   </trkpt>
   <trkpt lat="47.1923140" lon="2.3900140">
    <ele>184.2</ele>
    <time>2024-08-25T09:18:47Z</time>
   </trkpt>
   <trkpt lat="47.1922820" lon="2.3900430">
    <ele>183.9</ele>
    <time>2024-08-25T09:18:48Z</time>
   </trkpt>
   <trkpt lat="47.1922730" lon="2.3900520">
    <ele>183.9</ele>
    <time>2024-08-25T09:18:49Z</time>
   </trkpt>
   <trkpt lat="47.1922320" lon="2.3900980">
    <ele>183.5</ele>
    <time>2024-08-25T09:18:50Z</time>
   </trkpt>
   <trkpt lat="47.1922020" lon="2.3901320">
    <ele>183.2</ele>
    <time>2024-08-25T09:18:51Z</time>
   </trkpt>
   <trkpt lat="47.1921920" lon="2.3901430">
    <ele>183.1</ele>
    <time>2024-08-25T09:18:52Z</time>
   </trkpt>
   <trkpt lat="47.1921680" lon="2.3901680">
    <ele>182.9</ele>
    <time>2024-08-25T09:18:53Z</time>
   </trkpt>
   <trkpt lat="47.1921440" lon="2.3901890">
    <ele>182.7</ele>
    <time>2024-08-25T09:18:54Z</time>
   </trkpt>
   <trkpt lat="47.1921200" lon="2.3902170">
    <ele>182.5</ele>
    <time>2024-08-25T09:18:55Z</time>
   </trkpt>
   <trkpt lat="47.1921110" lon="2.3902280">
    <ele>182.4</ele>
    <time>2024-08-25T09:18:56Z</time>
   </trkpt>
   <trkpt lat="47.1920840" lon="2.3902620">
    <ele>182.1</ele>
    <time>2024-08-25T09:18:57Z</time>
   </trkpt>
   <trkpt lat="47.1920750" lon="2.3902730">
    <ele>182.1</ele>
    <time>2024-08-25T09:18:58Z</time>
   </trkpt>
   <trkpt lat="47.1920440" lon="2.3903020">
    <ele>181.8</ele>
    <time>2024-08-25T09:18:59Z</time>
   </trkpt>
   <trkpt lat="47.1920340" lon="2.3903110">
    <ele>181.7</ele>
    <time>2024-08-25T09:19:00Z</time>
   </trkpt>
   <trkpt lat="47.1920060" lon="2.3903410">
    <ele>181.5</ele>
    <time>2024-08-25T09:19:01Z</time>
   </trkpt>
   <trkpt lat="47.1919960" lon="2.3903510">
    <ele>181.4</ele>
    <time>2024-08-25T09:19:02Z</time>
   </trkpt>
   <trkpt lat="47.1919650" lon="2.3903770">
    <ele>181.1</ele>
    <time>2024-08-25T09:19:03Z</time>
   </trkpt>
   <trkpt lat="47.1919540" lon="2.3903840">
    <ele>181.0</ele>
    <time>2024-08-25T09:19:04Z</time>
   </trkpt>
   <trkpt lat="47.1919260" lon="2.3904020">
    <ele>180.8</ele>
    <time>2024-08-25T09:19:05Z</time>
   </trkpt>
   <trkpt lat="47.1919140" lon="2.3904080">
    <ele>180.7</ele>
    <time>2024-08-25T09:19:06Z</time>
   </trkpt>
   <trkpt lat="47.1918820" lon="2.3904260">
    <ele>180.4</ele>
    <time>2024-08-25T09:19:07Z</time>
   </trkpt>
   <trkpt lat="47.1918720" lon="2.3904320">
    <ele>180.4</ele>
    <time>2024-08-25T09:19:08Z</time>
   </trkpt>
   <trkpt lat="47.1918390" lon="2.3904480">
    <ele>180.1</ele>
    <time>2024-08-25T09:19:09Z</time>
   </trkpt>
   <trkpt lat="47.1918290" lon="2.3904530">
    <ele>180.0</ele>
    <time>2024-08-25T09:19:10Z</time>
   </trkpt>
   <trkpt lat="47.1917910" lon="2.3904690">
    <ele>179.7</ele>
    <time>2024-08-25T09:19:11Z</time>
   </trkpt>
   <trkpt lat="47.1917770" lon="2.3904760">
    <ele>179.6</ele>
    <time>2024-08-25T09:19:12Z</time>
   </trkpt>
   <trkpt lat="47.1917460" lon="2.3904910">
    <ele>179.4</ele>
    <time>2024-08-25T09:19:13Z</time>
   </trkpt>
   <trkpt lat="47.1917190" lon="2.3905020">
    <ele>179.1</ele>
    <time>2024-08-25T09:19:14Z</time>
   </trkpt>
   <trkpt lat="47.1916860" lon="2.3905120">
    <ele>178.9</ele>
    <time>2024-08-25T09:19:15Z</time>
   </trkpt>
   <trkpt lat="47.1916760" lon="2.3905150">
    <ele>178.8</ele>
    <time>2024-08-25T09:19:16Z</time>
   </trkpt>
   <trkpt lat="47.1916440" lon="2.3905240">
    <ele>178.5</ele>
    <time>2024-08-25T09:19:17Z</time>
   </trkpt>
   <trkpt lat="47.1916340" lon="2.3905260">
    <ele>178.5</ele>
    <time>2024-08-25T09:19:18Z</time>
   </trkpt>
   <trkpt lat="47.1915990" lon="2.3905320">
    <ele>178.2</ele>
    <time>2024-08-25T09:19:19Z</time>
   </trkpt>
   <trkpt lat="47.1915870" lon="2.3905340">
    <ele>178.1</ele>
    <time>2024-08-25T09:19:20Z</time>
   </trkpt>
   <trkpt lat="47.1915490" lon="2.3905470">
    <ele>177.8</ele>
    <time>2024-08-25T09:19:21Z</time>
   </trkpt>
   <trkpt lat="47.1915360" lon="2.3905530">
    <ele>177.7</ele>
    <time>2024-08-25T09:19:22Z</time>
   </trkpt>
   <trkpt lat="47.1915010" lon="2.3905690">
    <ele>177.5</ele>
    <time>2024-08-25T09:19:23Z</time>
   </trkpt>
   <trkpt lat="47.1914900" lon="2.3905740">
    <ele>177.4</ele>
    <time>2024-08-25T09:19:24Z</time>
   </trkpt>
   <trkpt lat="47.1914570" lon="2.3905920">
    <ele>177.2</ele>
    <time>2024-08-25T09:19:25Z</time>
   </trkpt>
   <trkpt lat="47.1914450" lon="2.3905980">
    <ele>177.2</ele>
    <time>2024-08-25T09:19:26Z</time>
   </trkpt>
   <trkpt lat="47.1914090" lon="2.3906130">
    <ele>177.0</ele>
    <time>2024-08-25T09:19:27Z</time>
   </trkpt>
   <trkpt lat="47.1913990" lon="2.3906180">
    <ele>176.9</ele>
    <time>2024-08-25T09:19:28Z</time>
   </trkpt>
   <trkpt lat="47.1913560" lon="2.3906300">
    <ele>176.8</ele>
    <time>2024-08-25T09:19:29Z</time>
   </trkpt>
   <trkpt lat="47.1913410" lon="2.3906350">
    <ele>176.7</ele>
    <time>2024-08-25T09:19:30Z</time>
   </trkpt>
   <trkpt lat="47.1913140" lon="2.3906430">
    <ele>176.6</ele>
    <time>2024-08-25T09:19:31Z</time>
   </trkpt>
   <trkpt lat="47.1912740" lon="2.3906540">
    <ele>176.6</ele>
    <time>2024-08-25T09:19:32Z</time>
   </trkpt>
   <trkpt lat="47.1912620" lon="2.3906580">
    <ele>176.6</ele>
    <time>2024-08-25T09:19:33Z</time>
   </trkpt>
   <trkpt lat="47.1912270" lon="2.3906700">
    <ele>176.5</ele>
    <time>2024-08-25T09:19:34Z</time>
   </trkpt>
   <trkpt lat="47.1912150" lon="2.3906740">
    <ele>176.5</ele>
    <time>2024-08-25T09:19:35Z</time>
   </trkpt>
   <trkpt lat="47.1911760" lon="2.3906850">
    <ele>176.5</ele>
    <time>2024-08-25T09:19:36Z</time>
   </trkpt>
   <trkpt lat="47.1911620" lon="2.3906890">
    <ele>176.5</ele>
    <time>2024-08-25T09:19:37Z</time>
   </trkpt>
   <trkpt lat="47.1911250" lon="2.3906990">
    <ele>176.5</ele>
    <time>2024-08-25T09:19:38Z</time>
   </trkpt>
   <trkpt lat="47.1911130" lon="2.3907010">
    <ele>176.5</ele>
    <time>2024-08-25T09:19:39Z</time>
   </trkpt>
   <trkpt lat="47.1910860" lon="2.3907070">
    <ele>176.5</ele>
    <time>2024-08-25T09:19:40Z</time>
   </trkpt>
   <trkpt lat="47.1910500" lon="2.3907190">
    <ele>176.5</ele>
    <time>2024-08-25T09:19:41Z</time>
   </trkpt>
   <trkpt lat="47.1910380" lon="2.3907220">
    <ele>176.5</ele>
    <time>2024-08-25T09:19:42Z</time>
   </trkpt>
   <trkpt lat="47.1910020" lon="2.3907370">
    <ele>176.6</ele>
    <time>2024-08-25T09:19:43Z</time>
   </trkpt>
   <trkpt lat="47.1909900" lon="2.3907410">
    <ele>176.6</ele>
    <time>2024-08-25T09:19:44Z</time>
   </trkpt>
   <trkpt lat="47.1909570" lon="2.3907490">
    <ele>176.6</ele>
    <time>2024-08-25T09:19:45Z</time>
   </trkpt>
   <trkpt lat="47.1909460" lon="2.3907510">
    <ele>176.7</ele>
    <time>2024-08-25T09:19:46Z</time>
   </trkpt>
   <trkpt lat="47.1909110" lon="2.3907580">
    <ele>176.7</ele>
    <time>2024-08-25T09:19:47Z</time>
   </trkpt>
   <trkpt lat="47.1909000" lon="2.3907610">
    <ele>176.7</ele>
    <time>2024-08-25T09:19:48Z</time>
   </trkpt>
   <trkpt lat="47.1908610" lon="2.3907760">
    <ele>176.8</ele>
    <time>2024-08-25T09:19:49Z</time>
   </trkpt>
   <trkpt lat="47.1908480" lon="2.3907820">
    <ele>176.8</ele>
    <time>2024-08-25T09:19:50Z</time>
   </trkpt>
   <trkpt lat="47.1908100" lon="2.3907960">
    <ele>176.9</ele>
    <time>2024-08-25T09:19:51Z</time>
   </trkpt>
   <trkpt lat="47.1907980" lon="2.3908010">
    <ele>176.9</ele>
    <time>2024-08-25T09:19:52Z</time>
   </trkpt>
   <trkpt lat="47.1907630" lon="2.3908200">
    <ele>177.0</ele>
    <time>2024-08-25T09:19:53Z</time>
   </trkpt>
   <trkpt lat="47.1907500" lon="2.3908270">
    <ele>177.0</ele>
    <time>2024-08-25T09:19:54Z</time>
   </trkpt>
   <trkpt lat="47.1907170" lon="2.3908450">
    <ele>177.1</ele>
    <time>2024-08-25T09:19:55Z</time>
   </trkpt>
   <trkpt lat="47.1907070" lon="2.3908500">
    <ele>177.2</ele>
    <time>2024-08-25T09:19:56Z</time>
   </trkpt>
   <trkpt lat="47.1906700" lon="2.3908680">
    <ele>177.3</ele>
    <time>2024-08-25T09:19:57Z</time>
   </trkpt>
   <trkpt lat="47.1906570" lon="2.3908740">
    <ele>177.3</ele>
    <time>2024-08-25T09:19:58Z</time>
   </trkpt>
   <trkpt lat="47.1906260" lon="2.3908880">
    <ele>177.4</ele>
    <time>2024-08-25T09:19:59Z</time>
   </trkpt>
   <trkpt lat="47.1906000" lon="2.3909020">
    <ele>177.5</ele>
    <time>2024-08-25T09:20:00Z</time>
   </trkpt>
   <trkpt lat="47.1905690" lon="2.3909190">
    <ele>177.6</ele>
    <time>2024-08-25T09:20:01Z</time>
   </trkpt>
   <trkpt lat="47.1905580" lon="2.3909240">
    <ele>177.7</ele>
    <time>2024-08-25T09:20:02Z</time>
   </trkpt>
   <trkpt lat="47.1905240" lon="2.3909380">
    <ele>177.8</ele>
    <time>2024-08-25T09:20:03Z</time>
   </trkpt>
   <trkpt lat="47.1905120" lon="2.3909420">
    <ele>177.9</ele>
    <time>2024-08-25T09:20:04Z</time>
   </trkpt>
   <trkpt lat="47.1904790" lon="2.3909580">
    <ele>178.0</ele>
    <time>2024-08-25T09:20:05Z</time>
   </trkpt>
   <trkpt lat="47.1904670" lon="2.3909630">
    <ele>178.1</ele>
    <time>2024-08-25T09:20:06Z</time>
   </trkpt>
   <trkpt lat="47.1904410" lon="2.3909760">
    <ele>178.2</ele>
    <time>2024-08-25T09:20:07Z</time>
   </trkpt>
   <trkpt lat="47.1904060" lon="2.3909960">
    <ele>178.4</ele>
    <time>2024-08-25T09:20:08Z</time>
   </trkpt>
   <trkpt lat="47.1903950" lon="2.3910020">
    <ele>178.5</ele>
    <time>2024-08-25T09:20:09Z</time>
   </trkpt>
   <trkpt lat="47.1903600" lon="2.3910270">
    <ele>178.7</ele>
    <time>2024-08-25T09:20:10Z</time>
   </trkpt>
   <trkpt lat="47.1903490" lon="2.3910350">
    <ele>178.8</ele>
    <time>2024-08-25T09:20:11Z</time>
   </trkpt>
   <trkpt lat="47.1903200" lon="2.3910530">
    <ele>179.0</ele>
    <time>2024-08-25T09:20:12Z</time>
   </trkpt>
   <trkpt lat="47.1903110" lon="2.3910560">
    <ele>179.1</ele>
    <time>2024-08-25T09:20:13Z</time>
   </trkpt>
   <trkpt lat="47.1902800" lon="2.3910690">
    <ele>179.3</ele>
    <time>2024-08-25T09:20:14Z</time>
   </trkpt>
   <trkpt lat="47.1902700" lon="2.3910740">
    <ele>179.4</ele>
    <time>2024-08-25T09:20:15Z</time>
   </trkpt>
   <trkpt lat="47.1902380" lon="2.3910910">
    <ele>179.7</ele>
    <time>2024-08-25T09:20:16Z</time>
   </trkpt>
   <trkpt lat="47.1902260" lon="2.3910970">
    <ele>179.8</ele>
    <time>2024-08-25T09:20:17Z</time>
   </trkpt>
   <trkpt lat="47.1901910" lon="2.3911160">
    <ele>180.1</ele>
    <time>2024-08-25T09:20:18Z</time>
   </trkpt>
   <trkpt lat="47.1901800" lon="2.3911210">
    <ele>180.2</ele>
    <time>2024-08-25T09:20:19Z</time>
   </trkpt>
   <trkpt lat="47.1901500" lon="2.3911340">
    <ele>180.4</ele>
    <time>2024-08-25T09:20:20Z</time>
   </trkpt>
   <trkpt lat="47.1901410" lon="2.3911380">
    <ele>180.5</ele>
    <time>2024-08-25T09:20:21Z</time>
   </trkpt>
   <trkpt lat="47.1901140" lon="2.3911460">
    <ele>180.7</ele>
    <time>2024-08-25T09:20:22Z</time>
   </trkpt>
   <trkpt lat="47.1901050" lon="2.3911490">
    <ele>180.8</ele>
    <time>2024-08-25T09:20:23Z</time>
   </trkpt>
   <trkpt lat="47.1900790" lon="2.3911580">
    <ele>181.0</ele>
    <time>2024-08-25T09:20:24Z</time>
   </trkpt>
   <trkpt lat="47.1900690" lon="2.3911610">
    <ele>181.1</ele>
    <time>2024-08-25T09:20:25Z</time>
   </trkpt>
   <trkpt lat="47.1900400" lon="2.3911700">
    <ele>181.3</ele>
    <time>2024-08-25T09:20:26Z</time>
   </trkpt>
   <trkpt lat="47.1900320" lon="2.3911720">
    <ele>181.3</ele>
    <time>2024-08-25T09:20:27Z</time>
   </trkpt>
   <trkpt lat="47.1900000" lon="2.3911810">
    <ele>181.6</ele>
    <time>2024-08-25T09:20:28Z</time>
   </trkpt>
   <trkpt lat="47.1899890" lon="2.3911850">
    <ele>181.6</ele>
    <time>2024-08-25T09:20:29Z</time>
   </trkpt>
   <trkpt lat="47.1899560" lon="2.3911970">
    <ele>181.8</ele>
    <time>2024-08-25T09:20:30Z</time>
   </trkpt>
   <trkpt lat="47.1899460" lon="2.3912000">
    <ele>181.9</ele>
    <time>2024-08-25T09:20:31Z</time>
   </trkpt>
   <trkpt lat="47.1899170" lon="2.3912140">
    <ele>182.1</ele>
    <time>2024-08-25T09:20:32Z</time>
   </trkpt>
   <trkpt lat="47.1899070" lon="2.3912200">
    <ele>182.2</ele>
    <time>2024-08-25T09:20:33Z</time>
   </trkpt>
   <trkpt lat="47.1898740" lon="2.3912360">
    <ele>182.4</ele>
    <time>2024-08-25T09:20:34Z</time>
   </trkpt>
   <trkpt lat="47.1898620" lon="2.3912420">
    <ele>182.5</ele>
    <time>2024-08-25T09:20:35Z</time>
   </trkpt>
   <trkpt lat="47.1898270" lon="2.3912590">
    <ele>182.7</ele>
    <time>2024-08-25T09:20:36Z</time>
   </trkpt>
   <trkpt lat="47.1898160" lon="2.3912640">
    <ele>182.8</ele>
    <time>2024-08-25T09:20:37Z</time>
   </trkpt>
   <trkpt lat="47.1897830" lon="2.3912790">
    <ele>183.0</ele>
    <time>2024-08-25T09:20:38Z</time>
   </trkpt>
   <trkpt lat="47.1897720" lon="2.3912830">
    <ele>183.1</ele>
    <time>2024-08-25T09:20:39Z</time>
   </trkpt>
   <trkpt lat="47.1897400" lon="2.3912990">
    <ele>183.3</ele>
    <time>2024-08-25T09:20:40Z</time>
   </trkpt>
   <trkpt lat="47.1897300" lon="2.3913050">
    <ele>183.4</ele>
    <time>2024-08-25T09:20:41Z</time>
   </trkpt>
   <trkpt lat="47.1896990" lon="2.3913180">
    <ele>183.6</ele>
    <time>2024-08-25T09:20:42Z</time>
   </trkpt>
   <trkpt lat="47.1896880" lon="2.3913220">
    <ele>183.6</ele>
    <time>2024-08-25T09:20:43Z</time>
   </trkpt>
   <trkpt lat="47.1896510" lon="2.3913440">
    <ele>183.9</ele>
    <time>2024-08-25T09:20:44Z</time>
   </trkpt>
   <trkpt lat="47.1896390" lon="2.3913530">
    <ele>184.0</ele>
    <time>2024-08-25T09:20:45Z</time>
   </trkpt>
   <trkpt lat="47.1896050" lon="2.3913750">
    <ele>184.1</ele>
    <time>2024-08-25T09:20:46Z</time>
   </trkpt>
   <trkpt lat="47.1895950" lon="2.3913820">
    <ele>184.1</ele>
    <time>2024-08-25T09:20:47Z</time>
   </trkpt>
   <trkpt lat="47.1895610" lon="2.3913970">
    <ele>184.2</ele>
    <time>2024-08-25T09:20:48Z</time>
   </trkpt>
   <trkpt lat="47.1895510" lon="2.3914020">
    <ele>184.2</ele>
    <time>2024-08-25T09:20:49Z</time>
   </trkpt>
   <trkpt lat="47.1895220" lon="2.3914170">
    <ele>184.3</ele>
    <time>2024-08-25T09:20:50Z</time>
   </trkpt>
   <trkpt lat="47.1895110" lon="2.3914220">
    <ele>184.3</ele>
    <time>2024-08-25T09:20:51Z</time>
   </trkpt>
   <trkpt lat="47.1894840" lon="2.3914300">
    <ele>184.4</ele>
    <time>2024-08-25T09:20:52Z</time>
   </trkpt>
   <trkpt lat="47.1894570" lon="2.3914370">
    <ele>184.5</ele>
    <time>2024-08-25T09:20:53Z</time>
   </trkpt>
   <trkpt lat="47.1894200" lon="2.3914500">
    <ele>184.6</ele>
    <time>2024-08-25T09:20:54Z</time>
   </trkpt>
   <trkpt lat="47.1894080" lon="2.3914560">
    <ele>184.7</ele>
    <time>2024-08-25T09:20:55Z</time>
   </trkpt>
   <trkpt lat="47.1893740" lon="2.3914770">
    <ele>184.8</ele>
    <time>2024-08-25T09:20:56Z</time>
   </trkpt>
   <trkpt lat="47.1893640" lon="2.3914840">
    <ele>184.9</ele>
    <time>2024-08-25T09:20:57Z</time>
   </trkpt>
   <trkpt lat="47.1893370" lon="2.3915060">
    <ele>185.0</ele>
    <time>2024-08-25T09:20:58Z</time>
   </trkpt>
   <trkpt lat="47.1893270" lon="2.3915140">
    <ele>185.0</ele>
    <time>2024-08-25T09:20:59Z</time>
   </trkpt>
   <trkpt lat="47.1892950" lon="2.3915440">
    <ele>185.2</ele>
    <time>2024-08-25T09:21:00Z</time>
   </trkpt>
   <trkpt lat="47.1892840" lon="2.3915530">
    <ele>185.2</ele>
    <time>2024-08-25T09:21:01Z</time>
   </trkpt>
   <trkpt lat="47.1892530" lon="2.3915830">
    <ele>185.4</ele>
    <time>2024-08-25T09:21:02Z</time>
   </trkpt>
   <trkpt lat="47.1892420" lon="2.3915920">
    <ele>185.4</ele>
    <time>2024-08-25T09:21:03Z</time>
   </trkpt>
   <trkpt lat="47.1892110" lon="2.3916200">
    <ele>185.5</ele>
    <time>2024-08-25T09:21:04Z</time>
   </trkpt>
   <trkpt lat="47.1892020" lon="2.3916290">
    <ele>185.6</ele>
    <time>2024-08-25T09:21:05Z</time>
   </trkpt>
   <trkpt lat="47.1891750" lon="2.3916560">
    <ele>185.7</ele>
    <time>2024-08-25T09:21:06Z</time>
   </trkpt>
   <trkpt lat="47.1891660" lon="2.3916640">
    <ele>185.7</ele>
    <time>2024-08-25T09:21:07Z</time>
   </trkpt>
   <trkpt lat="47.1891380" lon="2.3916910">
    <ele>185.8</ele>
    <time>2024-08-25T09:21:08Z</time>
   </trkpt>
   <trkpt lat="47.1891270" lon="2.3917000">
    <ele>185.9</ele>
    <time>2024-08-25T09:21:09Z</time>
   </trkpt>
   <trkpt lat="47.1890960" lon="2.3917270">
    <ele>186.0</ele>
    <time>2024-08-25T09:21:10Z</time>
   </trkpt>
   <trkpt lat="47.1890850" lon="2.3917360">
    <ele>186.0</ele>
    <time>2024-08-25T09:21:11Z</time>
   </trkpt>
   <trkpt lat="47.1890540" lon="2.3917650">
    <ele>186.1</ele>
    <time>2024-08-25T09:21:12Z</time>
   </trkpt>
   <trkpt lat="47.1890440" lon="2.3917760">
    <ele>186.1</ele>
    <time>2024-08-25T09:21:13Z</time>
   </trkpt>
   <trkpt lat="47.1890140" lon="2.3918110">
    <ele>186.3</ele>
    <time>2024-08-25T09:21:14Z</time>
   </trkpt>
   <trkpt lat="47.1890040" lon="2.3918230">
    <ele>186.3</ele>
    <time>2024-08-25T09:21:15Z</time>
   </trkpt>
   <trkpt lat="47.1889710" lon="2.3918560">
    <ele>186.4</ele>
    <time>2024-08-25T09:21:16Z</time>
   </trkpt>
   <trkpt lat="47.1889600" lon="2.3918660">
    <ele>186.4</ele>
    <time>2024-08-25T09:21:17Z</time>
   </trkpt>
   <trkpt lat="47.1889240" lon="2.3918960">
    <ele>186.5</ele>
    <time>2024-08-25T09:21:18Z</time>
   </trkpt>
   <trkpt lat="47.1889120" lon="2.3919060">
    <ele>186.5</ele>
    <time>2024-08-25T09:21:19Z</time>
   </trkpt>
   <trkpt lat="47.1888850" lon="2.3919270">
    <ele>186.6</ele>
    <time>2024-08-25T09:21:20Z</time>
   </trkpt>
   <trkpt lat="47.1888590" lon="2.3919490">
    <ele>186.6</ele>
    <time>2024-08-25T09:21:21Z</time>
   </trkpt>
   <trkpt lat="47.1888250" lon="2.3919770">
    <ele>186.7</ele>
    <time>2024-08-25T09:21:22Z</time>
   </trkpt>
   <trkpt lat="47.1888130" lon="2.3919870">
    <ele>186.7</ele>
    <time>2024-08-25T09:21:23Z</time>
   </trkpt>
   <trkpt lat="47.1887800" lon="2.3920150">
    <ele>186.8</ele>
    <time>2024-08-25T09:21:24Z</time>
   </trkpt>
   <trkpt lat="47.1887690" lon="2.3920230">
    <ele>186.9</ele>
    <time>2024-08-25T09:21:25Z</time>
   </trkpt>
   <trkpt lat="47.1887400" lon="2.3920520">
    <ele>186.9</ele>
    <time>2024-08-25T09:21:26Z</time>
   </trkpt>
   <trkpt lat="47.1887320" lon="2.3920610">
    <ele>186.9</ele>
    <time>2024-08-25T09:21:27Z</time>
   </trkpt>
   <trkpt lat="47.1887120" lon="2.3920870">
    <ele>187.0</ele>
    <time>2024-08-25T09:21:28Z</time>
   </trkpt>
   <trkpt lat="47.1887030" lon="2.3920970">
    <ele>187.0</ele>
    <time>2024-08-25T09:21:29Z</time>
   </trkpt>
   <trkpt lat="47.1886780" lon="2.3921200">
    <ele>187.0</ele>
    <time>2024-08-25T09:21:30Z</time>
   </trkpt>
   <trkpt lat="47.1886550" lon="2.3921410">
    <ele>187.1</ele>
    <time>2024-08-25T09:21:31Z</time>
   </trkpt>
   <trkpt lat="47.1886250" lon="2.3921690">
    <ele>187.1</ele>
    <time>2024-08-25T09:21:32Z</time>
   </trkpt>
   <trkpt lat="47.1886150" lon="2.3921780">
    <ele>187.2</ele>
    <time>2024-08-25T09:21:33Z</time>
   </trkpt>
   <trkpt lat="47.1885910" lon="2.3922010">
    <ele>187.2</ele>
    <time>2024-08-25T09:21:34Z</time>
   </trkpt>
   <trkpt lat="47.1885650" lon="2.3922220">
    <ele>187.3</ele>
    <time>2024-08-25T09:21:35Z</time>
   </trkpt>
   <trkpt lat="47.1885300" lon="2.3922520">
    <ele>187.3</ele>
    <time>2024-08-25T09:21:36Z</time>
   </trkpt>
   <trkpt lat="47.1885190" lon="2.3922630">
    <ele>187.3</ele>
    <time>2024-08-25T09:21:37Z</time>
   </trkpt>
   <trkpt lat="47.1884880" lon="2.3922860">
    <ele>187.4</ele>
    <time>2024-08-25T09:21:38Z</time>
   </trkpt>
   <trkpt lat="47.1884620" lon="2.3923120">
    <ele>187.5</ele>
    <time>2024-08-25T09:21:39Z</time>
   </trkpt>
   <trkpt lat="47.1884330" lon="2.3923480">
    <ele>187.5</ele>
    <time>2024-08-25T09:21:40Z</time>
   </trkpt>
   <trkpt lat="47.1884240" lon="2.3923590">
    <ele>187.6</ele>
    <time>2024-08-25T09:21:41Z</time>
   </trkpt>
   <trkpt lat="47.1884000" lon="2.3923840">
    <ele>187.6</ele>
    <time>2024-08-25T09:21:42Z</time>
   </trkpt>
   <trkpt lat="47.1883690" lon="2.3924060">
    <ele>187.7</ele>
    <time>2024-08-25T09:21:43Z</time>
   </trkpt>
   <trkpt lat="47.1883420" lon="2.3924240">
    <ele>187.7</ele>
    <time>2024-08-25T09:21:44Z</time>
   </trkpt>
   <trkpt lat="47.1883140" lon="2.3924490">
    <ele>187.8</ele>
    <time>2024-08-25T09:21:45Z</time>
   </trkpt>
   <trkpt lat="47.1883060" lon="2.3924570">
    <ele>187.8</ele>
    <time>2024-08-25T09:21:46Z</time>
   </trkpt>
   <trkpt lat="47.1882790" lon="2.3924900">
    <ele>187.9</ele>
    <time>2024-08-25T09:21:47Z</time>
   </trkpt>
   <trkpt lat="47.1882690" lon="2.3925010">
    <ele>187.9</ele>
    <time>2024-08-25T09:21:48Z</time>
   </trkpt>
   <trkpt lat="47.1882440" lon="2.3925290">
    <ele>188.0</ele>
    <time>2024-08-25T09:21:49Z</time>
   </trkpt>
   <trkpt lat="47.1882350" lon="2.3925390">
    <ele>188.0</ele>
    <time>2024-08-25T09:21:50Z</time>
   </trkpt>
   <trkpt lat="47.1882100" lon="2.3925600">
    <ele>188.1</ele>
    <time>2024-08-25T09:21:51Z</time>
   </trkpt>
   <trkpt lat="47.1881810" lon="2.3925780">
    <ele>188.1</ele>
    <time>2024-08-25T09:21:52Z</time>
   </trkpt>
   <trkpt lat="47.1881520" lon="2.3925940">
    <ele>188.2</ele>
    <time>2024-08-25T09:21:53Z</time>
   </trkpt>
   <trkpt lat="47.1881190" lon="2.3926180">
    <ele>188.3</ele>
    <time>2024-08-25T09:21:54Z</time>
   </trkpt>
   <trkpt lat="47.1881080" lon="2.3926270">
    <ele>188.4</ele>
    <time>2024-08-25T09:21:55Z</time>
   </trkpt>
   <trkpt lat="47.1880740" lon="2.3926560">
    <ele>188.5</ele>
    <time>2024-08-25T09:21:56Z</time>
   </trkpt>
   <trkpt lat="47.1880620" lon="2.3926660">
    <ele>188.6</ele>
    <time>2024-08-25T09:21:57Z</time>
   </trkpt>
   <trkpt lat="47.1880290" lon="2.3926930">
    <ele>188.7</ele>
    <time>2024-08-25T09:21:58Z</time>
   </trkpt>
   <trkpt lat="47.1880180" lon="2.3927010">
    <ele>188.8</ele>
    <time>2024-08-25T09:21:59Z</time>
   </trkpt>
   <trkpt lat="47.1879880" lon="2.3927220">
    <ele>188.9</ele>
    <time>2024-08-25T09:22:00Z</time>
   </trkpt>
   <trkpt lat="47.1879770" lon="2.3927300">
    <ele>189.0</ele>
    <time>2024-08-25T09:22:01Z</time>
   </trkpt>
   <trkpt lat="47.1879450" lon="2.3927610">
    <ele>189.1</ele>
    <time>2024-08-25T09:22:02Z</time>
   </trkpt>
   <trkpt lat="47.1879340" lon="2.3927720">
    <ele>189.2</ele>
    <time>2024-08-25T09:22:03Z</time>
   </trkpt>
   <trkpt lat="47.1879060" lon="2.3927980">
    <ele>189.4</ele>
    <time>2024-08-25T09:22:04Z</time>
   </trkpt>
   <trkpt lat="47.1878970" lon="2.3928050">
    <ele>189.4</ele>
    <time>2024-08-25T09:22:05Z</time>
   </trkpt>
   <trkpt lat="47.1878720" lon="2.3928200">
    <ele>189.6</ele>
    <time>2024-08-25T09:22:06Z</time>
   </trkpt>
   <trkpt lat="47.1878640" lon="2.3928250">
    <ele>189.6</ele>
    <time>2024-08-25T09:22:07Z</time>
   </trkpt>
   <trkpt lat="47.1878490" lon="2.3928360">
    <ele>189.7</ele>
    <time>2024-08-25T09:22:08Z</time>
   </trkpt>
   <trkpt lat="47.1878320" lon="2.3928480">
    <ele>189.8</ele>
    <time>2024-08-25T09:22:09Z</time>
   </trkpt>
   <trkpt lat="47.1878030" lon="2.3928650">
    <ele>190.0</ele>
    <time>2024-08-25T09:22:10Z</time>
   </trkpt>
   <trkpt lat="47.1877930" lon="2.3928700">
    <ele>190.0</ele>
    <time>2024-08-25T09:22:11Z</time>
   </trkpt>
   <trkpt lat="47.1877690" lon="2.3928850">
    <ele>190.2</ele>
    <time>2024-08-25T09:22:12Z</time>
   </trkpt>
   <trkpt lat="47.1877600" lon="2.3928910">
    <ele>190.2</ele>
    <time>2024-08-25T09:22:13Z</time>
   </trkpt>
   <trkpt lat="47.1877340" lon="2.3929080">
    <ele>190.4</ele>
    <time>2024-08-25T09:22:14Z</time>
   </trkpt>
   <trkpt lat="47.1877260" lon="2.3929140">
    <ele>190.5</ele>
    <time>2024-08-25T09:22:15Z</time>
   </trkpt>
   <trkpt lat="47.1876920" lon="2.3929370">
    <ele>190.7</ele>
    <time>2024-08-25T09:22:16Z</time>
   </trkpt>
   <trkpt lat="47.1876790" lon="2.3929440">
    <ele>190.7</ele>
    <time>2024-08-25T09:22:17Z</time>
   </trkpt>
   <trkpt lat="47.1876440" lon="2.3929660">
    <ele>190.9</ele>
    <time>2024-08-25T09:22:18Z</time>
   </trkpt>
   <trkpt lat="47.1876320" lon="2.3929730">
    <ele>191.0</ele>
    <time>2024-08-25T09:22:19Z</time>
   </trkpt>
   <trkpt lat="47.1876030" lon="2.3929870">
    <ele>191.1</ele>
    <time>2024-08-25T09:22:20Z</time>
   </trkpt>
   <trkpt lat="47.1875960" lon="2.3929900">
    <ele>191.2</ele>
    <time>2024-08-25T09:22:21Z</time>
   </trkpt>
   <trkpt lat="47.1875720" lon="2.3930060">
    <ele>191.3</ele>
    <time>2024-08-25T09:22:22Z</time>
   </trkpt>
   <trkpt lat="47.1875610" lon="2.3930130">
    <ele>191.3</ele>
    <time>2024-08-25T09:22:23Z</time>
   </trkpt>
   <trkpt lat="47.1875340" lon="2.3930300">
    <ele>191.5</ele>
    <time>2024-08-25T09:22:24Z</time>
   </trkpt>
   <trkpt lat="47.1875240" lon="2.3930350">
    <ele>191.5</ele>
    <time>2024-08-25T09:22:25Z</time>
   </trkpt>
   <trkpt lat="47.1875080" lon="2.3930420">
    <ele>191.6</ele>
    <time>2024-08-25T09:22:26Z</time>
   </trkpt>
   <trkpt lat="47.1874950" lon="2.3930470">
    <ele>191.6</ele>
    <time>2024-08-25T09:22:27Z</time>
   </trkpt>
   <trkpt lat="47.1874620" lon="2.3930590">
    <ele>191.8</ele>
    <time>2024-08-25T09:22:28Z</time>
   </trkpt>
   <trkpt lat="47.1874490" lon="2.3930640">
    <ele>191.8</ele>
    <time>2024-08-25T09:22:29Z</time>
   </trkpt>
   <trkpt lat="47.1874160" lon="2.3930810">
    <ele>192.0</ele>
    <time>2024-08-25T09:22:30Z</time>
   </trkpt>
   <trkpt lat="47.1874050" lon="2.3930870">
    <ele>192.0</ele>
    <time>2024-08-25T09:22:31Z</time>
   </trkpt>
   <trkpt lat="47.1873770" lon="2.3931070">
    <ele>192.1</ele>
    <time>2024-08-25T09:22:32Z</time>
   </trkpt>
   <trkpt lat="47.1873470" lon="2.3931320">
    <ele>192.3</ele>
    <time>2024-08-25T09:22:33Z</time>
   </trkpt>
   <trkpt lat="47.1873140" lon="2.3931530">
    <ele>192.4</ele>
    <time>2024-08-25T09:22:34Z</time>
   </trkpt>
   <trkpt lat="47.1872870" lon="2.3931690">
    <ele>192.5</ele>
    <time>2024-08-25T09:22:35Z</time>
   </trkpt>
   <trkpt lat="47.1872610" lon="2.3931850">
    <ele>192.6</ele>
    <time>2024-08-25T09:22:36Z</time>
   </trkpt>
   <trkpt lat="47.1872360" lon="2.3932010">
    <ele>192.7</ele>
    <time>2024-08-25T09:22:37Z</time>
   </trkpt>
   <trkpt lat="47.1872010" lon="2.3932290">
    <ele>192.9</ele>
    <time>2024-08-25T09:22:38Z</time>
   </trkpt>
   <trkpt lat="47.1871880" lon="2.3932390">
    <ele>193.0</ele>
    <time>2024-08-25T09:22:39Z</time>
   </trkpt>
   <trkpt lat="47.1871610" lon="2.3932560">
    <ele>193.1</ele>
    <time>2024-08-25T09:22:40Z</time>
   </trkpt>
   <trkpt lat="47.1871310" lon="2.3932710">
    <ele>193.3</ele>
    <time>2024-08-25T09:22:41Z</time>
   </trkpt>
   <trkpt lat="47.1871010" lon="2.3932830">
    <ele>193.4</ele>
    <time>2024-08-25T09:22:42Z</time>
   </trkpt>
   <trkpt lat="47.1870710" lon="2.3932990">
    <ele>193.6</ele>
    <time>2024-08-25T09:22:43Z</time>
   </trkpt>
   <trkpt lat="47.1870430" lon="2.3933170">
    <ele>193.7</ele>
    <time>2024-08-25T09:22:44Z</time>
   </trkpt>
   <trkpt lat="47.1870160" lon="2.3933360">
    <ele>193.8</ele>
    <time>2024-08-25T09:22:45Z</time>
   </trkpt>
   <trkpt lat="47.1869850" lon="2.3933640">
    <ele>194.0</ele>
    <time>2024-08-25T09:22:46Z</time>
   </trkpt>
   <trkpt lat="47.1869770" lon="2.3933740">
    <ele>194.0</ele>
    <time>2024-08-25T09:22:47Z</time>
   </trkpt>
   <trkpt lat="47.1869560" lon="2.3934110">
    <ele>194.2</ele>
    <time>2024-08-25T09:22:48Z</time>
   </trkpt>
   <trkpt lat="47.1869490" lon="2.3934240">
    <ele>194.2</ele>
    <time>2024-08-25T09:22:49Z</time>
   </trkpt>
   <trkpt lat="47.1869300" lon="2.3934550">
    <ele>194.3</ele>
    <time>2024-08-25T09:22:50Z</time>
   </trkpt>
   <trkpt lat="47.1869210" lon="2.3934640">
    <ele>194.4</ele>
    <time>2024-08-25T09:22:51Z</time>
   </trkpt>
   <trkpt lat="47.1868930" lon="2.3934940">
    <ele>194.5</ele>
    <time>2024-08-25T09:22:52Z</time>
   </trkpt>
   <trkpt lat="47.1868810" lon="2.3935050">
    <ele>194.6</ele>
    <time>2024-08-25T09:22:53Z</time>
   </trkpt>
   <trkpt lat="47.1868560" lon="2.3935250">
    <ele>194.7</ele>
    <time>2024-08-25T09:22:54Z</time>
   </trkpt>
   <trkpt lat="47.1868240" lon="2.3935520">
    <ele>194.8</ele>
    <time>2024-08-25T09:22:55Z</time>
   </trkpt>
   <trkpt lat="47.1868150" lon="2.3935610">
    <ele>194.9</ele>
    <time>2024-08-25T09:22:56Z</time>
   </trkpt>
   <trkpt lat="47.1867900" lon="2.3935910">
    <ele>195.0</ele>
    <time>2024-08-25T09:22:57Z</time>
   </trkpt>
   <trkpt lat="47.1867840" lon="2.3936000">
    <ele>195.0</ele>
    <time>2024-08-25T09:22:58Z</time>
   </trkpt>
   <trkpt lat="47.1867590" lon="2.3936320">
    <ele>195.1</ele>
    <time>2024-08-25T09:22:59Z</time>
   </trkpt>
   <trkpt lat="47.1867500" lon="2.3936430">
    <ele>195.1</ele>
    <time>2024-08-25T09:23:00Z</time>
   </trkpt>
   <trkpt lat="47.1867250" lon="2.3936720">
    <ele>195.2</ele>
    <time>2024-08-25T09:23:01Z</time>
   </trkpt>
   <trkpt lat="47.1867180" lon="2.3936790">
    <ele>195.3</ele>
    <time>2024-08-25T09:23:02Z</time>
   </trkpt>
   <trkpt lat="47.1867020" lon="2.3937030">
    <ele>195.3</ele>
    <time>2024-08-25T09:23:03Z</time>
   </trkpt>
   <trkpt lat="47.1866950" lon="2.3937130">
    <ele>195.4</ele>
    <time>2024-08-25T09:23:04Z</time>
   </trkpt>
   <trkpt lat="47.1866880" lon="2.3937240">
    <ele>195.4</ele>
    <time>2024-08-25T09:23:05Z</time>
   </trkpt>
   <trkpt lat="47.1866690" lon="2.3937510">
    <ele>195.5</ele>
    <time>2024-08-25T09:23:06Z</time>
   </trkpt>
   <trkpt lat="47.1866610" lon="2.3937600">
    <ele>195.5</ele>
    <time>2024-08-25T09:23:07Z</time>
   </trkpt>
   <trkpt lat="47.1866350" lon="2.3937910">
    <ele>195.6</ele>
    <time>2024-08-25T09:23:08Z</time>
   </trkpt>
   <trkpt lat="47.1866290" lon="2.3938020">
    <ele>195.6</ele>
    <time>2024-08-25T09:23:09Z</time>
   </trkpt>
   <trkpt lat="47.1866030" lon="2.3938340">
    <ele>195.7</ele>
    <time>2024-08-25T09:23:10Z</time>
   </trkpt>
   <trkpt lat="47.1865940" lon="2.3938450">
    <ele>195.8</ele>
    <time>2024-08-25T09:23:11Z</time>
   </trkpt>
   <trkpt lat="47.1865630" lon="2.3938820">
    <ele>195.9</ele>
    <time>2024-08-25T09:23:12Z</time>
   </trkpt>
   <trkpt lat="47.1865520" lon="2.3938960">
    <ele>195.9</ele>
    <time>2024-08-25T09:23:13Z</time>
   </trkpt>
   <trkpt lat="47.1865260" lon="2.3939270">
    <ele>196.0</ele>
    <time>2024-08-25T09:23:14Z</time>
   </trkpt>
   <trkpt lat="47.1865050" lon="2.3939540">
    <ele>196.1</ele>
    <time>2024-08-25T09:23:15Z</time>
   </trkpt>
   <trkpt lat="47.1864790" lon="2.3939860">
    <ele>196.2</ele>
    <time>2024-08-25T09:23:16Z</time>
   </trkpt>
   <trkpt lat="47.1864720" lon="2.3939960">
    <ele>196.2</ele>
    <time>2024-08-25T09:23:17Z</time>
   </trkpt>
   <trkpt lat="47.1864600" lon="2.3940120">
    <ele>196.3</ele>
    <time>2024-08-25T09:23:18Z</time>
   </trkpt>
   <trkpt lat="47.1864490" lon="2.3940340">
    <ele>196.3</ele>
    <time>2024-08-25T09:23:19Z</time>
   </trkpt>
   <trkpt lat="47.1864390" lon="2.3940530">
    <ele>196.3</ele>
    <time>2024-08-25T09:23:20Z</time>
   </trkpt>
   <trkpt lat="47.1864270" lon="2.3940720">
    <ele>196.4</ele>
    <time>2024-08-25T09:23:21Z</time>
   </trkpt>
   <trkpt lat="47.1863960" lon="2.3941130">
    <ele>196.5</ele>
    <time>2024-08-25T09:23:22Z</time>
   </trkpt>
   <trkpt lat="47.1863850" lon="2.3941270">
    <ele>196.5</ele>
    <time>2024-08-25T09:23:23Z</time>
   </trkpt>
   <trkpt lat="47.1863590" lon="2.3941680">
    <ele>196.5</ele>
    <time>2024-08-25T09:23:24Z</time>
   </trkpt>
   <trkpt lat="47.1863500" lon="2.3941830">
    <ele>196.6</ele>
    <time>2024-08-25T09:23:25Z</time>
   </trkpt>
   <trkpt lat="47.1863320" lon="2.3942150">
    <ele>196.6</ele>
    <time>2024-08-25T09:23:26Z</time>
   </trkpt>
   <trkpt lat="47.1863100" lon="2.3942500">
    <ele>196.6</ele>
    <time>2024-08-25T09:23:27Z</time>
   </trkpt>
   <trkpt lat="47.1862880" lon="2.3942850">
    <ele>196.7</ele>
    <time>2024-08-25T09:23:28Z</time>
   </trkpt>
   <trkpt lat="47.1862630" lon="2.3943200">
    <ele>196.7</ele>
    <time>2024-08-25T09:23:29Z</time>
   </trkpt>
   <trkpt lat="47.1862430" lon="2.3943510">
    <ele>196.7</ele>
    <time>2024-08-25T09:23:30Z</time>
   </trkpt>
   <trkpt lat="47.1862210" lon="2.3943760">
    <ele>196.8</ele>
    <time>2024-08-25T09:23:31Z</time>
   </trkpt>
   <trkpt lat="47.1861980" lon="2.3944070">
    <ele>196.8</ele>
    <time>2024-08-25T09:23:32Z</time>
   </trkpt>
   <trkpt lat="47.1861910" lon="2.3944160">
    <ele>196.8</ele>
    <time>2024-08-25T09:23:33Z</time>
   </trkpt>
   <trkpt lat="47.1861760" lon="2.3944530">
    <ele>196.8</ele>
    <time>2024-08-25T09:23:34Z</time>
   </trkpt>
   <trkpt lat="47.1861710" lon="2.3944680">
    <ele>196.8</ele>
    <time>2024-08-25T09:23:35Z</time>
   </trkpt>
   <trkpt lat="47.1861600" lon="2.3945080">
    <ele>196.8</ele>
    <time>2024-08-25T09:23:36Z</time>
   </trkpt>
   <trkpt lat="47.1861450" lon="2.3945500">
    <ele>196.8</ele>
    <time>2024-08-25T09:23:37Z</time>
   </trkpt>
   <trkpt lat="47.1861200" lon="2.3945950">
    <ele>196.8</ele>
    <time>2024-08-25T09:23:38Z</time>
   </trkpt>
   <trkpt lat="47.1860950" lon="2.3946360">
    <ele>196.7</ele>
    <time>2024-08-25T09:23:39Z</time>
   </trkpt>
   <trkpt lat="47.1860720" lon="2.3946730">
    <ele>196.7</ele>
    <time>2024-08-25T09:23:40Z</time>
   </trkpt>
   <trkpt lat="47.1860540" lon="2.3947060">
    <ele>196.7</ele>
    <time>2024-08-25T09:23:41Z</time>
   </trkpt>
   <trkpt lat="47.1860280" lon="2.3947460">
    <ele>196.6</ele>
    <time>2024-08-25T09:23:42Z</time>
   </trkpt>
   <trkpt lat="47.1860190" lon="2.3947610">
    <ele>196.6</ele>
    <time>2024-08-25T09:23:43Z</time>
   </trkpt>
   <trkpt lat="47.1859990" lon="2.3947970">
    <ele>196.5</ele>
    <time>2024-08-25T09:23:44Z</time>
   </trkpt>
   <trkpt lat="47.1859840" lon="2.3948340">
    <ele>196.4</ele>
    <time>2024-08-25T09:23:45Z</time>
   </trkpt>
   <trkpt lat="47.1859680" lon="2.3948680">
    <ele>196.3</ele>
    <time>2024-08-25T09:23:46Z</time>
   </trkpt>
   <trkpt lat="47.1859470" lon="2.3949030">
    <ele>196.2</ele>
    <time>2024-08-25T09:23:47Z</time>
   </trkpt>
   <trkpt lat="47.1859290" lon="2.3949360">
    <ele>196.1</ele>
    <time>2024-08-25T09:23:48Z</time>
   </trkpt>
   <trkpt lat="47.1859070" lon="2.3949810">
    <ele>196.0</ele>
    <time>2024-08-25T09:23:49Z</time>
   </trkpt>
   <trkpt lat="47.1859000" lon="2.3949980">
    <ele>196.0</ele>
    <time>2024-08-25T09:23:50Z</time>
   </trkpt>
   <trkpt lat="47.1858900" lon="2.3950390">
    <ele>195.9</ele>
    <time>2024-08-25T09:23:51Z</time>
   </trkpt>
   <trkpt lat="47.1858730" lon="2.3950900">
    <ele>195.8</ele>
    <time>2024-08-25T09:23:52Z</time>
   </trkpt>
   <trkpt lat="47.1858670" lon="2.3951070">
    <ele>195.8</ele>
    <time>2024-08-25T09:23:53Z</time>
   </trkpt>
   <trkpt lat="47.1858540" lon="2.3951450">
    <ele>195.7</ele>
    <time>2024-08-25T09:23:54Z</time>
   </trkpt>
   <trkpt lat="47.1858350" lon="2.3951960">
    <ele>195.6</ele>
    <time>2024-08-25T09:23:55Z</time>
   </trkpt>
   <trkpt lat="47.1858290" lon="2.3952130">
    <ele>195.5</ele>
    <time>2024-08-25T09:23:56Z</time>
   </trkpt>
   <trkpt lat="47.1858140" lon="2.3952510">
    <ele>195.5</ele>
    <time>2024-08-25T09:23:57Z</time>
   </trkpt>
   <trkpt lat="47.1857940" lon="2.3952890">
    <ele>195.4</ele>
    <time>2024-08-25T09:23:58Z</time>
   </trkpt>
   <trkpt lat="47.1857780" lon="2.3953240">
    <ele>195.3</ele>
    <time>2024-08-25T09:23:59Z</time>
   </trkpt>
   <trkpt lat="47.1857620" lon="2.3953580">
    <ele>195.2</ele>
    <time>2024-08-25T09:24:00Z</time>
   </trkpt>
   <trkpt lat="47.1857470" lon="2.3953920">
    <ele>195.2</ele>
    <time>2024-08-25T09:24:01Z</time>
   </trkpt>
   <trkpt lat="47.1857310" lon="2.3954260">
    <ele>195.1</ele>
    <time>2024-08-25T09:24:02Z</time>
   </trkpt>
   <trkpt lat="47.1857100" lon="2.3954570">
    <ele>195.0</ele>
    <time>2024-08-25T09:24:03Z</time>
   </trkpt>
   <trkpt lat="47.1856860" lon="2.3954910">
    <ele>195.0</ele>
    <time>2024-08-25T09:24:04Z</time>
   </trkpt>
   <trkpt lat="47.1856640" lon="2.3955210">
    <ele>194.9</ele>
    <time>2024-08-25T09:24:05Z</time>
   </trkpt>
   <trkpt lat="47.1856400" lon="2.3955510">
    <ele>194.8</ele>
    <time>2024-08-25T09:24:06Z</time>
   </trkpt>
   <trkpt lat="47.1856110" lon="2.3955830">
    <ele>194.8</ele>
    <time>2024-08-25T09:24:07Z</time>
   </trkpt>
   <trkpt lat="47.1855870" lon="2.3956130">
    <ele>194.7</ele>
    <time>2024-08-25T09:24:08Z</time>
   </trkpt>
   <trkpt lat="47.1855660" lon="2.3956400">
    <ele>194.7</ele>
    <time>2024-08-25T09:24:09Z</time>
   </trkpt>
   <trkpt lat="47.1855480" lon="2.3956700">
    <ele>194.6</ele>
    <time>2024-08-25T09:24:10Z</time>
   </trkpt>
   <trkpt lat="47.1855300" lon="2.3957000">
    <ele>194.6</ele>
    <time>2024-08-25T09:24:11Z</time>
   </trkpt>
   <trkpt lat="47.1855110" lon="2.3957300">
    <ele>194.5</ele>
    <time>2024-08-25T09:24:12Z</time>
   </trkpt>
   <trkpt lat="47.1854870" lon="2.3957570">
    <ele>194.5</ele>
    <time>2024-08-25T09:24:13Z</time>
   </trkpt>
   <trkpt lat="47.1854610" lon="2.3957790">
    <ele>194.4</ele>
    <time>2024-08-25T09:24:14Z</time>
   </trkpt>
   <trkpt lat="47.1854330" lon="2.3958030">
    <ele>194.4</ele>
    <time>2024-08-25T09:24:15Z</time>
   </trkpt>
   <trkpt lat="47.1854020" lon="2.3958310">
    <ele>194.3</ele>
    <time>2024-08-25T09:24:16Z</time>
   </trkpt>
   <trkpt lat="47.1853740" lon="2.3958610">
    <ele>194.3</ele>
    <time>2024-08-25T09:24:17Z</time>
   </trkpt>
   <trkpt lat="47.1853650" lon="2.3958720">
    <ele>194.3</ele>
    <time>2024-08-25T09:24:18Z</time>
   </trkpt>
   <trkpt lat="47.1853430" lon="2.3958980">
    <ele>194.2</ele>
    <time>2024-08-25T09:24:19Z</time>
   </trkpt>
   <trkpt lat="47.1853200" lon="2.3959290">
    <ele>194.2</ele>
    <time>2024-08-25T09:24:20Z</time>
   </trkpt>
   <trkpt lat="47.1852960" lon="2.3959650">
    <ele>194.1</ele>
    <time>2024-08-25T09:24:21Z</time>
   </trkpt>
   <trkpt lat="47.1852730" lon="2.3959990">
    <ele>194.1</ele>
    <time>2024-08-25T09:24:22Z</time>
   </trkpt>
   <trkpt lat="47.1852500" lon="2.3960310">
    <ele>194.0</ele>
    <time>2024-08-25T09:24:23Z</time>
   </trkpt>
   <trkpt lat="47.1852300" lon="2.3960590">
    <ele>193.9</ele>
    <time>2024-08-25T09:24:24Z</time>
   </trkpt>
   <trkpt lat="47.1852070" lon="2.3960940">
    <ele>193.9</ele>
    <time>2024-08-25T09:24:25Z</time>
   </trkpt>
   <trkpt lat="47.1852010" lon="2.3961050">
    <ele>193.8</ele>
    <time>2024-08-25T09:24:26Z</time>
   </trkpt>
   <trkpt lat="47.1851750" lon="2.3960970">
    <ele>193.8</ele>
    <time>2024-08-25T09:24:27Z</time>
   </trkpt>
   <trkpt lat="47.1851670" lon="2.3960860">
    <ele>193.8</ele>
    <time>2024-08-25T09:24:28Z</time>
   </trkpt>
   <trkpt lat="47.1851540" lon="2.3960380">
    <ele>194.0</ele>
    <time>2024-08-25T09:24:29Z</time>
   </trkpt>
   <trkpt lat="47.1851480" lon="2.3959930">
    <ele>194.2</ele>
    <time>2024-08-25T09:24:30Z</time>
   </trkpt>
   <trkpt lat="47.1851430" lon="2.3959520">
    <ele>194.3</ele>
    <time>2024-08-25T09:24:31Z</time>
   </trkpt>
   <trkpt lat="47.1851360" lon="2.3959070">
    <ele>194.4</ele>
    <time>2024-08-25T09:24:32Z</time>
   </trkpt>
   <trkpt lat="47.1851270" lon="2.3958600">
    <ele>194.6</ele>
    <time>2024-08-25T09:24:33Z</time>
   </trkpt>
   <trkpt lat="47.1851200" lon="2.3958120">
    <ele>194.7</ele>
    <time>2024-08-25T09:24:34Z</time>
   </trkpt>
   <trkpt lat="47.1851160" lon="2.3957710">
    <ele>194.9</ele>
    <time>2024-08-25T09:24:35Z</time>
   </trkpt>
   <trkpt lat="47.1851100" lon="2.3957110">
    <ele>195.1</ele>
    <time>2024-08-25T09:24:36Z</time>
   </trkpt>
   <trkpt lat="47.1851080" lon="2.3956900">
    <ele>195.2</ele>
    <time>2024-08-25T09:24:37Z</time>
   </trkpt>
   <trkpt lat="47.1851030" lon="2.3956500">
    <ele>195.3</ele>
    <time>2024-08-25T09:24:38Z</time>
   </trkpt>
   <trkpt lat="47.1850990" lon="2.3956010">
    <ele>195.4</ele>
    <time>2024-08-25T09:24:39Z</time>
   </trkpt>
   <trkpt lat="47.1850970" lon="2.3955850">
    <ele>195.5</ele>
    <time>2024-08-25T09:24:40Z</time>
   </trkpt>
   <trkpt lat="47.1850890" lon="2.3955290">
    <ele>195.7</ele>
    <time>2024-08-25T09:24:41Z</time>
   </trkpt>
   <trkpt lat="47.1850860" lon="2.3955100">
    <ele>195.7</ele>
    <time>2024-08-25T09:24:42Z</time>
   </trkpt>
   <trkpt lat="47.1850830" lon="2.3954700">
    <ele>195.9</ele>
    <time>2024-08-25T09:24:43Z</time>
   </trkpt>
   <trkpt lat="47.1850790" lon="2.3954120">
    <ele>196.1</ele>
    <time>2024-08-25T09:24:44Z</time>
   </trkpt>
   <trkpt lat="47.1850770" lon="2.3953920">
    <ele>196.1</ele>
    <time>2024-08-25T09:24:45Z</time>
   </trkpt>
   <trkpt lat="47.1850730" lon="2.3953500">
    <ele>196.3</ele>
    <time>2024-08-25T09:24:46Z</time>
   </trkpt>
   <trkpt lat="47.1850670" lon="2.3952970">
    <ele>196.5</ele>
    <time>2024-08-25T09:24:47Z</time>
   </trkpt>
   <trkpt lat="47.1850660" lon="2.3952780">
    <ele>196.5</ele>
    <time>2024-08-25T09:24:48Z</time>
   </trkpt>
   <trkpt lat="47.1850630" lon="2.3952300">
    <ele>196.7</ele>
    <time>2024-08-25T09:24:49Z</time>
   </trkpt>
   <trkpt lat="47.1850590" lon="2.3951770">
    <ele>196.9</ele>
    <time>2024-08-25T09:24:50Z</time>
   </trkpt>
   <trkpt lat="47.1850530" lon="2.3951310">
    <ele>197.0</ele>
    <time>2024-08-25T09:24:51Z</time>
   </trkpt>
   <trkpt lat="47.1850440" lon="2.3950760">
    <ele>197.2</ele>
    <time>2024-08-25T09:24:52Z</time>
   </trkpt>
   <trkpt lat="47.1850420" lon="2.3950590">
    <ele>197.3</ele>
    <time>2024-08-25T09:24:53Z</time>
   </trkpt>
   <trkpt lat="47.1850310" lon="2.3950060">
    <ele>197.5</ele>
    <time>2024-08-25T09:24:54Z</time>
   </trkpt>
   <trkpt lat="47.1850270" lon="2.3949890">
    <ele>197.5</ele>
    <time>2024-08-25T09:24:55Z</time>
   </trkpt>
   <trkpt lat="47.1850180" lon="2.3949510">
    <ele>197.7</ele>
    <time>2024-08-25T09:24:56Z</time>
   </trkpt>
   <trkpt lat="47.1850120" lon="2.3949110">
    <ele>197.8</ele>
    <time>2024-08-25T09:24:57Z</time>
   </trkpt>
   <trkpt lat="47.1850050" lon="2.3948640">
    <ele>198.0</ele>
    <time>2024-08-25T09:24:58Z</time>
   </trkpt>
   <trkpt lat="47.1849970" lon="2.3948200">
    <ele>198.1</ele>
    <time>2024-08-25T09:24:59Z</time>
   </trkpt>
   <trkpt lat="47.1849920" lon="2.3947800">
    <ele>198.2</ele>
    <time>2024-08-25T09:25:00Z</time>
   </trkpt>
   <trkpt lat="47.1849890" lon="2.3947370">
    <ele>198.4</ele>
    <time>2024-08-25T09:25:01Z</time>
   </trkpt>
   <trkpt lat="47.1849850" lon="2.3946930">
    <ele>198.6</ele>
    <time>2024-08-25T09:25:02Z</time>
   </trkpt>
   <trkpt lat="47.1849810" lon="2.3946540">
    <ele>198.7</ele>
    <time>2024-08-25T09:25:03Z</time>
   </trkpt>
   <trkpt lat="47.1849760" lon="2.3946090">
    <ele>198.9</ele>
    <time>2024-08-25T09:25:04Z</time>
   </trkpt>
   <trkpt lat="47.1849730" lon="2.3945610">
    <ele>199.0</ele>
    <time>2024-08-25T09:25:05Z</time>
   </trkpt>
   <trkpt lat="47.1849680" lon="2.3945150">
    <ele>199.2</ele>
    <time>2024-08-25T09:25:06Z</time>
   </trkpt>
   <trkpt lat="47.1849610" lon="2.3944740">
    <ele>199.3</ele>
    <time>2024-08-25T09:25:07Z</time>
   </trkpt>
   <trkpt lat="47.1849480" lon="2.3944310">
    <ele>199.5</ele>
    <time>2024-08-25T09:25:08Z</time>
   </trkpt>
   <trkpt lat="47.1849450" lon="2.3944180">
    <ele>199.5</ele>
    <time>2024-08-25T09:25:09Z</time>
   </trkpt>
   <trkpt lat="47.1849390" lon="2.3943730">
    <ele>199.7</ele>
    <time>2024-08-25T09:25:10Z</time>
   </trkpt>
   <trkpt lat="47.1849370" lon="2.3943580">
    <ele>199.7</ele>
    <time>2024-08-25T09:25:11Z</time>
   </trkpt>
   <trkpt lat="47.1849310" lon="2.3943010">
    <ele>199.9</ele>
    <time>2024-08-25T09:25:12Z</time>
   </trkpt>
   <trkpt lat="47.1849290" lon="2.3942810">
    <ele>200.0</ele>
    <time>2024-08-25T09:25:13Z</time>
   </trkpt>
   <trkpt lat="47.1849210" lon="2.3942270">
    <ele>200.1</ele>
    <time>2024-08-25T09:25:14Z</time>
   </trkpt>
   <trkpt lat="47.1849180" lon="2.3942110">
    <ele>200.2</ele>
    <time>2024-08-25T09:25:15Z</time>
   </trkpt>
   <trkpt lat="47.1849040" lon="2.3941740">
    <ele>200.3</ele>
    <time>2024-08-25T09:25:16Z</time>
   </trkpt>
   <trkpt lat="47.1849000" lon="2.3941630">
    <ele>200.4</ele>
    <time>2024-08-25T09:25:17Z</time>
   </trkpt>
   <trkpt lat="47.1848840" lon="2.3941250">
    <ele>200.5</ele>
    <time>2024-08-25T09:25:18Z</time>
   </trkpt>
   <trkpt lat="47.1848780" lon="2.3941100">
    <ele>200.5</ele>
    <time>2024-08-25T09:25:19Z</time>
   </trkpt>
   <trkpt lat="47.1848570" lon="2.3940630">
    <ele>200.7</ele>
    <time>2024-08-25T09:25:20Z</time>
   </trkpt>
   <trkpt lat="47.1848500" lon="2.3940470">
    <ele>200.7</ele>
    <time>2024-08-25T09:25:21Z</time>
   </trkpt>
   <trkpt lat="47.1848370" lon="2.3939950">
    <ele>200.9</ele>
    <time>2024-08-25T09:25:22Z</time>
   </trkpt>
   <trkpt lat="47.1848310" lon="2.3939770">
    <ele>200.9</ele>
    <time>2024-08-25T09:25:23Z</time>
   </trkpt>
   <trkpt lat="47.1848110" lon="2.3939300">
    <ele>201.1</ele>
    <time>2024-08-25T09:25:24Z</time>
   </trkpt>
   <trkpt lat="47.1848050" lon="2.3939150">
    <ele>201.1</ele>
    <time>2024-08-25T09:25:25Z</time>
   </trkpt>
   <trkpt lat="47.1847910" lon="2.3938730">
    <ele>201.2</ele>
    <time>2024-08-25T09:25:26Z</time>
   </trkpt>
   <trkpt lat="47.1847880" lon="2.3938570">
    <ele>201.3</ele>
    <time>2024-08-25T09:25:27Z</time>
   </trkpt>
   <trkpt lat="47.1847880" lon="2.3938010">
    <ele>201.4</ele>
    <time>2024-08-25T09:25:28Z</time>
   </trkpt>
   <trkpt lat="47.1847900" lon="2.3937830">
    <ele>201.5</ele>
    <time>2024-08-25T09:25:29Z</time>
   </trkpt>
   <trkpt lat="47.1848030" lon="2.3937340">
    <ele>201.6</ele>
    <time>2024-08-25T09:25:30Z</time>
   </trkpt>
   <trkpt lat="47.1848090" lon="2.3937190">
    <ele>201.7</ele>
    <time>2024-08-25T09:25:31Z</time>
   </trkpt>
   <trkpt lat="47.1848260" lon="2.3936860">
    <ele>201.8</ele>
    <time>2024-08-25T09:25:32Z</time>
   </trkpt>
   <trkpt lat="47.1848460" lon="2.3936500">
    <ele>201.9</ele>
    <time>2024-08-25T09:25:33Z</time>
   </trkpt>
   <trkpt lat="47.1848680" lon="2.3936170">
    <ele>202.0</ele>
    <time>2024-08-25T09:25:34Z</time>
   </trkpt>
   <trkpt lat="47.1848850" lon="2.3935860">
    <ele>202.1</ele>
    <time>2024-08-25T09:25:35Z</time>
   </trkpt>
   <trkpt lat="47.1849060" lon="2.3935450">
    <ele>202.2</ele>
    <time>2024-08-25T09:25:36Z</time>
   </trkpt>
   <trkpt lat="47.1849130" lon="2.3935320">
    <ele>202.2</ele>
    <time>2024-08-25T09:25:37Z</time>
   </trkpt>
   <trkpt lat="47.1849330" lon="2.3934960">
    <ele>202.3</ele>
    <time>2024-08-25T09:25:38Z</time>
   </trkpt>
   <trkpt lat="47.1849390" lon="2.3934840">
    <ele>202.4</ele>
    <time>2024-08-25T09:25:39Z</time>
   </trkpt>
   <trkpt lat="47.1849580" lon="2.3934470">
    <ele>202.5</ele>
    <time>2024-08-25T09:25:40Z</time>
   </trkpt>
   <trkpt lat="47.1849650" lon="2.3934350">
    <ele>202.5</ele>
    <time>2024-08-25T09:25:41Z</time>
   </trkpt>
   <trkpt lat="47.1849880" lon="2.3933970">
    <ele>202.7</ele>
    <time>2024-08-25T09:25:42Z</time>
   </trkpt>
   <trkpt lat="47.1849970" lon="2.3933810">
    <ele>202.7</ele>
    <time>2024-08-25T09:25:43Z</time>
   </trkpt>
   <trkpt lat="47.1850160" lon="2.3933480">
    <ele>202.8</ele>
    <time>2024-08-25T09:25:44Z</time>
   </trkpt>
   <trkpt lat="47.1850340" lon="2.3933060">
    <ele>202.9</ele>
    <time>2024-08-25T09:25:45Z</time>
   </trkpt>
   <trkpt lat="47.1850390" lon="2.3932920">
    <ele>203.0</ele>
    <time>2024-08-25T09:25:46Z</time>
   </trkpt>
   <trkpt lat="47.1850490" lon="2.3932430">
    <ele>203.1</ele>
    <time>2024-08-25T09:25:47Z</time>
   </trkpt>
   <trkpt lat="47.1850520" lon="2.3932280">
    <ele>203.1</ele>
    <time>2024-08-25T09:25:48Z</time>
   </trkpt>
   <trkpt lat="47.1850590" lon="2.3931750">
    <ele>203.3</ele>
    <time>2024-08-25T09:25:49Z</time>
   </trkpt>
   <trkpt lat="47.1850610" lon="2.3931560">
    <ele>203.3</ele>
    <time>2024-08-25T09:25:50Z</time>
   </trkpt>
   <trkpt lat="47.1850690" lon="2.3931030">
    <ele>203.4</ele>
    <time>2024-08-25T09:25:51Z</time>
   </trkpt>
   <trkpt lat="47.1850730" lon="2.3930850">
    <ele>203.5</ele>
    <time>2024-08-25T09:25:52Z</time>
   </trkpt>
   <trkpt lat="47.1850860" lon="2.3930470">
    <ele>203.6</ele>
    <time>2024-08-25T09:25:53Z</time>
   </trkpt>
   <trkpt lat="47.1851100" lon="2.3930080">
    <ele>203.7</ele>
    <time>2024-08-25T09:25:54Z</time>
   </trkpt>
   <trkpt lat="47.1851180" lon="2.3929960">
    <ele>203.8</ele>
    <time>2024-08-25T09:25:55Z</time>
   </trkpt>
   <trkpt lat="47.1851470" lon="2.3929620">
    <ele>203.9</ele>
    <time>2024-08-25T09:25:56Z</time>
   </trkpt>
   <trkpt lat="47.1851570" lon="2.3929520">
    <ele>203.9</ele>
    <time>2024-08-25T09:25:57Z</time>
   </trkpt>
   <trkpt lat="47.1851880" lon="2.3929310">
    <ele>204.0</ele>
    <time>2024-08-25T09:25:58Z</time>
   </trkpt>
   <trkpt lat="47.1852000" lon="2.3929240">
    <ele>204.1</ele>
    <time>2024-08-25T09:25:59Z</time>
   </trkpt>
   <trkpt lat="47.1852260" lon="2.3929010">
    <ele>204.2</ele>
    <time>2024-08-25T09:26:00Z</time>
   </trkpt>
   <trkpt lat="47.1852350" lon="2.3928910">
    <ele>204.2</ele>
    <time>2024-08-25T09:26:01Z</time>
   </trkpt>
   <trkpt lat="47.1852580" lon="2.3928660">
    <ele>204.3</ele>
    <time>2024-08-25T09:26:02Z</time>
   </trkpt>
   <trkpt lat="47.1852670" lon="2.3928570">
    <ele>204.4</ele>
    <time>2024-08-25T09:26:03Z</time>
   </trkpt>
   <trkpt lat="47.1852960" lon="2.3928270">
    <ele>204.5</ele>
    <time>2024-08-25T09:26:04Z</time>
   </trkpt>
   <trkpt lat="47.1853060" lon="2.3928150">
    <ele>204.6</ele>
    <time>2024-08-25T09:26:05Z</time>
   </trkpt>
   <trkpt lat="47.1853200" lon="2.3928000">
    <ele>204.6</ele>
    <time>2024-08-25T09:26:06Z</time>
   </trkpt>
   <trkpt lat="47.1853290" lon="2.3927860">
    <ele>204.7</ele>
    <time>2024-08-25T09:26:07Z</time>
   </trkpt>
   <trkpt lat="47.1853370" lon="2.3927800">
    <ele>204.7</ele>
    <time>2024-08-25T09:26:08Z</time>
   </trkpt>
   <trkpt lat="47.1853480" lon="2.3927710">
    <ele>204.7</ele>
    <time>2024-08-25T09:26:09Z</time>
   </trkpt>
   <trkpt lat="47.1853590" lon="2.3927610">
    <ele>204.8</ele>
    <time>2024-08-25T09:26:10Z</time>
   </trkpt>
   <trkpt lat="47.1853700" lon="2.3927550">
    <ele>204.8</ele>
    <time>2024-08-25T09:26:11Z</time>
   </trkpt>
   <trkpt lat="47.1853780" lon="2.3927490">
    <ele>204.9</ele>
    <time>2024-08-25T09:26:12Z</time>
   </trkpt>
   <trkpt lat="47.1853910" lon="2.3927390">
    <ele>204.9</ele>
    <time>2024-08-25T09:26:13Z</time>
   </trkpt>
   <trkpt lat="47.1854030" lon="2.3927280">
    <ele>205.0</ele>
    <time>2024-08-25T09:26:14Z</time>
   </trkpt>
   <trkpt lat="47.1854150" lon="2.3927080">
    <ele>205.0</ele>
    <time>2024-08-25T09:26:15Z</time>
   </trkpt>
   <trkpt lat="47.1854240" lon="2.3926890">
    <ele>205.1</ele>
    <time>2024-08-25T09:26:16Z</time>
   </trkpt>
   <trkpt lat="47.1854330" lon="2.3926630">
    <ele>205.1</ele>
    <time>2024-08-25T09:26:17Z</time>
   </trkpt>
   <trkpt lat="47.1854490" lon="2.3926260">
    <ele>205.3</ele>
    <time>2024-08-25T09:26:18Z</time>
   </trkpt>
   <trkpt lat="47.1854650" lon="2.3925850">
    <ele>205.4</ele>
    <time>2024-08-25T09:26:19Z</time>
   </trkpt>
   <trkpt lat="47.1854810" lon="2.3925440">
    <ele>205.5</ele>
    <time>2024-08-25T09:26:20Z</time>
   </trkpt>
   <trkpt lat="47.1854980" lon="2.3925010">
    <ele>205.6</ele>
    <time>2024-08-25T09:26:21Z</time>
   </trkpt>
   <trkpt lat="47.1855100" lon="2.3924590">
    <ele>205.7</ele>
    <time>2024-08-25T09:26:22Z</time>
   </trkpt>
   <trkpt lat="47.1855240" lon="2.3924100">
    <ele>205.8</ele>
    <time>2024-08-25T09:26:23Z</time>
   </trkpt>
   <trkpt lat="47.1855410" lon="2.3923580">
    <ele>206.0</ele>
    <time>2024-08-25T09:26:24Z</time>
   </trkpt>
   <trkpt lat="47.1855640" lon="2.3923080">
    <ele>206.1</ele>
    <time>2024-08-25T09:26:25Z</time>
   </trkpt>
   <trkpt lat="47.1855830" lon="2.3922600">
    <ele>206.3</ele>
    <time>2024-08-25T09:26:26Z</time>
   </trkpt>
   <trkpt lat="47.1855970" lon="2.3922110">
    <ele>206.4</ele>
    <time>2024-08-25T09:26:27Z</time>
   </trkpt>
   <trkpt lat="47.1856090" lon="2.3921650">
    <ele>206.5</ele>
    <time>2024-08-25T09:26:28Z</time>
   </trkpt>
   <trkpt lat="47.1856210" lon="2.3921250">
    <ele>206.6</ele>
    <time>2024-08-25T09:26:29Z</time>
   </trkpt>
   <trkpt lat="47.1856360" lon="2.3920710">
    <ele>206.8</ele>
    <time>2024-08-25T09:26:30Z</time>
   </trkpt>
   <trkpt lat="47.1856400" lon="2.3920500">
    <ele>206.8</ele>
    <time>2024-08-25T09:26:31Z</time>
   </trkpt>
   <trkpt lat="47.1856450" lon="2.3919960">
    <ele>206.9</ele>
    <time>2024-08-25T09:26:32Z</time>
   </trkpt>
   <trkpt lat="47.1856460" lon="2.3919770">
    <ele>207.0</ele>
    <time>2024-08-25T09:26:33Z</time>
   </trkpt>
   <trkpt lat="47.1856520" lon="2.3919340">
    <ele>207.1</ele>
    <time>2024-08-25T09:26:34Z</time>
   </trkpt>
   <trkpt lat="47.1856630" lon="2.3918940">
    <ele>207.2</ele>
    <time>2024-08-25T09:26:35Z</time>
   </trkpt>
   <trkpt lat="47.1856770" lon="2.3918540">
    <ele>207.3</ele>
    <time>2024-08-25T09:26:36Z</time>
   </trkpt>
   <trkpt lat="47.1856880" lon="2.3918110">
    <ele>207.4</ele>
    <time>2024-08-25T09:26:37Z</time>
   </trkpt>
   <trkpt lat="47.1856970" lon="2.3917690">
    <ele>207.5</ele>
    <time>2024-08-25T09:26:38Z</time>
   </trkpt>
   <trkpt lat="47.1857050" lon="2.3917230">
    <ele>207.6</ele>
    <time>2024-08-25T09:26:39Z</time>
   </trkpt>
   <trkpt lat="47.1857120" lon="2.3916760">
    <ele>207.7</ele>
    <time>2024-08-25T09:26:40Z</time>
   </trkpt>
   <trkpt lat="47.1857230" lon="2.3916290">
    <ele>207.9</ele>
    <time>2024-08-25T09:26:41Z</time>
   </trkpt>
   <trkpt lat="47.1857320" lon="2.3915820">
    <ele>208.0</ele>
    <time>2024-08-25T09:26:42Z</time>
   </trkpt>
   <trkpt lat="47.1857380" lon="2.3915400">
    <ele>208.1</ele>
    <time>2024-08-25T09:26:43Z</time>
   </trkpt>
   <trkpt lat="47.1857460" lon="2.3914860">
    <ele>208.2</ele>
    <time>2024-08-25T09:26:44Z</time>
   </trkpt>
   <trkpt lat="47.1857480" lon="2.3914710">
    <ele>208.3</ele>
    <time>2024-08-25T09:26:45Z</time>
   </trkpt>
   <trkpt lat="47.1857490" lon="2.3914140">
    <ele>208.4</ele>
    <time>2024-08-25T09:26:46Z</time>
   </trkpt>
   <trkpt lat="47.1857480" lon="2.3913940">
    <ele>208.4</ele>
    <time>2024-08-25T09:26:47Z</time>
   </trkpt>
   <trkpt lat="47.1857500" lon="2.3913490">
    <ele>208.6</ele>
    <time>2024-08-25T09:26:48Z</time>
   </trkpt>
   <trkpt lat="47.1857530" lon="2.3913040">
    <ele>208.7</ele>
    <time>2024-08-25T09:26:49Z</time>
   </trkpt>
   <trkpt lat="47.1857560" lon="2.3912640">
    <ele>208.8</ele>
    <time>2024-08-25T09:26:50Z</time>
   </trkpt>
   <trkpt lat="47.1857640" lon="2.3912110">
    <ele>208.9</ele>
    <time>2024-08-25T09:26:51Z</time>
   </trkpt>
   <trkpt lat="47.1857670" lon="2.3911950">
    <ele>208.9</ele>
    <time>2024-08-25T09:26:52Z</time>
   </trkpt>
   <trkpt lat="47.1857700" lon="2.3911710">
    <ele>209.0</ele>
    <time>2024-08-25T09:26:53Z</time>
   </trkpt>
   <trkpt lat="47.1857710" lon="2.3911440">
    <ele>209.1</ele>
    <time>2024-08-25T09:26:54Z</time>
   </trkpt>
   <trkpt lat="47.1857720" lon="2.3911020">
    <ele>209.2</ele>
    <time>2024-08-25T09:26:55Z</time>
   </trkpt>
   <trkpt lat="47.1857710" lon="2.3910870">
    <ele>209.2</ele>
    <time>2024-08-25T09:26:56Z</time>
   </trkpt>
   <trkpt lat="47.1857670" lon="2.3910340">
    <ele>209.3</ele>
    <time>2024-08-25T09:26:57Z</time>
   </trkpt>
   <trkpt lat="47.1857650" lon="2.3910160">
    <ele>209.4</ele>
    <time>2024-08-25T09:26:58Z</time>
   </trkpt>
   <trkpt lat="47.1857600" lon="2.3909700">
    <ele>209.5</ele>
    <time>2024-08-25T09:26:59Z</time>
   </trkpt>
   <trkpt lat="47.1857570" lon="2.3909560">
    <ele>209.5</ele>
    <time>2024-08-25T09:27:00Z</time>
   </trkpt>
   <trkpt lat="47.1857460" lon="2.3909200">
    <ele>209.6</ele>
    <time>2024-08-25T09:27:01Z</time>
   </trkpt>
   <trkpt lat="47.1857420" lon="2.3909080">
    <ele>209.6</ele>
    <time>2024-08-25T09:27:02Z</time>
   </trkpt>
   <trkpt lat="47.1857210" lon="2.3908680">
    <ele>209.8</ele>
    <time>2024-08-25T09:27:03Z</time>
   </trkpt>
   <trkpt lat="47.1857150" lon="2.3908530">
    <ele>209.8</ele>
    <time>2024-08-25T09:27:04Z</time>
   </trkpt>
   <trkpt lat="47.1857030" lon="2.3908140">
    <ele>209.9</ele>
    <time>2024-08-25T09:27:05Z</time>
   </trkpt>
   <trkpt lat="47.1856990" lon="2.3907740">
    <ele>210.0</ele>
    <time>2024-08-25T09:27:06Z</time>
   </trkpt>
   <trkpt lat="47.1856940" lon="2.3907310">
    <ele>210.1</ele>
    <time>2024-08-25T09:27:07Z</time>
   </trkpt>
   <trkpt lat="47.1856910" lon="2.3906840">
    <ele>210.2</ele>
    <time>2024-08-25T09:27:08Z</time>
   </trkpt>
   <trkpt lat="47.1856840" lon="2.3906350">
    <ele>210.3</ele>
    <time>2024-08-25T09:27:09Z</time>
   </trkpt>
   <trkpt lat="47.1856720" lon="2.3905900">
    <ele>210.5</ele>
    <time>2024-08-25T09:27:10Z</time>
   </trkpt>
   <trkpt lat="47.1856570" lon="2.3905500">
    <ele>210.6</ele>
    <time>2024-08-25T09:27:11Z</time>
   </trkpt>
   <trkpt lat="47.1856440" lon="2.3905040">
    <ele>210.7</ele>
    <time>2024-08-25T09:27:12Z</time>
   </trkpt>
   <trkpt lat="47.1856260" lon="2.3904520">
    <ele>210.8</ele>
    <time>2024-08-25T09:27:13Z</time>
   </trkpt>
   <trkpt lat="47.1856100" lon="2.3903990">
    <ele>211.0</ele>
    <time>2024-08-25T09:27:14Z</time>
   </trkpt>
   <trkpt lat="47.1855960" lon="2.3903530">
    <ele>211.1</ele>
    <time>2024-08-25T09:27:15Z</time>
   </trkpt>
   <trkpt lat="47.1855830" lon="2.3903040">
    <ele>211.2</ele>
    <time>2024-08-25T09:27:16Z</time>
   </trkpt>
   <trkpt lat="47.1855750" lon="2.3902550">
    <ele>211.3</ele>
    <time>2024-08-25T09:27:17Z</time>
   </trkpt>
   <trkpt lat="47.1855690" lon="2.3902070">
    <ele>211.5</ele>
    <time>2024-08-25T09:27:18Z</time>
   </trkpt>
   <trkpt lat="47.1855640" lon="2.3901590">
    <ele>211.6</ele>
    <time>2024-08-25T09:27:19Z</time>
   </trkpt>
   <trkpt lat="47.1855630" lon="2.3901130">
    <ele>211.7</ele>
    <time>2024-08-25T09:27:20Z</time>
   </trkpt>
   <trkpt lat="47.1855630" lon="2.3900660">
    <ele>211.8</ele>
    <time>2024-08-25T09:27:21Z</time>
   </trkpt>
   <trkpt lat="47.1855680" lon="2.3900190">
    <ele>211.9</ele>
    <time>2024-08-25T09:27:22Z</time>
   </trkpt>
   <trkpt lat="47.1855740" lon="2.3899710">
    <ele>212.0</ele>
    <time>2024-08-25T09:27:23Z</time>
   </trkpt>
   <trkpt lat="47.1856050" lon="2.3898930">
    <ele>212.2</ele>
    <time>2024-08-25T09:27:24Z</time>
   </trkpt>
   <trkpt lat="47.1856160" lon="2.3898560">
    <ele>212.2</ele>
    <time>2024-08-25T09:27:25Z</time>
   </trkpt>
   <trkpt lat="47.1856280" lon="2.3897960">
    <ele>212.2</ele>
    <time>2024-08-25T09:27:26Z</time>
   </trkpt>
   <trkpt lat="47.1856380" lon="2.3897590">
    <ele>212.2</ele>
    <time>2024-08-25T09:27:27Z</time>
   </trkpt>
   <trkpt lat="47.1856380" lon="2.3897590">
    <ele>212.2</ele>
    <time>2024-08-25T09:27:28Z</time>
   </trkpt>
  </trkseg>
 </trk>
</gpx>
