<?xml version="1.0" encoding="UTF-8"?>
<gpx creator="StravaGPX" version="1.1" xmlns="http://www.topografix.com/GPX/1/1" xmlns:xsi="http://www.w3.org/2001/XMLSchema-instance" xsi:schemaLocation="http://www.topografix.com/GPX/1/1 http://www.topografix.com/GPX/1/1/gpx.xsd">
 <metadata>
  <time>2024-08-28T16:49:48Z</time>
 </metadata>
 <trk>
  <name>Course à pied le soir</name>
  <type>running</type>
  <trkseg>
   <trkpt lat="46.1616080" lon="-1.1783680">
    <ele>15.1</ele>
    <time>2024-08-28T16:49:48Z</time>
   </trkpt>
   <trkpt lat="46.1615920" lon="-1.1783690">
    <ele>15.1</ele>
    <time>2024-08-28T16:49:49Z</time>
   </trkpt>
   <trkpt lat="46.1615860" lon="-1.1783710">
    <ele>15.1</ele>
    <time>2024-08-28T16:49:50Z</time>
   </trkpt>
   <trkpt lat="46.1615820" lon="-1.1783740">
    <ele>15.1</ele>
    <time>2024-08-28T16:49:51Z</time>
   </trkpt>
   <trkpt lat="46.1615770" lon="-1.1783800">
    <ele>15.1</ele>
    <time>2024-08-28T16:49:52Z</time>
   </trkpt>
   <trkpt lat="46.1615690" lon="-1.1784060">
    <ele>15.1</ele>
    <time>2024-08-28T16:49:53Z</time>
   </trkpt>
   <trkpt lat="46.1615590" lon="-1.1784470">
    <ele>15.0</ele>
    <time>2024-08-28T16:49:54Z</time>
   </trkpt>
   <trkpt lat="46.1615480" lon="-1.1784980">
    <ele>15.0</ele>
    <time>2024-08-28T16:49:55Z</time>
   </trkpt>
   <trkpt lat="46.1615460" lon="-1.1785190">
    <ele>15.0</ele>
    <time>2024-08-28T16:49:56Z</time>
   </trkpt>
   <trkpt lat="46.1615430" lon="-1.1785820">
    <ele>14.9</ele>
    <time>2024-08-28T16:49:57Z</time>
   </trkpt>
   <trkpt lat="46.1615390" lon="-1.1786460">
    <ele>14.9</ele>
    <time>2024-08-28T16:49:58Z</time>
   </trkpt>
   <trkpt lat="46.1615290" lon="-1.1787040">
    <ele>14.8</ele>
    <time>2024-08-28T16:49:59Z</time>
   </trkpt>
   <trkpt lat="46.1615160" lon="-1.1787520">
    <ele>14.7</ele>
    <time>2024-08-28T16:50:00Z</time>
   </trkpt>
   <trkpt lat="46.1615020" lon="-1.1787910">
    <ele>14.7</ele>
    <time>2024-08-28T16:50:01Z</time>
   </trkpt>
   <trkpt lat="46.1614860" lon="-1.1788260">
    <ele>14.6</ele>
    <time>2024-08-28T16:50:02Z</time>
   </trkpt>
   <trkpt lat="46.1614680" lon="-1.1788650">
    <ele>14.5</ele>
    <time>2024-08-28T16:50:03Z</time>
   </trkpt>
   <trkpt lat="46.1614480" lon="-1.1789050">
    <ele>14.5</ele>
    <time>2024-08-28T16:50:04Z</time>
   </trkpt>
   <trkpt lat="46.1614230" lon="-1.1789410">
    <ele>14.6</ele>
    <time>2024-08-28T16:50:05Z</time>
   </trkpt>
   <trkpt lat="46.1613950" lon="-1.1789680">
    <ele>14.6</ele>
    <time>2024-08-28T16:50:06Z</time>
   </trkpt>
   <trkpt lat="46.1613650" lon="-1.1789870">
    <ele>14.6</ele>
    <time>2024-08-28T16:50:07Z</time>
   </trkpt>
   <trkpt lat="46.1613340" lon="-1.1790050">
    <ele>14.7</ele>
    <time>2024-08-28T16:50:08Z</time>
   </trkpt>
   <trkpt lat="46.1613070" lon="-1.1790250">
    <ele>14.7</ele>
    <time>2024-08-28T16:50:09Z</time>
   </trkpt>
   <trkpt lat="46.1612800" lon="-1.1790440">
    <ele>14.7</ele>
    <time>2024-08-28T16:50:10Z</time>
   </trkpt>
   <trkpt lat="46.1612470" lon="-1.1790650">
    <ele>14.8</ele>
    <time>2024-08-28T16:50:11Z</time>
   </trkpt>
   <trkpt lat="46.1612150" lon="-1.1790850">
    <ele>14.8</ele>
    <time>2024-08-28T16:50:12Z</time>
   </trkpt>
   <trkpt lat="46.1612040" lon="-1.1790900">
    <ele>14.8</ele>
    <time>2024-08-28T16:50:13Z</time>
   </trkpt>
   <trkpt lat="46.1611750" lon="-1.1791050">
    <ele>14.9</ele>
    <time>2024-08-28T16:50:14Z</time>
   </trkpt>
   <trkpt lat="46.1611480" lon="-1.1791210">
    <ele>14.9</ele>
    <time>2024-08-28T16:50:15Z</time>
   </trkpt>
   <trkpt lat="46.1611210" lon="-1.1791330">
    <ele>14.9</ele>
    <time>2024-08-28T16:50:16Z</time>
   </trkpt>
   <trkpt lat="46.1610910" lon="-1.1791460">
    <ele>14.9</ele>
    <time>2024-08-28T16:50:17Z</time>
   </trkpt>
   <trkpt lat="46.1610320" lon="-1.1791630">
    <ele>15.0</ele>
    <time>2024-08-28T16:50:18Z</time>
   </trkpt>
   <trkpt lat="46.1609960" lon="-1.1791740">
    <ele>15.0</ele>
    <time>2024-08-28T16:50:19Z</time>
   </trkpt>
   <trkpt lat="46.1609840" lon="-1.1791780">
    <ele>15.0</ele>
    <time>2024-08-28T16:50:20Z</time>
   </trkpt>
   <trkpt lat="46.1609580" lon="-1.1791890">
    <ele>15.0</ele>
    <time>2024-08-28T16:50:21Z</time>
   </trkpt>
   <trkpt lat="46.1609240" lon="-1.1792010">
    <ele>15.0</ele>
    <time>2024-08-28T16:50:22Z</time>
   </trkpt>
   <trkpt lat="46.1608830" lon="-1.1792130">
    <ele>15.0</ele>
    <time>2024-08-28T16:50:23Z</time>
   </trkpt>
   <trkpt lat="46.1608440" lon="-1.1792230">
    <ele>15.0</ele>
    <time>2024-08-28T16:50:24Z</time>
   </trkpt>
   <trkpt lat="46.1608060" lon="-1.1792310">
    <ele>15.0</ele>
    <time>2024-08-28T16:50:25Z</time>
   </trkpt>
   <trkpt lat="46.1607750" lon="-1.1792360">
    <ele>15.0</ele>
    <time>2024-08-28T16:50:26Z</time>
   </trkpt>
   <trkpt lat="46.1607390" lon="-1.1792390">
    <ele>15.0</ele>
    <time>2024-08-28T16:50:27Z</time>
   </trkpt>
   <trkpt lat="46.1607270" lon="-1.1792410">
    <ele>15.0</ele>
    <time>2024-08-28T16:50:28Z</time>
   </trkpt>
   <trkpt lat="46.1606870" lon="-1.1792420">
    <ele>15.0</ele>
    <time>2024-08-28T16:50:29Z</time>
   </trkpt>
   <trkpt lat="46.1606710" lon="-1.1792420">
    <ele>15.0</ele>
    <time>2024-08-28T16:50:30Z</time>
   </trkpt>
   <trkpt lat="46.1606370" lon="-1.1792480">
    <ele>15.1</ele>
    <time>2024-08-28T16:50:31Z</time>
   </trkpt>
   <trkpt lat="46.1606020" lon="-1.1792600">
    <ele>15.1</ele>
    <time>2024-08-28T16:50:32Z</time>
   </trkpt>
   <trkpt lat="46.1605690" lon="-1.1792760">
    <ele>15.1</ele>
    <time>2024-08-28T16:50:33Z</time>
   </trkpt>
   <trkpt lat="46.1605360" lon="-1.1792920">
    <ele>15.0</ele>
    <time>2024-08-28T16:50:34Z</time>
   </trkpt>
   <trkpt lat="46.1605040" lon="-1.1793070">
    <ele>15.0</ele>
    <time>2024-08-28T16:50:35Z</time>
   </trkpt>
   <trkpt lat="46.1604690" lon="-1.1793220">
    <ele>15.1</ele>
    <time>2024-08-28T16:50:36Z</time>
   </trkpt>
   <trkpt lat="46.1604340" lon="-1.1793370">
    <ele>15.2</ele>
    <time>2024-08-28T16:50:37Z</time>
   </trkpt>
   <trkpt lat="46.1604050" lon="-1.1793510">
    <ele>15.2</ele>
    <time>2024-08-28T16:50:38Z</time>
   </trkpt>
   <trkpt lat="46.1603790" lon="-1.1793660">
    <ele>15.3</ele>
    <time>2024-08-28T16:50:39Z</time>
   </trkpt>
   <trkpt lat="46.1603430" lon="-1.1793910">
    <ele>15.3</ele>
    <time>2024-08-28T16:50:40Z</time>
   </trkpt>
   <trkpt lat="46.1603300" lon="-1.1793990">
    <ele>15.4</ele>
    <time>2024-08-28T16:50:41Z</time>
   </trkpt>
   <trkpt lat="46.1602930" lon="-1.1794200">
    <ele>15.4</ele>
    <time>2024-08-28T16:50:42Z</time>
   </trkpt>
   <trkpt lat="46.1602800" lon="-1.1794260">
    <ele>15.4</ele>
    <time>2024-08-28T16:50:43Z</time>
   </trkpt>
   <trkpt lat="46.1602500" lon="-1.1794350">
    <ele>15.4</ele>
    <time>2024-08-28T16:50:44Z</time>
   </trkpt>
   <trkpt lat="46.1602150" lon="-1.1794410">
    <ele>15.4</ele>
    <time>2024-08-28T16:50:45Z</time>
   </trkpt>
   <trkpt lat="46.1601770" lon="-1.1794430">
    <ele>15.5</ele>
    <time>2024-08-28T16:50:46Z</time>
   </trkpt>
   <trkpt lat="46.1601450" lon="-1.1794450">
    <ele>15.5</ele>
    <time>2024-08-28T16:50:47Z</time>
   </trkpt>
   <trkpt lat="46.1601150" lon="-1.1794500">
    <ele>15.5</ele>
    <time>2024-08-28T16:50:48Z</time>
   </trkpt>
   <trkpt lat="46.1600840" lon="-1.1794550">
    <ele>15.5</ele>
    <time>2024-08-28T16:50:49Z</time>
   </trkpt>
   <trkpt lat="46.1600470" lon="-1.1794710">
    <ele>15.5</ele>
    <time>2024-08-28T16:50:50Z</time>
   </trkpt>
   <trkpt lat="46.1600350" lon="-1.1794780">
    <ele>15.5</ele>
    <time>2024-08-28T16:50:51Z</time>
   </trkpt>
   <trkpt lat="46.1600090" lon="-1.1794880">
    <ele>15.5</ele>
    <time>2024-08-28T16:50:52Z</time>
   </trkpt>
   <trkpt lat="46.1599800" lon="-1.1794950">
    <ele>15.5</ele>
    <time>2024-08-28T16:50:53Z</time>
   </trkpt>
   <trkpt lat="46.1599460" lon="-1.1795000">
    <ele>15.5</ele>
    <time>2024-08-28T16:50:54Z</time>
   </trkpt>
   <trkpt lat="46.1599070" lon="-1.1794980">
    <ele>15.5</ele>
    <time>2024-08-28T16:50:55Z</time>
   </trkpt>
   <trkpt lat="46.1598660" lon="-1.1794940">
    <ele>15.5</ele>
    <time>2024-08-28T16:50:56Z</time>
   </trkpt>
   <trkpt lat="46.1598320" lon="-1.1794960">
    <ele>15.5</ele>
    <time>2024-08-28T16:50:57Z</time>
   </trkpt>
   <trkpt lat="46.1598010" lon="-1.1795030">
    <ele>15.5</ele>
    <time>2024-08-28T16:50:58Z</time>
   </trkpt>
   <trkpt lat="46.1597680" lon="-1.1795100">
    <ele>15.5</ele>
    <time>2024-08-28T16:50:59Z</time>
   </trkpt>
   <trkpt lat="46.1597380" lon="-1.1795180">
    <ele>15.5</ele>
    <time>2024-08-28T16:51:00Z</time>
   </trkpt>
   <trkpt lat="46.1597310" lon="-1.1795210">
    <ele>15.5</ele>
    <time>2024-08-28T16:51:01Z</time>
   </trkpt>
   <trkpt lat="46.1597020" lon="-1.1795350">
    <ele>15.4</ele>
    <time>2024-08-28T16:51:02Z</time>
   </trkpt>
   <trkpt lat="46.1596920" lon="-1.1795410">
    <ele>15.4</ele>
    <time>2024-08-28T16:51:03Z</time>
   </trkpt>
   <trkpt lat="46.1596580" lon="-1.1795510">
    <ele>15.4</ele>
    <time>2024-08-28T16:51:04Z</time>
   </trkpt>
   <trkpt lat="46.1596190" lon="-1.1795620">
    <ele>15.4</ele>
    <time>2024-08-28T16:51:05Z</time>
   </trkpt>
   <trkpt lat="46.1595800" lon="-1.1795720">
    <ele>15.4</ele>
    <time>2024-08-28T16:51:06Z</time>
   </trkpt>
   <trkpt lat="46.1595450" lon="-1.1795890">
    <ele>15.4</ele>
    <time>2024-08-28T16:51:07Z</time>
   </trkpt>
   <trkpt lat="46.1595150" lon="-1.1795990">
    <ele>15.3</ele>
    <time>2024-08-28T16:51:08Z</time>
   </trkpt>
   <trkpt lat="46.1594820" lon="-1.1795970">
    <ele>15.3</ele>
    <time>2024-08-28T16:51:09Z</time>
   </trkpt>
   <trkpt lat="46.1594700" lon="-1.1795940">
    <ele>15.3</ele>
    <time>2024-08-28T16:51:10Z</time>
   </trkpt>
   <trkpt lat="46.1594360" lon="-1.1795880">
    <ele>15.3</ele>
    <time>2024-08-28T16:51:11Z</time>
   </trkpt>
   <trkpt lat="46.1594250" lon="-1.1795870">
    <ele>15.3</ele>
    <time>2024-08-28T16:51:12Z</time>
   </trkpt>
   <trkpt lat="46.1593880" lon="-1.1795880">
    <ele>15.3</ele>
    <time>2024-08-28T16:51:13Z</time>
   </trkpt>
   <trkpt lat="46.1593760" lon="-1.1795880">
    <ele>15.3</ele>
    <time>2024-08-28T16:51:14Z</time>
   </trkpt>
   <trkpt lat="46.1593480" lon="-1.1795890">
    <ele>15.2</ele>
    <time>2024-08-28T16:51:15Z</time>
   </trkpt>
   <trkpt lat="46.1593180" lon="-1.1795900">
    <ele>15.2</ele>
    <time>2024-08-28T16:51:16Z</time>
   </trkpt>
   <trkpt lat="46.1592850" lon="-1.1795930">
    <ele>15.2</ele>
    <time>2024-08-28T16:51:17Z</time>
   </trkpt>
   <trkpt lat="46.1592150" lon="-1.1796050">
    <ele>15.1</ele>
    <time>2024-08-28T16:51:19Z</time>
   </trkpt>
   <trkpt lat="46.1591750" lon="-1.1796150">
    <ele>15.0</ele>
    <time>2024-08-28T16:51:20Z</time>
   </trkpt>
   <trkpt lat="46.1591310" lon="-1.1796250">
    <ele>15.0</ele>
    <time>2024-08-28T16:51:21Z</time>
   </trkpt>
   <trkpt lat="46.1590920" lon="-1.1796350">
    <ele>14.9</ele>
    <time>2024-08-28T16:51:22Z</time>
   </trkpt>
   <trkpt lat="46.1590570" lon="-1.1796450">
    <ele>14.9</ele>
    <time>2024-08-28T16:51:23Z</time>
   </trkpt>
   <trkpt lat="46.1590250" lon="-1.1796540">
    <ele>14.8</ele>
    <time>2024-08-28T16:51:24Z</time>
   </trkpt>
   <trkpt lat="46.1589940" lon="-1.1796610">
    <ele>14.7</ele>
    <time>2024-08-28T16:51:25Z</time>
   </trkpt>
   <trkpt lat="46.1589580" lon="-1.1796630">
    <ele>14.7</ele>
    <time>2024-08-28T16:51:26Z</time>
   </trkpt>
   <trkpt lat="46.1589210" lon="-1.1796660">
    <ele>14.6</ele>
    <time>2024-08-28T16:51:27Z</time>
   </trkpt>
   <trkpt lat="46.1588880" lon="-1.1796670">
    <ele>14.6</ele>
    <time>2024-08-28T16:51:28Z</time>
   </trkpt>
   <trkpt lat="46.1588570" lon="-1.1796680">
    <ele>14.5</ele>
    <time>2024-08-28T16:51:29Z</time>
   </trkpt>
   <trkpt lat="46.1588270" lon="-1.1796690">
    <ele>14.4</ele>
    <time>2024-08-28T16:51:30Z</time>
   </trkpt>
   <trkpt lat="46.1587970" lon="-1.1796750">
    <ele>14.4</ele>
    <time>2024-08-28T16:51:31Z</time>
   </trkpt>
   <trkpt lat="46.1587680" lon="-1.1796780">
    <ele>14.3</ele>
    <time>2024-08-28T16:51:32Z</time>
   </trkpt>
   <trkpt lat="46.1587350" lon="-1.1796860">
    <ele>14.3</ele>
    <time>2024-08-28T16:51:33Z</time>
   </trkpt>
   <trkpt lat="46.1587000" lon="-1.1796950">
    <ele>14.2</ele>
    <time>2024-08-28T16:51:34Z</time>
   </trkpt>
   <trkpt lat="46.1586720" lon="-1.1796980">
    <ele>14.1</ele>
    <time>2024-08-28T16:51:35Z</time>
   </trkpt>
   <trkpt lat="46.1586450" lon="-1.1797020">
    <ele>14.1</ele>
    <time>2024-08-28T16:51:36Z</time>
   </trkpt>
   <trkpt lat="46.1586140" lon="-1.1797070">
    <ele>14.0</ele>
    <time>2024-08-28T16:51:37Z</time>
   </trkpt>
   <trkpt lat="46.1585820" lon="-1.1797110">
    <ele>13.9</ele>
    <time>2024-08-28T16:51:38Z</time>
   </trkpt>
   <trkpt lat="46.1585490" lon="-1.1797140">
    <ele>13.9</ele>
    <time>2024-08-28T16:51:39Z</time>
   </trkpt>
   <trkpt lat="46.1585150" lon="-1.1797170">
    <ele>13.8</ele>
    <time>2024-08-28T16:51:40Z</time>
   </trkpt>
   <trkpt lat="46.1584820" lon="-1.1797160">
    <ele>13.8</ele>
    <time>2024-08-28T16:51:41Z</time>
   </trkpt>
   <trkpt lat="46.1584530" lon="-1.1797160">
    <ele>13.7</ele>
    <time>2024-08-28T16:51:42Z</time>
   </trkpt>
   <trkpt lat="46.1584140" lon="-1.1797190">
    <ele>13.6</ele>
    <time>2024-08-28T16:51:43Z</time>
   </trkpt>
   <trkpt lat="46.1584000" lon="-1.1797210">
    <ele>13.6</ele>
    <time>2024-08-28T16:51:44Z</time>
   </trkpt>
   <trkpt lat="46.1583730" lon="-1.1797250">
    <ele>13.5</ele>
    <time>2024-08-28T16:51:45Z</time>
   </trkpt>
   <trkpt lat="46.1583460" lon="-1.1797250">
    <ele>13.4</ele>
    <time>2024-08-28T16:51:46Z</time>
   </trkpt>
   <trkpt lat="46.1583090" lon="-1.1797250">
    <ele>13.3</ele>
    <time>2024-08-28T16:51:47Z</time>
   </trkpt>
   <trkpt lat="46.1582980" lon="-1.1797260">
    <ele>13.2</ele>
    <time>2024-08-28T16:51:48Z</time>
   </trkpt>
   <trkpt lat="46.1582600" lon="-1.1797340">
    <ele>13.1</ele>
    <time>2024-08-28T16:51:49Z</time>
   </trkpt>
   <trkpt lat="46.1582460" lon="-1.1797370">
    <ele>13.1</ele>
    <time>2024-08-28T16:51:50Z</time>
   </trkpt>
   <trkpt lat="46.1582160" lon="-1.1797440">
    <ele>13.0</ele>
    <time>2024-08-28T16:51:51Z</time>
   </trkpt>
   <trkpt lat="46.1581830" lon="-1.1797550">
    <ele>12.9</ele>
    <time>2024-08-28T16:51:52Z</time>
   </trkpt>
   <trkpt lat="46.1581510" lon="-1.1797660">
    <ele>12.8</ele>
    <time>2024-08-28T16:51:53Z</time>
   </trkpt>
   <trkpt lat="46.1581210" lon="-1.1797730">
    <ele>12.7</ele>
    <time>2024-08-28T16:51:54Z</time>
   </trkpt>
   <trkpt lat="46.1580880" lon="-1.1797770">
    <ele>12.6</ele>
    <time>2024-08-28T16:51:55Z</time>
   </trkpt>
   <trkpt lat="46.1580570" lon="-1.1797780">
    <ele>12.5</ele>
    <time>2024-08-28T16:51:56Z</time>
   </trkpt>
   <trkpt lat="46.1580220" lon="-1.1797730">
    <ele>12.4</ele>
    <time>2024-08-28T16:51:57Z</time>
   </trkpt>
   <trkpt lat="46.1580100" lon="-1.1797720">
    <ele>12.3</ele>
    <time>2024-08-28T16:51:58Z</time>
   </trkpt>
   <trkpt lat="46.1579760" lon="-1.1797720">
    <ele>12.2</ele>
    <time>2024-08-28T16:51:59Z</time>
   </trkpt>
   <trkpt lat="46.1579640" lon="-1.1797750">
    <ele>12.2</ele>
    <time>2024-08-28T16:52:00Z</time>
   </trkpt>
   <trkpt lat="46.1579340" lon="-1.1797860">
    <ele>12.1</ele>
    <time>2024-08-28T16:52:01Z</time>
   </trkpt>
   <trkpt lat="46.1579000" lon="-1.1797980">
    <ele>12.0</ele>
    <time>2024-08-28T16:52:02Z</time>
   </trkpt>
   <trkpt lat="46.1578660" lon="-1.1798130">
    <ele>11.9</ele>
    <time>2024-08-28T16:52:03Z</time>
   </trkpt>
   <trkpt lat="46.1578330" lon="-1.1798300">
    <ele>11.8</ele>
    <time>2024-08-28T16:52:04Z</time>
   </trkpt>
   <trkpt lat="46.1578030" lon="-1.1798460">
    <ele>11.7</ele>
    <time>2024-08-28T16:52:05Z</time>
   </trkpt>
   <trkpt lat="46.1577720" lon="-1.1798640">
    <ele>11.5</ele>
    <time>2024-08-28T16:52:06Z</time>
   </trkpt>
   <trkpt lat="46.1577420" lon="-1.1798800">
    <ele>11.4</ele>
    <time>2024-08-28T16:52:07Z</time>
   </trkpt>
   <trkpt lat="46.1577160" lon="-1.1798960">
    <ele>11.3</ele>
    <time>2024-08-28T16:52:08Z</time>
   </trkpt>
   <trkpt lat="46.1576870" lon="-1.1799110">
    <ele>11.2</ele>
    <time>2024-08-28T16:52:09Z</time>
   </trkpt>
   <trkpt lat="46.1576530" lon="-1.1799230">
    <ele>11.1</ele>
    <time>2024-08-28T16:52:10Z</time>
   </trkpt>
   <trkpt lat="46.1576160" lon="-1.1799380">
    <ele>10.9</ele>
    <time>2024-08-28T16:52:11Z</time>
   </trkpt>
   <trkpt lat="46.1575790" lon="-1.1799510">
    <ele>10.7</ele>
    <time>2024-08-28T16:52:12Z</time>
   </trkpt>
   <trkpt lat="46.1575410" lon="-1.1799650">
    <ele>10.5</ele>
    <time>2024-08-28T16:52:13Z</time>
   </trkpt>
   <trkpt lat="46.1575040" lon="-1.1799780">
    <ele>10.4</ele>
    <time>2024-08-28T16:52:14Z</time>
   </trkpt>
   <trkpt lat="46.1574670" lon="-1.1799940">
    <ele>10.2</ele>
    <time>2024-08-28T16:52:15Z</time>
   </trkpt>
   <trkpt lat="46.1574320" lon="-1.1800120">
    <ele>10.0</ele>
    <time>2024-08-28T16:52:16Z</time>
   </trkpt>
   <trkpt lat="46.1573940" lon="-1.1800290">
    <ele>9.8</ele>
    <time>2024-08-28T16:52:17Z</time>
   </trkpt>
   <trkpt lat="46.1573580" lon="-1.1800470">
    <ele>9.6</ele>
    <time>2024-08-28T16:52:18Z</time>
   </trkpt>
   <trkpt lat="46.1573240" lon="-1.1800650">
    <ele>9.5</ele>
    <time>2024-08-28T16:52:19Z</time>
   </trkpt>
   <trkpt lat="46.1572860" lon="-1.1800810">
    <ele>9.4</ele>
    <time>2024-08-28T16:52:20Z</time>
   </trkpt>
   <trkpt lat="46.1572500" lon="-1.1800940">
    <ele>9.3</ele>
    <time>2024-08-28T16:52:21Z</time>
   </trkpt>
   <trkpt lat="46.1572160" lon="-1.1801040">
    <ele>9.2</ele>
    <time>2024-08-28T16:52:22Z</time>
   </trkpt>
   <trkpt lat="46.1571850" lon="-1.1801130">
    <ele>9.1</ele>
    <time>2024-08-28T16:52:23Z</time>
   </trkpt>
   <trkpt lat="46.1571550" lon="-1.1801210">
    <ele>9.0</ele>
    <time>2024-08-28T16:52:24Z</time>
   </trkpt>
   <trkpt lat="46.1571270" lon="-1.1801280">
    <ele>8.9</ele>
    <time>2024-08-28T16:52:25Z</time>
   </trkpt>
   <trkpt lat="46.1570990" lon="-1.1801360">
    <ele>8.8</ele>
    <time>2024-08-28T16:52:26Z</time>
   </trkpt>
   <trkpt lat="46.1570700" lon="-1.1801440">
    <ele>8.7</ele>
    <time>2024-08-28T16:52:27Z</time>
   </trkpt>
   <trkpt lat="46.1570410" lon="-1.1801510">
    <ele>8.6</ele>
    <time>2024-08-28T16:52:28Z</time>
   </trkpt>
   <trkpt lat="46.1570030" lon="-1.1801580">
    <ele>8.5</ele>
    <time>2024-08-28T16:52:29Z</time>
   </trkpt>
   <trkpt lat="46.1569900" lon="-1.1801600">
    <ele>8.4</ele>
    <time>2024-08-28T16:52:30Z</time>
   </trkpt>
   <trkpt lat="46.1569580" lon="-1.1801700">
    <ele>8.3</ele>
    <time>2024-08-28T16:52:31Z</time>
   </trkpt>
   <trkpt lat="46.1569210" lon="-1.1801810">
    <ele>8.2</ele>
    <time>2024-08-28T16:52:32Z</time>
   </trkpt>
   <trkpt lat="46.1568930" lon="-1.1801920">
    <ele>8.0</ele>
    <time>2024-08-28T16:52:33Z</time>
   </trkpt>
   <trkpt lat="46.1568670" lon="-1.1802060">
    <ele>7.9</ele>
    <time>2024-08-28T16:52:34Z</time>
   </trkpt>
   <trkpt lat="46.1568430" lon="-1.1802240">
    <ele>7.8</ele>
    <time>2024-08-28T16:52:35Z</time>
   </trkpt>
   <trkpt lat="46.1568200" lon="-1.1802470">
    <ele>7.7</ele>
    <time>2024-08-28T16:52:36Z</time>
   </trkpt>
   <trkpt lat="46.1567950" lon="-1.1802690">
    <ele>7.7</ele>
    <time>2024-08-28T16:52:37Z</time>
   </trkpt>
   <trkpt lat="46.1567730" lon="-1.1802930">
    <ele>7.6</ele>
    <time>2024-08-28T16:52:38Z</time>
   </trkpt>
   <trkpt lat="46.1567500" lon="-1.1803190">
    <ele>7.5</ele>
    <time>2024-08-28T16:52:39Z</time>
   </trkpt>
   <trkpt lat="46.1567230" lon="-1.1803450">
    <ele>7.4</ele>
    <time>2024-08-28T16:52:40Z</time>
   </trkpt>
   <trkpt lat="46.1566900" lon="-1.1803710">
    <ele>7.3</ele>
    <time>2024-08-28T16:52:41Z</time>
   </trkpt>
   <trkpt lat="46.1566540" lon="-1.1803950">
    <ele>7.3</ele>
    <time>2024-08-28T16:52:42Z</time>
   </trkpt>
   <trkpt lat="46.1566210" lon="-1.1804110">
    <ele>7.2</ele>
    <time>2024-08-28T16:52:43Z</time>
   </trkpt>
   <trkpt lat="46.1565920" lon="-1.1804220">
    <ele>7.1</ele>
    <time>2024-08-28T16:52:44Z</time>
   </trkpt>
   <trkpt lat="46.1565520" lon="-1.1804350">
    <ele>7.0</ele>
    <time>2024-08-28T16:52:45Z</time>
   </trkpt>
   <trkpt lat="46.1565370" lon="-1.1804390">
    <ele>6.9</ele>
    <time>2024-08-28T16:52:46Z</time>
   </trkpt>
   <trkpt lat="46.1565090" lon="-1.1804440">
    <ele>6.8</ele>
    <time>2024-08-28T16:52:47Z</time>
   </trkpt>
   <trkpt lat="46.1564710" lon="-1.1804540">
    <ele>6.7</ele>
    <time>2024-08-28T16:52:48Z</time>
   </trkpt>
   <trkpt lat="46.1564590" lon="-1.1804580">
    <ele>6.6</ele>
    <time>2024-08-28T16:52:49Z</time>
   </trkpt>
   <trkpt lat="46.1564310" lon="-1.1804650">
    <ele>6.5</ele>
    <time>2024-08-28T16:52:50Z</time>
   </trkpt>
   <trkpt lat="46.1563930" lon="-1.1804710">
    <ele>6.4</ele>
    <time>2024-08-28T16:52:51Z</time>
   </trkpt>
   <trkpt lat="46.1563810" lon="-1.1804730">
    <ele>6.4</ele>
    <time>2024-08-28T16:52:52Z</time>
   </trkpt>
   <trkpt lat="46.1563450" lon="-1.1804830">
    <ele>6.2</ele>
    <time>2024-08-28T16:52:53Z</time>
   </trkpt>
   <trkpt lat="46.1563330" lon="-1.1804880">
    <ele>6.2</ele>
    <time>2024-08-28T16:52:54Z</time>
   </trkpt>
   <trkpt lat="46.1563020" lon="-1.1805030">
    <ele>6.1</ele>
    <time>2024-08-28T16:52:55Z</time>
   </trkpt>
   <trkpt lat="46.1562700" lon="-1.1805210">
    <ele>6.0</ele>
    <time>2024-08-28T16:52:56Z</time>
   </trkpt>
   <trkpt lat="46.1562400" lon="-1.1805360">
    <ele>5.9</ele>
    <time>2024-08-28T16:52:57Z</time>
   </trkpt>
   <trkpt lat="46.1562080" lon="-1.1805480">
    <ele>5.8</ele>
    <time>2024-08-28T16:52:58Z</time>
   </trkpt>
   <trkpt lat="46.1561770" lon="-1.1805610">
    <ele>5.7</ele>
    <time>2024-08-28T16:52:59Z</time>
   </trkpt>
   <trkpt lat="46.1561400" lon="-1.1805800">
    <ele>5.6</ele>
    <time>2024-08-28T16:53:00Z</time>
   </trkpt>
   <trkpt lat="46.1561280" lon="-1.1805880">
    <ele>5.6</ele>
    <time>2024-08-28T16:53:01Z</time>
   </trkpt>
   <trkpt lat="46.1560980" lon="-1.1806040">
    <ele>5.5</ele>
    <time>2024-08-28T16:53:02Z</time>
   </trkpt>
   <trkpt lat="46.1560670" lon="-1.1806200">
    <ele>5.4</ele>
    <time>2024-08-28T16:53:03Z</time>
   </trkpt>
   <trkpt lat="46.1560320" lon="-1.1806310">
    <ele>5.3</ele>
    <time>2024-08-28T16:53:04Z</time>
   </trkpt>
   <trkpt lat="46.1560010" lon="-1.1806430">
    <ele>5.3</ele>
    <time>2024-08-28T16:53:05Z</time>
   </trkpt>
   <trkpt lat="46.1559720" lon="-1.1806550">
    <ele>5.2</ele>
    <time>2024-08-28T16:53:06Z</time>
   </trkpt>
   <trkpt lat="46.1559630" lon="-1.1806600">
    <ele>5.2</ele>
    <time>2024-08-28T16:53:07Z</time>
   </trkpt>
   <trkpt lat="46.1559370" lon="-1.1806710">
    <ele>5.2</ele>
    <time>2024-08-28T16:53:08Z</time>
   </trkpt>
   <trkpt lat="46.1559020" lon="-1.1806860">
    <ele>5.1</ele>
    <time>2024-08-28T16:53:09Z</time>
   </trkpt>
   <trkpt lat="46.1558660" lon="-1.1807020">
    <ele>5.1</ele>
    <time>2024-08-28T16:53:10Z</time>
   </trkpt>
   <trkpt lat="46.1558330" lon="-1.1807170">
    <ele>5.0</ele>
    <time>2024-08-28T16:53:11Z</time>
   </trkpt>
   <trkpt lat="46.1557990" lon="-1.1807340">
    <ele>5.0</ele>
    <time>2024-08-28T16:53:12Z</time>
   </trkpt>
   <trkpt lat="46.1557660" lon="-1.1807470">
    <ele>5.0</ele>
    <time>2024-08-28T16:53:13Z</time>
   </trkpt>
   <trkpt lat="46.1557390" lon="-1.1807560">
    <ele>4.9</ele>
    <time>2024-08-28T16:53:14Z</time>
   </trkpt>
   <trkpt lat="46.1557010" lon="-1.1807630">
    <ele>4.9</ele>
    <time>2024-08-28T16:53:15Z</time>
   </trkpt>
   <trkpt lat="46.1556870" lon="-1.1807640">
    <ele>4.9</ele>
    <time>2024-08-28T16:53:16Z</time>
   </trkpt>
   <trkpt lat="46.1556560" lon="-1.1807670">
    <ele>4.8</ele>
    <time>2024-08-28T16:53:17Z</time>
   </trkpt>
   <trkpt lat="46.1556200" lon="-1.1807730">
    <ele>4.8</ele>
    <time>2024-08-28T16:53:18Z</time>
   </trkpt>
   <trkpt lat="46.1555850" lon="-1.1807780">
    <ele>4.8</ele>
    <time>2024-08-28T16:53:19Z</time>
   </trkpt>
   <trkpt lat="46.1555530" lon="-1.1807830">
    <ele>4.7</ele>
    <time>2024-08-28T16:53:20Z</time>
   </trkpt>
   <trkpt lat="46.1555230" lon="-1.1807890">
    <ele>4.7</ele>
    <time>2024-08-28T16:53:21Z</time>
   </trkpt>
   <trkpt lat="46.1554950" lon="-1.1807920">
    <ele>4.7</ele>
    <time>2024-08-28T16:53:22Z</time>
   </trkpt>
   <trkpt lat="46.1554570" lon="-1.1807930">
    <ele>4.6</ele>
    <time>2024-08-28T16:53:23Z</time>
   </trkpt>
   <trkpt lat="46.1554460" lon="-1.1807930">
    <ele>4.6</ele>
    <time>2024-08-28T16:53:24Z</time>
   </trkpt>
   <trkpt lat="46.1554070" lon="-1.1807920">
    <ele>4.6</ele>
    <time>2024-08-28T16:53:25Z</time>
   </trkpt>
   <trkpt lat="46.1553930" lon="-1.1807910">
    <ele>4.6</ele>
    <time>2024-08-28T16:53:26Z</time>
   </trkpt>
   <trkpt lat="46.1553550" lon="-1.1807900">
    <ele>4.5</ele>
    <time>2024-08-28T16:53:27Z</time>
   </trkpt>
   <trkpt lat="46.1553420" lon="-1.1807890">
    <ele>4.5</ele>
    <time>2024-08-28T16:53:28Z</time>
   </trkpt>
   <trkpt lat="46.1553150" lon="-1.1807880">
    <ele>4.5</ele>
    <time>2024-08-28T16:53:29Z</time>
   </trkpt>
   <trkpt lat="46.1552870" lon="-1.1807870">
    <ele>4.5</ele>
    <time>2024-08-28T16:53:30Z</time>
   </trkpt>
   <trkpt lat="46.1552510" lon="-1.1807840">
    <ele>4.5</ele>
    <time>2024-08-28T16:53:31Z</time>
   </trkpt>
   <trkpt lat="46.1552380" lon="-1.1807830">
    <ele>4.4</ele>
    <time>2024-08-28T16:53:32Z</time>
   </trkpt>
   <trkpt lat="46.1552100" lon="-1.1807780">
    <ele>4.4</ele>
    <time>2024-08-28T16:53:33Z</time>
   </trkpt>
   <trkpt lat="46.1551810" lon="-1.1807760">
    <ele>4.4</ele>
    <time>2024-08-28T16:53:34Z</time>
   </trkpt>
   <trkpt lat="46.1551480" lon="-1.1807750">
    <ele>4.4</ele>
    <time>2024-08-28T16:53:35Z</time>
   </trkpt>
   <trkpt lat="46.1551380" lon="-1.1807740">
    <ele>4.4</ele>
    <time>2024-08-28T16:53:36Z</time>
   </trkpt>
   <trkpt lat="46.1551100" lon="-1.1807730">
    <ele>4.3</ele>
    <time>2024-08-28T16:53:37Z</time>
   </trkpt>
   <trkpt lat="46.1551010" lon="-1.1807730">
    <ele>4.3</ele>
    <time>2024-08-28T16:53:38Z</time>
   </trkpt>
   <trkpt lat="46.1550660" lon="-1.1807650">
    <ele>4.3</ele>
    <time>2024-08-28T16:53:39Z</time>
   </trkpt>
   <trkpt lat="46.1550530" lon="-1.1807620">
    <ele>4.3</ele>
    <time>2024-08-28T16:53:40Z</time>
   </trkpt>
   <trkpt lat="46.1550210" lon="-1.1807560">
    <ele>4.3</ele>
    <time>2024-08-28T16:53:41Z</time>
   </trkpt>
   <trkpt lat="46.1549850" lon="-1.1807520">
    <ele>4.2</ele>
    <time>2024-08-28T16:53:42Z</time>
   </trkpt>
   <trkpt lat="46.1549510" lon="-1.1807490">
    <ele>4.2</ele>
    <time>2024-08-28T16:53:43Z</time>
   </trkpt>
   <trkpt lat="46.1549140" lon="-1.1807460">
    <ele>4.2</ele>
    <time>2024-08-28T16:53:44Z</time>
   </trkpt>
   <trkpt lat="46.1548810" lon="-1.1807400">
    <ele>4.2</ele>
    <time>2024-08-28T16:53:45Z</time>
   </trkpt>
   <trkpt lat="46.1548490" lon="-1.1807350">
    <ele>4.1</ele>
    <time>2024-08-28T16:53:46Z</time>
   </trkpt>
   <trkpt lat="46.1548150" lon="-1.1807340">
    <ele>4.1</ele>
    <time>2024-08-28T16:53:47Z</time>
   </trkpt>
   <trkpt lat="46.1547770" lon="-1.1807340">
    <ele>4.1</ele>
    <time>2024-08-28T16:53:48Z</time>
   </trkpt>
   <trkpt lat="46.1547400" lon="-1.1807310">
    <ele>4.1</ele>
    <time>2024-08-28T16:53:49Z</time>
   </trkpt>
   <trkpt lat="46.1547130" lon="-1.1807240">
    <ele>4.1</ele>
    <time>2024-08-28T16:53:50Z</time>
   </trkpt>
   <trkpt lat="46.1546750" lon="-1.1807080">
    <ele>4.1</ele>
    <time>2024-08-28T16:53:51Z</time>
   </trkpt>
   <trkpt lat="46.1546620" lon="-1.1807020">
    <ele>4.1</ele>
    <time>2024-08-28T16:53:52Z</time>
   </trkpt>
   <trkpt lat="46.1546340" lon="-1.1806920">
    <ele>4.1</ele>
    <time>2024-08-28T16:53:53Z</time>
   </trkpt>
   <trkpt lat="46.1546040" lon="-1.1806840">
    <ele>4.1</ele>
    <time>2024-08-28T16:53:54Z</time>
   </trkpt>
   <trkpt lat="46.1545650" lon="-1.1806740">
    <ele>4.1</ele>
    <time>2024-08-28T16:53:55Z</time>
   </trkpt>
   <trkpt lat="46.1545520" lon="-1.1806720">
    <ele>4.1</ele>
    <time>2024-08-28T16:53:56Z</time>
   </trkpt>
   <trkpt lat="46.1545210" lon="-1.1806670">
    <ele>4.2</ele>
    <time>2024-08-28T16:53:57Z</time>
   </trkpt>
   <trkpt lat="46.1544850" lon="-1.1806610">
    <ele>4.2</ele>
    <time>2024-08-28T16:53:58Z</time>
   </trkpt>
   <trkpt lat="46.1544730" lon="-1.1806590">
    <ele>4.2</ele>
    <time>2024-08-28T16:53:59Z</time>
   </trkpt>
   <trkpt lat="46.1544450" lon="-1.1806540">
    <ele>4.2</ele>
    <time>2024-08-28T16:54:00Z</time>
   </trkpt>
   <trkpt lat="46.1544150" lon="-1.1806470">
    <ele>4.2</ele>
    <time>2024-08-28T16:54:01Z</time>
   </trkpt>
   <trkpt lat="46.1543750" lon="-1.1806430">
    <ele>4.3</ele>
    <time>2024-08-28T16:54:02Z</time>
   </trkpt>
   <trkpt lat="46.1543280" lon="-1.1806390">
    <ele>4.3</ele>
    <time>2024-08-28T16:54:03Z</time>
   </trkpt>
   <trkpt lat="46.1542830" lon="-1.1806350">
    <ele>4.3</ele>
    <time>2024-08-28T16:54:04Z</time>
   </trkpt>
   <trkpt lat="46.1542440" lon="-1.1806300">
    <ele>4.4</ele>
    <time>2024-08-28T16:54:05Z</time>
   </trkpt>
   <trkpt lat="46.1542110" lon="-1.1806250">
    <ele>4.4</ele>
    <time>2024-08-28T16:54:06Z</time>
   </trkpt>
   <trkpt lat="46.1541780" lon="-1.1806150">
    <ele>4.4</ele>
    <time>2024-08-28T16:54:07Z</time>
   </trkpt>
   <trkpt lat="46.1541460" lon="-1.1806050">
    <ele>4.5</ele>
    <time>2024-08-28T16:54:08Z</time>
   </trkpt>
   <trkpt lat="46.1541180" lon="-1.1805950">
    <ele>4.5</ele>
    <time>2024-08-28T16:54:09Z</time>
   </trkpt>
   <trkpt lat="46.1540870" lon="-1.1805870">
    <ele>4.5</ele>
    <time>2024-08-28T16:54:10Z</time>
   </trkpt>
   <trkpt lat="46.1540580" lon="-1.1805750">
    <ele>4.6</ele>
    <time>2024-08-28T16:54:11Z</time>
   </trkpt>
   <trkpt lat="46.1540250" lon="-1.1805540">
    <ele>4.6</ele>
    <time>2024-08-28T16:54:12Z</time>
   </trkpt>
   <trkpt lat="46.1540140" lon="-1.1805480">
    <ele>4.7</ele>
    <time>2024-08-28T16:54:13Z</time>
   </trkpt>
   <trkpt lat="46.1539750" lon="-1.1805370">
    <ele>4.7</ele>
    <time>2024-08-28T16:54:14Z</time>
   </trkpt>
   <trkpt lat="46.1539610" lon="-1.1805340">
    <ele>4.7</ele>
    <time>2024-08-28T16:54:15Z</time>
   </trkpt>
   <trkpt lat="46.1539300" lon="-1.1805440">
    <ele>4.8</ele>
    <time>2024-08-28T16:54:16Z</time>
   </trkpt>
   <trkpt lat="46.1538960" lon="-1.1805620">
    <ele>4.8</ele>
    <time>2024-08-28T16:54:17Z</time>
   </trkpt>
   <trkpt lat="46.1538640" lon="-1.1805840">
    <ele>4.7</ele>
    <time>2024-08-28T16:54:18Z</time>
   </trkpt>
   <trkpt lat="46.1538350" lon="-1.1806090">
    <ele>4.6</ele>
    <time>2024-08-28T16:54:19Z</time>
   </trkpt>
   <trkpt lat="46.1538080" lon="-1.1806360">
    <ele>4.5</ele>
    <time>2024-08-28T16:54:20Z</time>
   </trkpt>
   <trkpt lat="46.1537800" lon="-1.1806600">
    <ele>4.5</ele>
    <time>2024-08-28T16:54:21Z</time>
   </trkpt>
   <trkpt lat="46.1537480" lon="-1.1806750">
    <ele>4.6</ele>
    <time>2024-08-28T16:54:22Z</time>
   </trkpt>
   <trkpt lat="46.1537180" lon="-1.1806800">
    <ele>4.6</ele>
    <time>2024-08-28T16:54:23Z</time>
   </trkpt>
   <trkpt lat="46.1536890" lon="-1.1806810">
    <ele>4.6</ele>
    <time>2024-08-28T16:54:24Z</time>
   </trkpt>
   <trkpt lat="46.1536560" lon="-1.1806820">
    <ele>4.6</ele>
    <time>2024-08-28T16:54:25Z</time>
   </trkpt>
   <trkpt lat="46.1536200" lon="-1.1806780">
    <ele>4.7</ele>
    <time>2024-08-28T16:54:26Z</time>
   </trkpt>
   <trkpt lat="46.1535890" lon="-1.1806630">
    <ele>4.7</ele>
    <time>2024-08-28T16:54:27Z</time>
   </trkpt>
   <trkpt lat="46.1535660" lon="-1.1806340">
    <ele>4.7</ele>
    <time>2024-08-28T16:54:28Z</time>
   </trkpt>
   <trkpt lat="46.1535500" lon="-1.1805920">
    <ele>4.7</ele>
    <time>2024-08-28T16:54:29Z</time>
   </trkpt>
   <trkpt lat="46.1535420" lon="-1.1805410">
    <ele>4.7</ele>
    <time>2024-08-28T16:54:30Z</time>
   </trkpt>
   <trkpt lat="46.1535390" lon="-1.1804820">
    <ele>4.7</ele>
    <time>2024-08-28T16:54:31Z</time>
   </trkpt>
   <trkpt lat="46.1535360" lon="-1.1804320">
    <ele>4.7</ele>
    <time>2024-08-28T16:54:32Z</time>
   </trkpt>
   <trkpt lat="46.1535270" lon="-1.1803740">
    <ele>4.7</ele>
    <time>2024-08-28T16:54:33Z</time>
   </trkpt>
   <trkpt lat="46.1535230" lon="-1.1803540">
    <ele>4.7</ele>
    <time>2024-08-28T16:54:34Z</time>
   </trkpt>
   <trkpt lat="46.1535130" lon="-1.1803080">
    <ele>4.7</ele>
    <time>2024-08-28T16:54:35Z</time>
   </trkpt>
   <trkpt lat="46.1535050" lon="-1.1802610">
    <ele>4.7</ele>
    <time>2024-08-28T16:54:36Z</time>
   </trkpt>
   <trkpt lat="46.1534970" lon="-1.1802160">
    <ele>4.7</ele>
    <time>2024-08-28T16:54:37Z</time>
   </trkpt>
   <trkpt lat="46.1534890" lon="-1.1801710">
    <ele>4.7</ele>
    <time>2024-08-28T16:54:38Z</time>
   </trkpt>
   <trkpt lat="46.1534820" lon="-1.1801280">
    <ele>4.7</ele>
    <time>2024-08-28T16:54:39Z</time>
   </trkpt>
   <trkpt lat="46.1534780" lon="-1.1800880">
    <ele>4.7</ele>
    <time>2024-08-28T16:54:40Z</time>
   </trkpt>
   <trkpt lat="46.1534730" lon="-1.1800480">
    <ele>4.7</ele>
    <time>2024-08-28T16:54:41Z</time>
   </trkpt>
   <trkpt lat="46.1534680" lon="-1.1800020">
    <ele>4.7</ele>
    <time>2024-08-28T16:54:42Z</time>
   </trkpt>
   <trkpt lat="46.1534640" lon="-1.1799520">
    <ele>4.7</ele>
    <time>2024-08-28T16:54:43Z</time>
   </trkpt>
   <trkpt lat="46.1534630" lon="-1.1799020">
    <ele>4.7</ele>
    <time>2024-08-28T16:54:44Z</time>
   </trkpt>
   <trkpt lat="46.1534610" lon="-1.1798540">
    <ele>4.7</ele>
    <time>2024-08-28T16:54:45Z</time>
   </trkpt>
   <trkpt lat="46.1534560" lon="-1.1798120">
    <ele>4.8</ele>
    <time>2024-08-28T16:54:46Z</time>
   </trkpt>
   <trkpt lat="46.1534480" lon="-1.1797720">
    <ele>4.8</ele>
    <time>2024-08-28T16:54:47Z</time>
   </trkpt>
   <trkpt lat="46.1534390" lon="-1.1797280">
    <ele>4.8</ele>
    <time>2024-08-28T16:54:48Z</time>
   </trkpt>
   <trkpt lat="46.1534360" lon="-1.1796800">
    <ele>4.8</ele>
    <time>2024-08-28T16:54:49Z</time>
   </trkpt>
   <trkpt lat="46.1534360" lon="-1.1796330">
    <ele>4.9</ele>
    <time>2024-08-28T16:54:50Z</time>
   </trkpt>
   <trkpt lat="46.1534380" lon="-1.1795900">
    <ele>4.9</ele>
    <time>2024-08-28T16:54:51Z</time>
   </trkpt>
   <trkpt lat="46.1534340" lon="-1.1795310">
    <ele>4.9</ele>
    <time>2024-08-28T16:54:52Z</time>
   </trkpt>
   <trkpt lat="46.1534320" lon="-1.1795110">
    <ele>4.9</ele>
    <time>2024-08-28T16:54:53Z</time>
   </trkpt>
   <trkpt lat="46.1534290" lon="-1.1794670">
    <ele>5.0</ele>
    <time>2024-08-28T16:54:54Z</time>
   </trkpt>
   <trkpt lat="46.1534300" lon="-1.1794230">
    <ele>5.0</ele>
    <time>2024-08-28T16:54:55Z</time>
   </trkpt>
   <trkpt lat="46.1534330" lon="-1.1793820">
    <ele>5.0</ele>
    <time>2024-08-28T16:54:56Z</time>
   </trkpt>
   <trkpt lat="46.1534340" lon="-1.1793420">
    <ele>5.1</ele>
    <time>2024-08-28T16:54:57Z</time>
   </trkpt>
   <trkpt lat="46.1534330" lon="-1.1793020">
    <ele>5.1</ele>
    <time>2024-08-28T16:54:58Z</time>
   </trkpt>
   <trkpt lat="46.1534360" lon="-1.1792520">
    <ele>5.2</ele>
    <time>2024-08-28T16:54:59Z</time>
   </trkpt>
   <trkpt lat="46.1534410" lon="-1.1792050">
    <ele>5.2</ele>
    <time>2024-08-28T16:55:00Z</time>
   </trkpt>
   <trkpt lat="46.1534450" lon="-1.1791630">
    <ele>5.3</ele>
    <time>2024-08-28T16:55:01Z</time>
   </trkpt>
   <trkpt lat="46.1534460" lon="-1.1791220">
    <ele>5.3</ele>
    <time>2024-08-28T16:55:02Z</time>
   </trkpt>
   <trkpt lat="46.1534440" lon="-1.1790780">
    <ele>5.4</ele>
    <time>2024-08-28T16:55:03Z</time>
   </trkpt>
   <trkpt lat="46.1534440" lon="-1.1790290">
    <ele>5.4</ele>
    <time>2024-08-28T16:55:04Z</time>
   </trkpt>
   <trkpt lat="46.1534500" lon="-1.1789790">
    <ele>5.5</ele>
    <time>2024-08-28T16:55:05Z</time>
   </trkpt>
   <trkpt lat="46.1534560" lon="-1.1789360">
    <ele>5.5</ele>
    <time>2024-08-28T16:55:06Z</time>
   </trkpt>
   <trkpt lat="46.1534600" lon="-1.1788940">
    <ele>5.5</ele>
    <time>2024-08-28T16:55:07Z</time>
   </trkpt>
   <trkpt lat="46.1534600" lon="-1.1788500">
    <ele>5.6</ele>
    <time>2024-08-28T16:55:08Z</time>
   </trkpt>
   <trkpt lat="46.1534590" lon="-1.1788040">
    <ele>5.6</ele>
    <time>2024-08-28T16:55:09Z</time>
   </trkpt>
   <trkpt lat="46.1534580" lon="-1.1787610">
    <ele>5.6</ele>
    <time>2024-08-28T16:55:10Z</time>
   </trkpt>
   <trkpt lat="46.1534550" lon="-1.1787210">
    <ele>5.6</ele>
    <time>2024-08-28T16:55:11Z</time>
   </trkpt>
   <trkpt lat="46.1534510" lon="-1.1786760">
    <ele>5.6</ele>
    <time>2024-08-28T16:55:12Z</time>
   </trkpt>
   <trkpt lat="46.1534490" lon="-1.1786270">
    <ele>5.7</ele>
    <time>2024-08-28T16:55:13Z</time>
   </trkpt>
   <trkpt lat="46.1534510" lon="-1.1785780">
    <ele>5.7</ele>
    <time>2024-08-28T16:55:14Z</time>
   </trkpt>
   <trkpt lat="46.1534520" lon="-1.1785330">
    <ele>5.7</ele>
    <time>2024-08-28T16:55:15Z</time>
   </trkpt>
   <trkpt lat="46.1534520" lon="-1.1784940">
    <ele>5.7</ele>
    <time>2024-08-28T16:55:16Z</time>
   </trkpt>
   <trkpt lat="46.1534520" lon="-1.1784500">
    <ele>5.7</ele>
    <time>2024-08-28T16:55:17Z</time>
   </trkpt>
   <trkpt lat="46.1534540" lon="-1.1784020">
    <ele>5.7</ele>
    <time>2024-08-28T16:55:18Z</time>
   </trkpt>
   <trkpt lat="46.1534590" lon="-1.1783520">
    <ele>5.7</ele>
    <time>2024-08-28T16:55:19Z</time>
   </trkpt>
   <trkpt lat="46.1534640" lon="-1.1783060">
    <ele>5.7</ele>
    <time>2024-08-28T16:55:20Z</time>
   </trkpt>
   <trkpt lat="46.1534650" lon="-1.1782670">
    <ele>5.7</ele>
    <time>2024-08-28T16:55:21Z</time>
   </trkpt>
   <trkpt lat="46.1534660" lon="-1.1782280">
    <ele>5.7</ele>
    <time>2024-08-28T16:55:22Z</time>
   </trkpt>
   <trkpt lat="46.1534700" lon="-1.1781830">
    <ele>5.7</ele>
    <time>2024-08-28T16:55:23Z</time>
   </trkpt>
   <trkpt lat="46.1534760" lon="-1.1781410">
    <ele>5.7</ele>
    <time>2024-08-28T16:55:24Z</time>
   </trkpt>
   <trkpt lat="46.1534780" lon="-1.1780970">
    <ele>5.7</ele>
    <time>2024-08-28T16:55:25Z</time>
   </trkpt>
   <trkpt lat="46.1534770" lon="-1.1780520">
    <ele>5.7</ele>
    <time>2024-08-28T16:55:26Z</time>
   </trkpt>
   <trkpt lat="46.1534780" lon="-1.1780060">
    <ele>5.7</ele>
    <time>2024-08-28T16:55:27Z</time>
   </trkpt>
   <trkpt lat="46.1534820" lon="-1.1779600">
    <ele>5.7</ele>
    <time>2024-08-28T16:55:28Z</time>
   </trkpt>
   <trkpt lat="46.1534880" lon="-1.1779190">
    <ele>5.7</ele>
    <time>2024-08-28T16:55:29Z</time>
   </trkpt>
   <trkpt lat="46.1534910" lon="-1.1778760">
    <ele>5.7</ele>
    <time>2024-08-28T16:55:30Z</time>
   </trkpt>
   <trkpt lat="46.1534920" lon="-1.1778310">
    <ele>5.7</ele>
    <time>2024-08-28T16:55:31Z</time>
   </trkpt>
   <trkpt lat="46.1534950" lon="-1.1777830">
    <ele>5.8</ele>
    <time>2024-08-28T16:55:32Z</time>
   </trkpt>
   <trkpt lat="46.1534990" lon="-1.1777370">
    <ele>5.8</ele>
    <time>2024-08-28T16:55:33Z</time>
   </trkpt>
   <trkpt lat="46.1535010" lon="-1.1776980">
    <ele>5.8</ele>
    <time>2024-08-28T16:55:34Z</time>
   </trkpt>
   <trkpt lat="46.1535040" lon="-1.1776560">
    <ele>5.8</ele>
    <time>2024-08-28T16:55:35Z</time>
   </trkpt>
   <trkpt lat="46.1535090" lon="-1.1776070">
    <ele>5.8</ele>
    <time>2024-08-28T16:55:36Z</time>
   </trkpt>
   <trkpt lat="46.1535200" lon="-1.1775540">
    <ele>5.8</ele>
    <time>2024-08-28T16:55:37Z</time>
   </trkpt>
   <trkpt lat="46.1535300" lon="-1.1775070">
    <ele>5.9</ele>
    <time>2024-08-28T16:55:38Z</time>
   </trkpt>
   <trkpt lat="46.1535330" lon="-1.1774680">
    <ele>5.9</ele>
    <time>2024-08-28T16:55:39Z</time>
   </trkpt>
   <trkpt lat="46.1535360" lon="-1.1774180">
    <ele>5.9</ele>
    <time>2024-08-28T16:55:40Z</time>
   </trkpt>
   <trkpt lat="46.1535410" lon="-1.1773610">
    <ele>6.0</ele>
    <time>2024-08-28T16:55:41Z</time>
   </trkpt>
   <trkpt lat="46.1535470" lon="-1.1773100">
    <ele>6.0</ele>
    <time>2024-08-28T16:55:42Z</time>
   </trkpt>
   <trkpt lat="46.1535510" lon="-1.1772630">
    <ele>6.1</ele>
    <time>2024-08-28T16:55:43Z</time>
   </trkpt>
   <trkpt lat="46.1535540" lon="-1.1772200">
    <ele>6.1</ele>
    <time>2024-08-28T16:55:44Z</time>
   </trkpt>
   <trkpt lat="46.1535590" lon="-1.1771710">
    <ele>6.2</ele>
    <time>2024-08-28T16:55:45Z</time>
   </trkpt>
   <trkpt lat="46.1535680" lon="-1.1771200">
    <ele>6.2</ele>
    <time>2024-08-28T16:55:46Z</time>
   </trkpt>
   <trkpt lat="46.1535810" lon="-1.1770710">
    <ele>6.3</ele>
    <time>2024-08-28T16:55:47Z</time>
   </trkpt>
   <trkpt lat="46.1535940" lon="-1.1770190">
    <ele>6.4</ele>
    <time>2024-08-28T16:55:48Z</time>
   </trkpt>
   <trkpt lat="46.1536040" lon="-1.1769730">
    <ele>6.5</ele>
    <time>2024-08-28T16:55:49Z</time>
   </trkpt>
   <trkpt lat="46.1536160" lon="-1.1769290">
    <ele>6.6</ele>
    <time>2024-08-28T16:55:50Z</time>
   </trkpt>
   <trkpt lat="46.1536320" lon="-1.1768860">
    <ele>6.7</ele>
    <time>2024-08-28T16:55:51Z</time>
   </trkpt>
   <trkpt lat="46.1536470" lon="-1.1768510">
    <ele>6.7</ele>
    <time>2024-08-28T16:55:52Z</time>
   </trkpt>
   <trkpt lat="46.1536670" lon="-1.1768050">
    <ele>6.8</ele>
    <time>2024-08-28T16:55:53Z</time>
   </trkpt>
   <trkpt lat="46.1536720" lon="-1.1767860">
    <ele>6.9</ele>
    <time>2024-08-28T16:55:54Z</time>
   </trkpt>
   <trkpt lat="46.1536810" lon="-1.1767350">
    <ele>7.0</ele>
    <time>2024-08-28T16:55:55Z</time>
   </trkpt>
   <trkpt lat="46.1536840" lon="-1.1766850">
    <ele>7.1</ele>
    <time>2024-08-28T16:55:56Z</time>
   </trkpt>
   <trkpt lat="46.1536880" lon="-1.1766410">
    <ele>7.1</ele>
    <time>2024-08-28T16:55:57Z</time>
   </trkpt>
   <trkpt lat="46.1536920" lon="-1.1766010">
    <ele>7.2</ele>
    <time>2024-08-28T16:55:58Z</time>
   </trkpt>
   <trkpt lat="46.1536970" lon="-1.1765620">
    <ele>7.3</ele>
    <time>2024-08-28T16:55:59Z</time>
   </trkpt>
   <trkpt lat="46.1537030" lon="-1.1765140">
    <ele>7.4</ele>
    <time>2024-08-28T16:56:00Z</time>
   </trkpt>
   <trkpt lat="46.1537090" lon="-1.1764670">
    <ele>7.5</ele>
    <time>2024-08-28T16:56:01Z</time>
   </trkpt>
   <trkpt lat="46.1537140" lon="-1.1764240">
    <ele>7.6</ele>
    <time>2024-08-28T16:56:02Z</time>
   </trkpt>
   <trkpt lat="46.1537190" lon="-1.1763740">
    <ele>7.7</ele>
    <time>2024-08-28T16:56:03Z</time>
   </trkpt>
   <trkpt lat="46.1537210" lon="-1.1763570">
    <ele>7.7</ele>
    <time>2024-08-28T16:56:04Z</time>
   </trkpt>
   <trkpt lat="46.1537260" lon="-1.1763170">
    <ele>7.8</ele>
    <time>2024-08-28T16:56:05Z</time>
   </trkpt>
   <trkpt lat="46.1537320" lon="-1.1762770">
    <ele>7.9</ele>
    <time>2024-08-28T16:56:06Z</time>
   </trkpt>
   <trkpt lat="46.1537410" lon="-1.1762360">
    <ele>8.0</ele>
    <time>2024-08-28T16:56:07Z</time>
   </trkpt>
   <trkpt lat="46.1537490" lon="-1.1761860">
    <ele>8.1</ele>
    <time>2024-08-28T16:56:08Z</time>
   </trkpt>
   <trkpt lat="46.1537510" lon="-1.1761700">
    <ele>8.1</ele>
    <time>2024-08-28T16:56:09Z</time>
   </trkpt>
   <trkpt lat="46.1537580" lon="-1.1761300">
    <ele>8.2</ele>
    <time>2024-08-28T16:56:10Z</time>
   </trkpt>
   <trkpt lat="46.1537740" lon="-1.1760700">
    <ele>8.3</ele>
    <time>2024-08-28T16:56:11Z</time>
   </trkpt>
   <trkpt lat="46.1537810" lon="-1.1760470">
    <ele>8.3</ele>
    <time>2024-08-28T16:56:12Z</time>
   </trkpt>
   <trkpt lat="46.1537930" lon="-1.1759980">
    <ele>8.4</ele>
    <time>2024-08-28T16:56:13Z</time>
   </trkpt>
   <trkpt lat="46.1538050" lon="-1.1759470">
    <ele>8.5</ele>
    <time>2024-08-28T16:56:14Z</time>
   </trkpt>
   <trkpt lat="46.1538130" lon="-1.1758970">
    <ele>8.5</ele>
    <time>2024-08-28T16:56:15Z</time>
   </trkpt>
   <trkpt lat="46.1538220" lon="-1.1758540">
    <ele>8.6</ele>
    <time>2024-08-28T16:56:16Z</time>
   </trkpt>
   <trkpt lat="46.1538290" lon="-1.1758060">
    <ele>8.6</ele>
    <time>2024-08-28T16:56:17Z</time>
   </trkpt>
   <trkpt lat="46.1538390" lon="-1.1757580">
    <ele>8.6</ele>
    <time>2024-08-28T16:56:18Z</time>
   </trkpt>
   <trkpt lat="46.1538460" lon="-1.1757120">
    <ele>8.7</ele>
    <time>2024-08-28T16:56:19Z</time>
   </trkpt>
   <trkpt lat="46.1538520" lon="-1.1756670">
    <ele>8.7</ele>
    <time>2024-08-28T16:56:20Z</time>
   </trkpt>
   <trkpt lat="46.1538570" lon="-1.1756230">
    <ele>8.8</ele>
    <time>2024-08-28T16:56:21Z</time>
   </trkpt>
   <trkpt lat="46.1538640" lon="-1.1755770">
    <ele>8.8</ele>
    <time>2024-08-28T16:56:22Z</time>
   </trkpt>
   <trkpt lat="46.1538710" lon="-1.1755270">
    <ele>8.8</ele>
    <time>2024-08-28T16:56:23Z</time>
   </trkpt>
   <trkpt lat="46.1538790" lon="-1.1754810">
    <ele>8.8</ele>
    <time>2024-08-28T16:56:24Z</time>
   </trkpt>
   <trkpt lat="46.1538820" lon="-1.1754340">
    <ele>8.9</ele>
    <time>2024-08-28T16:56:25Z</time>
   </trkpt>
   <trkpt lat="46.1538850" lon="-1.1753830">
    <ele>8.9</ele>
    <time>2024-08-28T16:56:26Z</time>
   </trkpt>
   <trkpt lat="46.1538910" lon="-1.1753260">
    <ele>8.9</ele>
    <time>2024-08-28T16:56:27Z</time>
   </trkpt>
   <trkpt lat="46.1538970" lon="-1.1752760">
    <ele>8.9</ele>
    <time>2024-08-28T16:56:28Z</time>
   </trkpt>
   <trkpt lat="46.1539000" lon="-1.1752330">
    <ele>8.9</ele>
    <time>2024-08-28T16:56:29Z</time>
   </trkpt>
   <trkpt lat="46.1539040" lon="-1.1751930">
    <ele>8.9</ele>
    <time>2024-08-28T16:56:30Z</time>
   </trkpt>
   <trkpt lat="46.1539080" lon="-1.1751460">
    <ele>8.9</ele>
    <time>2024-08-28T16:56:31Z</time>
   </trkpt>
   <trkpt lat="46.1539110" lon="-1.1750930">
    <ele>8.9</ele>
    <time>2024-08-28T16:56:32Z</time>
   </trkpt>
   <trkpt lat="46.1539140" lon="-1.1750400">
    <ele>8.9</ele>
    <time>2024-08-28T16:56:33Z</time>
   </trkpt>
   <trkpt lat="46.1539190" lon="-1.1749930">
    <ele>8.9</ele>
    <time>2024-08-28T16:56:34Z</time>
   </trkpt>
   <trkpt lat="46.1539270" lon="-1.1749510">
    <ele>8.9</ele>
    <time>2024-08-28T16:56:35Z</time>
   </trkpt>
   <trkpt lat="46.1539370" lon="-1.1749120">
    <ele>8.8</ele>
    <time>2024-08-28T16:56:36Z</time>
   </trkpt>
   <trkpt lat="46.1539470" lon="-1.1748700">
    <ele>8.8</ele>
    <time>2024-08-28T16:56:37Z</time>
   </trkpt>
   <trkpt lat="46.1539580" lon="-1.1748200">
    <ele>8.8</ele>
    <time>2024-08-28T16:56:38Z</time>
   </trkpt>
   <trkpt lat="46.1539690" lon="-1.1747690">
    <ele>8.8</ele>
    <time>2024-08-28T16:56:39Z</time>
   </trkpt>
   <trkpt lat="46.1539770" lon="-1.1747230">
    <ele>8.8</ele>
    <time>2024-08-28T16:56:40Z</time>
   </trkpt>
   <trkpt lat="46.1539820" lon="-1.1746800">
    <ele>8.8</ele>
    <time>2024-08-28T16:56:41Z</time>
   </trkpt>
   <trkpt lat="46.1539870" lon="-1.1746330">
    <ele>8.8</ele>
    <time>2024-08-28T16:56:42Z</time>
   </trkpt>
   <trkpt lat="46.1539880" lon="-1.1745830">
    <ele>8.8</ele>
    <time>2024-08-28T16:56:43Z</time>
   </trkpt>
   <trkpt lat="46.1539940" lon="-1.1745270">
    <ele>8.8</ele>
    <time>2024-08-28T16:56:44Z</time>
   </trkpt>
   <trkpt lat="46.1540000" lon="-1.1744720">
    <ele>8.8</ele>
    <time>2024-08-28T16:56:45Z</time>
   </trkpt>
   <trkpt lat="46.1540050" lon="-1.1744230">
    <ele>8.9</ele>
    <time>2024-08-28T16:56:46Z</time>
   </trkpt>
   <trkpt lat="46.1540090" lon="-1.1743810">
    <ele>8.9</ele>
    <time>2024-08-28T16:56:47Z</time>
   </trkpt>
   <trkpt lat="46.1540140" lon="-1.1743370">
    <ele>8.9</ele>
    <time>2024-08-28T16:56:48Z</time>
   </trkpt>
   <trkpt lat="46.1540210" lon="-1.1742860">
    <ele>8.9</ele>
    <time>2024-08-28T16:56:50Z</time>
   </trkpt>
   <trkpt lat="46.1540280" lon="-1.1742330">
    <ele>8.9</ele>
    <time>2024-08-28T16:56:51Z</time>
   </trkpt>
   <trkpt lat="46.1540340" lon="-1.1741820">
    <ele>8.9</ele>
    <time>2024-08-28T16:56:52Z</time>
   </trkpt>
   <trkpt lat="46.1540380" lon="-1.1741340">
    <ele>8.9</ele>
    <time>2024-08-28T16:56:53Z</time>
   </trkpt>
   <trkpt lat="46.1540410" lon="-1.1740920">
    <ele>8.9</ele>
    <time>2024-08-28T16:56:54Z</time>
   </trkpt>
   <trkpt lat="46.1540450" lon="-1.1740450">
    <ele>8.9</ele>
    <time>2024-08-28T16:56:55Z</time>
   </trkpt>
   <trkpt lat="46.1540510" lon="-1.1739910">
    <ele>8.9</ele>
    <time>2024-08-28T16:56:56Z</time>
   </trkpt>
   <trkpt lat="46.1540570" lon="-1.1739370">
    <ele>8.9</ele>
    <time>2024-08-28T16:56:57Z</time>
   </trkpt>
   <trkpt lat="46.1540620" lon="-1.1738870">
    <ele>8.9</ele>
    <time>2024-08-28T16:56:58Z</time>
   </trkpt>
   <trkpt lat="46.1540690" lon="-1.1738430">
    <ele>8.9</ele>
    <time>2024-08-28T16:56:59Z</time>
   </trkpt>
   <trkpt lat="46.1540820" lon="-1.1737940">
    <ele>9.0</ele>
    <time>2024-08-28T16:57:00Z</time>
   </trkpt>
   <trkpt lat="46.1540970" lon="-1.1737460">
    <ele>9.0</ele>
    <time>2024-08-28T16:57:01Z</time>
   </trkpt>
   <trkpt lat="46.1541070" lon="-1.1736930">
    <ele>9.0</ele>
    <time>2024-08-28T16:57:02Z</time>
   </trkpt>
   <trkpt lat="46.1541150" lon="-1.1736390">
    <ele>9.0</ele>
    <time>2024-08-28T16:57:03Z</time>
   </trkpt>
   <trkpt lat="46.1541130" lon="-1.1735930">
    <ele>9.0</ele>
    <time>2024-08-28T16:57:04Z</time>
   </trkpt>
   <trkpt lat="46.1541180" lon="-1.1735480">
    <ele>9.1</ele>
    <time>2024-08-28T16:57:05Z</time>
   </trkpt>
   <trkpt lat="46.1541260" lon="-1.1735020">
    <ele>9.1</ele>
    <time>2024-08-28T16:57:06Z</time>
   </trkpt>
   <trkpt lat="46.1541320" lon="-1.1734600">
    <ele>9.1</ele>
    <time>2024-08-28T16:57:07Z</time>
   </trkpt>
   <trkpt lat="46.1541340" lon="-1.1734190">
    <ele>9.1</ele>
    <time>2024-08-28T16:57:08Z</time>
   </trkpt>
   <trkpt lat="46.1541330" lon="-1.1733750">
    <ele>9.1</ele>
    <time>2024-08-28T16:57:09Z</time>
   </trkpt>
   <trkpt lat="46.1541330" lon="-1.1733310">
    <ele>9.1</ele>
    <time>2024-08-28T16:57:10Z</time>
   </trkpt>
   <trkpt lat="46.1541310" lon="-1.1732860">
    <ele>9.2</ele>
    <time>2024-08-28T16:57:11Z</time>
   </trkpt>
   <trkpt lat="46.1541340" lon="-1.1732120">
    <ele>9.2</ele>
    <time>2024-08-28T16:57:12Z</time>
   </trkpt>
   <trkpt lat="46.1541380" lon="-1.1731710">
    <ele>9.2</ele>
    <time>2024-08-28T16:57:13Z</time>
   </trkpt>
   <trkpt lat="46.1541450" lon="-1.1731170">
    <ele>9.2</ele>
    <time>2024-08-28T16:57:14Z</time>
   </trkpt>
   <trkpt lat="46.1541580" lon="-1.1730670">
    <ele>9.2</ele>
    <time>2024-08-28T16:57:15Z</time>
   </trkpt>
   <trkpt lat="46.1541620" lon="-1.1730540">
    <ele>9.2</ele>
    <time>2024-08-28T16:57:16Z</time>
   </trkpt>
   <trkpt lat="46.1541760" lon="-1.1730150">
    <ele>9.2</ele>
    <time>2024-08-28T16:57:17Z</time>
   </trkpt>
   <trkpt lat="46.1541820" lon="-1.1730030">
    <ele>9.2</ele>
    <time>2024-08-28T16:57:18Z</time>
   </trkpt>
   <trkpt lat="46.1541950" lon="-1.1729490">
    <ele>9.2</ele>
    <time>2024-08-28T16:57:19Z</time>
   </trkpt>
   <trkpt lat="46.1541990" lon="-1.1729260">
    <ele>9.2</ele>
    <time>2024-08-28T16:57:20Z</time>
   </trkpt>
   <trkpt lat="46.1542040" lon="-1.1728770">
    <ele>9.2</ele>
    <time>2024-08-28T16:57:21Z</time>
   </trkpt>
   <trkpt lat="46.1542060" lon="-1.1728290">
    <ele>9.2</ele>
    <time>2024-08-28T16:57:22Z</time>
   </trkpt>
   <trkpt lat="46.1542090" lon="-1.1727770">
    <ele>9.2</ele>
    <time>2024-08-28T16:57:23Z</time>
   </trkpt>
   <trkpt lat="46.1542120" lon="-1.1727320">
    <ele>9.2</ele>
    <time>2024-08-28T16:57:24Z</time>
   </trkpt>
   <trkpt lat="46.1542120" lon="-1.1727220">
    <ele>9.2</ele>
    <time>2024-08-28T16:57:25Z</time>
   </trkpt>
   <trkpt lat="46.1542200" lon="-1.1726670">
    <ele>9.2</ele>
    <time>2024-08-28T16:57:26Z</time>
   </trkpt>
   <trkpt lat="46.1542230" lon="-1.1726470">
    <ele>9.2</ele>
    <time>2024-08-28T16:57:27Z</time>
   </trkpt>
   <trkpt lat="46.1542300" lon="-1.1726050">
    <ele>9.2</ele>
    <time>2024-08-28T16:57:28Z</time>
   </trkpt>
   <trkpt lat="46.1542400" lon="-1.1725570">
    <ele>9.2</ele>
    <time>2024-08-28T16:57:29Z</time>
   </trkpt>
   <trkpt lat="46.1542500" lon="-1.1725050">
    <ele>9.2</ele>
    <time>2024-08-28T16:57:30Z</time>
   </trkpt>
   <trkpt lat="46.1542580" lon="-1.1724550">
    <ele>9.2</ele>
    <time>2024-08-28T16:57:31Z</time>
   </trkpt>
   <trkpt lat="46.1542660" lon="-1.1724110">
    <ele>9.2</ele>
    <time>2024-08-28T16:57:32Z</time>
   </trkpt>
   <trkpt lat="46.1542730" lon="-1.1723650">
    <ele>9.2</ele>
    <time>2024-08-28T16:57:33Z</time>
   </trkpt>
   <trkpt lat="46.1542790" lon="-1.1723180">
    <ele>9.3</ele>
    <time>2024-08-28T16:57:34Z</time>
   </trkpt>
   <trkpt lat="46.1542880" lon="-1.1722630">
    <ele>9.3</ele>
    <time>2024-08-28T16:57:35Z</time>
   </trkpt>
   <trkpt lat="46.1543010" lon="-1.1722070">
    <ele>9.3</ele>
    <time>2024-08-28T16:57:36Z</time>
   </trkpt>
   <trkpt lat="46.1543140" lon="-1.1721550">
    <ele>9.3</ele>
    <time>2024-08-28T16:57:37Z</time>
   </trkpt>
   <trkpt lat="46.1543240" lon="-1.1721080">
    <ele>9.3</ele>
    <time>2024-08-28T16:57:38Z</time>
   </trkpt>
   <trkpt lat="46.1543290" lon="-1.1720660">
    <ele>9.3</ele>
    <time>2024-08-28T16:57:39Z</time>
   </trkpt>
   <trkpt lat="46.1543300" lon="-1.1720100">
    <ele>9.3</ele>
    <time>2024-08-28T16:57:40Z</time>
   </trkpt>
   <trkpt lat="46.1543320" lon="-1.1719900">
    <ele>9.3</ele>
    <time>2024-08-28T16:57:41Z</time>
   </trkpt>
   <trkpt lat="46.1543390" lon="-1.1719460">
    <ele>9.3</ele>
    <time>2024-08-28T16:57:42Z</time>
   </trkpt>
   <trkpt lat="46.1543510" lon="-1.1718890">
    <ele>9.3</ele>
    <time>2024-08-28T16:57:43Z</time>
   </trkpt>
   <trkpt lat="46.1543590" lon="-1.1718320">
    <ele>9.4</ele>
    <time>2024-08-28T16:57:44Z</time>
   </trkpt>
   <trkpt lat="46.1543620" lon="-1.1717820">
    <ele>9.4</ele>
    <time>2024-08-28T16:57:45Z</time>
   </trkpt>
   <trkpt lat="46.1543670" lon="-1.1717390">
    <ele>9.4</ele>
    <time>2024-08-28T16:57:46Z</time>
   </trkpt>
   <trkpt lat="46.1543740" lon="-1.1716900">
    <ele>9.4</ele>
    <time>2024-08-28T16:57:47Z</time>
   </trkpt>
   <trkpt lat="46.1543810" lon="-1.1716370">
    <ele>9.4</ele>
    <time>2024-08-28T16:57:48Z</time>
   </trkpt>
   <trkpt lat="46.1543850" lon="-1.1715900">
    <ele>9.4</ele>
    <time>2024-08-28T16:57:49Z</time>
   </trkpt>
   <trkpt lat="46.1543900" lon="-1.1715370">
    <ele>9.5</ele>
    <time>2024-08-28T16:57:50Z</time>
   </trkpt>
   <trkpt lat="46.1543910" lon="-1.1715170">
    <ele>9.5</ele>
    <time>2024-08-28T16:57:51Z</time>
   </trkpt>
   <trkpt lat="46.1543960" lon="-1.1714600">
    <ele>9.5</ele>
    <time>2024-08-28T16:57:52Z</time>
   </trkpt>
   <trkpt lat="46.1544030" lon="-1.1713920">
    <ele>9.5</ele>
    <time>2024-08-28T16:57:53Z</time>
   </trkpt>
   <trkpt lat="46.1544130" lon="-1.1713210">
    <ele>9.5</ele>
    <time>2024-08-28T16:57:54Z</time>
   </trkpt>
   <trkpt lat="46.1544240" lon="-1.1712640">
    <ele>9.5</ele>
    <time>2024-08-28T16:57:55Z</time>
   </trkpt>
   <trkpt lat="46.1544360" lon="-1.1712280">
    <ele>9.5</ele>
    <time>2024-08-28T16:57:56Z</time>
   </trkpt>
   <trkpt lat="46.1544520" lon="-1.1711870">
    <ele>9.5</ele>
    <time>2024-08-28T16:57:57Z</time>
   </trkpt>
   <trkpt lat="46.1544570" lon="-1.1711740">
    <ele>9.5</ele>
    <time>2024-08-28T16:57:58Z</time>
   </trkpt>
   <trkpt lat="46.1544750" lon="-1.1711300">
    <ele>9.5</ele>
    <time>2024-08-28T16:57:59Z</time>
   </trkpt>
   <trkpt lat="46.1544810" lon="-1.1711150">
    <ele>9.5</ele>
    <time>2024-08-28T16:58:00Z</time>
   </trkpt>
   <trkpt lat="46.1544930" lon="-1.1710680">
    <ele>9.4</ele>
    <time>2024-08-28T16:58:01Z</time>
   </trkpt>
   <trkpt lat="46.1544960" lon="-1.1710530">
    <ele>9.4</ele>
    <time>2024-08-28T16:58:02Z</time>
   </trkpt>
   <trkpt lat="46.1545020" lon="-1.1710140">
    <ele>9.4</ele>
    <time>2024-08-28T16:58:03Z</time>
   </trkpt>
   <trkpt lat="46.1545020" lon="-1.1710020">
    <ele>9.4</ele>
    <time>2024-08-28T16:58:04Z</time>
   </trkpt>
   <trkpt lat="46.1545070" lon="-1.1709820">
    <ele>9.4</ele>
    <time>2024-08-28T16:58:05Z</time>
   </trkpt>
   <trkpt lat="46.1545120" lon="-1.1709620">
    <ele>9.4</ele>
    <time>2024-08-28T16:58:06Z</time>
   </trkpt>
   <trkpt lat="46.1545280" lon="-1.1709100">
    <ele>9.3</ele>
    <time>2024-08-28T16:58:07Z</time>
   </trkpt>
   <trkpt lat="46.1545330" lon="-1.1708890">
    <ele>9.3</ele>
    <time>2024-08-28T16:58:08Z</time>
   </trkpt>
   <trkpt lat="46.1545430" lon="-1.1708450">
    <ele>9.3</ele>
    <time>2024-08-28T16:58:09Z</time>
   </trkpt>
   <trkpt lat="46.1545500" lon="-1.1707910">
    <ele>9.2</ele>
    <time>2024-08-28T16:58:10Z</time>
   </trkpt>
   <trkpt lat="46.1545510" lon="-1.1707740">
    <ele>9.2</ele>
    <time>2024-08-28T16:58:11Z</time>
   </trkpt>
   <trkpt lat="46.1545520" lon="-1.1707340">
    <ele>9.2</ele>
    <time>2024-08-28T16:58:12Z</time>
   </trkpt>
   <trkpt lat="46.1545590" lon="-1.1706790">
    <ele>9.2</ele>
    <time>2024-08-28T16:58:13Z</time>
   </trkpt>
   <trkpt lat="46.1545690" lon="-1.1706220">
    <ele>9.1</ele>
    <time>2024-08-28T16:58:14Z</time>
   </trkpt>
   <trkpt lat="46.1545840" lon="-1.1705690">
    <ele>9.1</ele>
    <time>2024-08-28T16:58:15Z</time>
   </trkpt>
   <trkpt lat="46.1545970" lon="-1.1705160">
    <ele>9.1</ele>
    <time>2024-08-28T16:58:16Z</time>
   </trkpt>
   <trkpt lat="46.1546050" lon="-1.1704680">
    <ele>9.1</ele>
    <time>2024-08-28T16:58:17Z</time>
   </trkpt>
   <trkpt lat="46.1546120" lon="-1.1704140">
    <ele>9.0</ele>
    <time>2024-08-28T16:58:18Z</time>
   </trkpt>
   <trkpt lat="46.1546190" lon="-1.1703600">
    <ele>9.0</ele>
    <time>2024-08-28T16:58:19Z</time>
   </trkpt>
   <trkpt lat="46.1546260" lon="-1.1703090">
    <ele>9.0</ele>
    <time>2024-08-28T16:58:20Z</time>
   </trkpt>
   <trkpt lat="46.1546280" lon="-1.1702620">
    <ele>9.0</ele>
    <time>2024-08-28T16:58:21Z</time>
   </trkpt>
   <trkpt lat="46.1546270" lon="-1.1702110">
    <ele>8.9</ele>
    <time>2024-08-28T16:58:22Z</time>
   </trkpt>
   <trkpt lat="46.1546220" lon="-1.1701560">
    <ele>8.9</ele>
    <time>2024-08-28T16:58:23Z</time>
   </trkpt>
   <trkpt lat="46.1546160" lon="-1.1701070">
    <ele>8.9</ele>
    <time>2024-08-28T16:58:24Z</time>
   </trkpt>
   <trkpt lat="46.1546060" lon="-1.1700610">
    <ele>8.9</ele>
    <time>2024-08-28T16:58:25Z</time>
   </trkpt>
   <trkpt lat="46.1545970" lon="-1.1700180">
    <ele>8.8</ele>
    <time>2024-08-28T16:58:26Z</time>
   </trkpt>
   <trkpt lat="46.1545890" lon="-1.1699750">
    <ele>8.8</ele>
    <time>2024-08-28T16:58:27Z</time>
   </trkpt>
   <trkpt lat="46.1545870" lon="-1.1699270">
    <ele>8.8</ele>
    <time>2024-08-28T16:58:28Z</time>
   </trkpt>
   <trkpt lat="46.1545910" lon="-1.1698840">
    <ele>8.8</ele>
    <time>2024-08-28T16:58:29Z</time>
   </trkpt>
   <trkpt lat="46.1546020" lon="-1.1698430">
    <ele>8.8</ele>
    <time>2024-08-28T16:58:30Z</time>
   </trkpt>
   <trkpt lat="46.1546210" lon="-1.1698010">
    <ele>8.7</ele>
    <time>2024-08-28T16:58:31Z</time>
   </trkpt>
   <trkpt lat="46.1546380" lon="-1.1697630">
    <ele>8.7</ele>
    <time>2024-08-28T16:58:32Z</time>
   </trkpt>
   <trkpt lat="46.1546550" lon="-1.1697250">
    <ele>8.7</ele>
    <time>2024-08-28T16:58:33Z</time>
   </trkpt>
   <trkpt lat="46.1546710" lon="-1.1696840">
    <ele>8.7</ele>
    <time>2024-08-28T16:58:34Z</time>
   </trkpt>
   <trkpt lat="46.1546880" lon="-1.1696380">
    <ele>8.7</ele>
    <time>2024-08-28T16:58:35Z</time>
   </trkpt>
   <trkpt lat="46.1547050" lon="-1.1695900">
    <ele>8.7</ele>
    <time>2024-08-28T16:58:36Z</time>
   </trkpt>
   <trkpt lat="46.1547210" lon="-1.1695430">
    <ele>8.7</ele>
    <time>2024-08-28T16:58:37Z</time>
   </trkpt>
   <trkpt lat="46.1547320" lon="-1.1694990">
    <ele>8.7</ele>
    <time>2024-08-28T16:58:38Z</time>
   </trkpt>
   <trkpt lat="46.1547370" lon="-1.1694500">
    <ele>8.7</ele>
    <time>2024-08-28T16:58:39Z</time>
   </trkpt>
   <trkpt lat="46.1547400" lon="-1.1693950">
    <ele>8.7</ele>
    <time>2024-08-28T16:58:40Z</time>
   </trkpt>
   <trkpt lat="46.1547440" lon="-1.1693300">
    <ele>8.6</ele>
    <time>2024-08-28T16:58:41Z</time>
   </trkpt>
   <trkpt lat="46.1547470" lon="-1.1692740">
    <ele>8.6</ele>
    <time>2024-08-28T16:58:42Z</time>
   </trkpt>
   <trkpt lat="46.1547540" lon="-1.1692220">
    <ele>8.6</ele>
    <time>2024-08-28T16:58:43Z</time>
   </trkpt>
   <trkpt lat="46.1547630" lon="-1.1691730">
    <ele>8.6</ele>
    <time>2024-08-28T16:58:44Z</time>
   </trkpt>
   <trkpt lat="46.1547700" lon="-1.1691260">
    <ele>8.6</ele>
    <time>2024-08-28T16:58:45Z</time>
   </trkpt>
   <trkpt lat="46.1547730" lon="-1.1690870">
    <ele>8.6</ele>
    <time>2024-08-28T16:58:46Z</time>
   </trkpt>
   <trkpt lat="46.1547740" lon="-1.1690340">
    <ele>8.6</ele>
    <time>2024-08-28T16:58:47Z</time>
   </trkpt>
   <trkpt lat="46.1547740" lon="-1.1690150">
    <ele>8.6</ele>
    <time>2024-08-28T16:58:48Z</time>
   </trkpt>
   <trkpt lat="46.1547750" lon="-1.1689610">
    <ele>8.5</ele>
    <time>2024-08-28T16:58:49Z</time>
   </trkpt>
   <trkpt lat="46.1547750" lon="-1.1689410">
    <ele>8.5</ele>
    <time>2024-08-28T16:58:50Z</time>
   </trkpt>
   <trkpt lat="46.1547790" lon="-1.1688930">
    <ele>8.5</ele>
    <time>2024-08-28T16:58:51Z</time>
   </trkpt>
   <trkpt lat="46.1547860" lon="-1.1688430">
    <ele>8.5</ele>
    <time>2024-08-28T16:58:52Z</time>
   </trkpt>
   <trkpt lat="46.1547920" lon="-1.1687920">
    <ele>8.5</ele>
    <time>2024-08-28T16:58:53Z</time>
   </trkpt>
   <trkpt lat="46.1547990" lon="-1.1687400">
    <ele>8.5</ele>
    <time>2024-08-28T16:58:54Z</time>
   </trkpt>
   <trkpt lat="46.1548070" lon="-1.1686890">
    <ele>8.5</ele>
    <time>2024-08-28T16:58:55Z</time>
   </trkpt>
   <trkpt lat="46.1548140" lon="-1.1686440">
    <ele>8.5</ele>
    <time>2024-08-28T16:58:56Z</time>
   </trkpt>
   <trkpt lat="46.1548180" lon="-1.1686010">
    <ele>8.4</ele>
    <time>2024-08-28T16:58:57Z</time>
   </trkpt>
   <trkpt lat="46.1548210" lon="-1.1685550">
    <ele>8.4</ele>
    <time>2024-08-28T16:58:58Z</time>
   </trkpt>
   <trkpt lat="46.1548270" lon="-1.1685090">
    <ele>8.4</ele>
    <time>2024-08-28T16:58:59Z</time>
   </trkpt>
   <trkpt lat="46.1548360" lon="-1.1684590">
    <ele>8.4</ele>
    <time>2024-08-28T16:59:00Z</time>
   </trkpt>
   <trkpt lat="46.1548500" lon="-1.1684090">
    <ele>8.4</ele>
    <time>2024-08-28T16:59:01Z</time>
   </trkpt>
   <trkpt lat="46.1548630" lon="-1.1683560">
    <ele>8.4</ele>
    <time>2024-08-28T16:59:02Z</time>
   </trkpt>
   <trkpt lat="46.1548730" lon="-1.1683010">
    <ele>8.4</ele>
    <time>2024-08-28T16:59:03Z</time>
   </trkpt>
   <trkpt lat="46.1548790" lon="-1.1682440">
    <ele>8.4</ele>
    <time>2024-08-28T16:59:04Z</time>
   </trkpt>
   <trkpt lat="46.1548860" lon="-1.1681900">
    <ele>8.4</ele>
    <time>2024-08-28T16:59:05Z</time>
   </trkpt>
   <trkpt lat="46.1548960" lon="-1.1681400">
    <ele>8.4</ele>
    <time>2024-08-28T16:59:06Z</time>
   </trkpt>
   <trkpt lat="46.1549060" lon="-1.1680970">
    <ele>8.4</ele>
    <time>2024-08-28T16:59:07Z</time>
   </trkpt>
   <trkpt lat="46.1549180" lon="-1.1680540">
    <ele>8.4</ele>
    <time>2024-08-28T16:59:08Z</time>
   </trkpt>
   <trkpt lat="46.1549280" lon="-1.1680100">
    <ele>8.3</ele>
    <time>2024-08-28T16:59:09Z</time>
   </trkpt>
   <trkpt lat="46.1549350" lon="-1.1679700">
    <ele>8.3</ele>
    <time>2024-08-28T16:59:10Z</time>
   </trkpt>
   <trkpt lat="46.1549430" lon="-1.1679230">
    <ele>8.3</ele>
    <time>2024-08-28T16:59:11Z</time>
   </trkpt>
   <trkpt lat="46.1549500" lon="-1.1678710">
    <ele>8.3</ele>
    <time>2024-08-28T16:59:12Z</time>
   </trkpt>
   <trkpt lat="46.1549600" lon="-1.1678210">
    <ele>8.3</ele>
    <time>2024-08-28T16:59:13Z</time>
   </trkpt>
   <trkpt lat="46.1549700" lon="-1.1677730">
    <ele>8.3</ele>
    <time>2024-08-28T16:59:14Z</time>
   </trkpt>
   <trkpt lat="46.1549780" lon="-1.1677250">
    <ele>8.3</ele>
    <time>2024-08-28T16:59:15Z</time>
   </trkpt>
   <trkpt lat="46.1549820" lon="-1.1676770">
    <ele>8.3</ele>
    <time>2024-08-28T16:59:16Z</time>
   </trkpt>
   <trkpt lat="46.1549860" lon="-1.1676280">
    <ele>8.3</ele>
    <time>2024-08-28T16:59:17Z</time>
   </trkpt>
   <trkpt lat="46.1549910" lon="-1.1675820">
    <ele>8.3</ele>
    <time>2024-08-28T16:59:18Z</time>
   </trkpt>
   <trkpt lat="46.1550000" lon="-1.1675340">
    <ele>8.3</ele>
    <time>2024-08-28T16:59:19Z</time>
   </trkpt>
   <trkpt lat="46.1550130" lon="-1.1674800">
    <ele>8.3</ele>
    <time>2024-08-28T16:59:20Z</time>
   </trkpt>
   <trkpt lat="46.1550250" lon="-1.1674350">
    <ele>8.3</ele>
    <time>2024-08-28T16:59:21Z</time>
   </trkpt>
   <trkpt lat="46.1550340" lon="-1.1673950">
    <ele>8.3</ele>
    <time>2024-08-28T16:59:22Z</time>
   </trkpt>
   <trkpt lat="46.1550440" lon="-1.1673540">
    <ele>8.3</ele>
    <time>2024-08-28T16:59:23Z</time>
   </trkpt>
   <trkpt lat="46.1550520" lon="-1.1673110">
    <ele>8.2</ele>
    <time>2024-08-28T16:59:24Z</time>
   </trkpt>
   <trkpt lat="46.1550650" lon="-1.1672620">
    <ele>8.2</ele>
    <time>2024-08-28T16:59:25Z</time>
   </trkpt>
   <trkpt lat="46.1550780" lon="-1.1672120">
    <ele>8.2</ele>
    <time>2024-08-28T16:59:26Z</time>
   </trkpt>
   <trkpt lat="46.1550930" lon="-1.1671650">
    <ele>8.2</ele>
    <time>2024-08-28T16:59:27Z</time>
   </trkpt>
   <trkpt lat="46.1551050" lon="-1.1671210">
    <ele>8.2</ele>
    <time>2024-08-28T16:59:28Z</time>
   </trkpt>
   <trkpt lat="46.1551140" lon="-1.1670780">
    <ele>8.2</ele>
    <time>2024-08-28T16:59:29Z</time>
   </trkpt>
   <trkpt lat="46.1551230" lon="-1.1670380">
    <ele>8.2</ele>
    <time>2024-08-28T16:59:30Z</time>
   </trkpt>
   <trkpt lat="46.1551360" lon="-1.1669980">
    <ele>8.2</ele>
    <time>2024-08-28T16:59:31Z</time>
   </trkpt>
   <trkpt lat="46.1551590" lon="-1.1669610">
    <ele>8.2</ele>
    <time>2024-08-28T16:59:32Z</time>
   </trkpt>
   <trkpt lat="46.1551870" lon="-1.1669360">
    <ele>8.2</ele>
    <time>2024-08-28T16:59:33Z</time>
   </trkpt>
   <trkpt lat="46.1552120" lon="-1.1669150">
    <ele>8.2</ele>
    <time>2024-08-28T16:59:34Z</time>
   </trkpt>
   <trkpt lat="46.1552400" lon="-1.1668920">
    <ele>8.3</ele>
    <time>2024-08-28T16:59:35Z</time>
   </trkpt>
   <trkpt lat="46.1552700" lon="-1.1668700">
    <ele>8.3</ele>
    <time>2024-08-28T16:59:36Z</time>
   </trkpt>
   <trkpt lat="46.1553040" lon="-1.1668520">
    <ele>8.3</ele>
    <time>2024-08-28T16:59:37Z</time>
   </trkpt>
   <trkpt lat="46.1553370" lon="-1.1668360">
    <ele>8.3</ele>
    <time>2024-08-28T16:59:38Z</time>
   </trkpt>
   <trkpt lat="46.1553660" lon="-1.1668170">
    <ele>8.3</ele>
    <time>2024-08-28T16:59:39Z</time>
   </trkpt>
   <trkpt lat="46.1553880" lon="-1.1667880">
    <ele>8.2</ele>
    <time>2024-08-28T16:59:40Z</time>
   </trkpt>
   <trkpt lat="46.1554040" lon="-1.1667470">
    <ele>8.2</ele>
    <time>2024-08-28T16:59:41Z</time>
   </trkpt>
   <trkpt lat="46.1554100" lon="-1.1666960">
    <ele>8.1</ele>
    <time>2024-08-28T16:59:42Z</time>
   </trkpt>
   <trkpt lat="46.1554110" lon="-1.1666460">
    <ele>8.0</ele>
    <time>2024-08-28T16:59:43Z</time>
   </trkpt>
   <trkpt lat="46.1554090" lon="-1.1665970">
    <ele>7.9</ele>
    <time>2024-08-28T16:59:44Z</time>
   </trkpt>
   <trkpt lat="46.1554080" lon="-1.1665490">
    <ele>7.8</ele>
    <time>2024-08-28T16:59:45Z</time>
   </trkpt>
   <trkpt lat="46.1554050" lon="-1.1665010">
    <ele>7.7</ele>
    <time>2024-08-28T16:59:46Z</time>
   </trkpt>
   <trkpt lat="46.1553920" lon="-1.1664490">
    <ele>7.6</ele>
    <time>2024-08-28T16:59:47Z</time>
   </trkpt>
   <trkpt lat="46.1553710" lon="-1.1664090">
    <ele>7.5</ele>
    <time>2024-08-28T16:59:48Z</time>
   </trkpt>
   <trkpt lat="46.1553410" lon="-1.1663760">
    <ele>7.4</ele>
    <time>2024-08-28T16:59:49Z</time>
   </trkpt>
   <trkpt lat="46.1553100" lon="-1.1663420">
    <ele>7.3</ele>
    <time>2024-08-28T16:59:50Z</time>
   </trkpt>
   <trkpt lat="46.1552930" lon="-1.1663010">
    <ele>7.2</ele>
    <time>2024-08-28T16:59:51Z</time>
   </trkpt>
   <trkpt lat="46.1552930" lon="-1.1662510">
    <ele>7.2</ele>
    <time>2024-08-28T16:59:52Z</time>
   </trkpt>
   <trkpt lat="46.1553030" lon="-1.1662020">
    <ele>7.1</ele>
    <time>2024-08-28T16:59:53Z</time>
   </trkpt>
   <trkpt lat="46.1553130" lon="-1.1661570">
    <ele>7.0</ele>
    <time>2024-08-28T16:59:54Z</time>
   </trkpt>
   <trkpt lat="46.1553190" lon="-1.1661140">
    <ele>6.9</ele>
    <time>2024-08-28T16:59:55Z</time>
   </trkpt>
   <trkpt lat="46.1553210" lon="-1.1660720">
    <ele>6.8</ele>
    <time>2024-08-28T16:59:56Z</time>
   </trkpt>
   <trkpt lat="46.1553170" lon="-1.1660330">
    <ele>6.8</ele>
    <time>2024-08-28T16:59:57Z</time>
   </trkpt>
   <trkpt lat="46.1553190" lon="-1.1659870">
    <ele>6.7</ele>
    <time>2024-08-28T16:59:58Z</time>
   </trkpt>
   <trkpt lat="46.1553240" lon="-1.1659390">
    <ele>6.6</ele>
    <time>2024-08-28T16:59:59Z</time>
   </trkpt>
   <trkpt lat="46.1553300" lon="-1.1658880">
    <ele>6.4</ele>
    <time>2024-08-28T17:00:00Z</time>
   </trkpt>
   <trkpt lat="46.1553460" lon="-1.1658340">
    <ele>6.3</ele>
    <time>2024-08-28T17:00:01Z</time>
   </trkpt>
   <trkpt lat="46.1553700" lon="-1.1657780">
    <ele>6.1</ele>
    <time>2024-08-28T17:00:02Z</time>
   </trkpt>
   <trkpt lat="46.1553990" lon="-1.1657340">
    <ele>6.0</ele>
    <time>2024-08-28T17:00:03Z</time>
   </trkpt>
   <trkpt lat="46.1554310" lon="-1.1656920">
    <ele>5.8</ele>
    <time>2024-08-28T17:00:04Z</time>
   </trkpt>
   <trkpt lat="46.1554670" lon="-1.1656600">
    <ele>5.6</ele>
    <time>2024-08-28T17:00:05Z</time>
   </trkpt>
   <trkpt lat="46.1555030" lon="-1.1656440">
    <ele>6.0</ele>
    <time>2024-08-28T17:00:06Z</time>
   </trkpt>
   <trkpt lat="46.1555390" lon="-1.1656430">
    <ele>6.4</ele>
    <time>2024-08-28T17:00:07Z</time>
   </trkpt>
   <trkpt lat="46.1555730" lon="-1.1656470">
    <ele>6.8</ele>
    <time>2024-08-28T17:00:08Z</time>
   </trkpt>
   <trkpt lat="46.1556050" lon="-1.1656450">
    <ele>7.2</ele>
    <time>2024-08-28T17:00:09Z</time>
   </trkpt>
   <trkpt lat="46.1556220" lon="-1.1656400">
    <ele>7.3</ele>
    <time>2024-08-28T17:00:10Z</time>
   </trkpt>
   <trkpt lat="46.1556290" lon="-1.1656340">
    <ele>7.4</ele>
    <time>2024-08-28T17:00:11Z</time>
   </trkpt>
   <trkpt lat="46.1556260" lon="-1.1656220">
    <ele>7.5</ele>
    <time>2024-08-28T17:00:12Z</time>
   </trkpt>
   <trkpt lat="46.1556000" lon="-1.1655850">
    <ele>7.3</ele>
    <time>2024-08-28T17:00:13Z</time>
   </trkpt>
   <trkpt lat="46.1555890" lon="-1.1655720">
    <ele>7.3</ele>
    <time>2024-08-28T17:00:14Z</time>
   </trkpt>
   <trkpt lat="46.1555610" lon="-1.1655490">
    <ele>7.1</ele>
    <time>2024-08-28T17:00:15Z</time>
   </trkpt>
   <trkpt lat="46.1555340" lon="-1.1655210">
    <ele>7.0</ele>
    <time>2024-08-28T17:00:16Z</time>
   </trkpt>
   <trkpt lat="46.1555110" lon="-1.1654900">
    <ele>6.9</ele>
    <time>2024-08-28T17:00:17Z</time>
   </trkpt>
   <trkpt lat="46.1554960" lon="-1.1654550">
    <ele>6.8</ele>
    <time>2024-08-28T17:00:18Z</time>
   </trkpt>
   <trkpt lat="46.1554860" lon="-1.1654030">
    <ele>6.6</ele>
    <time>2024-08-28T17:00:19Z</time>
   </trkpt>
   <trkpt lat="46.1554850" lon="-1.1653870">
    <ele>6.6</ele>
    <time>2024-08-28T17:00:20Z</time>
   </trkpt>
   <trkpt lat="46.1554870" lon="-1.1653330">
    <ele>6.5</ele>
    <time>2024-08-28T17:00:21Z</time>
   </trkpt>
   <trkpt lat="46.1554870" lon="-1.1653150">
    <ele>6.4</ele>
    <time>2024-08-28T17:00:22Z</time>
   </trkpt>
   <trkpt lat="46.1554870" lon="-1.1652530">
    <ele>6.3</ele>
    <time>2024-08-28T17:00:23Z</time>
   </trkpt>
   <trkpt lat="46.1554880" lon="-1.1652270">
    <ele>6.2</ele>
    <time>2024-08-28T17:00:24Z</time>
   </trkpt>
   <trkpt lat="46.1554930" lon="-1.1651590">
    <ele>6.1</ele>
    <time>2024-08-28T17:00:25Z</time>
   </trkpt>
   <trkpt lat="46.1554990" lon="-1.1651000">
    <ele>5.9</ele>
    <time>2024-08-28T17:00:26Z</time>
   </trkpt>
   <trkpt lat="46.1555110" lon="-1.1650330">
    <ele>5.8</ele>
    <time>2024-08-28T17:00:27Z</time>
   </trkpt>
   <trkpt lat="46.1555210" lon="-1.1649640">
    <ele>5.7</ele>
    <time>2024-08-28T17:00:28Z</time>
   </trkpt>
   <trkpt lat="46.1555280" lon="-1.1649020">
    <ele>5.6</ele>
    <time>2024-08-28T17:00:29Z</time>
   </trkpt>
   <trkpt lat="46.1555320" lon="-1.1648440">
    <ele>5.6</ele>
    <time>2024-08-28T17:00:30Z</time>
   </trkpt>
   <trkpt lat="46.1555370" lon="-1.1647900">
    <ele>5.5</ele>
    <time>2024-08-28T17:00:31Z</time>
   </trkpt>
   <trkpt lat="46.1555450" lon="-1.1647370">
    <ele>5.4</ele>
    <time>2024-08-28T17:00:32Z</time>
   </trkpt>
   <trkpt lat="46.1555560" lon="-1.1646810">
    <ele>5.3</ele>
    <time>2024-08-28T17:00:33Z</time>
   </trkpt>
   <trkpt lat="46.1555700" lon="-1.1646240">
    <ele>5.2</ele>
    <time>2024-08-28T17:00:34Z</time>
   </trkpt>
   <trkpt lat="46.1555780" lon="-1.1645750">
    <ele>5.1</ele>
    <time>2024-08-28T17:00:35Z</time>
   </trkpt>
   <trkpt lat="46.1555830" lon="-1.1645290">
    <ele>5.0</ele>
    <time>2024-08-28T17:00:36Z</time>
   </trkpt>
   <trkpt lat="46.1555860" lon="-1.1644840">
    <ele>5.0</ele>
    <time>2024-08-28T17:00:37Z</time>
   </trkpt>
   <trkpt lat="46.1555890" lon="-1.1644420">
    <ele>4.9</ele>
    <time>2024-08-28T17:00:38Z</time>
   </trkpt>
   <trkpt lat="46.1555960" lon="-1.1643980">
    <ele>4.9</ele>
    <time>2024-08-28T17:00:39Z</time>
   </trkpt>
   <trkpt lat="46.1556110" lon="-1.1643500">
    <ele>4.8</ele>
    <time>2024-08-28T17:00:40Z</time>
   </trkpt>
   <trkpt lat="46.1556330" lon="-1.1642940">
    <ele>4.8</ele>
    <time>2024-08-28T17:00:41Z</time>
   </trkpt>
   <trkpt lat="46.1556550" lon="-1.1642350">
    <ele>4.7</ele>
    <time>2024-08-28T17:00:42Z</time>
   </trkpt>
   <trkpt lat="46.1556660" lon="-1.1641890">
    <ele>4.7</ele>
    <time>2024-08-28T17:00:43Z</time>
   </trkpt>
   <trkpt lat="46.1556720" lon="-1.1641480">
    <ele>4.7</ele>
    <time>2024-08-28T17:00:44Z</time>
   </trkpt>
   <trkpt lat="46.1556770" lon="-1.1641010">
    <ele>4.7</ele>
    <time>2024-08-28T17:00:45Z</time>
   </trkpt>
   <trkpt lat="46.1556870" lon="-1.1640480">
    <ele>4.7</ele>
    <time>2024-08-28T17:00:46Z</time>
   </trkpt>
   <trkpt lat="46.1556950" lon="-1.1639950">
    <ele>4.7</ele>
    <time>2024-08-28T17:00:47Z</time>
   </trkpt>
   <trkpt lat="46.1557030" lon="-1.1639460">
    <ele>4.7</ele>
    <time>2024-08-28T17:00:48Z</time>
   </trkpt>
   <trkpt lat="46.1557120" lon="-1.1639000">
    <ele>4.7</ele>
    <time>2024-08-28T17:00:49Z</time>
   </trkpt>
   <trkpt lat="46.1557210" lon="-1.1638530">
    <ele>4.7</ele>
    <time>2024-08-28T17:00:50Z</time>
   </trkpt>
   <trkpt lat="46.1557300" lon="-1.1638050">
    <ele>4.7</ele>
    <time>2024-08-28T17:00:51Z</time>
   </trkpt>
   <trkpt lat="46.1557350" lon="-1.1637630">
    <ele>4.8</ele>
    <time>2024-08-28T17:00:52Z</time>
   </trkpt>
   <trkpt lat="46.1557390" lon="-1.1637110">
    <ele>4.8</ele>
    <time>2024-08-28T17:00:53Z</time>
   </trkpt>
   <trkpt lat="46.1557400" lon="-1.1636600">
    <ele>4.8</ele>
    <time>2024-08-28T17:00:54Z</time>
   </trkpt>
   <trkpt lat="46.1557430" lon="-1.1636120">
    <ele>4.8</ele>
    <time>2024-08-28T17:00:55Z</time>
   </trkpt>
   <trkpt lat="46.1557460" lon="-1.1635620">
    <ele>4.8</ele>
    <time>2024-08-28T17:00:56Z</time>
   </trkpt>
   <trkpt lat="46.1557480" lon="-1.1635130">
    <ele>4.8</ele>
    <time>2024-08-28T17:00:57Z</time>
   </trkpt>
   <trkpt lat="46.1557500" lon="-1.1634650">
    <ele>4.8</ele>
    <time>2024-08-28T17:00:58Z</time>
   </trkpt>
   <trkpt lat="46.1557500" lon="-1.1634190">
    <ele>4.8</ele>
    <time>2024-08-28T17:00:59Z</time>
   </trkpt>
   <trkpt lat="46.1557530" lon="-1.1633680">
    <ele>4.8</ele>
    <time>2024-08-28T17:01:00Z</time>
   </trkpt>
   <trkpt lat="46.1557560" lon="-1.1633200">
    <ele>4.8</ele>
    <time>2024-08-28T17:01:01Z</time>
   </trkpt>
   <trkpt lat="46.1557590" lon="-1.1632760">
    <ele>4.8</ele>
    <time>2024-08-28T17:01:02Z</time>
   </trkpt>
   <trkpt lat="46.1557570" lon="-1.1632340">
    <ele>4.8</ele>
    <time>2024-08-28T17:01:03Z</time>
   </trkpt>
   <trkpt lat="46.1557520" lon="-1.1631940">
    <ele>4.8</ele>
    <time>2024-08-28T17:01:04Z</time>
   </trkpt>
   <trkpt lat="46.1557470" lon="-1.1631510">
    <ele>4.8</ele>
    <time>2024-08-28T17:01:05Z</time>
   </trkpt>
   <trkpt lat="46.1557450" lon="-1.1631090">
    <ele>4.8</ele>
    <time>2024-08-28T17:01:06Z</time>
   </trkpt>
   <trkpt lat="46.1557470" lon="-1.1630670">
    <ele>4.8</ele>
    <time>2024-08-28T17:01:07Z</time>
   </trkpt>
   <trkpt lat="46.1557500" lon="-1.1630190">
    <ele>4.8</ele>
    <time>2024-08-28T17:01:08Z</time>
   </trkpt>
   <trkpt lat="46.1557490" lon="-1.1629720">
    <ele>4.7</ele>
    <time>2024-08-28T17:01:09Z</time>
   </trkpt>
   <trkpt lat="46.1557450" lon="-1.1629260">
    <ele>4.7</ele>
    <time>2024-08-28T17:01:10Z</time>
   </trkpt>
   <trkpt lat="46.1557390" lon="-1.1628780">
    <ele>4.7</ele>
    <time>2024-08-28T17:01:11Z</time>
   </trkpt>
   <trkpt lat="46.1557330" lon="-1.1628290">
    <ele>4.7</ele>
    <time>2024-08-28T17:01:12Z</time>
   </trkpt>
   <trkpt lat="46.1557320" lon="-1.1627840">
    <ele>4.7</ele>
    <time>2024-08-28T17:01:13Z</time>
   </trkpt>
   <trkpt lat="46.1557340" lon="-1.1627380">
    <ele>4.7</ele>
    <time>2024-08-28T17:01:14Z</time>
   </trkpt>
   <trkpt lat="46.1557370" lon="-1.1626900">
    <ele>4.7</ele>
    <time>2024-08-28T17:01:15Z</time>
   </trkpt>
   <trkpt lat="46.1557390" lon="-1.1626440">
    <ele>4.7</ele>
    <time>2024-08-28T17:01:16Z</time>
   </trkpt>
   <trkpt lat="46.1557390" lon="-1.1625950">
    <ele>4.7</ele>
    <time>2024-08-28T17:01:17Z</time>
   </trkpt>
   <trkpt lat="46.1557360" lon="-1.1625460">
    <ele>4.7</ele>
    <time>2024-08-28T17:01:18Z</time>
   </trkpt>
   <trkpt lat="46.1557360" lon="-1.1625000">
    <ele>4.7</ele>
    <time>2024-08-28T17:01:19Z</time>
   </trkpt>
   <trkpt lat="46.1557350" lon="-1.1624550">
    <ele>4.7</ele>
    <time>2024-08-28T17:01:20Z</time>
   </trkpt>
   <trkpt lat="46.1557350" lon="-1.1624100">
    <ele>4.7</ele>
    <time>2024-08-28T17:01:21Z</time>
   </trkpt>
   <trkpt lat="46.1557290" lon="-1.1623660">
    <ele>4.7</ele>
    <time>2024-08-28T17:01:22Z</time>
   </trkpt>
   <trkpt lat="46.1557200" lon="-1.1623200">
    <ele>4.7</ele>
    <time>2024-08-28T17:01:23Z</time>
   </trkpt>
   <trkpt lat="46.1557130" lon="-1.1622730">
    <ele>4.7</ele>
    <time>2024-08-28T17:01:24Z</time>
   </trkpt>
   <trkpt lat="46.1557100" lon="-1.1622260">
    <ele>4.7</ele>
    <time>2024-08-28T17:01:25Z</time>
   </trkpt>
   <trkpt lat="46.1557130" lon="-1.1621780">
    <ele>4.7</ele>
    <time>2024-08-28T17:01:26Z</time>
   </trkpt>
   <trkpt lat="46.1557170" lon="-1.1621270">
    <ele>4.7</ele>
    <time>2024-08-28T17:01:27Z</time>
   </trkpt>
   <trkpt lat="46.1557200" lon="-1.1620800">
    <ele>4.7</ele>
    <time>2024-08-28T17:01:28Z</time>
   </trkpt>
   <trkpt lat="46.1557220" lon="-1.1620360">
    <ele>4.7</ele>
    <time>2024-08-28T17:01:29Z</time>
   </trkpt>
   <trkpt lat="46.1557220" lon="-1.1619950">
    <ele>4.7</ele>
    <time>2024-08-28T17:01:30Z</time>
   </trkpt>
   <trkpt lat="46.1557190" lon="-1.1619510">
    <ele>4.7</ele>
    <time>2024-08-28T17:01:31Z</time>
   </trkpt>
   <trkpt lat="46.1557140" lon="-1.1619080">
    <ele>4.7</ele>
    <time>2024-08-28T17:01:32Z</time>
   </trkpt>
   <trkpt lat="46.1557100" lon="-1.1618640">
    <ele>4.7</ele>
    <time>2024-08-28T17:01:33Z</time>
   </trkpt>
   <trkpt lat="46.1557080" lon="-1.1618170">
    <ele>4.7</ele>
    <time>2024-08-28T17:01:34Z</time>
   </trkpt>
   <trkpt lat="46.1557090" lon="-1.1617700">
    <ele>4.7</ele>
    <time>2024-08-28T17:01:35Z</time>
   </trkpt>
   <trkpt lat="46.1557080" lon="-1.1617180">
    <ele>4.7</ele>
    <time>2024-08-28T17:01:36Z</time>
   </trkpt>
   <trkpt lat="46.1557010" lon="-1.1616650">
    <ele>4.7</ele>
    <time>2024-08-28T17:01:37Z</time>
   </trkpt>
   <trkpt lat="46.1556890" lon="-1.1616140">
    <ele>4.7</ele>
    <time>2024-08-28T17:01:38Z</time>
   </trkpt>
   <trkpt lat="46.1556740" lon="-1.1615620">
    <ele>4.7</ele>
    <time>2024-08-28T17:01:39Z</time>
   </trkpt>
   <trkpt lat="46.1556530" lon="-1.1615070">
    <ele>4.7</ele>
    <time>2024-08-28T17:01:40Z</time>
   </trkpt>
   <trkpt lat="46.1556330" lon="-1.1614590">
    <ele>4.7</ele>
    <time>2024-08-28T17:01:41Z</time>
   </trkpt>
   <trkpt lat="46.1556130" lon="-1.1614120">
    <ele>4.7</ele>
    <time>2024-08-28T17:01:42Z</time>
   </trkpt>
   <trkpt lat="46.1555950" lon="-1.1613610">
    <ele>4.7</ele>
    <time>2024-08-28T17:01:43Z</time>
   </trkpt>
   <trkpt lat="46.1555760" lon="-1.1613080">
    <ele>4.7</ele>
    <time>2024-08-28T17:01:44Z</time>
   </trkpt>
   <trkpt lat="46.1555570" lon="-1.1612560">
    <ele>4.7</ele>
    <time>2024-08-28T17:01:45Z</time>
   </trkpt>
   <trkpt lat="46.1555410" lon="-1.1612110">
    <ele>4.8</ele>
    <time>2024-08-28T17:01:46Z</time>
   </trkpt>
   <trkpt lat="46.1555300" lon="-1.1611580">
    <ele>4.8</ele>
    <time>2024-08-28T17:01:47Z</time>
   </trkpt>
   <trkpt lat="46.1555260" lon="-1.1611020">
    <ele>4.8</ele>
    <time>2024-08-28T17:01:48Z</time>
   </trkpt>
   <trkpt lat="46.1555330" lon="-1.1610480">
    <ele>4.8</ele>
    <time>2024-08-28T17:01:49Z</time>
   </trkpt>
   <trkpt lat="46.1555450" lon="-1.1609930">
    <ele>4.8</ele>
    <time>2024-08-28T17:01:50Z</time>
   </trkpt>
   <trkpt lat="46.1555630" lon="-1.1609340">
    <ele>4.8</ele>
    <time>2024-08-28T17:01:51Z</time>
   </trkpt>
   <trkpt lat="46.1555780" lon="-1.1608800">
    <ele>4.8</ele>
    <time>2024-08-28T17:01:52Z</time>
   </trkpt>
   <trkpt lat="46.1555900" lon="-1.1608330">
    <ele>4.7</ele>
    <time>2024-08-28T17:01:53Z</time>
   </trkpt>
   <trkpt lat="46.1555980" lon="-1.1607880">
    <ele>4.7</ele>
    <time>2024-08-28T17:01:54Z</time>
   </trkpt>
   <trkpt lat="46.1556010" lon="-1.1607460">
    <ele>4.7</ele>
    <time>2024-08-28T17:01:55Z</time>
   </trkpt>
   <trkpt lat="46.1556040" lon="-1.1607040">
    <ele>4.7</ele>
    <time>2024-08-28T17:01:56Z</time>
   </trkpt>
   <trkpt lat="46.1556030" lon="-1.1606580">
    <ele>4.7</ele>
    <time>2024-08-28T17:01:57Z</time>
   </trkpt>
   <trkpt lat="46.1555940" lon="-1.1606070">
    <ele>4.8</ele>
    <time>2024-08-28T17:01:58Z</time>
   </trkpt>
   <trkpt lat="46.1555760" lon="-1.1605640">
    <ele>4.8</ele>
    <time>2024-08-28T17:01:59Z</time>
   </trkpt>
   <trkpt lat="46.1555500" lon="-1.1605300">
    <ele>4.8</ele>
    <time>2024-08-28T17:02:00Z</time>
   </trkpt>
   <trkpt lat="46.1555200" lon="-1.1605030">
    <ele>4.8</ele>
    <time>2024-08-28T17:02:01Z</time>
   </trkpt>
   <trkpt lat="46.1554890" lon="-1.1604700">
    <ele>4.8</ele>
    <time>2024-08-28T17:02:02Z</time>
   </trkpt>
   <trkpt lat="46.1554560" lon="-1.1604300">
    <ele>4.8</ele>
    <time>2024-08-28T17:02:03Z</time>
   </trkpt>
   <trkpt lat="46.1554280" lon="-1.1603960">
    <ele>4.9</ele>
    <time>2024-08-28T17:02:04Z</time>
   </trkpt>
   <trkpt lat="46.1553950" lon="-1.1603630">
    <ele>4.9</ele>
    <time>2024-08-28T17:02:05Z</time>
   </trkpt>
   <trkpt lat="46.1553830" lon="-1.1603520">
    <ele>4.9</ele>
    <time>2024-08-28T17:02:06Z</time>
   </trkpt>
   <trkpt lat="46.1553560" lon="-1.1603270">
    <ele>4.9</ele>
    <time>2024-08-28T17:02:07Z</time>
   </trkpt>
   <trkpt lat="46.1553290" lon="-1.1603010">
    <ele>4.9</ele>
    <time>2024-08-28T17:02:08Z</time>
   </trkpt>
   <trkpt lat="46.1553050" lon="-1.1602750">
    <ele>4.9</ele>
    <time>2024-08-28T17:02:09Z</time>
   </trkpt>
   <trkpt lat="46.1552820" lon="-1.1602480">
    <ele>4.9</ele>
    <time>2024-08-28T17:02:10Z</time>
   </trkpt>
   <trkpt lat="46.1552590" lon="-1.1602210">
    <ele>5.0</ele>
    <time>2024-08-28T17:02:11Z</time>
   </trkpt>
   <trkpt lat="46.1552320" lon="-1.1601870">
    <ele>5.0</ele>
    <time>2024-08-28T17:02:12Z</time>
   </trkpt>
   <trkpt lat="46.1552050" lon="-1.1601510">
    <ele>5.0</ele>
    <time>2024-08-28T17:02:13Z</time>
   </trkpt>
   <trkpt lat="46.1551800" lon="-1.1601170">
    <ele>5.1</ele>
    <time>2024-08-28T17:02:14Z</time>
   </trkpt>
   <trkpt lat="46.1551580" lon="-1.1600840">
    <ele>5.1</ele>
    <time>2024-08-28T17:02:15Z</time>
   </trkpt>
   <trkpt lat="46.1551370" lon="-1.1600560">
    <ele>5.1</ele>
    <time>2024-08-28T17:02:16Z</time>
   </trkpt>
   <trkpt lat="46.1551160" lon="-1.1600240">
    <ele>5.2</ele>
    <time>2024-08-28T17:02:17Z</time>
   </trkpt>
   <trkpt lat="46.1550920" lon="-1.1599810">
    <ele>5.2</ele>
    <time>2024-08-28T17:02:18Z</time>
   </trkpt>
   <trkpt lat="46.1550700" lon="-1.1599340">
    <ele>5.3</ele>
    <time>2024-08-28T17:02:19Z</time>
   </trkpt>
   <trkpt lat="46.1550480" lon="-1.1598910">
    <ele>5.3</ele>
    <time>2024-08-28T17:02:20Z</time>
   </trkpt>
   <trkpt lat="46.1550280" lon="-1.1598540">
    <ele>5.4</ele>
    <time>2024-08-28T17:02:21Z</time>
   </trkpt>
   <trkpt lat="46.1550070" lon="-1.1598160">
    <ele>5.4</ele>
    <time>2024-08-28T17:02:22Z</time>
   </trkpt>
   <trkpt lat="46.1549890" lon="-1.1597710">
    <ele>5.5</ele>
    <time>2024-08-28T17:02:23Z</time>
   </trkpt>
   <trkpt lat="46.1549760" lon="-1.1597210">
    <ele>5.6</ele>
    <time>2024-08-28T17:02:24Z</time>
   </trkpt>
   <trkpt lat="46.1549690" lon="-1.1596780">
    <ele>5.7</ele>
    <time>2024-08-28T17:02:25Z</time>
   </trkpt>
   <trkpt lat="46.1549740" lon="-1.1596320">
    <ele>5.7</ele>
    <time>2024-08-28T17:02:26Z</time>
   </trkpt>
   <trkpt lat="46.1549920" lon="-1.1595870">
    <ele>5.7</ele>
    <time>2024-08-28T17:02:27Z</time>
   </trkpt>
   <trkpt lat="46.1550180" lon="-1.1595470">
    <ele>5.8</ele>
    <time>2024-08-28T17:02:28Z</time>
   </trkpt>
   <trkpt lat="46.1550460" lon="-1.1595120">
    <ele>5.8</ele>
    <time>2024-08-28T17:02:29Z</time>
   </trkpt>
   <trkpt lat="46.1550740" lon="-1.1594870">
    <ele>5.8</ele>
    <time>2024-08-28T17:02:30Z</time>
   </trkpt>
   <trkpt lat="46.1551010" lon="-1.1594750">
    <ele>5.8</ele>
    <time>2024-08-28T17:02:31Z</time>
   </trkpt>
   <trkpt lat="46.1551410" lon="-1.1594610">
    <ele>5.8</ele>
    <time>2024-08-28T17:02:32Z</time>
   </trkpt>
   <trkpt lat="46.1551560" lon="-1.1594570">
    <ele>5.8</ele>
    <time>2024-08-28T17:02:33Z</time>
   </trkpt>
   <trkpt lat="46.1551870" lon="-1.1594470">
    <ele>5.7</ele>
    <time>2024-08-28T17:02:34Z</time>
   </trkpt>
   <trkpt lat="46.1552170" lon="-1.1594320">
    <ele>5.7</ele>
    <time>2024-08-28T17:02:35Z</time>
   </trkpt>
   <trkpt lat="46.1552460" lon="-1.1594140">
    <ele>5.7</ele>
    <time>2024-08-28T17:02:36Z</time>
   </trkpt>
   <trkpt lat="46.1552720" lon="-1.1594010">
    <ele>5.7</ele>
    <time>2024-08-28T17:02:37Z</time>
   </trkpt>
   <trkpt lat="46.1553010" lon="-1.1593910">
    <ele>5.8</ele>
    <time>2024-08-28T17:02:38Z</time>
   </trkpt>
   <trkpt lat="46.1553320" lon="-1.1593850">
    <ele>5.8</ele>
    <time>2024-08-28T17:02:39Z</time>
   </trkpt>
   <trkpt lat="46.1553650" lon="-1.1593890">
    <ele>5.9</ele>
    <time>2024-08-28T17:02:40Z</time>
   </trkpt>
   <trkpt lat="46.1553980" lon="-1.1593960">
    <ele>5.9</ele>
    <time>2024-08-28T17:02:41Z</time>
   </trkpt>
   <trkpt lat="46.1554280" lon="-1.1594040">
    <ele>5.9</ele>
    <time>2024-08-28T17:02:42Z</time>
   </trkpt>
   <trkpt lat="46.1554600" lon="-1.1594140">
    <ele>5.9</ele>
    <time>2024-08-28T17:02:43Z</time>
   </trkpt>
   <trkpt lat="46.1554970" lon="-1.1594250">
    <ele>5.9</ele>
    <time>2024-08-28T17:02:44Z</time>
   </trkpt>
   <trkpt lat="46.1555330" lon="-1.1594350">
    <ele>5.8</ele>
    <time>2024-08-28T17:02:45Z</time>
   </trkpt>
   <trkpt lat="46.1555630" lon="-1.1594400">
    <ele>5.8</ele>
    <time>2024-08-28T17:02:46Z</time>
   </trkpt>
   <trkpt lat="46.1555930" lon="-1.1594420">
    <ele>5.8</ele>
    <time>2024-08-28T17:02:47Z</time>
   </trkpt>
   <trkpt lat="46.1556250" lon="-1.1594420">
    <ele>5.8</ele>
    <time>2024-08-28T17:02:48Z</time>
   </trkpt>
   <trkpt lat="46.1556530" lon="-1.1594350">
    <ele>5.7</ele>
    <time>2024-08-28T17:02:49Z</time>
   </trkpt>
   <trkpt lat="46.1556810" lon="-1.1594230">
    <ele>5.7</ele>
    <time>2024-08-28T17:02:50Z</time>
   </trkpt>
   <trkpt lat="46.1557080" lon="-1.1594080">
    <ele>5.7</ele>
    <time>2024-08-28T17:02:51Z</time>
   </trkpt>
   <trkpt lat="46.1557350" lon="-1.1593920">
    <ele>5.6</ele>
    <time>2024-08-28T17:02:52Z</time>
   </trkpt>
   <trkpt lat="46.1557430" lon="-1.1593880">
    <ele>5.6</ele>
    <time>2024-08-28T17:02:53Z</time>
   </trkpt>
   <trkpt lat="46.1557750" lon="-1.1593870">
    <ele>5.6</ele>
    <time>2024-08-28T17:02:54Z</time>
   </trkpt>
   <trkpt lat="46.1557860" lon="-1.1593880">
    <ele>5.6</ele>
    <time>2024-08-28T17:02:55Z</time>
   </trkpt>
   <trkpt lat="46.1558160" lon="-1.1594000">
    <ele>5.5</ele>
    <time>2024-08-28T17:02:56Z</time>
   </trkpt>
   <trkpt lat="46.1558330" lon="-1.1594090">
    <ele>5.5</ele>
    <time>2024-08-28T17:02:57Z</time>
   </trkpt>
   <trkpt lat="46.1558380" lon="-1.1594140">
    <ele>5.5</ele>
    <time>2024-08-28T17:02:58Z</time>
   </trkpt>
   <trkpt lat="46.1558460" lon="-1.1594160">
    <ele>5.5</ele>
    <time>2024-08-28T17:02:59Z</time>
   </trkpt>
   <trkpt lat="46.1558720" lon="-1.1594090">
    <ele>5.5</ele>
    <time>2024-08-28T17:03:00Z</time>
   </trkpt>
   <trkpt lat="46.1558820" lon="-1.1594040">
    <ele>5.4</ele>
    <time>2024-08-28T17:03:01Z</time>
   </trkpt>
   <trkpt lat="46.1559070" lon="-1.1593920">
    <ele>5.4</ele>
    <time>2024-08-28T17:03:02Z</time>
   </trkpt>
   <trkpt lat="46.1559170" lon="-1.1593910">
    <ele>5.4</ele>
    <time>2024-08-28T17:03:03Z</time>
   </trkpt>
   <trkpt lat="46.1559460" lon="-1.1593990">
    <ele>5.4</ele>
    <time>2024-08-28T17:03:04Z</time>
   </trkpt>
   <trkpt lat="46.1559830" lon="-1.1594210">
    <ele>5.3</ele>
    <time>2024-08-28T17:03:05Z</time>
   </trkpt>
   <trkpt lat="46.1560140" lon="-1.1594390">
    <ele>5.3</ele>
    <time>2024-08-28T17:03:06Z</time>
   </trkpt>
   <trkpt lat="46.1560410" lon="-1.1594330">
    <ele>5.2</ele>
    <time>2024-08-28T17:03:07Z</time>
   </trkpt>
   <trkpt lat="46.1560610" lon="-1.1594000">
    <ele>5.2</ele>
    <time>2024-08-28T17:03:08Z</time>
   </trkpt>
   <trkpt lat="46.1560640" lon="-1.1593860">
    <ele>5.2</ele>
    <time>2024-08-28T17:03:09Z</time>
   </trkpt>
   <trkpt lat="46.1560700" lon="-1.1593360">
    <ele>5.2</ele>
    <time>2024-08-28T17:03:10Z</time>
   </trkpt>
   <trkpt lat="46.1560730" lon="-1.1593170">
    <ele>5.2</ele>
    <time>2024-08-28T17:03:11Z</time>
   </trkpt>
   <trkpt lat="46.1560770" lon="-1.1592760">
    <ele>5.2</ele>
    <time>2024-08-28T17:03:12Z</time>
   </trkpt>
   <trkpt lat="46.1560830" lon="-1.1592330">
    <ele>5.2</ele>
    <time>2024-08-28T17:03:13Z</time>
   </trkpt>
   <trkpt lat="46.1560910" lon="-1.1591840">
    <ele>5.2</ele>
    <time>2024-08-28T17:03:14Z</time>
   </trkpt>
   <trkpt lat="46.1560990" lon="-1.1591410">
    <ele>5.2</ele>
    <time>2024-08-28T17:03:15Z</time>
   </trkpt>
   <trkpt lat="46.1561060" lon="-1.1590990">
    <ele>5.3</ele>
    <time>2024-08-28T17:03:16Z</time>
   </trkpt>
   <trkpt lat="46.1561110" lon="-1.1590550">
    <ele>5.3</ele>
    <time>2024-08-28T17:03:17Z</time>
   </trkpt>
   <trkpt lat="46.1561160" lon="-1.1590110">
    <ele>5.3</ele>
    <time>2024-08-28T17:03:18Z</time>
   </trkpt>
   <trkpt lat="46.1561220" lon="-1.1589650">
    <ele>5.3</ele>
    <time>2024-08-28T17:03:19Z</time>
   </trkpt>
   <trkpt lat="46.1561240" lon="-1.1589240">
    <ele>5.3</ele>
    <time>2024-08-28T17:03:20Z</time>
   </trkpt>
   <trkpt lat="46.1561260" lon="-1.1588830">
    <ele>5.3</ele>
    <time>2024-08-28T17:03:21Z</time>
   </trkpt>
   <trkpt lat="46.1561290" lon="-1.1588370">
    <ele>5.3</ele>
    <time>2024-08-28T17:03:22Z</time>
   </trkpt>
   <trkpt lat="46.1561340" lon="-1.1587920">
    <ele>5.3</ele>
    <time>2024-08-28T17:03:23Z</time>
   </trkpt>
   <trkpt lat="46.1561360" lon="-1.1587460">
    <ele>5.3</ele>
    <time>2024-08-28T17:03:24Z</time>
   </trkpt>
   <trkpt lat="46.1561390" lon="-1.1587000">
    <ele>5.2</ele>
    <time>2024-08-28T17:03:25Z</time>
   </trkpt>
   <trkpt lat="46.1561480" lon="-1.1586600">
    <ele>5.2</ele>
    <time>2024-08-28T17:03:26Z</time>
   </trkpt>
   <trkpt lat="46.1561610" lon="-1.1586210">
    <ele>5.2</ele>
    <time>2024-08-28T17:03:27Z</time>
   </trkpt>
   <trkpt lat="46.1561730" lon="-1.1585860">
    <ele>5.2</ele>
    <time>2024-08-28T17:03:28Z</time>
   </trkpt>
   <trkpt lat="46.1561890" lon="-1.1585500">
    <ele>5.2</ele>
    <time>2024-08-28T17:03:29Z</time>
   </trkpt>
   <trkpt lat="46.1562040" lon="-1.1585110">
    <ele>5.2</ele>
    <time>2024-08-28T17:03:30Z</time>
   </trkpt>
   <trkpt lat="46.1562160" lon="-1.1584680">
    <ele>5.2</ele>
    <time>2024-08-28T17:03:31Z</time>
   </trkpt>
   <trkpt lat="46.1562260" lon="-1.1584250">
    <ele>5.2</ele>
    <time>2024-08-28T17:03:32Z</time>
   </trkpt>
   <trkpt lat="46.1562380" lon="-1.1583840">
    <ele>5.1</ele>
    <time>2024-08-28T17:03:33Z</time>
   </trkpt>
   <trkpt lat="46.1562460" lon="-1.1583420">
    <ele>5.1</ele>
    <time>2024-08-28T17:03:34Z</time>
   </trkpt>
   <trkpt lat="46.1562540" lon="-1.1583050">
    <ele>5.1</ele>
    <time>2024-08-28T17:03:35Z</time>
   </trkpt>
   <trkpt lat="46.1562650" lon="-1.1582520">
    <ele>5.1</ele>
    <time>2024-08-28T17:03:36Z</time>
   </trkpt>
   <trkpt lat="46.1562700" lon="-1.1582340">
    <ele>5.1</ele>
    <time>2024-08-28T17:03:37Z</time>
   </trkpt>
   <trkpt lat="46.1562790" lon="-1.1581790">
    <ele>5.1</ele>
    <time>2024-08-28T17:03:38Z</time>
   </trkpt>
   <trkpt lat="46.1562820" lon="-1.1581610">
    <ele>5.0</ele>
    <time>2024-08-28T17:03:39Z</time>
   </trkpt>
   <trkpt lat="46.1562910" lon="-1.1581200">
    <ele>5.0</ele>
    <time>2024-08-28T17:03:40Z</time>
   </trkpt>
   <trkpt lat="46.1562960" lon="-1.1580700">
    <ele>5.0</ele>
    <time>2024-08-28T17:03:41Z</time>
   </trkpt>
   <trkpt lat="46.1562980" lon="-1.1580550">
    <ele>5.0</ele>
    <time>2024-08-28T17:03:42Z</time>
   </trkpt>
   <trkpt lat="46.1563200" lon="-1.1580250">
    <ele>5.0</ele>
    <time>2024-08-28T17:03:43Z</time>
   </trkpt>
   <trkpt lat="46.1563430" lon="-1.1579930">
    <ele>5.0</ele>
    <time>2024-08-28T17:03:44Z</time>
   </trkpt>
   <trkpt lat="46.1563640" lon="-1.1579480">
    <ele>4.9</ele>
    <time>2024-08-28T17:03:45Z</time>
   </trkpt>
   <trkpt lat="46.1563690" lon="-1.1579330">
    <ele>4.9</ele>
    <time>2024-08-28T17:03:46Z</time>
   </trkpt>
   <trkpt lat="46.1563790" lon="-1.1578930">
    <ele>4.9</ele>
    <time>2024-08-28T17:03:47Z</time>
   </trkpt>
   <trkpt lat="46.1563870" lon="-1.1578480">
    <ele>4.9</ele>
    <time>2024-08-28T17:03:48Z</time>
   </trkpt>
   <trkpt lat="46.1563950" lon="-1.1578020">
    <ele>4.9</ele>
    <time>2024-08-28T17:03:49Z</time>
   </trkpt>
   <trkpt lat="46.1564030" lon="-1.1577530">
    <ele>4.8</ele>
    <time>2024-08-28T17:03:50Z</time>
   </trkpt>
   <trkpt lat="46.1564110" lon="-1.1576960">
    <ele>4.8</ele>
    <time>2024-08-28T17:03:51Z</time>
   </trkpt>
   <trkpt lat="46.1564160" lon="-1.1576370">
    <ele>4.8</ele>
    <time>2024-08-28T17:03:52Z</time>
   </trkpt>
   <trkpt lat="46.1564170" lon="-1.1575850">
    <ele>4.7</ele>
    <time>2024-08-28T17:03:53Z</time>
   </trkpt>
   <trkpt lat="46.1564090" lon="-1.1575300">
    <ele>4.7</ele>
    <time>2024-08-28T17:03:54Z</time>
   </trkpt>
   <trkpt lat="46.1564030" lon="-1.1574750">
    <ele>4.7</ele>
    <time>2024-08-28T17:03:55Z</time>
   </trkpt>
   <trkpt lat="46.1563790" lon="-1.1574130">
    <ele>4.7</ele>
    <time>2024-08-28T17:03:56Z</time>
   </trkpt>
   <trkpt lat="46.1563520" lon="-1.1573530">
    <ele>4.7</ele>
    <time>2024-08-28T17:03:57Z</time>
   </trkpt>
   <trkpt lat="46.1563320" lon="-1.1572910">
    <ele>4.7</ele>
    <time>2024-08-28T17:03:58Z</time>
   </trkpt>
   <trkpt lat="46.1563190" lon="-1.1572320">
    <ele>4.7</ele>
    <time>2024-08-28T17:03:59Z</time>
   </trkpt>
   <trkpt lat="46.1563040" lon="-1.1571780">
    <ele>4.7</ele>
    <time>2024-08-28T17:04:01Z</time>
   </trkpt>
   <trkpt lat="46.1562960" lon="-1.1571290">
    <ele>4.7</ele>
    <time>2024-08-28T17:04:02Z</time>
   </trkpt>
   <trkpt lat="46.1562920" lon="-1.1570830">
    <ele>4.7</ele>
    <time>2024-08-28T17:04:03Z</time>
   </trkpt>
   <trkpt lat="46.1562910" lon="-1.1570380">
    <ele>4.7</ele>
    <time>2024-08-28T17:04:04Z</time>
   </trkpt>
   <trkpt lat="46.1562970" lon="-1.1569950">
    <ele>4.7</ele>
    <time>2024-08-28T17:04:05Z</time>
   </trkpt>
   <trkpt lat="46.1563000" lon="-1.1569550">
    <ele>4.7</ele>
    <time>2024-08-28T17:04:06Z</time>
   </trkpt>
   <trkpt lat="46.1563050" lon="-1.1569150">
    <ele>4.7</ele>
    <time>2024-08-28T17:04:07Z</time>
   </trkpt>
   <trkpt lat="46.1563010" lon="-1.1568670">
    <ele>4.7</ele>
    <time>2024-08-28T17:04:08Z</time>
   </trkpt>
   <trkpt lat="46.1562970" lon="-1.1568510">
    <ele>4.7</ele>
    <time>2024-08-28T17:04:09Z</time>
   </trkpt>
   <trkpt lat="46.1562830" lon="-1.1568170">
    <ele>4.8</ele>
    <time>2024-08-28T17:04:10Z</time>
   </trkpt>
   <trkpt lat="46.1562700" lon="-1.1567750">
    <ele>4.8</ele>
    <time>2024-08-28T17:04:11Z</time>
   </trkpt>
   <trkpt lat="46.1562510" lon="-1.1567320">
    <ele>4.8</ele>
    <time>2024-08-28T17:04:12Z</time>
   </trkpt>
   <trkpt lat="46.1562350" lon="-1.1566870">
    <ele>4.8</ele>
    <time>2024-08-28T17:04:13Z</time>
   </trkpt>
   <trkpt lat="46.1562210" lon="-1.1566410">
    <ele>4.8</ele>
    <time>2024-08-28T17:04:14Z</time>
   </trkpt>
   <trkpt lat="46.1562020" lon="-1.1565970">
    <ele>4.9</ele>
    <time>2024-08-28T17:04:15Z</time>
   </trkpt>
   <trkpt lat="46.1562000" lon="-1.1565510">
    <ele>4.9</ele>
    <time>2024-08-28T17:04:16Z</time>
   </trkpt>
   <trkpt lat="46.1562040" lon="-1.1565070">
    <ele>4.9</ele>
    <time>2024-08-28T17:04:17Z</time>
   </trkpt>
   <trkpt lat="46.1562070" lon="-1.1564620">
    <ele>4.9</ele>
    <time>2024-08-28T17:04:18Z</time>
   </trkpt>
   <trkpt lat="46.1562180" lon="-1.1564150">
    <ele>4.9</ele>
    <time>2024-08-28T17:04:19Z</time>
   </trkpt>
   <trkpt lat="46.1562300" lon="-1.1563680">
    <ele>5.0</ele>
    <time>2024-08-28T17:04:20Z</time>
   </trkpt>
   <trkpt lat="46.1562390" lon="-1.1563290">
    <ele>5.0</ele>
    <time>2024-08-28T17:04:21Z</time>
   </trkpt>
   <trkpt lat="46.1562570" lon="-1.1562570">
    <ele>5.0</ele>
    <time>2024-08-28T17:04:22Z</time>
   </trkpt>
   <trkpt lat="46.1562650" lon="-1.1562190">
    <ele>5.1</ele>
    <time>2024-08-28T17:04:23Z</time>
   </trkpt>
   <trkpt lat="46.1562720" lon="-1.1561640">
    <ele>5.1</ele>
    <time>2024-08-28T17:04:24Z</time>
   </trkpt>
   <trkpt lat="46.1562740" lon="-1.1561450">
    <ele>5.1</ele>
    <time>2024-08-28T17:04:25Z</time>
   </trkpt>
   <trkpt lat="46.1562720" lon="-1.1561030">
    <ele>5.1</ele>
    <time>2024-08-28T17:04:26Z</time>
   </trkpt>
   <trkpt lat="46.1562660" lon="-1.1560480">
    <ele>5.2</ele>
    <time>2024-08-28T17:04:27Z</time>
   </trkpt>
   <trkpt lat="46.1562640" lon="-1.1560300">
    <ele>5.2</ele>
    <time>2024-08-28T17:04:28Z</time>
   </trkpt>
   <trkpt lat="46.1562640" lon="-1.1559760">
    <ele>5.2</ele>
    <time>2024-08-28T17:04:29Z</time>
   </trkpt>
   <trkpt lat="46.1562650" lon="-1.1559580">
    <ele>5.2</ele>
    <time>2024-08-28T17:04:30Z</time>
   </trkpt>
   <trkpt lat="46.1562680" lon="-1.1559050">
    <ele>5.3</ele>
    <time>2024-08-28T17:04:31Z</time>
   </trkpt>
   <trkpt lat="46.1562690" lon="-1.1558900">
    <ele>5.3</ele>
    <time>2024-08-28T17:04:32Z</time>
   </trkpt>
   <trkpt lat="46.1562750" lon="-1.1558350">
    <ele>5.3</ele>
    <time>2024-08-28T17:04:33Z</time>
   </trkpt>
   <trkpt lat="46.1562780" lon="-1.1558150">
    <ele>5.3</ele>
    <time>2024-08-28T17:04:34Z</time>
   </trkpt>
   <trkpt lat="46.1562790" lon="-1.1557760">
    <ele>5.4</ele>
    <time>2024-08-28T17:04:35Z</time>
   </trkpt>
   <trkpt lat="46.1562870" lon="-1.1557210">
    <ele>5.4</ele>
    <time>2024-08-28T17:04:36Z</time>
   </trkpt>
   <trkpt lat="46.1562900" lon="-1.1557020">
    <ele>5.4</ele>
    <time>2024-08-28T17:04:37Z</time>
   </trkpt>
   <trkpt lat="46.1562960" lon="-1.1556610">
    <ele>5.4</ele>
    <time>2024-08-28T17:04:38Z</time>
   </trkpt>
   <trkpt lat="46.1563000" lon="-1.1556080">
    <ele>5.5</ele>
    <time>2024-08-28T17:04:39Z</time>
   </trkpt>
   <trkpt lat="46.1562990" lon="-1.1555570">
    <ele>5.5</ele>
    <time>2024-08-28T17:04:40Z</time>
   </trkpt>
   <trkpt lat="46.1562990" lon="-1.1555150">
    <ele>5.5</ele>
    <time>2024-08-28T17:04:41Z</time>
   </trkpt>
   <trkpt lat="46.1563020" lon="-1.1554760">
    <ele>5.6</ele>
    <time>2024-08-28T17:04:42Z</time>
   </trkpt>
   <trkpt lat="46.1563160" lon="-1.1554290">
    <ele>5.6</ele>
    <time>2024-08-28T17:04:43Z</time>
   </trkpt>
   <trkpt lat="46.1563200" lon="-1.1554140">
    <ele>5.6</ele>
    <time>2024-08-28T17:04:44Z</time>
   </trkpt>
   <trkpt lat="46.1563370" lon="-1.1553780">
    <ele>5.6</ele>
    <time>2024-08-28T17:04:45Z</time>
   </trkpt>
   <trkpt lat="46.1563460" lon="-1.1553650">
    <ele>5.6</ele>
    <time>2024-08-28T17:04:46Z</time>
   </trkpt>
   <trkpt lat="46.1563690" lon="-1.1553430">
    <ele>5.6</ele>
    <time>2024-08-28T17:04:47Z</time>
   </trkpt>
   <trkpt lat="46.1563960" lon="-1.1553030">
    <ele>5.6</ele>
    <time>2024-08-28T17:04:48Z</time>
   </trkpt>
   <trkpt lat="46.1564060" lon="-1.1552900">
    <ele>5.6</ele>
    <time>2024-08-28T17:04:49Z</time>
   </trkpt>
   <trkpt lat="46.1564310" lon="-1.1552500">
    <ele>5.6</ele>
    <time>2024-08-28T17:04:50Z</time>
   </trkpt>
   <trkpt lat="46.1564390" lon="-1.1552370">
    <ele>5.6</ele>
    <time>2024-08-28T17:04:51Z</time>
   </trkpt>
   <trkpt lat="46.1564610" lon="-1.1551920">
    <ele>5.6</ele>
    <time>2024-08-28T17:04:52Z</time>
   </trkpt>
   <trkpt lat="46.1564680" lon="-1.1551740">
    <ele>5.6</ele>
    <time>2024-08-28T17:04:53Z</time>
   </trkpt>
   <trkpt lat="46.1564810" lon="-1.1551330">
    <ele>5.6</ele>
    <time>2024-08-28T17:04:54Z</time>
   </trkpt>
   <trkpt lat="46.1564920" lon="-1.1550900">
    <ele>5.6</ele>
    <time>2024-08-28T17:04:55Z</time>
   </trkpt>
   <trkpt lat="46.1565040" lon="-1.1550530">
    <ele>5.5</ele>
    <time>2024-08-28T17:04:56Z</time>
   </trkpt>
   <trkpt lat="46.1565160" lon="-1.1550130">
    <ele>5.5</ele>
    <time>2024-08-28T17:04:57Z</time>
   </trkpt>
   <trkpt lat="46.1565300" lon="-1.1549780">
    <ele>5.5</ele>
    <time>2024-08-28T17:04:58Z</time>
   </trkpt>
   <trkpt lat="46.1565420" lon="-1.1549380">
    <ele>5.5</ele>
    <time>2024-08-28T17:04:59Z</time>
   </trkpt>
   <trkpt lat="46.1565480" lon="-1.1548970">
    <ele>5.4</ele>
    <time>2024-08-28T17:05:00Z</time>
   </trkpt>
   <trkpt lat="46.1565540" lon="-1.1548560">
    <ele>5.4</ele>
    <time>2024-08-28T17:05:01Z</time>
   </trkpt>
   <trkpt lat="46.1565670" lon="-1.1548140">
    <ele>5.4</ele>
    <time>2024-08-28T17:05:02Z</time>
   </trkpt>
   <trkpt lat="46.1565850" lon="-1.1547730">
    <ele>5.3</ele>
    <time>2024-08-28T17:05:03Z</time>
   </trkpt>
   <trkpt lat="46.1566060" lon="-1.1547380">
    <ele>5.3</ele>
    <time>2024-08-28T17:05:04Z</time>
   </trkpt>
   <trkpt lat="46.1566300" lon="-1.1547080">
    <ele>5.3</ele>
    <time>2024-08-28T17:05:05Z</time>
   </trkpt>
   <trkpt lat="46.1566480" lon="-1.1546790">
    <ele>5.2</ele>
    <time>2024-08-28T17:05:06Z</time>
   </trkpt>
   <trkpt lat="46.1566740" lon="-1.1546370">
    <ele>5.2</ele>
    <time>2024-08-28T17:05:07Z</time>
   </trkpt>
   <trkpt lat="46.1566800" lon="-1.1546190">
    <ele>5.2</ele>
    <time>2024-08-28T17:05:08Z</time>
   </trkpt>
   <trkpt lat="46.1566820" lon="-1.1545720">
    <ele>5.2</ele>
    <time>2024-08-28T17:05:09Z</time>
   </trkpt>
   <trkpt lat="46.1566860" lon="-1.1545170">
    <ele>5.2</ele>
    <time>2024-08-28T17:05:10Z</time>
   </trkpt>
   <trkpt lat="46.1566850" lon="-1.1544550">
    <ele>5.1</ele>
    <time>2024-08-28T17:05:11Z</time>
   </trkpt>
   <trkpt lat="46.1566820" lon="-1.1543930">
    <ele>5.1</ele>
    <time>2024-08-28T17:05:12Z</time>
   </trkpt>
   <trkpt lat="46.1566680" lon="-1.1543560">
    <ele>5.1</ele>
    <time>2024-08-28T17:05:13Z</time>
   </trkpt>
   <trkpt lat="46.1566610" lon="-1.1543490">
    <ele>5.1</ele>
    <time>2024-08-28T17:05:14Z</time>
   </trkpt>
   <trkpt lat="46.1566320" lon="-1.1543240">
    <ele>5.0</ele>
    <time>2024-08-28T17:05:15Z</time>
   </trkpt>
   <trkpt lat="46.1566210" lon="-1.1543170">
    <ele>5.0</ele>
    <time>2024-08-28T17:05:16Z</time>
   </trkpt>
   <trkpt lat="46.1566050" lon="-1.1543040">
    <ele>5.0</ele>
    <time>2024-08-28T17:05:17Z</time>
   </trkpt>
   <trkpt lat="46.1565920" lon="-1.1542920">
    <ele>5.0</ele>
    <time>2024-08-28T17:05:18Z</time>
   </trkpt>
   <trkpt lat="46.1565900" lon="-1.1542580">
    <ele>4.9</ele>
    <time>2024-08-28T17:05:19Z</time>
   </trkpt>
   <trkpt lat="46.1565930" lon="-1.1542380">
    <ele>4.9</ele>
    <time>2024-08-28T17:05:20Z</time>
   </trkpt>
   <trkpt lat="46.1566090" lon="-1.1541870">
    <ele>4.8</ele>
    <time>2024-08-28T17:05:21Z</time>
   </trkpt>
   <trkpt lat="46.1566300" lon="-1.1541360">
    <ele>4.8</ele>
    <time>2024-08-28T17:05:22Z</time>
   </trkpt>
   <trkpt lat="46.1566480" lon="-1.1540820">
    <ele>4.7</ele>
    <time>2024-08-28T17:05:23Z</time>
   </trkpt>
   <trkpt lat="46.1566660" lon="-1.1540280">
    <ele>4.6</ele>
    <time>2024-08-28T17:05:24Z</time>
   </trkpt>
   <trkpt lat="46.1566810" lon="-1.1539770">
    <ele>4.6</ele>
    <time>2024-08-28T17:05:25Z</time>
   </trkpt>
   <trkpt lat="46.1567050" lon="-1.1539420">
    <ele>4.5</ele>
    <time>2024-08-28T17:05:26Z</time>
   </trkpt>
   <trkpt lat="46.1567410" lon="-1.1539160">
    <ele>4.5</ele>
    <time>2024-08-28T17:05:27Z</time>
   </trkpt>
   <trkpt lat="46.1567810" lon="-1.1538930">
    <ele>4.5</ele>
    <time>2024-08-28T17:05:28Z</time>
   </trkpt>
   <trkpt lat="46.1568240" lon="-1.1538700">
    <ele>4.5</ele>
    <time>2024-08-28T17:05:29Z</time>
   </trkpt>
   <trkpt lat="46.1568630" lon="-1.1538460">
    <ele>4.5</ele>
    <time>2024-08-28T17:05:30Z</time>
   </trkpt>
   <trkpt lat="46.1568960" lon="-1.1538220">
    <ele>4.5</ele>
    <time>2024-08-28T17:05:31Z</time>
   </trkpt>
   <trkpt lat="46.1569280" lon="-1.1537970">
    <ele>4.5</ele>
    <time>2024-08-28T17:05:32Z</time>
   </trkpt>
   <trkpt lat="46.1569610" lon="-1.1537700">
    <ele>4.5</ele>
    <time>2024-08-28T17:05:33Z</time>
   </trkpt>
   <trkpt lat="46.1569920" lon="-1.1537440">
    <ele>4.5</ele>
    <time>2024-08-28T17:05:34Z</time>
   </trkpt>
   <trkpt lat="46.1570230" lon="-1.1537140">
    <ele>4.5</ele>
    <time>2024-08-28T17:05:35Z</time>
   </trkpt>
   <trkpt lat="46.1570510" lon="-1.1536750">
    <ele>4.6</ele>
    <time>2024-08-28T17:05:36Z</time>
   </trkpt>
   <trkpt lat="46.1570760" lon="-1.1536360">
    <ele>4.6</ele>
    <time>2024-08-28T17:05:37Z</time>
   </trkpt>
   <trkpt lat="46.1571010" lon="-1.1536030">
    <ele>4.6</ele>
    <time>2024-08-28T17:05:38Z</time>
   </trkpt>
   <trkpt lat="46.1571250" lon="-1.1535770">
    <ele>4.6</ele>
    <time>2024-08-28T17:05:39Z</time>
   </trkpt>
   <trkpt lat="46.1571490" lon="-1.1535550">
    <ele>4.6</ele>
    <time>2024-08-28T17:05:40Z</time>
   </trkpt>
   <trkpt lat="46.1571700" lon="-1.1535320">
    <ele>4.6</ele>
    <time>2024-08-28T17:05:41Z</time>
   </trkpt>
   <trkpt lat="46.1572260" lon="-1.1534740">
    <ele>4.6</ele>
    <time>2024-08-28T17:05:43Z</time>
   </trkpt>
   <trkpt lat="46.1572390" lon="-1.1534650">
    <ele>4.6</ele>
    <time>2024-08-28T17:05:44Z</time>
   </trkpt>
   <trkpt lat="46.1572650" lon="-1.1534460">
    <ele>4.6</ele>
    <time>2024-08-28T17:05:45Z</time>
   </trkpt>
   <trkpt lat="46.1573020" lon="-1.1534230">
    <ele>4.6</ele>
    <time>2024-08-28T17:05:46Z</time>
   </trkpt>
   <trkpt lat="46.1573160" lon="-1.1534160">
    <ele>4.6</ele>
    <time>2024-08-28T17:05:47Z</time>
   </trkpt>
   <trkpt lat="46.1573440" lon="-1.1534000">
    <ele>4.6</ele>
    <time>2024-08-28T17:05:48Z</time>
   </trkpt>
   <trkpt lat="46.1573760" lon="-1.1533910">
    <ele>4.6</ele>
    <time>2024-08-28T17:05:49Z</time>
   </trkpt>
   <trkpt lat="46.1574090" lon="-1.1533830">
    <ele>4.5</ele>
    <time>2024-08-28T17:05:50Z</time>
   </trkpt>
   <trkpt lat="46.1574380" lon="-1.1533730">
    <ele>4.5</ele>
    <time>2024-08-28T17:05:51Z</time>
   </trkpt>
   <trkpt lat="46.1574660" lon="-1.1533560">
    <ele>4.5</ele>
    <time>2024-08-28T17:05:52Z</time>
   </trkpt>
   <trkpt lat="46.1574910" lon="-1.1533370">
    <ele>4.5</ele>
    <time>2024-08-28T17:05:53Z</time>
   </trkpt>
   <trkpt lat="46.1575230" lon="-1.1533020">
    <ele>4.6</ele>
    <time>2024-08-28T17:05:54Z</time>
   </trkpt>
   <trkpt lat="46.1575330" lon="-1.1532890">
    <ele>4.6</ele>
    <time>2024-08-28T17:05:55Z</time>
   </trkpt>
   <trkpt lat="46.1575610" lon="-1.1532470">
    <ele>4.6</ele>
    <time>2024-08-28T17:05:56Z</time>
   </trkpt>
   <trkpt lat="46.1575720" lon="-1.1532340">
    <ele>4.6</ele>
    <time>2024-08-28T17:05:57Z</time>
   </trkpt>
   <trkpt lat="46.1576000" lon="-1.1532120">
    <ele>4.6</ele>
    <time>2024-08-28T17:05:58Z</time>
   </trkpt>
   <trkpt lat="46.1576310" lon="-1.1531970">
    <ele>4.6</ele>
    <time>2024-08-28T17:05:59Z</time>
   </trkpt>
   <trkpt lat="46.1576660" lon="-1.1531880">
    <ele>4.6</ele>
    <time>2024-08-28T17:06:00Z</time>
   </trkpt>
   <trkpt lat="46.1577000" lon="-1.1531800">
    <ele>4.7</ele>
    <time>2024-08-28T17:06:01Z</time>
   </trkpt>
   <trkpt lat="46.1577330" lon="-1.1531680">
    <ele>4.7</ele>
    <time>2024-08-28T17:06:02Z</time>
   </trkpt>
   <trkpt lat="46.1577650" lon="-1.1531540">
    <ele>4.7</ele>
    <time>2024-08-28T17:06:03Z</time>
   </trkpt>
   <trkpt lat="46.1577950" lon="-1.1531320">
    <ele>4.7</ele>
    <time>2024-08-28T17:06:04Z</time>
   </trkpt>
   <trkpt lat="46.1578230" lon="-1.1531120">
    <ele>4.7</ele>
    <time>2024-08-28T17:06:05Z</time>
   </trkpt>
   <trkpt lat="46.1578490" lon="-1.1530930">
    <ele>4.8</ele>
    <time>2024-08-28T17:06:06Z</time>
   </trkpt>
   <trkpt lat="46.1578830" lon="-1.1530630">
    <ele>4.8</ele>
    <time>2024-08-28T17:06:07Z</time>
   </trkpt>
   <trkpt lat="46.1578960" lon="-1.1530540">
    <ele>4.8</ele>
    <time>2024-08-28T17:06:08Z</time>
   </trkpt>
   <trkpt lat="46.1579210" lon="-1.1530300">
    <ele>4.8</ele>
    <time>2024-08-28T17:06:09Z</time>
   </trkpt>
   <trkpt lat="46.1579440" lon="-1.1530060">
    <ele>4.8</ele>
    <time>2024-08-28T17:06:10Z</time>
   </trkpt>
   <trkpt lat="46.1579660" lon="-1.1529790">
    <ele>4.8</ele>
    <time>2024-08-28T17:06:11Z</time>
   </trkpt>
   <trkpt lat="46.1579930" lon="-1.1529530">
    <ele>4.8</ele>
    <time>2024-08-28T17:06:12Z</time>
   </trkpt>
   <trkpt lat="46.1580230" lon="-1.1529290">
    <ele>4.8</ele>
    <time>2024-08-28T17:06:13Z</time>
   </trkpt>
   <trkpt lat="46.1580470" lon="-1.1529090">
    <ele>4.8</ele>
    <time>2024-08-28T17:06:14Z</time>
   </trkpt>
   <trkpt lat="46.1580660" lon="-1.1528810">
    <ele>4.8</ele>
    <time>2024-08-28T17:06:15Z</time>
   </trkpt>
   <trkpt lat="46.1580810" lon="-1.1528450">
    <ele>4.8</ele>
    <time>2024-08-28T17:06:16Z</time>
   </trkpt>
   <trkpt lat="46.1580910" lon="-1.1527960">
    <ele>4.8</ele>
    <time>2024-08-28T17:06:17Z</time>
   </trkpt>
   <trkpt lat="46.1580980" lon="-1.1527430">
    <ele>4.8</ele>
    <time>2024-08-28T17:06:18Z</time>
   </trkpt>
   <trkpt lat="46.1581010" lon="-1.1526940">
    <ele>4.8</ele>
    <time>2024-08-28T17:06:19Z</time>
   </trkpt>
   <trkpt lat="46.1581030" lon="-1.1526460">
    <ele>4.8</ele>
    <time>2024-08-28T17:06:20Z</time>
   </trkpt>
   <trkpt lat="46.1581060" lon="-1.1525990">
    <ele>4.8</ele>
    <time>2024-08-28T17:06:21Z</time>
   </trkpt>
   <trkpt lat="46.1581140" lon="-1.1525500">
    <ele>4.8</ele>
    <time>2024-08-28T17:06:22Z</time>
   </trkpt>
   <trkpt lat="46.1581250" lon="-1.1525060">
    <ele>4.7</ele>
    <time>2024-08-28T17:06:23Z</time>
   </trkpt>
   <trkpt lat="46.1581330" lon="-1.1524680">
    <ele>4.7</ele>
    <time>2024-08-28T17:06:24Z</time>
   </trkpt>
   <trkpt lat="46.1581380" lon="-1.1524260">
    <ele>4.7</ele>
    <time>2024-08-28T17:06:25Z</time>
   </trkpt>
   <trkpt lat="46.1581410" lon="-1.1523820">
    <ele>4.7</ele>
    <time>2024-08-28T17:06:26Z</time>
   </trkpt>
   <trkpt lat="46.1581470" lon="-1.1523330">
    <ele>4.7</ele>
    <time>2024-08-28T17:06:27Z</time>
   </trkpt>
   <trkpt lat="46.1581510" lon="-1.1522900">
    <ele>4.7</ele>
    <time>2024-08-28T17:06:28Z</time>
   </trkpt>
   <trkpt lat="46.1581530" lon="-1.1522510">
    <ele>4.7</ele>
    <time>2024-08-28T17:06:29Z</time>
   </trkpt>
   <trkpt lat="46.1581540" lon="-1.1522100">
    <ele>4.7</ele>
    <time>2024-08-28T17:06:30Z</time>
   </trkpt>
   <trkpt lat="46.1581580" lon="-1.1521620">
    <ele>4.7</ele>
    <time>2024-08-28T17:06:31Z</time>
   </trkpt>
   <trkpt lat="46.1581640" lon="-1.1521130">
    <ele>4.7</ele>
    <time>2024-08-28T17:06:32Z</time>
   </trkpt>
   <trkpt lat="46.1581660" lon="-1.1520700">
    <ele>4.7</ele>
    <time>2024-08-28T17:06:33Z</time>
   </trkpt>
   <trkpt lat="46.1581650" lon="-1.1520090">
    <ele>4.7</ele>
    <time>2024-08-28T17:06:34Z</time>
   </trkpt>
   <trkpt lat="46.1581640" lon="-1.1519870">
    <ele>4.7</ele>
    <time>2024-08-28T17:06:35Z</time>
   </trkpt>
   <trkpt lat="46.1581670" lon="-1.1519380">
    <ele>4.7</ele>
    <time>2024-08-28T17:06:36Z</time>
   </trkpt>
   <trkpt lat="46.1581720" lon="-1.1518890">
    <ele>4.7</ele>
    <time>2024-08-28T17:06:37Z</time>
   </trkpt>
   <trkpt lat="46.1581740" lon="-1.1518440">
    <ele>4.7</ele>
    <time>2024-08-28T17:06:38Z</time>
   </trkpt>
   <trkpt lat="46.1581760" lon="-1.1517930">
    <ele>4.6</ele>
    <time>2024-08-28T17:06:39Z</time>
   </trkpt>
   <trkpt lat="46.1581780" lon="-1.1517390">
    <ele>4.6</ele>
    <time>2024-08-28T17:06:40Z</time>
   </trkpt>
   <trkpt lat="46.1581800" lon="-1.1516890">
    <ele>4.6</ele>
    <time>2024-08-28T17:06:41Z</time>
   </trkpt>
   <trkpt lat="46.1581790" lon="-1.1516440">
    <ele>4.6</ele>
    <time>2024-08-28T17:06:42Z</time>
   </trkpt>
   <trkpt lat="46.1581760" lon="-1.1516000">
    <ele>4.6</ele>
    <time>2024-08-28T17:06:43Z</time>
   </trkpt>
   <trkpt lat="46.1581720" lon="-1.1515590">
    <ele>4.6</ele>
    <time>2024-08-28T17:06:44Z</time>
   </trkpt>
   <trkpt lat="46.1581710" lon="-1.1515030">
    <ele>4.6</ele>
    <time>2024-08-28T17:06:45Z</time>
   </trkpt>
   <trkpt lat="46.1581720" lon="-1.1514830">
    <ele>4.6</ele>
    <time>2024-08-28T17:06:46Z</time>
   </trkpt>
   <trkpt lat="46.1581730" lon="-1.1514270">
    <ele>4.6</ele>
    <time>2024-08-28T17:06:47Z</time>
   </trkpt>
   <trkpt lat="46.1581730" lon="-1.1514070">
    <ele>4.6</ele>
    <time>2024-08-28T17:06:48Z</time>
   </trkpt>
   <trkpt lat="46.1581730" lon="-1.1513600">
    <ele>4.6</ele>
    <time>2024-08-28T17:06:49Z</time>
   </trkpt>
   <trkpt lat="46.1581750" lon="-1.1513150">
    <ele>4.6</ele>
    <time>2024-08-28T17:06:50Z</time>
   </trkpt>
   <trkpt lat="46.1581780" lon="-1.1512720">
    <ele>4.6</ele>
    <time>2024-08-28T17:06:51Z</time>
   </trkpt>
   <trkpt lat="46.1581780" lon="-1.1512270">
    <ele>4.6</ele>
    <time>2024-08-28T17:06:52Z</time>
   </trkpt>
   <trkpt lat="46.1581810" lon="-1.1511750">
    <ele>4.6</ele>
    <time>2024-08-28T17:06:53Z</time>
   </trkpt>
   <trkpt lat="46.1581860" lon="-1.1511190">
    <ele>4.9</ele>
    <time>2024-08-28T17:06:54Z</time>
   </trkpt>
   <trkpt lat="46.1582000" lon="-1.1510670">
    <ele>4.9</ele>
    <time>2024-08-28T17:06:55Z</time>
   </trkpt>
   <trkpt lat="46.1582180" lon="-1.1510220">
    <ele>5.0</ele>
    <time>2024-08-28T17:06:56Z</time>
   </trkpt>
   <trkpt lat="46.1582430" lon="-1.1509850">
    <ele>5.0</ele>
    <time>2024-08-28T17:06:57Z</time>
   </trkpt>
   <trkpt lat="46.1582720" lon="-1.1509590">
    <ele>5.0</ele>
    <time>2024-08-28T17:06:58Z</time>
   </trkpt>
   <trkpt lat="46.1583010" lon="-1.1509350">
    <ele>5.1</ele>
    <time>2024-08-28T17:06:59Z</time>
   </trkpt>
   <trkpt lat="46.1583280" lon="-1.1509150">
    <ele>5.1</ele>
    <time>2024-08-28T17:07:00Z</time>
   </trkpt>
   <trkpt lat="46.1583530" lon="-1.1508960">
    <ele>5.2</ele>
    <time>2024-08-28T17:07:01Z</time>
   </trkpt>
   <trkpt lat="46.1583820" lon="-1.1508770">
    <ele>5.2</ele>
    <time>2024-08-28T17:07:02Z</time>
   </trkpt>
   <trkpt lat="46.1584150" lon="-1.1508560">
    <ele>5.3</ele>
    <time>2024-08-28T17:07:03Z</time>
   </trkpt>
   <trkpt lat="46.1584450" lon="-1.1508340">
    <ele>5.3</ele>
    <time>2024-08-28T17:07:04Z</time>
   </trkpt>
   <trkpt lat="46.1584720" lon="-1.1508060">
    <ele>5.4</ele>
    <time>2024-08-28T17:07:05Z</time>
   </trkpt>
   <trkpt lat="46.1584990" lon="-1.1507770">
    <ele>5.4</ele>
    <time>2024-08-28T17:07:06Z</time>
   </trkpt>
   <trkpt lat="46.1585260" lon="-1.1507460">
    <ele>5.4</ele>
    <time>2024-08-28T17:07:07Z</time>
   </trkpt>
   <trkpt lat="46.1585460" lon="-1.1507090">
    <ele>5.4</ele>
    <time>2024-08-28T17:07:08Z</time>
   </trkpt>
   <trkpt lat="46.1585650" lon="-1.1506700">
    <ele>5.4</ele>
    <time>2024-08-28T17:07:09Z</time>
   </trkpt>
   <trkpt lat="46.1585840" lon="-1.1506340">
    <ele>5.4</ele>
    <time>2024-08-28T17:07:10Z</time>
   </trkpt>
   <trkpt lat="46.1586040" lon="-1.1506040">
    <ele>5.5</ele>
    <time>2024-08-28T17:07:11Z</time>
   </trkpt>
   <trkpt lat="46.1586270" lon="-1.1505780">
    <ele>5.5</ele>
    <time>2024-08-28T17:07:12Z</time>
   </trkpt>
   <trkpt lat="46.1586510" lon="-1.1505510">
    <ele>5.7</ele>
    <time>2024-08-28T17:07:13Z</time>
   </trkpt>
   <trkpt lat="46.1586740" lon="-1.1505300">
    <ele>5.9</ele>
    <time>2024-08-28T17:07:14Z</time>
   </trkpt>
   <trkpt lat="46.1587070" lon="-1.1505370">
    <ele>6.0</ele>
    <time>2024-08-28T17:07:15Z</time>
   </trkpt>
   <trkpt lat="46.1587170" lon="-1.1505450">
    <ele>6.0</ele>
    <time>2024-08-28T17:07:16Z</time>
   </trkpt>
   <trkpt lat="46.1587410" lon="-1.1505870">
    <ele>6.2</ele>
    <time>2024-08-28T17:07:17Z</time>
   </trkpt>
   <trkpt lat="46.1587500" lon="-1.1506020">
    <ele>6.2</ele>
    <time>2024-08-28T17:07:18Z</time>
   </trkpt>
   <trkpt lat="46.1587660" lon="-1.1506400">
    <ele>6.3</ele>
    <time>2024-08-28T17:07:19Z</time>
   </trkpt>
   <trkpt lat="46.1587880" lon="-1.1506830">
    <ele>6.5</ele>
    <time>2024-08-28T17:07:20Z</time>
   </trkpt>
   <trkpt lat="46.1587950" lon="-1.1506960">
    <ele>6.5</ele>
    <time>2024-08-28T17:07:21Z</time>
   </trkpt>
   <trkpt lat="46.1588160" lon="-1.1507330">
    <ele>6.6</ele>
    <time>2024-08-28T17:07:22Z</time>
   </trkpt>
   <trkpt lat="46.1588280" lon="-1.1507700">
    <ele>6.6</ele>
    <time>2024-08-28T17:07:23Z</time>
   </trkpt>
   <trkpt lat="46.1588390" lon="-1.1508050">
    <ele>6.6</ele>
    <time>2024-08-28T17:07:24Z</time>
   </trkpt>
   <trkpt lat="46.1588460" lon="-1.1508490">
    <ele>6.7</ele>
    <time>2024-08-28T17:07:25Z</time>
   </trkpt>
   <trkpt lat="46.1588550" lon="-1.1508860">
    <ele>6.7</ele>
    <time>2024-08-28T17:07:26Z</time>
   </trkpt>
   <trkpt lat="46.1588710" lon="-1.1509290">
    <ele>6.7</ele>
    <time>2024-08-28T17:07:27Z</time>
   </trkpt>
   <trkpt lat="46.1588760" lon="-1.1509420">
    <ele>6.7</ele>
    <time>2024-08-28T17:07:28Z</time>
   </trkpt>
   <trkpt lat="46.1589000" lon="-1.1509880">
    <ele>6.8</ele>
    <time>2024-08-28T17:07:29Z</time>
   </trkpt>
   <trkpt lat="46.1589090" lon="-1.1510060">
    <ele>6.8</ele>
    <time>2024-08-28T17:07:30Z</time>
   </trkpt>
   <trkpt lat="46.1589120" lon="-1.1510620">
    <ele>6.8</ele>
    <time>2024-08-28T17:07:31Z</time>
   </trkpt>
   <trkpt lat="46.1588990" lon="-1.1511210">
    <ele>6.9</ele>
    <time>2024-08-28T17:07:32Z</time>
   </trkpt>
   <trkpt lat="46.1588780" lon="-1.1511760">
    <ele>6.9</ele>
    <time>2024-08-28T17:07:33Z</time>
   </trkpt>
   <trkpt lat="46.1588500" lon="-1.1512260">
    <ele>7.0</ele>
    <time>2024-08-28T17:07:34Z</time>
   </trkpt>
   <trkpt lat="46.1588310" lon="-1.1512690">
    <ele>7.0</ele>
    <time>2024-08-28T17:07:35Z</time>
   </trkpt>
   <trkpt lat="46.1588170" lon="-1.1513050">
    <ele>7.1</ele>
    <time>2024-08-28T17:07:36Z</time>
   </trkpt>
   <trkpt lat="46.1588090" lon="-1.1513440">
    <ele>7.1</ele>
    <time>2024-08-28T17:07:37Z</time>
   </trkpt>
   <trkpt lat="46.1588040" lon="-1.1513850">
    <ele>7.2</ele>
    <time>2024-08-28T17:07:38Z</time>
   </trkpt>
   <trkpt lat="46.1588160" lon="-1.1514420">
    <ele>7.3</ele>
    <time>2024-08-28T17:07:39Z</time>
   </trkpt>
   <trkpt lat="46.1588280" lon="-1.1514610">
    <ele>7.4</ele>
    <time>2024-08-28T17:07:40Z</time>
   </trkpt>
   <trkpt lat="46.1588610" lon="-1.1514890">
    <ele>7.6</ele>
    <time>2024-08-28T17:07:41Z</time>
   </trkpt>
   <trkpt lat="46.1589000" lon="-1.1515010">
    <ele>7.8</ele>
    <time>2024-08-28T17:07:42Z</time>
   </trkpt>
   <trkpt lat="46.1589440" lon="-1.1515010">
    <ele>8.1</ele>
    <time>2024-08-28T17:07:43Z</time>
   </trkpt>
   <trkpt lat="46.1589940" lon="-1.1514870">
    <ele>8.2</ele>
    <time>2024-08-28T17:07:44Z</time>
   </trkpt>
   <trkpt lat="46.1590320" lon="-1.1514630">
    <ele>8.3</ele>
    <time>2024-08-28T17:07:45Z</time>
   </trkpt>
   <trkpt lat="46.1590690" lon="-1.1514380">
    <ele>8.4</ele>
    <time>2024-08-28T17:07:46Z</time>
   </trkpt>
   <trkpt lat="46.1591060" lon="-1.1514190">
    <ele>8.4</ele>
    <time>2024-08-28T17:07:47Z</time>
   </trkpt>
   <trkpt lat="46.1591370" lon="-1.1513900">
    <ele>8.4</ele>
    <time>2024-08-28T17:07:48Z</time>
   </trkpt>
   <trkpt lat="46.1591680" lon="-1.1513590">
    <ele>8.4</ele>
    <time>2024-08-28T17:07:49Z</time>
   </trkpt>
   <trkpt lat="46.1591950" lon="-1.1513220">
    <ele>8.4</ele>
    <time>2024-08-28T17:07:50Z</time>
   </trkpt>
   <trkpt lat="46.1592190" lon="-1.1512830">
    <ele>8.4</ele>
    <time>2024-08-28T17:07:51Z</time>
   </trkpt>
   <trkpt lat="46.1592370" lon="-1.1512380">
    <ele>8.4</ele>
    <time>2024-08-28T17:07:52Z</time>
   </trkpt>
   <trkpt lat="46.1592520" lon="-1.1512010">
    <ele>8.4</ele>
    <time>2024-08-28T17:07:53Z</time>
   </trkpt>
   <trkpt lat="46.1592690" lon="-1.1511460">
    <ele>8.4</ele>
    <time>2024-08-28T17:07:54Z</time>
   </trkpt>
   <trkpt lat="46.1592750" lon="-1.1511250">
    <ele>8.4</ele>
    <time>2024-08-28T17:07:55Z</time>
   </trkpt>
   <trkpt lat="46.1592810" lon="-1.1510760">
    <ele>8.3</ele>
    <time>2024-08-28T17:07:56Z</time>
   </trkpt>
   <trkpt lat="46.1592770" lon="-1.1510500">
    <ele>8.3</ele>
    <time>2024-08-28T17:07:57Z</time>
   </trkpt>
   <trkpt lat="46.1592730" lon="-1.1510340">
    <ele>8.3</ele>
    <time>2024-08-28T17:07:58Z</time>
   </trkpt>
   <trkpt lat="46.1592790" lon="-1.1510020">
    <ele>8.3</ele>
    <time>2024-08-28T17:07:59Z</time>
   </trkpt>
   <trkpt lat="46.1592860" lon="-1.1509860">
    <ele>8.3</ele>
    <time>2024-08-28T17:08:00Z</time>
   </trkpt>
   <trkpt lat="46.1592930" lon="-1.1509690">
    <ele>8.2</ele>
    <time>2024-08-28T17:08:01Z</time>
   </trkpt>
   <trkpt lat="46.1593100" lon="-1.1509370">
    <ele>8.2</ele>
    <time>2024-08-28T17:08:02Z</time>
   </trkpt>
   <trkpt lat="46.1593370" lon="-1.1509020">
    <ele>8.1</ele>
    <time>2024-08-28T17:08:03Z</time>
   </trkpt>
   <trkpt lat="46.1593640" lon="-1.1508640">
    <ele>8.1</ele>
    <time>2024-08-28T17:08:04Z</time>
   </trkpt>
   <trkpt lat="46.1594070" lon="-1.1508300">
    <ele>8.0</ele>
    <time>2024-08-28T17:08:05Z</time>
   </trkpt>
   <trkpt lat="46.1594440" lon="-1.1507840">
    <ele>7.9</ele>
    <time>2024-08-28T17:08:06Z</time>
   </trkpt>
   <trkpt lat="46.1594780" lon="-1.1507460">
    <ele>7.8</ele>
    <time>2024-08-28T17:08:07Z</time>
   </trkpt>
   <trkpt lat="46.1595030" lon="-1.1506970">
    <ele>7.7</ele>
    <time>2024-08-28T17:08:08Z</time>
   </trkpt>
   <trkpt lat="46.1595270" lon="-1.1506320">
    <ele>7.6</ele>
    <time>2024-08-28T17:08:09Z</time>
   </trkpt>
   <trkpt lat="46.1595450" lon="-1.1505970">
    <ele>7.6</ele>
    <time>2024-08-28T17:08:10Z</time>
   </trkpt>
   <trkpt lat="46.1595680" lon="-1.1505920">
    <ele>7.5</ele>
    <time>2024-08-28T17:08:11Z</time>
   </trkpt>
   <trkpt lat="46.1595800" lon="-1.1506030">
    <ele>7.5</ele>
    <time>2024-08-28T17:08:12Z</time>
   </trkpt>
   <trkpt lat="46.1595960" lon="-1.1506380">
    <ele>7.5</ele>
    <time>2024-08-28T17:08:13Z</time>
   </trkpt>
   <trkpt lat="46.1596050" lon="-1.1506500">
    <ele>7.6</ele>
    <time>2024-08-28T17:08:14Z</time>
   </trkpt>
   <trkpt lat="46.1596250" lon="-1.1506760">
    <ele>7.6</ele>
    <time>2024-08-28T17:08:15Z</time>
   </trkpt>
   <trkpt lat="46.1596480" lon="-1.1507110">
    <ele>7.7</ele>
    <time>2024-08-28T17:08:16Z</time>
   </trkpt>
   <trkpt lat="46.1596540" lon="-1.1507220">
    <ele>7.7</ele>
    <time>2024-08-28T17:08:17Z</time>
   </trkpt>
   <trkpt lat="46.1596780" lon="-1.1507640">
    <ele>7.8</ele>
    <time>2024-08-28T17:08:18Z</time>
   </trkpt>
   <trkpt lat="46.1596880" lon="-1.1507790">
    <ele>7.8</ele>
    <time>2024-08-28T17:08:19Z</time>
   </trkpt>
   <trkpt lat="46.1597090" lon="-1.1508060">
    <ele>7.9</ele>
    <time>2024-08-28T17:08:20Z</time>
   </trkpt>
   <trkpt lat="46.1597360" lon="-1.1508440">
    <ele>8.0</ele>
    <time>2024-08-28T17:08:21Z</time>
   </trkpt>
   <trkpt lat="46.1597450" lon="-1.1508560">
    <ele>8.0</ele>
    <time>2024-08-28T17:08:22Z</time>
   </trkpt>
   <trkpt lat="46.1597680" lon="-1.1508960">
    <ele>8.1</ele>
    <time>2024-08-28T17:08:23Z</time>
   </trkpt>
   <trkpt lat="46.1597760" lon="-1.1509100">
    <ele>8.1</ele>
    <time>2024-08-28T17:08:24Z</time>
   </trkpt>
   <trkpt lat="46.1597960" lon="-1.1509570">
    <ele>8.2</ele>
    <time>2024-08-28T17:08:25Z</time>
   </trkpt>
   <trkpt lat="46.1598020" lon="-1.1509750">
    <ele>8.2</ele>
    <time>2024-08-28T17:08:26Z</time>
   </trkpt>
   <trkpt lat="46.1598130" lon="-1.1510140">
    <ele>8.3</ele>
    <time>2024-08-28T17:08:27Z</time>
   </trkpt>
   <trkpt lat="46.1598220" lon="-1.1510510">
    <ele>8.4</ele>
    <time>2024-08-28T17:08:28Z</time>
   </trkpt>
   <trkpt lat="46.1598380" lon="-1.1511030">
    <ele>8.4</ele>
    <time>2024-08-28T17:08:29Z</time>
   </trkpt>
   <trkpt lat="46.1598440" lon="-1.1511210">
    <ele>8.5</ele>
    <time>2024-08-28T17:08:30Z</time>
   </trkpt>
   <trkpt lat="46.1598570" lon="-1.1511570">
    <ele>8.5</ele>
    <time>2024-08-28T17:08:31Z</time>
   </trkpt>
   <trkpt lat="46.1598660" lon="-1.1511970">
    <ele>8.6</ele>
    <time>2024-08-28T17:08:32Z</time>
   </trkpt>
   <trkpt lat="46.1598770" lon="-1.1512360">
    <ele>8.6</ele>
    <time>2024-08-28T17:08:33Z</time>
   </trkpt>
   <trkpt lat="46.1598860" lon="-1.1512740">
    <ele>8.7</ele>
    <time>2024-08-28T17:08:34Z</time>
   </trkpt>
   <trkpt lat="46.1598990" lon="-1.1513150">
    <ele>8.7</ele>
    <time>2024-08-28T17:08:35Z</time>
   </trkpt>
   <trkpt lat="46.1599070" lon="-1.1513610">
    <ele>8.8</ele>
    <time>2024-08-28T17:08:36Z</time>
   </trkpt>
   <trkpt lat="46.1599100" lon="-1.1514120">
    <ele>8.8</ele>
    <time>2024-08-28T17:08:37Z</time>
   </trkpt>
   <trkpt lat="46.1599100" lon="-1.1514570">
    <ele>8.8</ele>
    <time>2024-08-28T17:08:38Z</time>
   </trkpt>
   <trkpt lat="46.1599180" lon="-1.1515160">
    <ele>8.8</ele>
    <time>2024-08-28T17:08:39Z</time>
   </trkpt>
   <trkpt lat="46.1599240" lon="-1.1515370">
    <ele>8.9</ele>
    <time>2024-08-28T17:08:40Z</time>
   </trkpt>
   <trkpt lat="46.1599440" lon="-1.1515790">
    <ele>8.9</ele>
    <time>2024-08-28T17:08:41Z</time>
   </trkpt>
   <trkpt lat="46.1599670" lon="-1.1516210">
    <ele>8.9</ele>
    <time>2024-08-28T17:08:42Z</time>
   </trkpt>
   <trkpt lat="46.1599830" lon="-1.1516560">
    <ele>8.9</ele>
    <time>2024-08-28T17:08:43Z</time>
   </trkpt>
   <trkpt lat="46.1600040" lon="-1.1517010">
    <ele>8.9</ele>
    <time>2024-08-28T17:08:44Z</time>
   </trkpt>
   <trkpt lat="46.1600100" lon="-1.1517170">
    <ele>8.9</ele>
    <time>2024-08-28T17:08:45Z</time>
   </trkpt>
   <trkpt lat="46.1600330" lon="-1.1517570">
    <ele>8.9</ele>
    <time>2024-08-28T17:08:46Z</time>
   </trkpt>
   <trkpt lat="46.1600400" lon="-1.1517710">
    <ele>8.9</ele>
    <time>2024-08-28T17:08:47Z</time>
   </trkpt>
   <trkpt lat="46.1600430" lon="-1.1518180">
    <ele>9.0</ele>
    <time>2024-08-28T17:08:48Z</time>
   </trkpt>
   <trkpt lat="46.1600430" lon="-1.1518360">
    <ele>9.0</ele>
    <time>2024-08-28T17:08:49Z</time>
   </trkpt>
   <trkpt lat="46.1600270" lon="-1.1518850">
    <ele>9.0</ele>
    <time>2024-08-28T17:08:50Z</time>
   </trkpt>
   <trkpt lat="46.1600210" lon="-1.1519020">
    <ele>9.0</ele>
    <time>2024-08-28T17:08:51Z</time>
   </trkpt>
   <trkpt lat="46.1600110" lon="-1.1519410">
    <ele>9.0</ele>
    <time>2024-08-28T17:08:52Z</time>
   </trkpt>
   <trkpt lat="46.1600110" lon="-1.1519960">
    <ele>9.0</ele>
    <time>2024-08-28T17:08:53Z</time>
   </trkpt>
   <trkpt lat="46.1600140" lon="-1.1520160">
    <ele>9.0</ele>
    <time>2024-08-28T17:08:54Z</time>
   </trkpt>
   <trkpt lat="46.1600210" lon="-1.1520530">
    <ele>9.0</ele>
    <time>2024-08-28T17:08:55Z</time>
   </trkpt>
   <trkpt lat="46.1600330" lon="-1.1520900">
    <ele>9.0</ele>
    <time>2024-08-28T17:08:56Z</time>
   </trkpt>
   <trkpt lat="46.1600530" lon="-1.1521380">
    <ele>9.1</ele>
    <time>2024-08-28T17:08:57Z</time>
   </trkpt>
   <trkpt lat="46.1600590" lon="-1.1521520">
    <ele>9.1</ele>
    <time>2024-08-28T17:08:58Z</time>
   </trkpt>
   <trkpt lat="46.1600710" lon="-1.1522010">
    <ele>9.1</ele>
    <time>2024-08-28T17:08:59Z</time>
   </trkpt>
   <trkpt lat="46.1600730" lon="-1.1522180">
    <ele>9.1</ele>
    <time>2024-08-28T17:09:00Z</time>
   </trkpt>
   <trkpt lat="46.1600760" lon="-1.1522710">
    <ele>9.1</ele>
    <time>2024-08-28T17:09:01Z</time>
   </trkpt>
   <trkpt lat="46.1600770" lon="-1.1522880">
    <ele>9.1</ele>
    <time>2024-08-28T17:09:02Z</time>
   </trkpt>
   <trkpt lat="46.1600830" lon="-1.1523410">
    <ele>9.1</ele>
    <time>2024-08-28T17:09:03Z</time>
   </trkpt>
   <trkpt lat="46.1600870" lon="-1.1523570">
    <ele>9.2</ele>
    <time>2024-08-28T17:09:04Z</time>
   </trkpt>
   <trkpt lat="46.1600980" lon="-1.1524060">
    <ele>9.2</ele>
    <time>2024-08-28T17:09:05Z</time>
   </trkpt>
   <trkpt lat="46.1601030" lon="-1.1524230">
    <ele>9.2</ele>
    <time>2024-08-28T17:09:06Z</time>
   </trkpt>
   <trkpt lat="46.1601100" lon="-1.1524610">
    <ele>9.2</ele>
    <time>2024-08-28T17:09:07Z</time>
   </trkpt>
   <trkpt lat="46.1601170" lon="-1.1524990">
    <ele>9.2</ele>
    <time>2024-08-28T17:09:08Z</time>
   </trkpt>
   <trkpt lat="46.1601260" lon="-1.1525550">
    <ele>9.2</ele>
    <time>2024-08-28T17:09:09Z</time>
   </trkpt>
   <trkpt lat="46.1601280" lon="-1.1525740">
    <ele>9.2</ele>
    <time>2024-08-28T17:09:10Z</time>
   </trkpt>
   <trkpt lat="46.1601330" lon="-1.1526110">
    <ele>9.2</ele>
    <time>2024-08-28T17:09:11Z</time>
   </trkpt>
   <trkpt lat="46.1601330" lon="-1.1526110">
    <ele>9.2</ele>
    <time>2024-08-28T17:09:12Z</time>
   </trkpt>
   <trkpt lat="46.1601330" lon="-1.1526110">
    <ele>9.2</ele>
    <time>2024-08-28T17:09:13Z</time>
   </trkpt>
   <trkpt lat="46.1601330" lon="-1.1526110">
    <ele>9.2</ele>
    <time>2024-08-28T17:09:14Z</time>
   </trkpt>
   <trkpt lat="46.1601330" lon="-1.1526110">
    <ele>9.2</ele>
    <time>2024-08-28T17:09:15Z</time>
   </trkpt>
   <trkpt lat="46.1601330" lon="-1.1526110">
    <ele>9.2</ele>
    <time>2024-08-28T17:09:16Z</time>
   </trkpt>
   <trkpt lat="46.1601330" lon="-1.1526110">
    <ele>9.2</ele>
    <time>2024-08-28T17:09:17Z</time>
   </trkpt>
   <trkpt lat="46.1601600" lon="-1.1525960">
    <ele>9.1</ele>
    <time>2024-08-28T17:09:18Z</time>
   </trkpt>
   <trkpt lat="46.1601740" lon="-1.1525900">
    <ele>9.1</ele>
    <time>2024-08-28T17:09:19Z</time>
   </trkpt>
   <trkpt lat="46.1601940" lon="-1.1525830">
    <ele>9.1</ele>
    <time>2024-08-28T17:09:20Z</time>
   </trkpt>
   <trkpt lat="46.1602260" lon="-1.1525910">
    <ele>9.1</ele>
    <time>2024-08-28T17:09:21Z</time>
   </trkpt>
   <trkpt lat="46.1602400" lon="-1.1526060">
    <ele>9.1</ele>
    <time>2024-08-28T17:09:22Z</time>
   </trkpt>
   <trkpt lat="46.1602530" lon="-1.1526210">
    <ele>9.1</ele>
    <time>2024-08-28T17:09:23Z</time>
   </trkpt>
   <trkpt lat="46.1602730" lon="-1.1527210">
    <ele>9.0</ele>
    <time>2024-08-28T17:09:24Z</time>
   </trkpt>
   <trkpt lat="46.1602930" lon="-1.1528220">
    <ele>9.0</ele>
    <time>2024-08-28T17:09:25Z</time>
   </trkpt>
   <trkpt lat="46.1603140" lon="-1.1529220">
    <ele>8.9</ele>
    <time>2024-08-28T17:09:26Z</time>
   </trkpt>
   <trkpt lat="46.1603210" lon="-1.1529620">
    <ele>8.9</ele>
    <time>2024-08-28T17:09:27Z</time>
   </trkpt>
   <trkpt lat="46.1603220" lon="-1.1530320">
    <ele>8.8</ele>
    <time>2024-08-28T17:09:28Z</time>
   </trkpt>
   <trkpt lat="46.1603150" lon="-1.1530930">
    <ele>8.8</ele>
    <time>2024-08-28T17:09:29Z</time>
   </trkpt>
   <trkpt lat="46.1603180" lon="-1.1531590">
    <ele>8.7</ele>
    <time>2024-08-28T17:09:30Z</time>
   </trkpt>
   <trkpt lat="46.1603270" lon="-1.1532140">
    <ele>8.7</ele>
    <time>2024-08-28T17:09:31Z</time>
   </trkpt>
   <trkpt lat="46.1603470" lon="-1.1532570">
    <ele>8.7</ele>
    <time>2024-08-28T17:09:32Z</time>
   </trkpt>
   <trkpt lat="46.1603730" lon="-1.1532950">
    <ele>8.8</ele>
    <time>2024-08-28T17:09:33Z</time>
   </trkpt>
   <trkpt lat="46.1604010" lon="-1.1533300">
    <ele>8.8</ele>
    <time>2024-08-28T17:09:34Z</time>
   </trkpt>
   <trkpt lat="46.1604180" lon="-1.1533680">
    <ele>8.8</ele>
    <time>2024-08-28T17:09:35Z</time>
   </trkpt>
   <trkpt lat="46.1604380" lon="-1.1534000">
    <ele>8.9</ele>
    <time>2024-08-28T17:09:36Z</time>
   </trkpt>
   <trkpt lat="46.1604720" lon="-1.1534220">
    <ele>8.9</ele>
    <time>2024-08-28T17:09:37Z</time>
   </trkpt>
   <trkpt lat="46.1604830" lon="-1.1534270">
    <ele>8.9</ele>
    <time>2024-08-28T17:09:38Z</time>
   </trkpt>
   <trkpt lat="46.1605180" lon="-1.1534300">
    <ele>8.9</ele>
    <time>2024-08-28T17:09:39Z</time>
   </trkpt>
   <trkpt lat="46.1605300" lon="-1.1534250">
    <ele>9.0</ele>
    <time>2024-08-28T17:09:40Z</time>
   </trkpt>
   <trkpt lat="46.1605610" lon="-1.1534020">
    <ele>9.0</ele>
    <time>2024-08-28T17:09:41Z</time>
   </trkpt>
   <trkpt lat="46.1605910" lon="-1.1533760">
    <ele>9.0</ele>
    <time>2024-08-28T17:09:42Z</time>
   </trkpt>
   <trkpt lat="46.1606200" lon="-1.1533540">
    <ele>9.1</ele>
    <time>2024-08-28T17:09:43Z</time>
   </trkpt>
   <trkpt lat="46.1606400" lon="-1.1533250">
    <ele>9.1</ele>
    <time>2024-08-28T17:09:44Z</time>
   </trkpt>
   <trkpt lat="46.1606550" lon="-1.1532920">
    <ele>9.1</ele>
    <time>2024-08-28T17:09:45Z</time>
   </trkpt>
   <trkpt lat="46.1606710" lon="-1.1532420">
    <ele>9.1</ele>
    <time>2024-08-28T17:09:46Z</time>
   </trkpt>
   <trkpt lat="46.1606750" lon="-1.1532250">
    <ele>9.1</ele>
    <time>2024-08-28T17:09:47Z</time>
   </trkpt>
   <trkpt lat="46.1606960" lon="-1.1531980">
    <ele>9.2</ele>
    <time>2024-08-28T17:09:48Z</time>
   </trkpt>
   <trkpt lat="46.1607230" lon="-1.1531850">
    <ele>9.2</ele>
    <time>2024-08-28T17:09:49Z</time>
   </trkpt>
   <trkpt lat="46.1607540" lon="-1.1531800">
    <ele>9.2</ele>
    <time>2024-08-28T17:09:50Z</time>
   </trkpt>
   <trkpt lat="46.1607880" lon="-1.1531700">
    <ele>9.2</ele>
    <time>2024-08-28T17:09:51Z</time>
   </trkpt>
   <trkpt lat="46.1608260" lon="-1.1531630">
    <ele>9.2</ele>
    <time>2024-08-28T17:09:52Z</time>
   </trkpt>
   <trkpt lat="46.1608620" lon="-1.1531620">
    <ele>9.3</ele>
    <time>2024-08-28T17:09:53Z</time>
   </trkpt>
   <trkpt lat="46.1608950" lon="-1.1531660">
    <ele>9.3</ele>
    <time>2024-08-28T17:09:54Z</time>
   </trkpt>
   <trkpt lat="46.1609220" lon="-1.1531630">
    <ele>9.3</ele>
    <time>2024-08-28T17:09:55Z</time>
   </trkpt>
   <trkpt lat="46.1609510" lon="-1.1531540">
    <ele>9.3</ele>
    <time>2024-08-28T17:09:56Z</time>
   </trkpt>
   <trkpt lat="46.1609810" lon="-1.1531420">
    <ele>9.3</ele>
    <time>2024-08-28T17:09:57Z</time>
   </trkpt>
   <trkpt lat="46.1610090" lon="-1.1531250">
    <ele>9.3</ele>
    <time>2024-08-28T17:09:58Z</time>
   </trkpt>
   <trkpt lat="46.1610380" lon="-1.1531080">
    <ele>9.3</ele>
    <time>2024-08-28T17:09:59Z</time>
   </trkpt>
   <trkpt lat="46.1610660" lon="-1.1530920">
    <ele>9.4</ele>
    <time>2024-08-28T17:10:00Z</time>
   </trkpt>
   <trkpt lat="46.1610970" lon="-1.1530840">
    <ele>9.4</ele>
    <time>2024-08-28T17:10:01Z</time>
   </trkpt>
   <trkpt lat="46.1611260" lon="-1.1530720">
    <ele>9.4</ele>
    <time>2024-08-28T17:10:02Z</time>
   </trkpt>
   <trkpt lat="46.1611540" lon="-1.1530530">
    <ele>9.4</ele>
    <time>2024-08-28T17:10:03Z</time>
   </trkpt>
   <trkpt lat="46.1611780" lon="-1.1530330">
    <ele>9.4</ele>
    <time>2024-08-28T17:10:04Z</time>
   </trkpt>
   <trkpt lat="46.1612120" lon="-1.1530090">
    <ele>9.5</ele>
    <time>2024-08-28T17:10:05Z</time>
   </trkpt>
   <trkpt lat="46.1612240" lon="-1.1530020">
    <ele>9.5</ele>
    <time>2024-08-28T17:10:06Z</time>
   </trkpt>
   <trkpt lat="46.1612510" lon="-1.1529950">
    <ele>9.5</ele>
    <time>2024-08-28T17:10:07Z</time>
   </trkpt>
   <trkpt lat="46.1612830" lon="-1.1530020">
    <ele>9.5</ele>
    <time>2024-08-28T17:10:08Z</time>
   </trkpt>
   <trkpt lat="46.1613180" lon="-1.1530210">
    <ele>9.5</ele>
    <time>2024-08-28T17:10:09Z</time>
   </trkpt>
   <trkpt lat="46.1613520" lon="-1.1530390">
    <ele>9.6</ele>
    <time>2024-08-28T17:10:10Z</time>
   </trkpt>
   <trkpt lat="46.1613870" lon="-1.1530490">
    <ele>9.6</ele>
    <time>2024-08-28T17:10:11Z</time>
   </trkpt>
   <trkpt lat="46.1614240" lon="-1.1530550">
    <ele>9.6</ele>
    <time>2024-08-28T17:10:12Z</time>
   </trkpt>
   <trkpt lat="46.1614540" lon="-1.1530510">
    <ele>9.6</ele>
    <time>2024-08-28T17:10:13Z</time>
   </trkpt>
   <trkpt lat="46.1614880" lon="-1.1530410">
    <ele>9.7</ele>
    <time>2024-08-28T17:10:14Z</time>
   </trkpt>
   <trkpt lat="46.1614980" lon="-1.1530370">
    <ele>9.7</ele>
    <time>2024-08-28T17:10:15Z</time>
   </trkpt>
   <trkpt lat="46.1615320" lon="-1.1530300">
    <ele>9.7</ele>
    <time>2024-08-28T17:10:16Z</time>
   </trkpt>
   <trkpt lat="46.1615450" lon="-1.1530320">
    <ele>9.7</ele>
    <time>2024-08-28T17:10:17Z</time>
   </trkpt>
   <trkpt lat="46.1615710" lon="-1.1530410">
    <ele>9.7</ele>
    <time>2024-08-28T17:10:18Z</time>
   </trkpt>
   <trkpt lat="46.1615980" lon="-1.1530500">
    <ele>9.8</ele>
    <time>2024-08-28T17:10:19Z</time>
   </trkpt>
   <trkpt lat="46.1616270" lon="-1.1530310">
    <ele>9.8</ele>
    <time>2024-08-28T17:10:20Z</time>
   </trkpt>
   <trkpt lat="46.1616370" lon="-1.1530230">
    <ele>9.8</ele>
    <time>2024-08-28T17:10:21Z</time>
   </trkpt>
   <trkpt lat="46.1616700" lon="-1.1530010">
    <ele>9.8</ele>
    <time>2024-08-28T17:10:22Z</time>
   </trkpt>
   <trkpt lat="46.1616810" lon="-1.1529950">
    <ele>9.8</ele>
    <time>2024-08-28T17:10:23Z</time>
   </trkpt>
   <trkpt lat="46.1617140" lon="-1.1529780">
    <ele>9.8</ele>
    <time>2024-08-28T17:10:24Z</time>
   </trkpt>
   <trkpt lat="46.1617250" lon="-1.1529720">
    <ele>9.8</ele>
    <time>2024-08-28T17:10:25Z</time>
   </trkpt>
   <trkpt lat="46.1617580" lon="-1.1529580">
    <ele>9.9</ele>
    <time>2024-08-28T17:10:26Z</time>
   </trkpt>
   <trkpt lat="46.1617670" lon="-1.1529540">
    <ele>9.9</ele>
    <time>2024-08-28T17:10:27Z</time>
   </trkpt>
   <trkpt lat="46.1617920" lon="-1.1529340">
    <ele>9.9</ele>
    <time>2024-08-28T17:10:28Z</time>
   </trkpt>
   <trkpt lat="46.1618020" lon="-1.1529280">
    <ele>9.9</ele>
    <time>2024-08-28T17:10:29Z</time>
   </trkpt>
   <trkpt lat="46.1618170" lon="-1.1529270">
    <ele>9.9</ele>
    <time>2024-08-28T17:10:30Z</time>
   </trkpt>
   <trkpt lat="46.1618190" lon="-1.1529400">
    <ele>9.9</ele>
    <time>2024-08-28T17:10:31Z</time>
   </trkpt>
   <trkpt lat="46.1618220" lon="-1.1529540">
    <ele>9.9</ele>
    <time>2024-08-28T17:10:32Z</time>
   </trkpt>
   <trkpt lat="46.1618250" lon="-1.1529670">
    <ele>9.9</ele>
    <time>2024-08-28T17:10:33Z</time>
   </trkpt>
   <trkpt lat="46.1618280" lon="-1.1529800">
    <ele>9.9</ele>
    <time>2024-08-28T17:10:34Z</time>
   </trkpt>
   <trkpt lat="46.1618270" lon="-1.1530370">
    <ele>9.9</ele>
    <time>2024-08-28T17:10:35Z</time>
   </trkpt>
   <trkpt lat="46.1618270" lon="-1.1530560">
    <ele>9.9</ele>
    <time>2024-08-28T17:10:36Z</time>
   </trkpt>
   <trkpt lat="46.1618280" lon="-1.1530960">
    <ele>9.8</ele>
    <time>2024-08-28T17:10:37Z</time>
   </trkpt>
   <trkpt lat="46.1618280" lon="-1.1531640">
    <ele>9.8</ele>
    <time>2024-08-28T17:10:38Z</time>
   </trkpt>
   <trkpt lat="46.1618290" lon="-1.1532330">
    <ele>9.7</ele>
    <time>2024-08-28T17:10:39Z</time>
   </trkpt>
   <trkpt lat="46.1618320" lon="-1.1532960">
    <ele>9.6</ele>
    <time>2024-08-28T17:10:40Z</time>
   </trkpt>
   <trkpt lat="46.1618380" lon="-1.1533590">
    <ele>9.6</ele>
    <time>2024-08-28T17:10:41Z</time>
   </trkpt>
   <trkpt lat="46.1618460" lon="-1.1534210">
    <ele>9.5</ele>
    <time>2024-08-28T17:10:42Z</time>
   </trkpt>
   <trkpt lat="46.1618500" lon="-1.1534750">
    <ele>9.4</ele>
    <time>2024-08-28T17:10:43Z</time>
   </trkpt>
   <trkpt lat="46.1618540" lon="-1.1535210">
    <ele>9.3</ele>
    <time>2024-08-28T17:10:44Z</time>
   </trkpt>
   <trkpt lat="46.1618540" lon="-1.1535630">
    <ele>9.2</ele>
    <time>2024-08-28T17:10:45Z</time>
   </trkpt>
   <trkpt lat="46.1618540" lon="-1.1536080">
    <ele>9.2</ele>
    <time>2024-08-28T17:10:46Z</time>
   </trkpt>
   <trkpt lat="46.1618560" lon="-1.1536540">
    <ele>9.1</ele>
    <time>2024-08-28T17:10:47Z</time>
   </trkpt>
   <trkpt lat="46.1618630" lon="-1.1537000">
    <ele>9.0</ele>
    <time>2024-08-28T17:10:48Z</time>
   </trkpt>
   <trkpt lat="46.1618710" lon="-1.1537440">
    <ele>9.0</ele>
    <time>2024-08-28T17:10:49Z</time>
   </trkpt>
   <trkpt lat="46.1618850" lon="-1.1537880">
    <ele>8.9</ele>
    <time>2024-08-28T17:10:50Z</time>
   </trkpt>
   <trkpt lat="46.1618980" lon="-1.1538220">
    <ele>8.9</ele>
    <time>2024-08-28T17:10:51Z</time>
   </trkpt>
   <trkpt lat="46.1619150" lon="-1.1538710">
    <ele>8.8</ele>
    <time>2024-08-28T17:10:52Z</time>
   </trkpt>
   <trkpt lat="46.1619210" lon="-1.1538880">
    <ele>8.8</ele>
    <time>2024-08-28T17:10:53Z</time>
   </trkpt>
   <trkpt lat="46.1619310" lon="-1.1539240">
    <ele>8.7</ele>
    <time>2024-08-28T17:10:54Z</time>
   </trkpt>
   <trkpt lat="46.1619390" lon="-1.1539650">
    <ele>8.7</ele>
    <time>2024-08-28T17:10:55Z</time>
   </trkpt>
   <trkpt lat="46.1619520" lon="-1.1540080">
    <ele>8.6</ele>
    <time>2024-08-28T17:10:56Z</time>
   </trkpt>
   <trkpt lat="46.1619630" lon="-1.1540490">
    <ele>8.5</ele>
    <time>2024-08-28T17:10:57Z</time>
   </trkpt>
   <trkpt lat="46.1619730" lon="-1.1540920">
    <ele>8.5</ele>
    <time>2024-08-28T17:10:58Z</time>
   </trkpt>
   <trkpt lat="46.1619780" lon="-1.1541310">
    <ele>8.4</ele>
    <time>2024-08-28T17:10:59Z</time>
   </trkpt>
   <trkpt lat="46.1619830" lon="-1.1541740">
    <ele>8.3</ele>
    <time>2024-08-28T17:11:00Z</time>
   </trkpt>
   <trkpt lat="46.1619900" lon="-1.1542230">
    <ele>8.3</ele>
    <time>2024-08-28T17:11:01Z</time>
   </trkpt>
   <trkpt lat="46.1620020" lon="-1.1542770">
    <ele>8.2</ele>
    <time>2024-08-28T17:11:02Z</time>
   </trkpt>
   <trkpt lat="46.1620070" lon="-1.1542950">
    <ele>8.2</ele>
    <time>2024-08-28T17:11:03Z</time>
   </trkpt>
   <trkpt lat="46.1620160" lon="-1.1543540">
    <ele>8.1</ele>
    <time>2024-08-28T17:11:04Z</time>
   </trkpt>
   <trkpt lat="46.1620230" lon="-1.1544090">
    <ele>8.0</ele>
    <time>2024-08-28T17:11:05Z</time>
   </trkpt>
   <trkpt lat="46.1620260" lon="-1.1544540">
    <ele>8.0</ele>
    <time>2024-08-28T17:11:06Z</time>
   </trkpt>
   <trkpt lat="46.1620290" lon="-1.1545000">
    <ele>7.9</ele>
    <time>2024-08-28T17:11:07Z</time>
   </trkpt>
   <trkpt lat="46.1620310" lon="-1.1545430">
    <ele>7.9</ele>
    <time>2024-08-28T17:11:08Z</time>
   </trkpt>
   <trkpt lat="46.1620330" lon="-1.1545860">
    <ele>7.9</ele>
    <time>2024-08-28T17:11:09Z</time>
   </trkpt>
   <trkpt lat="46.1620370" lon="-1.1546320">
    <ele>7.8</ele>
    <time>2024-08-28T17:11:10Z</time>
   </trkpt>
   <trkpt lat="46.1620430" lon="-1.1546780">
    <ele>7.8</ele>
    <time>2024-08-28T17:11:12Z</time>
   </trkpt>
   <trkpt lat="46.1620490" lon="-1.1547200">
    <ele>7.7</ele>
    <time>2024-08-28T17:11:13Z</time>
   </trkpt>
   <trkpt lat="46.1620550" lon="-1.1547700">
    <ele>7.6</ele>
    <time>2024-08-28T17:11:14Z</time>
   </trkpt>
   <trkpt lat="46.1620590" lon="-1.1547860">
    <ele>7.6</ele>
    <time>2024-08-28T17:11:15Z</time>
   </trkpt>
   <trkpt lat="46.1620670" lon="-1.1548350">
    <ele>7.5</ele>
    <time>2024-08-28T17:11:16Z</time>
   </trkpt>
   <trkpt lat="46.1620690" lon="-1.1548510">
    <ele>7.5</ele>
    <time>2024-08-28T17:11:17Z</time>
   </trkpt>
   <trkpt lat="46.1620770" lon="-1.1549030">
    <ele>7.4</ele>
    <time>2024-08-28T17:11:18Z</time>
   </trkpt>
   <trkpt lat="46.1620790" lon="-1.1549210">
    <ele>7.4</ele>
    <time>2024-08-28T17:11:19Z</time>
   </trkpt>
   <trkpt lat="46.1620770" lon="-1.1549740">
    <ele>7.3</ele>
    <time>2024-08-28T17:11:20Z</time>
   </trkpt>
   <trkpt lat="46.1620750" lon="-1.1549910">
    <ele>7.3</ele>
    <time>2024-08-28T17:11:21Z</time>
   </trkpt>
   <trkpt lat="46.1620620" lon="-1.1550350">
    <ele>7.2</ele>
    <time>2024-08-28T17:11:22Z</time>
   </trkpt>
   <trkpt lat="46.1620550" lon="-1.1550510">
    <ele>7.2</ele>
    <time>2024-08-28T17:11:23Z</time>
   </trkpt>
   <trkpt lat="46.1620390" lon="-1.1550820">
    <ele>7.1</ele>
    <time>2024-08-28T17:11:24Z</time>
   </trkpt>
   <trkpt lat="46.1620160" lon="-1.1551170">
    <ele>7.0</ele>
    <time>2024-08-28T17:11:25Z</time>
   </trkpt>
   <trkpt lat="46.1620080" lon="-1.1551280">
    <ele>6.9</ele>
    <time>2024-08-28T17:11:26Z</time>
   </trkpt>
   <trkpt lat="46.1619790" lon="-1.1551560">
    <ele>6.9</ele>
    <time>2024-08-28T17:11:27Z</time>
   </trkpt>
   <trkpt lat="46.1619670" lon="-1.1551650">
    <ele>6.8</ele>
    <time>2024-08-28T17:11:28Z</time>
   </trkpt>
   <trkpt lat="46.1619410" lon="-1.1551820">
    <ele>6.8</ele>
    <time>2024-08-28T17:11:29Z</time>
   </trkpt>
   <trkpt lat="46.1619130" lon="-1.1551950">
    <ele>6.7</ele>
    <time>2024-08-28T17:11:30Z</time>
   </trkpt>
   <trkpt lat="46.1618860" lon="-1.1552100">
    <ele>6.6</ele>
    <time>2024-08-28T17:11:31Z</time>
   </trkpt>
   <trkpt lat="46.1618580" lon="-1.1552270">
    <ele>6.4</ele>
    <time>2024-08-28T17:11:32Z</time>
   </trkpt>
   <trkpt lat="46.1618320" lon="-1.1552450">
    <ele>6.3</ele>
    <time>2024-08-28T17:11:33Z</time>
   </trkpt>
   <trkpt lat="46.1618010" lon="-1.1552670">
    <ele>6.1</ele>
    <time>2024-08-28T17:11:34Z</time>
   </trkpt>
   <trkpt lat="46.1617910" lon="-1.1552740">
    <ele>6.1</ele>
    <time>2024-08-28T17:11:35Z</time>
   </trkpt>
   <trkpt lat="46.1617540" lon="-1.1552960">
    <ele>5.9</ele>
    <time>2024-08-28T17:11:36Z</time>
   </trkpt>
   <trkpt lat="46.1617400" lon="-1.1553070">
    <ele>5.8</ele>
    <time>2024-08-28T17:11:37Z</time>
   </trkpt>
   <trkpt lat="46.1617070" lon="-1.1553380">
    <ele>5.7</ele>
    <time>2024-08-28T17:11:38Z</time>
   </trkpt>
   <trkpt lat="46.1616780" lon="-1.1553730">
    <ele>5.5</ele>
    <time>2024-08-28T17:11:39Z</time>
   </trkpt>
   <trkpt lat="46.1616480" lon="-1.1554000">
    <ele>5.4</ele>
    <time>2024-08-28T17:11:40Z</time>
   </trkpt>
   <trkpt lat="46.1616220" lon="-1.1554180">
    <ele>5.4</ele>
    <time>2024-08-28T17:11:41Z</time>
   </trkpt>
   <trkpt lat="46.1615890" lon="-1.1554340">
    <ele>5.3</ele>
    <time>2024-08-28T17:11:42Z</time>
   </trkpt>
   <trkpt lat="46.1615790" lon="-1.1554370">
    <ele>5.3</ele>
    <time>2024-08-28T17:11:43Z</time>
   </trkpt>
   <trkpt lat="46.1615440" lon="-1.1554410">
    <ele>5.3</ele>
    <time>2024-08-28T17:11:44Z</time>
   </trkpt>
   <trkpt lat="46.1615320" lon="-1.1554420">
    <ele>5.3</ele>
    <time>2024-08-28T17:11:45Z</time>
   </trkpt>
   <trkpt lat="46.1614930" lon="-1.1554420">
    <ele>5.3</ele>
    <time>2024-08-28T17:11:46Z</time>
   </trkpt>
   <trkpt lat="46.1614800" lon="-1.1554440">
    <ele>5.3</ele>
    <time>2024-08-28T17:11:47Z</time>
   </trkpt>
   <trkpt lat="46.1614210" lon="-1.1554480">
    <ele>5.3</ele>
    <time>2024-08-28T17:11:48Z</time>
   </trkpt>
   <trkpt lat="46.1613900" lon="-1.1554450">
    <ele>5.4</ele>
    <time>2024-08-28T17:11:49Z</time>
   </trkpt>
   <trkpt lat="46.1613590" lon="-1.1554460">
    <ele>5.4</ele>
    <time>2024-08-28T17:11:50Z</time>
   </trkpt>
   <trkpt lat="46.1613290" lon="-1.1554460">
    <ele>5.4</ele>
    <time>2024-08-28T17:11:51Z</time>
   </trkpt>
   <trkpt lat="46.1612960" lon="-1.1554500">
    <ele>5.5</ele>
    <time>2024-08-28T17:11:52Z</time>
   </trkpt>
   <trkpt lat="46.1612660" lon="-1.1554560">
    <ele>5.5</ele>
    <time>2024-08-28T17:11:53Z</time>
   </trkpt>
   <trkpt lat="46.1612260" lon="-1.1554720">
    <ele>5.5</ele>
    <time>2024-08-28T17:11:54Z</time>
   </trkpt>
   <trkpt lat="46.1612120" lon="-1.1554730">
    <ele>5.5</ele>
    <time>2024-08-28T17:11:55Z</time>
   </trkpt>
   <trkpt lat="46.1611720" lon="-1.1554780">
    <ele>5.6</ele>
    <time>2024-08-28T17:11:56Z</time>
   </trkpt>
   <trkpt lat="46.1611600" lon="-1.1554770">
    <ele>5.6</ele>
    <time>2024-08-28T17:11:57Z</time>
   </trkpt>
   <trkpt lat="46.1611220" lon="-1.1554900">
    <ele>5.6</ele>
    <time>2024-08-28T17:11:58Z</time>
   </trkpt>
   <trkpt lat="46.1611090" lon="-1.1554970">
    <ele>5.6</ele>
    <time>2024-08-28T17:11:59Z</time>
   </trkpt>
   <trkpt lat="46.1610700" lon="-1.1555020">
    <ele>5.7</ele>
    <time>2024-08-28T17:12:00Z</time>
   </trkpt>
   <trkpt lat="46.1610570" lon="-1.1555040">
    <ele>5.7</ele>
    <time>2024-08-28T17:12:01Z</time>
   </trkpt>
   <trkpt lat="46.1610180" lon="-1.1555190">
    <ele>5.7</ele>
    <time>2024-08-28T17:12:02Z</time>
   </trkpt>
   <trkpt lat="46.1610050" lon="-1.1555250">
    <ele>5.7</ele>
    <time>2024-08-28T17:12:03Z</time>
   </trkpt>
   <trkpt lat="46.1609780" lon="-1.1555370">
    <ele>5.7</ele>
    <time>2024-08-28T17:12:04Z</time>
   </trkpt>
   <trkpt lat="46.1609410" lon="-1.1555480">
    <ele>5.8</ele>
    <time>2024-08-28T17:12:05Z</time>
   </trkpt>
   <trkpt lat="46.1609280" lon="-1.1555510">
    <ele>5.8</ele>
    <time>2024-08-28T17:12:06Z</time>
   </trkpt>
   <trkpt lat="46.1608890" lon="-1.1555570">
    <ele>5.8</ele>
    <time>2024-08-28T17:12:07Z</time>
   </trkpt>
   <trkpt lat="46.1608750" lon="-1.1555590">
    <ele>5.8</ele>
    <time>2024-08-28T17:12:08Z</time>
   </trkpt>
   <trkpt lat="46.1608470" lon="-1.1555580">
    <ele>5.9</ele>
    <time>2024-08-28T17:12:09Z</time>
   </trkpt>
   <trkpt lat="46.1608110" lon="-1.1555770">
    <ele>5.9</ele>
    <time>2024-08-28T17:12:10Z</time>
   </trkpt>
   <trkpt lat="46.1607990" lon="-1.1555820">
    <ele>5.9</ele>
    <time>2024-08-28T17:12:11Z</time>
   </trkpt>
   <trkpt lat="46.1607810" lon="-1.1556110">
    <ele>5.9</ele>
    <time>2024-08-28T17:12:12Z</time>
   </trkpt>
   <trkpt lat="46.1607590" lon="-1.1556430">
    <ele>6.0</ele>
    <time>2024-08-28T17:12:13Z</time>
   </trkpt>
   <trkpt lat="46.1607360" lon="-1.1556700">
    <ele>6.0</ele>
    <time>2024-08-28T17:12:14Z</time>
   </trkpt>
   <trkpt lat="46.1607050" lon="-1.1557090">
    <ele>6.0</ele>
    <time>2024-08-28T17:12:15Z</time>
   </trkpt>
   <trkpt lat="46.1606930" lon="-1.1557210">
    <ele>6.0</ele>
    <time>2024-08-28T17:12:16Z</time>
   </trkpt>
   <trkpt lat="46.1606650" lon="-1.1557460">
    <ele>6.0</ele>
    <time>2024-08-28T17:12:17Z</time>
   </trkpt>
   <trkpt lat="46.1606380" lon="-1.1557660">
    <ele>6.0</ele>
    <time>2024-08-28T17:12:18Z</time>
   </trkpt>
   <trkpt lat="46.1606120" lon="-1.1557810">
    <ele>6.0</ele>
    <time>2024-08-28T17:12:19Z</time>
   </trkpt>
   <trkpt lat="46.1605790" lon="-1.1558110">
    <ele>6.0</ele>
    <time>2024-08-28T17:12:20Z</time>
   </trkpt>
   <trkpt lat="46.1605690" lon="-1.1558240">
    <ele>6.0</ele>
    <time>2024-08-28T17:12:21Z</time>
   </trkpt>
   <trkpt lat="46.1605470" lon="-1.1558520">
    <ele>6.0</ele>
    <time>2024-08-28T17:12:22Z</time>
   </trkpt>
   <trkpt lat="46.1605220" lon="-1.1558780">
    <ele>6.0</ele>
    <time>2024-08-28T17:12:23Z</time>
   </trkpt>
   <trkpt lat="46.1604890" lon="-1.1559030">
    <ele>6.0</ele>
    <time>2024-08-28T17:12:24Z</time>
   </trkpt>
   <trkpt lat="46.1604770" lon="-1.1559080">
    <ele>6.0</ele>
    <time>2024-08-28T17:12:25Z</time>
   </trkpt>
   <trkpt lat="46.1604380" lon="-1.1559250">
    <ele>5.9</ele>
    <time>2024-08-28T17:12:26Z</time>
   </trkpt>
   <trkpt lat="46.1604240" lon="-1.1559300">
    <ele>5.9</ele>
    <time>2024-08-28T17:12:27Z</time>
   </trkpt>
   <trkpt lat="46.1603910" lon="-1.1559370">
    <ele>5.9</ele>
    <time>2024-08-28T17:12:28Z</time>
   </trkpt>
   <trkpt lat="46.1603570" lon="-1.1559460">
    <ele>5.9</ele>
    <time>2024-08-28T17:12:29Z</time>
   </trkpt>
   <trkpt lat="46.1603220" lon="-1.1559440">
    <ele>5.8</ele>
    <time>2024-08-28T17:12:30Z</time>
   </trkpt>
   <trkpt lat="46.1602880" lon="-1.1559470">
    <ele>5.8</ele>
    <time>2024-08-28T17:12:31Z</time>
   </trkpt>
   <trkpt lat="46.1602610" lon="-1.1559440">
    <ele>5.8</ele>
    <time>2024-08-28T17:12:32Z</time>
   </trkpt>
   <trkpt lat="46.1602250" lon="-1.1559420">
    <ele>5.7</ele>
    <time>2024-08-28T17:12:33Z</time>
   </trkpt>
   <trkpt lat="46.1602130" lon="-1.1559420">
    <ele>5.7</ele>
    <time>2024-08-28T17:12:34Z</time>
   </trkpt>
   <trkpt lat="46.1601930" lon="-1.1559360">
    <ele>5.7</ele>
    <time>2024-08-28T17:12:35Z</time>
   </trkpt>
   <trkpt lat="46.1601810" lon="-1.1559430">
    <ele>5.7</ele>
    <time>2024-08-28T17:12:36Z</time>
   </trkpt>
   <trkpt lat="46.1601710" lon="-1.1559540">
    <ele>5.7</ele>
    <time>2024-08-28T17:12:37Z</time>
   </trkpt>
   <trkpt lat="46.1601600" lon="-1.1559750">
    <ele>5.7</ele>
    <time>2024-08-28T17:12:38Z</time>
   </trkpt>
   <trkpt lat="46.1601490" lon="-1.1559940">
    <ele>5.7</ele>
    <time>2024-08-28T17:12:39Z</time>
   </trkpt>
   <trkpt lat="46.1601420" lon="-1.1560150">
    <ele>5.6</ele>
    <time>2024-08-28T17:12:40Z</time>
   </trkpt>
   <trkpt lat="46.1601370" lon="-1.1560320">
    <ele>5.6</ele>
    <time>2024-08-28T17:12:41Z</time>
   </trkpt>
   <trkpt lat="46.1601370" lon="-1.1560540">
    <ele>5.6</ele>
    <time>2024-08-28T17:12:42Z</time>
   </trkpt>
   <trkpt lat="46.1601110" lon="-1.1560730">
    <ele>5.6</ele>
    <time>2024-08-28T17:12:43Z</time>
   </trkpt>
   <trkpt lat="46.1600840" lon="-1.1560950">
    <ele>5.6</ele>
    <time>2024-08-28T17:12:44Z</time>
   </trkpt>
   <trkpt lat="46.1600680" lon="-1.1561320">
    <ele>5.5</ele>
    <time>2024-08-28T17:12:45Z</time>
   </trkpt>
   <trkpt lat="46.1600680" lon="-1.1561470">
    <ele>5.5</ele>
    <time>2024-08-28T17:12:46Z</time>
   </trkpt>
   <trkpt lat="46.1600850" lon="-1.1561890">
    <ele>5.5</ele>
    <time>2024-08-28T17:12:47Z</time>
   </trkpt>
   <trkpt lat="46.1601120" lon="-1.1562330">
    <ele>5.5</ele>
    <time>2024-08-28T17:12:48Z</time>
   </trkpt>
   <trkpt lat="46.1601440" lon="-1.1562750">
    <ele>5.5</ele>
    <time>2024-08-28T17:12:49Z</time>
   </trkpt>
   <trkpt lat="46.1601720" lon="-1.1563180">
    <ele>5.5</ele>
    <time>2024-08-28T17:12:50Z</time>
   </trkpt>
   <trkpt lat="46.1601940" lon="-1.1563490">
    <ele>5.4</ele>
    <time>2024-08-28T17:12:51Z</time>
   </trkpt>
   <trkpt lat="46.1602160" lon="-1.1563770">
    <ele>5.4</ele>
    <time>2024-08-28T17:12:52Z</time>
   </trkpt>
   <trkpt lat="46.1602410" lon="-1.1564070">
    <ele>5.4</ele>
    <time>2024-08-28T17:12:53Z</time>
   </trkpt>
   <trkpt lat="46.1602670" lon="-1.1564370">
    <ele>5.4</ele>
    <time>2024-08-28T17:12:54Z</time>
   </trkpt>
   <trkpt lat="46.1602890" lon="-1.1564630">
    <ele>5.4</ele>
    <time>2024-08-28T17:12:55Z</time>
   </trkpt>
   <trkpt lat="46.1603070" lon="-1.1564930">
    <ele>5.3</ele>
    <time>2024-08-28T17:12:56Z</time>
   </trkpt>
   <trkpt lat="46.1603220" lon="-1.1565260">
    <ele>5.3</ele>
    <time>2024-08-28T17:12:57Z</time>
   </trkpt>
   <trkpt lat="46.1603370" lon="-1.1565640">
    <ele>5.3</ele>
    <time>2024-08-28T17:12:58Z</time>
   </trkpt>
   <trkpt lat="46.1603520" lon="-1.1566040">
    <ele>5.2</ele>
    <time>2024-08-28T17:12:59Z</time>
   </trkpt>
   <trkpt lat="46.1603680" lon="-1.1566450">
    <ele>5.2</ele>
    <time>2024-08-28T17:13:00Z</time>
   </trkpt>
   <trkpt lat="46.1603730" lon="-1.1566590">
    <ele>5.1</ele>
    <time>2024-08-28T17:13:01Z</time>
   </trkpt>
   <trkpt lat="46.1603900" lon="-1.1566910">
    <ele>5.1</ele>
    <time>2024-08-28T17:13:02Z</time>
   </trkpt>
   <trkpt lat="46.1604080" lon="-1.1567350">
    <ele>5.1</ele>
    <time>2024-08-28T17:13:03Z</time>
   </trkpt>
   <trkpt lat="46.1604250" lon="-1.1567800">
    <ele>5.0</ele>
    <time>2024-08-28T17:13:04Z</time>
   </trkpt>
   <trkpt lat="46.1604350" lon="-1.1568220">
    <ele>5.0</ele>
    <time>2024-08-28T17:13:05Z</time>
   </trkpt>
   <trkpt lat="46.1604410" lon="-1.1568690">
    <ele>4.9</ele>
    <time>2024-08-28T17:13:06Z</time>
   </trkpt>
   <trkpt lat="46.1604430" lon="-1.1569140">
    <ele>4.8</ele>
    <time>2024-08-28T17:13:07Z</time>
   </trkpt>
   <trkpt lat="46.1604450" lon="-1.1569580">
    <ele>4.8</ele>
    <time>2024-08-28T17:13:08Z</time>
   </trkpt>
   <trkpt lat="46.1604470" lon="-1.1569980">
    <ele>4.8</ele>
    <time>2024-08-28T17:13:09Z</time>
   </trkpt>
   <trkpt lat="46.1604490" lon="-1.1570450">
    <ele>4.8</ele>
    <time>2024-08-28T17:13:10Z</time>
   </trkpt>
   <trkpt lat="46.1604500" lon="-1.1570600">
    <ele>4.9</ele>
    <time>2024-08-28T17:13:11Z</time>
   </trkpt>
   <trkpt lat="46.1604550" lon="-1.1571180">
    <ele>4.9</ele>
    <time>2024-08-28T17:13:12Z</time>
   </trkpt>
   <trkpt lat="46.1604580" lon="-1.1571380">
    <ele>4.9</ele>
    <time>2024-08-28T17:13:13Z</time>
   </trkpt>
   <trkpt lat="46.1604580" lon="-1.1571890">
    <ele>4.9</ele>
    <time>2024-08-28T17:13:14Z</time>
   </trkpt>
   <trkpt lat="46.1604580" lon="-1.1572060">
    <ele>5.0</ele>
    <time>2024-08-28T17:13:15Z</time>
   </trkpt>
   <trkpt lat="46.1604560" lon="-1.1572640">
    <ele>5.0</ele>
    <time>2024-08-28T17:13:16Z</time>
   </trkpt>
   <trkpt lat="46.1604550" lon="-1.1572860">
    <ele>5.0</ele>
    <time>2024-08-28T17:13:17Z</time>
   </trkpt>
   <trkpt lat="46.1604560" lon="-1.1573300">
    <ele>5.0</ele>
    <time>2024-08-28T17:13:18Z</time>
   </trkpt>
   <trkpt lat="46.1604530" lon="-1.1573690">
    <ele>4.9</ele>
    <time>2024-08-28T17:13:19Z</time>
   </trkpt>
   <trkpt lat="46.1604490" lon="-1.1574090">
    <ele>4.9</ele>
    <time>2024-08-28T17:13:20Z</time>
   </trkpt>
   <trkpt lat="46.1604420" lon="-1.1574650">
    <ele>4.9</ele>
    <time>2024-08-28T17:13:21Z</time>
   </trkpt>
   <trkpt lat="46.1604380" lon="-1.1574830">
    <ele>4.9</ele>
    <time>2024-08-28T17:13:22Z</time>
   </trkpt>
   <trkpt lat="46.1604330" lon="-1.1575230">
    <ele>4.9</ele>
    <time>2024-08-28T17:13:23Z</time>
   </trkpt>
   <trkpt lat="46.1604240" lon="-1.1575650">
    <ele>4.8</ele>
    <time>2024-08-28T17:13:24Z</time>
   </trkpt>
   <trkpt lat="46.1604140" lon="-1.1576100">
    <ele>4.8</ele>
    <time>2024-08-28T17:13:25Z</time>
   </trkpt>
   <trkpt lat="46.1604060" lon="-1.1576560">
    <ele>4.8</ele>
    <time>2024-08-28T17:13:26Z</time>
   </trkpt>
   <trkpt lat="46.1603930" lon="-1.1576950">
    <ele>4.7</ele>
    <time>2024-08-28T17:13:27Z</time>
   </trkpt>
   <trkpt lat="46.1603780" lon="-1.1577290">
    <ele>4.7</ele>
    <time>2024-08-28T17:13:28Z</time>
   </trkpt>
   <trkpt lat="46.1603540" lon="-1.1577780">
    <ele>4.6</ele>
    <time>2024-08-28T17:13:29Z</time>
   </trkpt>
   <trkpt lat="46.1603460" lon="-1.1578000">
    <ele>4.6</ele>
    <time>2024-08-28T17:13:30Z</time>
   </trkpt>
   <trkpt lat="46.1603390" lon="-1.1578470">
    <ele>4.6</ele>
    <time>2024-08-28T17:13:31Z</time>
   </trkpt>
   <trkpt lat="46.1603300" lon="-1.1578890">
    <ele>4.5</ele>
    <time>2024-08-28T17:13:32Z</time>
   </trkpt>
   <trkpt lat="46.1603270" lon="-1.1579400">
    <ele>4.3</ele>
    <time>2024-08-28T17:13:33Z</time>
   </trkpt>
   <trkpt lat="46.1603240" lon="-1.1579870">
    <ele>4.2</ele>
    <time>2024-08-28T17:13:34Z</time>
   </trkpt>
   <trkpt lat="46.1603170" lon="-1.1580280">
    <ele>4.1</ele>
    <time>2024-08-28T17:13:35Z</time>
   </trkpt>
   <trkpt lat="46.1603060" lon="-1.1580660">
    <ele>4.0</ele>
    <time>2024-08-28T17:13:36Z</time>
   </trkpt>
   <trkpt lat="46.1602900" lon="-1.1581060">
    <ele>3.9</ele>
    <time>2024-08-28T17:13:37Z</time>
   </trkpt>
   <trkpt lat="46.1602850" lon="-1.1581210">
    <ele>3.8</ele>
    <time>2024-08-28T17:13:38Z</time>
   </trkpt>
   <trkpt lat="46.1602720" lon="-1.1581600">
    <ele>3.7</ele>
    <time>2024-08-28T17:13:39Z</time>
   </trkpt>
   <trkpt lat="46.1602610" lon="-1.1581990">
    <ele>3.6</ele>
    <time>2024-08-28T17:13:40Z</time>
   </trkpt>
   <trkpt lat="46.1602490" lon="-1.1582350">
    <ele>3.5</ele>
    <time>2024-08-28T17:13:41Z</time>
   </trkpt>
   <trkpt lat="46.1602270" lon="-1.1582790">
    <ele>3.4</ele>
    <time>2024-08-28T17:13:42Z</time>
   </trkpt>
   <trkpt lat="46.1602190" lon="-1.1582930">
    <ele>3.4</ele>
    <time>2024-08-28T17:13:43Z</time>
   </trkpt>
   <trkpt lat="46.1601960" lon="-1.1583230">
    <ele>3.4</ele>
    <time>2024-08-28T17:13:44Z</time>
   </trkpt>
   <trkpt lat="46.1601890" lon="-1.1583350">
    <ele>3.4</ele>
    <time>2024-08-28T17:13:45Z</time>
   </trkpt>
   <trkpt lat="46.1601770" lon="-1.1583830">
    <ele>3.3</ele>
    <time>2024-08-28T17:13:46Z</time>
   </trkpt>
   <trkpt lat="46.1601730" lon="-1.1584010">
    <ele>3.3</ele>
    <time>2024-08-28T17:13:47Z</time>
   </trkpt>
   <trkpt lat="46.1601640" lon="-1.1584450">
    <ele>3.3</ele>
    <time>2024-08-28T17:13:48Z</time>
   </trkpt>
   <trkpt lat="46.1601510" lon="-1.1584870">
    <ele>3.3</ele>
    <time>2024-08-28T17:13:49Z</time>
   </trkpt>
   <trkpt lat="46.1601340" lon="-1.1585220">
    <ele>3.3</ele>
    <time>2024-08-28T17:13:50Z</time>
   </trkpt>
   <trkpt lat="46.1601150" lon="-1.1585530">
    <ele>3.3</ele>
    <time>2024-08-28T17:13:51Z</time>
   </trkpt>
   <trkpt lat="46.1600900" lon="-1.1585940">
    <ele>3.2</ele>
    <time>2024-08-28T17:13:52Z</time>
   </trkpt>
   <trkpt lat="46.1600810" lon="-1.1586100">
    <ele>3.2</ele>
    <time>2024-08-28T17:13:53Z</time>
   </trkpt>
   <trkpt lat="46.1600650" lon="-1.1586440">
    <ele>3.2</ele>
    <time>2024-08-28T17:13:54Z</time>
   </trkpt>
   <trkpt lat="46.1600400" lon="-1.1586740">
    <ele>3.2</ele>
    <time>2024-08-28T17:13:55Z</time>
   </trkpt>
   <trkpt lat="46.1600310" lon="-1.1586810">
    <ele>3.2</ele>
    <time>2024-08-28T17:13:56Z</time>
   </trkpt>
   <trkpt lat="46.1599980" lon="-1.1587020">
    <ele>3.2</ele>
    <time>2024-08-28T17:13:57Z</time>
   </trkpt>
   <trkpt lat="46.1599870" lon="-1.1587100">
    <ele>3.2</ele>
    <time>2024-08-28T17:13:58Z</time>
   </trkpt>
   <trkpt lat="46.1599650" lon="-1.1587350">
    <ele>3.1</ele>
    <time>2024-08-28T17:13:59Z</time>
   </trkpt>
   <trkpt lat="46.1599470" lon="-1.1587660">
    <ele>3.1</ele>
    <time>2024-08-28T17:14:00Z</time>
   </trkpt>
   <trkpt lat="46.1599270" lon="-1.1587960">
    <ele>3.1</ele>
    <time>2024-08-28T17:14:01Z</time>
   </trkpt>
   <trkpt lat="46.1599040" lon="-1.1588420">
    <ele>3.1</ele>
    <time>2024-08-28T17:14:02Z</time>
   </trkpt>
   <trkpt lat="46.1598970" lon="-1.1588580">
    <ele>3.1</ele>
    <time>2024-08-28T17:14:03Z</time>
   </trkpt>
   <trkpt lat="46.1598840" lon="-1.1588920">
    <ele>3.1</ele>
    <time>2024-08-28T17:14:04Z</time>
   </trkpt>
   <trkpt lat="46.1598590" lon="-1.1589310">
    <ele>3.1</ele>
    <time>2024-08-28T17:14:05Z</time>
   </trkpt>
   <trkpt lat="46.1598500" lon="-1.1589400">
    <ele>3.1</ele>
    <time>2024-08-28T17:14:06Z</time>
   </trkpt>
   <trkpt lat="46.1598200" lon="-1.1589770">
    <ele>3.1</ele>
    <time>2024-08-28T17:14:07Z</time>
   </trkpt>
   <trkpt lat="46.1598090" lon="-1.1589910">
    <ele>3.1</ele>
    <time>2024-08-28T17:14:08Z</time>
   </trkpt>
   <trkpt lat="46.1597860" lon="-1.1590240">
    <ele>3.1</ele>
    <time>2024-08-28T17:14:09Z</time>
   </trkpt>
   <trkpt lat="46.1597680" lon="-1.1590590">
    <ele>3.1</ele>
    <time>2024-08-28T17:14:10Z</time>
   </trkpt>
   <trkpt lat="46.1597570" lon="-1.1591010">
    <ele>3.1</ele>
    <time>2024-08-28T17:14:11Z</time>
   </trkpt>
   <trkpt lat="46.1597480" lon="-1.1591400">
    <ele>3.1</ele>
    <time>2024-08-28T17:14:12Z</time>
   </trkpt>
   <trkpt lat="46.1597350" lon="-1.1591850">
    <ele>3.1</ele>
    <time>2024-08-28T17:14:13Z</time>
   </trkpt>
   <trkpt lat="46.1597200" lon="-1.1592290">
    <ele>3.1</ele>
    <time>2024-08-28T17:14:14Z</time>
   </trkpt>
   <trkpt lat="46.1597040" lon="-1.1592710">
    <ele>3.2</ele>
    <time>2024-08-28T17:14:15Z</time>
   </trkpt>
   <trkpt lat="46.1596860" lon="-1.1593040">
    <ele>3.2</ele>
    <time>2024-08-28T17:14:16Z</time>
   </trkpt>
   <trkpt lat="46.1596690" lon="-1.1593360">
    <ele>3.2</ele>
    <time>2024-08-28T17:14:17Z</time>
   </trkpt>
   <trkpt lat="46.1596550" lon="-1.1593730">
    <ele>3.2</ele>
    <time>2024-08-28T17:14:18Z</time>
   </trkpt>
   <trkpt lat="46.1596400" lon="-1.1594120">
    <ele>3.2</ele>
    <time>2024-08-28T17:14:19Z</time>
   </trkpt>
   <trkpt lat="46.1596220" lon="-1.1594490">
    <ele>3.2</ele>
    <time>2024-08-28T17:14:20Z</time>
   </trkpt>
   <trkpt lat="46.1596020" lon="-1.1594850">
    <ele>3.2</ele>
    <time>2024-08-28T17:14:21Z</time>
   </trkpt>
   <trkpt lat="46.1595820" lon="-1.1595190">
    <ele>3.2</ele>
    <time>2024-08-28T17:14:22Z</time>
   </trkpt>
   <trkpt lat="46.1595590" lon="-1.1595580">
    <ele>3.1</ele>
    <time>2024-08-28T17:14:23Z</time>
   </trkpt>
   <trkpt lat="46.1595510" lon="-1.1595700">
    <ele>3.1</ele>
    <time>2024-08-28T17:14:24Z</time>
   </trkpt>
   <trkpt lat="46.1595220" lon="-1.1595960">
    <ele>3.1</ele>
    <time>2024-08-28T17:14:25Z</time>
   </trkpt>
   <trkpt lat="46.1595100" lon="-1.1596040">
    <ele>3.1</ele>
    <time>2024-08-28T17:14:26Z</time>
   </trkpt>
   <trkpt lat="46.1594890" lon="-1.1596290">
    <ele>3.1</ele>
    <time>2024-08-28T17:14:27Z</time>
   </trkpt>
   <trkpt lat="46.1594620" lon="-1.1596620">
    <ele>3.1</ele>
    <time>2024-08-28T17:14:28Z</time>
   </trkpt>
   <trkpt lat="46.1594540" lon="-1.1596730">
    <ele>3.1</ele>
    <time>2024-08-28T17:14:29Z</time>
   </trkpt>
   <trkpt lat="46.1594250" lon="-1.1597010">
    <ele>3.1</ele>
    <time>2024-08-28T17:14:30Z</time>
   </trkpt>
   <trkpt lat="46.1594140" lon="-1.1597110">
    <ele>3.1</ele>
    <time>2024-08-28T17:14:31Z</time>
   </trkpt>
   <trkpt lat="46.1593870" lon="-1.1597300">
    <ele>3.1</ele>
    <time>2024-08-28T17:14:32Z</time>
   </trkpt>
   <trkpt lat="46.1593580" lon="-1.1597500">
    <ele>3.1</ele>
    <time>2024-08-28T17:14:33Z</time>
   </trkpt>
   <trkpt lat="46.1593270" lon="-1.1597740">
    <ele>3.1</ele>
    <time>2024-08-28T17:14:34Z</time>
   </trkpt>
   <trkpt lat="46.1592990" lon="-1.1598000">
    <ele>3.1</ele>
    <time>2024-08-28T17:14:35Z</time>
   </trkpt>
   <trkpt lat="46.1592710" lon="-1.1598250">
    <ele>3.1</ele>
    <time>2024-08-28T17:14:36Z</time>
   </trkpt>
   <trkpt lat="46.1592440" lon="-1.1598510">
    <ele>3.1</ele>
    <time>2024-08-28T17:14:37Z</time>
   </trkpt>
   <trkpt lat="46.1592170" lon="-1.1598800">
    <ele>3.1</ele>
    <time>2024-08-28T17:14:38Z</time>
   </trkpt>
   <trkpt lat="46.1591900" lon="-1.1599050">
    <ele>3.1</ele>
    <time>2024-08-28T17:14:39Z</time>
   </trkpt>
   <trkpt lat="46.1591620" lon="-1.1599420">
    <ele>3.1</ele>
    <time>2024-08-28T17:14:40Z</time>
   </trkpt>
   <trkpt lat="46.1591540" lon="-1.1599540">
    <ele>3.1</ele>
    <time>2024-08-28T17:14:41Z</time>
   </trkpt>
   <trkpt lat="46.1591320" lon="-1.1599960">
    <ele>3.2</ele>
    <time>2024-08-28T17:14:42Z</time>
   </trkpt>
   <trkpt lat="46.1591240" lon="-1.1600100">
    <ele>3.2</ele>
    <time>2024-08-28T17:14:43Z</time>
   </trkpt>
   <trkpt lat="46.1590930" lon="-1.1600470">
    <ele>3.2</ele>
    <time>2024-08-28T17:14:44Z</time>
   </trkpt>
   <trkpt lat="46.1590820" lon="-1.1600590">
    <ele>3.3</ele>
    <time>2024-08-28T17:14:45Z</time>
   </trkpt>
   <trkpt lat="46.1590490" lon="-1.1600940">
    <ele>3.3</ele>
    <time>2024-08-28T17:14:46Z</time>
   </trkpt>
   <trkpt lat="46.1590370" lon="-1.1601060">
    <ele>3.3</ele>
    <time>2024-08-28T17:14:47Z</time>
   </trkpt>
   <trkpt lat="46.1590160" lon="-1.1601310">
    <ele>3.4</ele>
    <time>2024-08-28T17:14:48Z</time>
   </trkpt>
   <trkpt lat="46.1589870" lon="-1.1601600">
    <ele>3.4</ele>
    <time>2024-08-28T17:14:49Z</time>
   </trkpt>
   <trkpt lat="46.1589760" lon="-1.1601690">
    <ele>3.5</ele>
    <time>2024-08-28T17:14:50Z</time>
   </trkpt>
   <trkpt lat="46.1589410" lon="-1.1601960">
    <ele>3.5</ele>
    <time>2024-08-28T17:14:51Z</time>
   </trkpt>
   <trkpt lat="46.1589280" lon="-1.1602040">
    <ele>3.6</ele>
    <time>2024-08-28T17:14:52Z</time>
   </trkpt>
   <trkpt lat="46.1589010" lon="-1.1602220">
    <ele>3.6</ele>
    <time>2024-08-28T17:14:53Z</time>
   </trkpt>
   <trkpt lat="46.1588860" lon="-1.1602640">
    <ele>3.6</ele>
    <time>2024-08-28T17:14:54Z</time>
   </trkpt>
   <trkpt lat="46.1588780" lon="-1.1603090">
    <ele>3.7</ele>
    <time>2024-08-28T17:14:55Z</time>
   </trkpt>
   <trkpt lat="46.1588820" lon="-1.1603560">
    <ele>3.7</ele>
    <time>2024-08-28T17:14:56Z</time>
   </trkpt>
   <trkpt lat="46.1588920" lon="-1.1604030">
    <ele>3.7</ele>
    <time>2024-08-28T17:14:57Z</time>
   </trkpt>
   <trkpt lat="46.1588980" lon="-1.1604450">
    <ele>3.7</ele>
    <time>2024-08-28T17:14:58Z</time>
   </trkpt>
   <trkpt lat="46.1589070" lon="-1.1604850">
    <ele>3.7</ele>
    <time>2024-08-28T17:14:59Z</time>
   </trkpt>
   <trkpt lat="46.1589110" lon="-1.1605290">
    <ele>3.7</ele>
    <time>2024-08-28T17:15:00Z</time>
   </trkpt>
   <trkpt lat="46.1589130" lon="-1.1605820">
    <ele>3.7</ele>
    <time>2024-08-28T17:15:01Z</time>
   </trkpt>
   <trkpt lat="46.1589130" lon="-1.1606000">
    <ele>3.7</ele>
    <time>2024-08-28T17:15:02Z</time>
   </trkpt>
   <trkpt lat="46.1589200" lon="-1.1606530">
    <ele>3.7</ele>
    <time>2024-08-28T17:15:03Z</time>
   </trkpt>
   <trkpt lat="46.1589240" lon="-1.1606710">
    <ele>3.7</ele>
    <time>2024-08-28T17:15:04Z</time>
   </trkpt>
   <trkpt lat="46.1589350" lon="-1.1607110">
    <ele>3.6</ele>
    <time>2024-08-28T17:15:05Z</time>
   </trkpt>
   <trkpt lat="46.1589470" lon="-1.1607470">
    <ele>3.6</ele>
    <time>2024-08-28T17:15:06Z</time>
   </trkpt>
   <trkpt lat="46.1589600" lon="-1.1607880">
    <ele>3.6</ele>
    <time>2024-08-28T17:15:07Z</time>
   </trkpt>
   <trkpt lat="46.1589740" lon="-1.1608310">
    <ele>3.6</ele>
    <time>2024-08-28T17:15:08Z</time>
   </trkpt>
   <trkpt lat="46.1589870" lon="-1.1608700">
    <ele>3.6</ele>
    <time>2024-08-28T17:15:09Z</time>
   </trkpt>
   <trkpt lat="46.1590030" lon="-1.1609100">
    <ele>3.6</ele>
    <time>2024-08-28T17:15:10Z</time>
   </trkpt>
   <trkpt lat="46.1590150" lon="-1.1609450">
    <ele>3.6</ele>
    <time>2024-08-28T17:15:11Z</time>
   </trkpt>
   <trkpt lat="46.1590310" lon="-1.1609970">
    <ele>3.6</ele>
    <time>2024-08-28T17:15:12Z</time>
   </trkpt>
   <trkpt lat="46.1590340" lon="-1.1610150">
    <ele>3.6</ele>
    <time>2024-08-28T17:15:13Z</time>
   </trkpt>
   <trkpt lat="46.1590400" lon="-1.1610650">
    <ele>3.6</ele>
    <time>2024-08-28T17:15:14Z</time>
   </trkpt>
   <trkpt lat="46.1590390" lon="-1.1610820">
    <ele>3.6</ele>
    <time>2024-08-28T17:15:15Z</time>
   </trkpt>
   <trkpt lat="46.1590360" lon="-1.1611260">
    <ele>3.7</ele>
    <time>2024-08-28T17:15:16Z</time>
   </trkpt>
   <trkpt lat="46.1590320" lon="-1.1611740">
    <ele>3.7</ele>
    <time>2024-08-28T17:15:17Z</time>
   </trkpt>
   <trkpt lat="46.1590310" lon="-1.1612310">
    <ele>3.7</ele>
    <time>2024-08-28T17:15:18Z</time>
   </trkpt>
   <trkpt lat="46.1590330" lon="-1.1612500">
    <ele>3.7</ele>
    <time>2024-08-28T17:15:19Z</time>
   </trkpt>
   <trkpt lat="46.1590430" lon="-1.1612870">
    <ele>3.7</ele>
    <time>2024-08-28T17:15:20Z</time>
   </trkpt>
   <trkpt lat="46.1590560" lon="-1.1613260">
    <ele>3.7</ele>
    <time>2024-08-28T17:15:21Z</time>
   </trkpt>
   <trkpt lat="46.1590680" lon="-1.1613690">
    <ele>3.7</ele>
    <time>2024-08-28T17:15:22Z</time>
   </trkpt>
   <trkpt lat="46.1590790" lon="-1.1614090">
    <ele>3.7</ele>
    <time>2024-08-28T17:15:23Z</time>
   </trkpt>
   <trkpt lat="46.1590770" lon="-1.1614520">
    <ele>3.7</ele>
    <time>2024-08-28T17:15:24Z</time>
   </trkpt>
   <trkpt lat="46.1590760" lon="-1.1614640">
    <ele>3.7</ele>
    <time>2024-08-28T17:15:25Z</time>
   </trkpt>
   <trkpt lat="46.1590700" lon="-1.1615070">
    <ele>3.7</ele>
    <time>2024-08-28T17:15:26Z</time>
   </trkpt>
   <trkpt lat="46.1590670" lon="-1.1615210">
    <ele>3.7</ele>
    <time>2024-08-28T17:15:27Z</time>
   </trkpt>
   <trkpt lat="46.1590730" lon="-1.1615810">
    <ele>3.7</ele>
    <time>2024-08-28T17:15:28Z</time>
   </trkpt>
   <trkpt lat="46.1590790" lon="-1.1616030">
    <ele>3.7</ele>
    <time>2024-08-28T17:15:29Z</time>
   </trkpt>
   <trkpt lat="46.1590910" lon="-1.1616440">
    <ele>3.7</ele>
    <time>2024-08-28T17:15:30Z</time>
   </trkpt>
   <trkpt lat="46.1591020" lon="-1.1616820">
    <ele>3.7</ele>
    <time>2024-08-28T17:15:31Z</time>
   </trkpt>
   <trkpt lat="46.1591100" lon="-1.1617190">
    <ele>3.7</ele>
    <time>2024-08-28T17:15:32Z</time>
   </trkpt>
   <trkpt lat="46.1591130" lon="-1.1617340">
    <ele>3.7</ele>
    <time>2024-08-28T17:15:33Z</time>
   </trkpt>
   <trkpt lat="46.1591170" lon="-1.1617900">
    <ele>3.7</ele>
    <time>2024-08-28T17:15:34Z</time>
   </trkpt>
   <trkpt lat="46.1591190" lon="-1.1618090">
    <ele>3.7</ele>
    <time>2024-08-28T17:15:35Z</time>
   </trkpt>
   <trkpt lat="46.1591220" lon="-1.1618620">
    <ele>3.7</ele>
    <time>2024-08-28T17:15:36Z</time>
   </trkpt>
   <trkpt lat="46.1591230" lon="-1.1618760">
    <ele>3.7</ele>
    <time>2024-08-28T17:15:37Z</time>
   </trkpt>
   <trkpt lat="46.1591220" lon="-1.1619230">
    <ele>3.7</ele>
    <time>2024-08-28T17:15:38Z</time>
   </trkpt>
   <trkpt lat="46.1591210" lon="-1.1619380">
    <ele>3.7</ele>
    <time>2024-08-28T17:15:39Z</time>
   </trkpt>
   <trkpt lat="46.1591120" lon="-1.1619820">
    <ele>3.7</ele>
    <time>2024-08-28T17:15:40Z</time>
   </trkpt>
   <trkpt lat="46.1591090" lon="-1.1619970">
    <ele>3.7</ele>
    <time>2024-08-28T17:15:41Z</time>
   </trkpt>
   <trkpt lat="46.1591050" lon="-1.1620550">
    <ele>3.7</ele>
    <time>2024-08-28T17:15:42Z</time>
   </trkpt>
   <trkpt lat="46.1591050" lon="-1.1620770">
    <ele>3.7</ele>
    <time>2024-08-28T17:15:43Z</time>
   </trkpt>
   <trkpt lat="46.1591100" lon="-1.1621210">
    <ele>3.7</ele>
    <time>2024-08-28T17:15:44Z</time>
   </trkpt>
   <trkpt lat="46.1591190" lon="-1.1621630">
    <ele>3.7</ele>
    <time>2024-08-28T17:15:45Z</time>
   </trkpt>
   <trkpt lat="46.1591340" lon="-1.1622060">
    <ele>3.7</ele>
    <time>2024-08-28T17:15:46Z</time>
   </trkpt>
   <trkpt lat="46.1591390" lon="-1.1622150">
    <ele>3.7</ele>
    <time>2024-08-28T17:15:47Z</time>
   </trkpt>
   <trkpt lat="46.1591610" lon="-1.1622390">
    <ele>3.7</ele>
    <time>2024-08-28T17:15:48Z</time>
   </trkpt>
   <trkpt lat="46.1591700" lon="-1.1622490">
    <ele>3.7</ele>
    <time>2024-08-28T17:15:49Z</time>
   </trkpt>
   <trkpt lat="46.1591970" lon="-1.1622860">
    <ele>3.6</ele>
    <time>2024-08-28T17:15:50Z</time>
   </trkpt>
   <trkpt lat="46.1592060" lon="-1.1623010">
    <ele>3.6</ele>
    <time>2024-08-28T17:15:51Z</time>
   </trkpt>
   <trkpt lat="46.1592190" lon="-1.1623400">
    <ele>3.6</ele>
    <time>2024-08-28T17:15:52Z</time>
   </trkpt>
   <trkpt lat="46.1592260" lon="-1.1623820">
    <ele>3.6</ele>
    <time>2024-08-28T17:15:53Z</time>
   </trkpt>
   <trkpt lat="46.1592300" lon="-1.1624370">
    <ele>3.6</ele>
    <time>2024-08-28T17:15:54Z</time>
   </trkpt>
   <trkpt lat="46.1592300" lon="-1.1624550">
    <ele>3.6</ele>
    <time>2024-08-28T17:15:55Z</time>
   </trkpt>
   <trkpt lat="46.1592340" lon="-1.1625160">
    <ele>3.6</ele>
    <time>2024-08-28T17:15:56Z</time>
   </trkpt>
   <trkpt lat="46.1592360" lon="-1.1625390">
    <ele>3.6</ele>
    <time>2024-08-28T17:15:57Z</time>
   </trkpt>
   <trkpt lat="46.1592450" lon="-1.1625860">
    <ele>3.6</ele>
    <time>2024-08-28T17:15:58Z</time>
   </trkpt>
   <trkpt lat="46.1592520" lon="-1.1626310">
    <ele>3.6</ele>
    <time>2024-08-28T17:15:59Z</time>
   </trkpt>
   <trkpt lat="46.1592550" lon="-1.1626720">
    <ele>3.6</ele>
    <time>2024-08-28T17:16:00Z</time>
   </trkpt>
   <trkpt lat="46.1592610" lon="-1.1627110">
    <ele>3.6</ele>
    <time>2024-08-28T17:16:01Z</time>
   </trkpt>
   <trkpt lat="46.1592700" lon="-1.1627620">
    <ele>3.6</ele>
    <time>2024-08-28T17:16:02Z</time>
   </trkpt>
   <trkpt lat="46.1592730" lon="-1.1627800">
    <ele>3.6</ele>
    <time>2024-08-28T17:16:03Z</time>
   </trkpt>
   <trkpt lat="46.1592830" lon="-1.1628220">
    <ele>3.6</ele>
    <time>2024-08-28T17:16:04Z</time>
   </trkpt>
   <trkpt lat="46.1592930" lon="-1.1628610">
    <ele>3.6</ele>
    <time>2024-08-28T17:16:05Z</time>
   </trkpt>
   <trkpt lat="46.1593120" lon="-1.1629110">
    <ele>3.7</ele>
    <time>2024-08-28T17:16:06Z</time>
   </trkpt>
   <trkpt lat="46.1593180" lon="-1.1629290">
    <ele>3.7</ele>
    <time>2024-08-28T17:16:07Z</time>
   </trkpt>
   <trkpt lat="46.1593270" lon="-1.1629670">
    <ele>3.6</ele>
    <time>2024-08-28T17:16:08Z</time>
   </trkpt>
   <trkpt lat="46.1593330" lon="-1.1630100">
    <ele>3.6</ele>
    <time>2024-08-28T17:16:09Z</time>
   </trkpt>
   <trkpt lat="46.1593350" lon="-1.1630530">
    <ele>3.6</ele>
    <time>2024-08-28T17:16:10Z</time>
   </trkpt>
   <trkpt lat="46.1593320" lon="-1.1631100">
    <ele>3.6</ele>
    <time>2024-08-28T17:16:11Z</time>
   </trkpt>
   <trkpt lat="46.1593310" lon="-1.1631290">
    <ele>3.6</ele>
    <time>2024-08-28T17:16:12Z</time>
   </trkpt>
   <trkpt lat="46.1593270" lon="-1.1631680">
    <ele>3.6</ele>
    <time>2024-08-28T17:16:13Z</time>
   </trkpt>
   <trkpt lat="46.1593270" lon="-1.1632070">
    <ele>3.6</ele>
    <time>2024-08-28T17:16:14Z</time>
   </trkpt>
   <trkpt lat="46.1593360" lon="-1.1632610">
    <ele>3.6</ele>
    <time>2024-08-28T17:16:15Z</time>
   </trkpt>
   <trkpt lat="46.1593420" lon="-1.1632790">
    <ele>3.6</ele>
    <time>2024-08-28T17:16:16Z</time>
   </trkpt>
   <trkpt lat="46.1593660" lon="-1.1633220">
    <ele>3.6</ele>
    <time>2024-08-28T17:16:17Z</time>
   </trkpt>
   <trkpt lat="46.1593750" lon="-1.1633360">
    <ele>3.6</ele>
    <time>2024-08-28T17:16:18Z</time>
   </trkpt>
   <trkpt lat="46.1594030" lon="-1.1633790">
    <ele>3.6</ele>
    <time>2024-08-28T17:16:19Z</time>
   </trkpt>
   <trkpt lat="46.1594110" lon="-1.1633960">
    <ele>3.6</ele>
    <time>2024-08-28T17:16:20Z</time>
   </trkpt>
   <trkpt lat="46.1594240" lon="-1.1634360">
    <ele>3.6</ele>
    <time>2024-08-28T17:16:21Z</time>
   </trkpt>
   <trkpt lat="46.1594360" lon="-1.1634780">
    <ele>3.6</ele>
    <time>2024-08-28T17:16:22Z</time>
   </trkpt>
   <trkpt lat="46.1594390" lon="-1.1635240">
    <ele>3.6</ele>
    <time>2024-08-28T17:16:23Z</time>
   </trkpt>
   <trkpt lat="46.1594400" lon="-1.1635650">
    <ele>3.6</ele>
    <time>2024-08-28T17:16:24Z</time>
   </trkpt>
   <trkpt lat="46.1594360" lon="-1.1636100">
    <ele>3.6</ele>
    <time>2024-08-28T17:16:25Z</time>
   </trkpt>
   <trkpt lat="46.1594280" lon="-1.1636600">
    <ele>3.6</ele>
    <time>2024-08-28T17:16:26Z</time>
   </trkpt>
   <trkpt lat="46.1594200" lon="-1.1637110">
    <ele>3.6</ele>
    <time>2024-08-28T17:16:27Z</time>
   </trkpt>
   <trkpt lat="46.1594170" lon="-1.1637580">
    <ele>3.6</ele>
    <time>2024-08-28T17:16:28Z</time>
   </trkpt>
   <trkpt lat="46.1594170" lon="-1.1638030">
    <ele>3.6</ele>
    <time>2024-08-28T17:16:29Z</time>
   </trkpt>
   <trkpt lat="46.1594190" lon="-1.1638490">
    <ele>3.6</ele>
    <time>2024-08-28T17:16:30Z</time>
   </trkpt>
   <trkpt lat="46.1594230" lon="-1.1638920">
    <ele>3.6</ele>
    <time>2024-08-28T17:16:31Z</time>
   </trkpt>
   <trkpt lat="46.1594330" lon="-1.1639360">
    <ele>3.6</ele>
    <time>2024-08-28T17:16:32Z</time>
   </trkpt>
   <trkpt lat="46.1594330" lon="-1.1639870">
    <ele>3.6</ele>
    <time>2024-08-28T17:16:33Z</time>
   </trkpt>
   <trkpt lat="46.1594300" lon="-1.1640040">
    <ele>3.6</ele>
    <time>2024-08-28T17:16:34Z</time>
   </trkpt>
   <trkpt lat="46.1594360" lon="-1.1640570">
    <ele>3.6</ele>
    <time>2024-08-28T17:16:35Z</time>
   </trkpt>
   <trkpt lat="46.1594390" lon="-1.1640740">
    <ele>3.6</ele>
    <time>2024-08-28T17:16:36Z</time>
   </trkpt>
   <trkpt lat="46.1594500" lon="-1.1641240">
    <ele>3.6</ele>
    <time>2024-08-28T17:16:37Z</time>
   </trkpt>
   <trkpt lat="46.1594540" lon="-1.1641380">
    <ele>3.6</ele>
    <time>2024-08-28T17:16:38Z</time>
   </trkpt>
   <trkpt lat="46.1594690" lon="-1.1641790">
    <ele>3.6</ele>
    <time>2024-08-28T17:16:39Z</time>
   </trkpt>
   <trkpt lat="46.1594750" lon="-1.1641940">
    <ele>3.6</ele>
    <time>2024-08-28T17:16:40Z</time>
   </trkpt>
   <trkpt lat="46.1594900" lon="-1.1642430">
    <ele>3.6</ele>
    <time>2024-08-28T17:16:41Z</time>
   </trkpt>
   <trkpt lat="46.1594940" lon="-1.1642610">
    <ele>3.6</ele>
    <time>2024-08-28T17:16:42Z</time>
   </trkpt>
   <trkpt lat="46.1595040" lon="-1.1643000">
    <ele>3.6</ele>
    <time>2024-08-28T17:16:43Z</time>
   </trkpt>
   <trkpt lat="46.1595160" lon="-1.1643390">
    <ele>3.7</ele>
    <time>2024-08-28T17:16:44Z</time>
   </trkpt>
   <trkpt lat="46.1595290" lon="-1.1643770">
    <ele>3.7</ele>
    <time>2024-08-28T17:16:45Z</time>
   </trkpt>
   <trkpt lat="46.1595480" lon="-1.1644310">
    <ele>3.7</ele>
    <time>2024-08-28T17:16:46Z</time>
   </trkpt>
   <trkpt lat="46.1595540" lon="-1.1644500">
    <ele>3.7</ele>
    <time>2024-08-28T17:16:47Z</time>
   </trkpt>
   <trkpt lat="46.1595650" lon="-1.1644940">
    <ele>3.7</ele>
    <time>2024-08-28T17:16:48Z</time>
   </trkpt>
   <trkpt lat="46.1595770" lon="-1.1645370">
    <ele>3.7</ele>
    <time>2024-08-28T17:16:49Z</time>
   </trkpt>
   <trkpt lat="46.1595880" lon="-1.1645760">
    <ele>3.7</ele>
    <time>2024-08-28T17:16:50Z</time>
   </trkpt>
   <trkpt lat="46.1596000" lon="-1.1646320">
    <ele>3.7</ele>
    <time>2024-08-28T17:16:51Z</time>
   </trkpt>
   <trkpt lat="46.1596020" lon="-1.1646540">
    <ele>3.7</ele>
    <time>2024-08-28T17:16:52Z</time>
   </trkpt>
   <trkpt lat="46.1596080" lon="-1.1647050">
    <ele>3.7</ele>
    <time>2024-08-28T17:16:53Z</time>
   </trkpt>
   <trkpt lat="46.1596170" lon="-1.1647470">
    <ele>3.7</ele>
    <time>2024-08-28T17:16:54Z</time>
   </trkpt>
   <trkpt lat="46.1596280" lon="-1.1648010">
    <ele>3.7</ele>
    <time>2024-08-28T17:16:55Z</time>
   </trkpt>
   <trkpt lat="46.1596320" lon="-1.1648190">
    <ele>3.7</ele>
    <time>2024-08-28T17:16:56Z</time>
   </trkpt>
   <trkpt lat="46.1596400" lon="-1.1648720">
    <ele>3.7</ele>
    <time>2024-08-28T17:16:57Z</time>
   </trkpt>
   <trkpt lat="46.1596450" lon="-1.1649270">
    <ele>3.7</ele>
    <time>2024-08-28T17:16:58Z</time>
   </trkpt>
   <trkpt lat="46.1596500" lon="-1.1649670">
    <ele>3.7</ele>
    <time>2024-08-28T17:16:59Z</time>
   </trkpt>
   <trkpt lat="46.1596540" lon="-1.1650060">
    <ele>3.7</ele>
    <time>2024-08-28T17:17:00Z</time>
   </trkpt>
   <trkpt lat="46.1596620" lon="-1.1650470">
    <ele>3.7</ele>
    <time>2024-08-28T17:17:01Z</time>
   </trkpt>
   <trkpt lat="46.1596680" lon="-1.1650910">
    <ele>3.7</ele>
    <time>2024-08-28T17:17:02Z</time>
   </trkpt>
   <trkpt lat="46.1596760" lon="-1.1651370">
    <ele>3.7</ele>
    <time>2024-08-28T17:17:03Z</time>
   </trkpt>
   <trkpt lat="46.1596860" lon="-1.1651820">
    <ele>3.8</ele>
    <time>2024-08-28T17:17:04Z</time>
   </trkpt>
   <trkpt lat="46.1596970" lon="-1.1652250">
    <ele>3.8</ele>
    <time>2024-08-28T17:17:05Z</time>
   </trkpt>
   <trkpt lat="46.1597060" lon="-1.1652660">
    <ele>3.8</ele>
    <time>2024-08-28T17:17:06Z</time>
   </trkpt>
   <trkpt lat="46.1597150" lon="-1.1653070">
    <ele>3.8</ele>
    <time>2024-08-28T17:17:07Z</time>
   </trkpt>
   <trkpt lat="46.1597240" lon="-1.1653470">
    <ele>3.8</ele>
    <time>2024-08-28T17:17:08Z</time>
   </trkpt>
   <trkpt lat="46.1597370" lon="-1.1654020">
    <ele>3.8</ele>
    <time>2024-08-28T17:17:09Z</time>
   </trkpt>
   <trkpt lat="46.1597420" lon="-1.1654200">
    <ele>3.8</ele>
    <time>2024-08-28T17:17:10Z</time>
   </trkpt>
   <trkpt lat="46.1597540" lon="-1.1654700">
    <ele>3.8</ele>
    <time>2024-08-28T17:17:11Z</time>
   </trkpt>
   <trkpt lat="46.1597580" lon="-1.1654870">
    <ele>3.8</ele>
    <time>2024-08-28T17:17:12Z</time>
   </trkpt>
   <trkpt lat="46.1597580" lon="-1.1655270">
    <ele>3.8</ele>
    <time>2024-08-28T17:17:13Z</time>
   </trkpt>
   <trkpt lat="46.1597550" lon="-1.1655820">
    <ele>3.9</ele>
    <time>2024-08-28T17:17:14Z</time>
   </trkpt>
   <trkpt lat="46.1597540" lon="-1.1656010">
    <ele>3.9</ele>
    <time>2024-08-28T17:17:15Z</time>
   </trkpt>
   <trkpt lat="46.1597580" lon="-1.1656410">
    <ele>3.9</ele>
    <time>2024-08-28T17:17:16Z</time>
   </trkpt>
   <trkpt lat="46.1597640" lon="-1.1656920">
    <ele>3.9</ele>
    <time>2024-08-28T17:17:17Z</time>
   </trkpt>
   <trkpt lat="46.1597660" lon="-1.1657090">
    <ele>3.9</ele>
    <time>2024-08-28T17:17:18Z</time>
   </trkpt>
   <trkpt lat="46.1597690" lon="-1.1657620">
    <ele>3.9</ele>
    <time>2024-08-28T17:17:19Z</time>
   </trkpt>
   <trkpt lat="46.1597710" lon="-1.1657800">
    <ele>3.9</ele>
    <time>2024-08-28T17:17:20Z</time>
   </trkpt>
   <trkpt lat="46.1597790" lon="-1.1658310">
    <ele>3.9</ele>
    <time>2024-08-28T17:17:21Z</time>
   </trkpt>
   <trkpt lat="46.1597820" lon="-1.1658480">
    <ele>3.9</ele>
    <time>2024-08-28T17:17:22Z</time>
   </trkpt>
   <trkpt lat="46.1597870" lon="-1.1658890">
    <ele>3.9</ele>
    <time>2024-08-28T17:17:23Z</time>
   </trkpt>
   <trkpt lat="46.1597910" lon="-1.1659370">
    <ele>3.9</ele>
    <time>2024-08-28T17:17:24Z</time>
   </trkpt>
   <trkpt lat="46.1597910" lon="-1.1659520">
    <ele>3.9</ele>
    <time>2024-08-28T17:17:25Z</time>
   </trkpt>
   <trkpt lat="46.1597920" lon="-1.1660050">
    <ele>3.9</ele>
    <time>2024-08-28T17:17:26Z</time>
   </trkpt>
   <trkpt lat="46.1597910" lon="-1.1660250">
    <ele>3.9</ele>
    <time>2024-08-28T17:17:27Z</time>
   </trkpt>
   <trkpt lat="46.1597950" lon="-1.1660730">
    <ele>3.9</ele>
    <time>2024-08-28T17:17:28Z</time>
   </trkpt>
   <trkpt lat="46.1598070" lon="-1.1661230">
    <ele>4.0</ele>
    <time>2024-08-28T17:17:29Z</time>
   </trkpt>
   <trkpt lat="46.1598190" lon="-1.1661690">
    <ele>4.0</ele>
    <time>2024-08-28T17:17:30Z</time>
   </trkpt>
   <trkpt lat="46.1598290" lon="-1.1662070">
    <ele>4.0</ele>
    <time>2024-08-28T17:17:31Z</time>
   </trkpt>
   <trkpt lat="46.1598400" lon="-1.1662540">
    <ele>4.0</ele>
    <time>2024-08-28T17:17:32Z</time>
   </trkpt>
   <trkpt lat="46.1598440" lon="-1.1662710">
    <ele>4.0</ele>
    <time>2024-08-28T17:17:33Z</time>
   </trkpt>
   <trkpt lat="46.1598480" lon="-1.1663140">
    <ele>4.0</ele>
    <time>2024-08-28T17:17:34Z</time>
   </trkpt>
   <trkpt lat="46.1598570" lon="-1.1663570">
    <ele>4.1</ele>
    <time>2024-08-28T17:17:35Z</time>
   </trkpt>
   <trkpt lat="46.1598750" lon="-1.1664050">
    <ele>4.1</ele>
    <time>2024-08-28T17:17:36Z</time>
   </trkpt>
   <trkpt lat="46.1598870" lon="-1.1664410">
    <ele>4.1</ele>
    <time>2024-08-28T17:17:37Z</time>
   </trkpt>
   <trkpt lat="46.1599010" lon="-1.1664870">
    <ele>4.2</ele>
    <time>2024-08-28T17:17:38Z</time>
   </trkpt>
   <trkpt lat="46.1599040" lon="-1.1665040">
    <ele>4.2</ele>
    <time>2024-08-28T17:17:39Z</time>
   </trkpt>
   <trkpt lat="46.1599140" lon="-1.1665600">
    <ele>4.2</ele>
    <time>2024-08-28T17:17:40Z</time>
   </trkpt>
   <trkpt lat="46.1599160" lon="-1.1665800">
    <ele>4.3</ele>
    <time>2024-08-28T17:17:41Z</time>
   </trkpt>
   <trkpt lat="46.1599250" lon="-1.1666230">
    <ele>4.3</ele>
    <time>2024-08-28T17:17:42Z</time>
   </trkpt>
   <trkpt lat="46.1599360" lon="-1.1666660">
    <ele>4.4</ele>
    <time>2024-08-28T17:17:43Z</time>
   </trkpt>
   <trkpt lat="46.1599480" lon="-1.1667020">
    <ele>4.4</ele>
    <time>2024-08-28T17:17:44Z</time>
   </trkpt>
   <trkpt lat="46.1599610" lon="-1.1667370">
    <ele>4.5</ele>
    <time>2024-08-28T17:17:45Z</time>
   </trkpt>
   <trkpt lat="46.1599750" lon="-1.1667780">
    <ele>4.5</ele>
    <time>2024-08-28T17:17:46Z</time>
   </trkpt>
   <trkpt lat="46.1599840" lon="-1.1668260">
    <ele>4.6</ele>
    <time>2024-08-28T17:17:47Z</time>
   </trkpt>
   <trkpt lat="46.1599830" lon="-1.1668680">
    <ele>4.7</ele>
    <time>2024-08-28T17:17:48Z</time>
   </trkpt>
   <trkpt lat="46.1599820" lon="-1.1668830">
    <ele>4.7</ele>
    <time>2024-08-28T17:17:49Z</time>
   </trkpt>
   <trkpt lat="46.1599770" lon="-1.1669330">
    <ele>4.8</ele>
    <time>2024-08-28T17:17:50Z</time>
   </trkpt>
   <trkpt lat="46.1599760" lon="-1.1669500">
    <ele>4.8</ele>
    <time>2024-08-28T17:17:51Z</time>
   </trkpt>
   <trkpt lat="46.1599740" lon="-1.1669930">
    <ele>4.9</ele>
    <time>2024-08-28T17:17:52Z</time>
   </trkpt>
   <trkpt lat="46.1599760" lon="-1.1670070">
    <ele>4.9</ele>
    <time>2024-08-28T17:17:53Z</time>
   </trkpt>
   <trkpt lat="46.1599870" lon="-1.1670530">
    <ele>5.0</ele>
    <time>2024-08-28T17:17:54Z</time>
   </trkpt>
   <trkpt lat="46.1599980" lon="-1.1670990">
    <ele>5.1</ele>
    <time>2024-08-28T17:17:55Z</time>
   </trkpt>
   <trkpt lat="46.1600070" lon="-1.1671420">
    <ele>5.2</ele>
    <time>2024-08-28T17:17:56Z</time>
   </trkpt>
   <trkpt lat="46.1600140" lon="-1.1671870">
    <ele>5.3</ele>
    <time>2024-08-28T17:17:57Z</time>
   </trkpt>
   <trkpt lat="46.1600170" lon="-1.1672370">
    <ele>5.3</ele>
    <time>2024-08-28T17:17:58Z</time>
   </trkpt>
   <trkpt lat="46.1600200" lon="-1.1672840">
    <ele>5.4</ele>
    <time>2024-08-28T17:17:59Z</time>
   </trkpt>
   <trkpt lat="46.1600240" lon="-1.1673300">
    <ele>5.5</ele>
    <time>2024-08-28T17:18:00Z</time>
   </trkpt>
   <trkpt lat="46.1600310" lon="-1.1673740">
    <ele>5.6</ele>
    <time>2024-08-28T17:18:01Z</time>
   </trkpt>
   <trkpt lat="46.1600430" lon="-1.1674240">
    <ele>5.7</ele>
    <time>2024-08-28T17:18:02Z</time>
   </trkpt>
   <trkpt lat="46.1600510" lon="-1.1674700">
    <ele>5.7</ele>
    <time>2024-08-28T17:18:03Z</time>
   </trkpt>
   <trkpt lat="46.1600610" lon="-1.1675110">
    <ele>5.8</ele>
    <time>2024-08-28T17:18:04Z</time>
   </trkpt>
   <trkpt lat="46.1600760" lon="-1.1675600">
    <ele>5.9</ele>
    <time>2024-08-28T17:18:05Z</time>
   </trkpt>
   <trkpt lat="46.1600810" lon="-1.1675770">
    <ele>5.9</ele>
    <time>2024-08-28T17:18:06Z</time>
   </trkpt>
   <trkpt lat="46.1600910" lon="-1.1676280">
    <ele>5.9</ele>
    <time>2024-08-28T17:18:07Z</time>
   </trkpt>
   <trkpt lat="46.1600930" lon="-1.1676430">
    <ele>6.0</ele>
    <time>2024-08-28T17:18:08Z</time>
   </trkpt>
   <trkpt lat="46.1601020" lon="-1.1676980">
    <ele>6.0</ele>
    <time>2024-08-28T17:18:09Z</time>
   </trkpt>
   <trkpt lat="46.1601040" lon="-1.1677170">
    <ele>6.1</ele>
    <time>2024-08-28T17:18:10Z</time>
   </trkpt>
   <trkpt lat="46.1601100" lon="-1.1677570">
    <ele>6.1</ele>
    <time>2024-08-28T17:18:11Z</time>
   </trkpt>
   <trkpt lat="46.1601130" lon="-1.1677820">
    <ele>6.2</ele>
    <time>2024-08-28T17:18:12Z</time>
   </trkpt>
   <trkpt lat="46.1601150" lon="-1.1677970">
    <ele>6.2</ele>
    <time>2024-08-28T17:18:13Z</time>
   </trkpt>
   <trkpt lat="46.1601150" lon="-1.1678210">
    <ele>6.2</ele>
    <time>2024-08-28T17:18:14Z</time>
   </trkpt>
   <trkpt lat="46.1601170" lon="-1.1678450">
    <ele>6.3</ele>
    <time>2024-08-28T17:18:15Z</time>
   </trkpt>
   <trkpt lat="46.1601240" lon="-1.1678890">
    <ele>6.3</ele>
    <time>2024-08-28T17:18:16Z</time>
   </trkpt>
   <trkpt lat="46.1601270" lon="-1.1679070">
    <ele>6.4</ele>
    <time>2024-08-28T17:18:17Z</time>
   </trkpt>
   <trkpt lat="46.1601340" lon="-1.1679520">
    <ele>6.4</ele>
    <time>2024-08-28T17:18:18Z</time>
   </trkpt>
   <trkpt lat="46.1601350" lon="-1.1680010">
    <ele>6.5</ele>
    <time>2024-08-28T17:18:19Z</time>
   </trkpt>
   <trkpt lat="46.1601340" lon="-1.1680510">
    <ele>6.6</ele>
    <time>2024-08-28T17:18:20Z</time>
   </trkpt>
   <trkpt lat="46.1601370" lon="-1.1680960">
    <ele>6.7</ele>
    <time>2024-08-28T17:18:21Z</time>
   </trkpt>
   <trkpt lat="46.1601540" lon="-1.1681570">
    <ele>6.8</ele>
    <time>2024-08-28T17:18:23Z</time>
   </trkpt>
   <trkpt lat="46.1601620" lon="-1.1681780">
    <ele>6.9</ele>
    <time>2024-08-28T17:18:24Z</time>
   </trkpt>
   <trkpt lat="46.1601700" lon="-1.1681990">
    <ele>6.9</ele>
    <time>2024-08-28T17:18:25Z</time>
   </trkpt>
   <trkpt lat="46.1601800" lon="-1.1682420">
    <ele>7.0</ele>
    <time>2024-08-28T17:18:26Z</time>
   </trkpt>
   <trkpt lat="46.1601820" lon="-1.1682560">
    <ele>7.0</ele>
    <time>2024-08-28T17:18:27Z</time>
   </trkpt>
   <trkpt lat="46.1601820" lon="-1.1682960">
    <ele>7.1</ele>
    <time>2024-08-28T17:18:28Z</time>
   </trkpt>
   <trkpt lat="46.1601830" lon="-1.1683090">
    <ele>7.1</ele>
    <time>2024-08-28T17:18:29Z</time>
   </trkpt>
   <trkpt lat="46.1601900" lon="-1.1683670">
    <ele>7.2</ele>
    <time>2024-08-28T17:18:30Z</time>
   </trkpt>
   <trkpt lat="46.1601930" lon="-1.1683900">
    <ele>7.2</ele>
    <time>2024-08-28T17:18:31Z</time>
   </trkpt>
   <trkpt lat="46.1602010" lon="-1.1684360">
    <ele>7.3</ele>
    <time>2024-08-28T17:18:32Z</time>
   </trkpt>
   <trkpt lat="46.1602080" lon="-1.1684830">
    <ele>7.3</ele>
    <time>2024-08-28T17:18:33Z</time>
   </trkpt>
   <trkpt lat="46.1602110" lon="-1.1685230">
    <ele>7.4</ele>
    <time>2024-08-28T17:18:34Z</time>
   </trkpt>
   <trkpt lat="46.1602120" lon="-1.1685640">
    <ele>7.5</ele>
    <time>2024-08-28T17:18:35Z</time>
   </trkpt>
   <trkpt lat="46.1602170" lon="-1.1686040">
    <ele>7.6</ele>
    <time>2024-08-28T17:18:36Z</time>
   </trkpt>
   <trkpt lat="46.1602240" lon="-1.1686440">
    <ele>7.6</ele>
    <time>2024-08-28T17:18:37Z</time>
   </trkpt>
   <trkpt lat="46.1602350" lon="-1.1686850">
    <ele>7.7</ele>
    <time>2024-08-28T17:18:38Z</time>
   </trkpt>
   <trkpt lat="46.1602460" lon="-1.1687300">
    <ele>7.8</ele>
    <time>2024-08-28T17:18:39Z</time>
   </trkpt>
   <trkpt lat="46.1602550" lon="-1.1687760">
    <ele>7.9</ele>
    <time>2024-08-28T17:18:40Z</time>
   </trkpt>
   <trkpt lat="46.1602650" lon="-1.1688150">
    <ele>8.0</ele>
    <time>2024-08-28T17:18:41Z</time>
   </trkpt>
   <trkpt lat="46.1602800" lon="-1.1688530">
    <ele>8.1</ele>
    <time>2024-08-28T17:18:42Z</time>
   </trkpt>
   <trkpt lat="46.1602960" lon="-1.1688890">
    <ele>8.1</ele>
    <time>2024-08-28T17:18:43Z</time>
   </trkpt>
   <trkpt lat="46.1603050" lon="-1.1689410">
    <ele>8.2</ele>
    <time>2024-08-28T17:18:44Z</time>
   </trkpt>
   <trkpt lat="46.1603080" lon="-1.1689580">
    <ele>8.3</ele>
    <time>2024-08-28T17:18:45Z</time>
   </trkpt>
   <trkpt lat="46.1603160" lon="-1.1690120">
    <ele>8.4</ele>
    <time>2024-08-28T17:18:46Z</time>
   </trkpt>
   <trkpt lat="46.1603200" lon="-1.1690310">
    <ele>8.4</ele>
    <time>2024-08-28T17:18:47Z</time>
   </trkpt>
   <trkpt lat="46.1603280" lon="-1.1690700">
    <ele>8.5</ele>
    <time>2024-08-28T17:18:48Z</time>
   </trkpt>
   <trkpt lat="46.1603400" lon="-1.1691100">
    <ele>8.6</ele>
    <time>2024-08-28T17:18:49Z</time>
   </trkpt>
   <trkpt lat="46.1603540" lon="-1.1691540">
    <ele>8.7</ele>
    <time>2024-08-28T17:18:50Z</time>
   </trkpt>
   <trkpt lat="46.1603680" lon="-1.1691960">
    <ele>8.7</ele>
    <time>2024-08-28T17:18:51Z</time>
   </trkpt>
   <trkpt lat="46.1603870" lon="-1.1692460">
    <ele>8.8</ele>
    <time>2024-08-28T17:18:52Z</time>
   </trkpt>
   <trkpt lat="46.1603930" lon="-1.1692620">
    <ele>8.9</ele>
    <time>2024-08-28T17:18:53Z</time>
   </trkpt>
   <trkpt lat="46.1604070" lon="-1.1693010">
    <ele>8.9</ele>
    <time>2024-08-28T17:18:54Z</time>
   </trkpt>
   <trkpt lat="46.1604190" lon="-1.1693580">
    <ele>9.1</ele>
    <time>2024-08-28T17:18:55Z</time>
   </trkpt>
   <trkpt lat="46.1604230" lon="-1.1693770">
    <ele>9.1</ele>
    <time>2024-08-28T17:18:56Z</time>
   </trkpt>
   <trkpt lat="46.1604210" lon="-1.1694480">
    <ele>9.2</ele>
    <time>2024-08-28T17:18:57Z</time>
   </trkpt>
   <trkpt lat="46.1604270" lon="-1.1694990">
    <ele>9.3</ele>
    <time>2024-08-28T17:18:58Z</time>
   </trkpt>
   <trkpt lat="46.1604370" lon="-1.1695530">
    <ele>9.5</ele>
    <time>2024-08-28T17:18:59Z</time>
   </trkpt>
   <trkpt lat="46.1604430" lon="-1.1695980">
    <ele>9.6</ele>
    <time>2024-08-28T17:19:00Z</time>
   </trkpt>
   <trkpt lat="46.1604460" lon="-1.1696390">
    <ele>9.7</ele>
    <time>2024-08-28T17:19:01Z</time>
   </trkpt>
   <trkpt lat="46.1604470" lon="-1.1696780">
    <ele>9.8</ele>
    <time>2024-08-28T17:19:02Z</time>
   </trkpt>
   <trkpt lat="46.1604450" lon="-1.1697250">
    <ele>9.9</ele>
    <time>2024-08-28T17:19:03Z</time>
   </trkpt>
   <trkpt lat="46.1604420" lon="-1.1697360">
    <ele>9.9</ele>
    <time>2024-08-28T17:19:04Z</time>
   </trkpt>
   <trkpt lat="46.1604370" lon="-1.1697570">
    <ele>10.0</ele>
    <time>2024-08-28T17:19:05Z</time>
   </trkpt>
   <trkpt lat="46.1604380" lon="-1.1697850">
    <ele>10.0</ele>
    <time>2024-08-28T17:19:06Z</time>
   </trkpt>
   <trkpt lat="46.1604490" lon="-1.1698220">
    <ele>10.1</ele>
    <time>2024-08-28T17:19:07Z</time>
   </trkpt>
   <trkpt lat="46.1604560" lon="-1.1698700">
    <ele>10.2</ele>
    <time>2024-08-28T17:19:08Z</time>
   </trkpt>
   <trkpt lat="46.1604570" lon="-1.1698820">
    <ele>10.3</ele>
    <time>2024-08-28T17:19:09Z</time>
   </trkpt>
   <trkpt lat="46.1604650" lon="-1.1699250">
    <ele>10.4</ele>
    <time>2024-08-28T17:19:10Z</time>
   </trkpt>
   <trkpt lat="46.1604700" lon="-1.1699430">
    <ele>10.4</ele>
    <time>2024-08-28T17:19:11Z</time>
   </trkpt>
   <trkpt lat="46.1604780" lon="-1.1699870">
    <ele>10.5</ele>
    <time>2024-08-28T17:19:12Z</time>
   </trkpt>
   <trkpt lat="46.1604800" lon="-1.1700330">
    <ele>10.6</ele>
    <time>2024-08-28T17:19:13Z</time>
   </trkpt>
   <trkpt lat="46.1604880" lon="-1.1700780">
    <ele>10.7</ele>
    <time>2024-08-28T17:19:14Z</time>
   </trkpt>
   <trkpt lat="46.1605010" lon="-1.1701210">
    <ele>10.8</ele>
    <time>2024-08-28T17:19:15Z</time>
   </trkpt>
   <trkpt lat="46.1605150" lon="-1.1701580">
    <ele>10.9</ele>
    <time>2024-08-28T17:19:16Z</time>
   </trkpt>
   <trkpt lat="46.1605290" lon="-1.1701980">
    <ele>11.0</ele>
    <time>2024-08-28T17:19:17Z</time>
   </trkpt>
   <trkpt lat="46.1605370" lon="-1.1702440">
    <ele>11.1</ele>
    <time>2024-08-28T17:19:18Z</time>
   </trkpt>
   <trkpt lat="46.1605390" lon="-1.1702570">
    <ele>11.2</ele>
    <time>2024-08-28T17:19:19Z</time>
   </trkpt>
   <trkpt lat="46.1605450" lon="-1.1703090">
    <ele>11.3</ele>
    <time>2024-08-28T17:19:20Z</time>
   </trkpt>
   <trkpt lat="46.1605480" lon="-1.1703270">
    <ele>11.3</ele>
    <time>2024-08-28T17:19:21Z</time>
   </trkpt>
   <trkpt lat="46.1605550" lon="-1.1703660">
    <ele>11.4</ele>
    <time>2024-08-28T17:19:22Z</time>
   </trkpt>
   <trkpt lat="46.1605610" lon="-1.1704100">
    <ele>11.5</ele>
    <time>2024-08-28T17:19:23Z</time>
   </trkpt>
   <trkpt lat="46.1605680" lon="-1.1704560">
    <ele>11.7</ele>
    <time>2024-08-28T17:19:24Z</time>
   </trkpt>
   <trkpt lat="46.1605700" lon="-1.1705080">
    <ele>11.8</ele>
    <time>2024-08-28T17:19:25Z</time>
   </trkpt>
   <trkpt lat="46.1605700" lon="-1.1705230">
    <ele>11.8</ele>
    <time>2024-08-28T17:19:26Z</time>
   </trkpt>
   <trkpt lat="46.1605750" lon="-1.1705640">
    <ele>11.9</ele>
    <time>2024-08-28T17:19:27Z</time>
   </trkpt>
   <trkpt lat="46.1605790" lon="-1.1705800">
    <ele>12.0</ele>
    <time>2024-08-28T17:19:28Z</time>
   </trkpt>
   <trkpt lat="46.1605910" lon="-1.1706290">
    <ele>12.1</ele>
    <time>2024-08-28T17:19:29Z</time>
   </trkpt>
   <trkpt lat="46.1605940" lon="-1.1706410">
    <ele>12.1</ele>
    <time>2024-08-28T17:19:30Z</time>
   </trkpt>
   <trkpt lat="46.1605980" lon="-1.1706810">
    <ele>12.2</ele>
    <time>2024-08-28T17:19:31Z</time>
   </trkpt>
   <trkpt lat="46.1606000" lon="-1.1706960">
    <ele>12.3</ele>
    <time>2024-08-28T17:19:32Z</time>
   </trkpt>
   <trkpt lat="46.1606080" lon="-1.1707520">
    <ele>12.4</ele>
    <time>2024-08-28T17:19:33Z</time>
   </trkpt>
   <trkpt lat="46.1606110" lon="-1.1707710">
    <ele>12.5</ele>
    <time>2024-08-28T17:19:34Z</time>
   </trkpt>
   <trkpt lat="46.1606190" lon="-1.1708170">
    <ele>12.6</ele>
    <time>2024-08-28T17:19:35Z</time>
   </trkpt>
   <trkpt lat="46.1606220" lon="-1.1708310">
    <ele>12.6</ele>
    <time>2024-08-28T17:19:36Z</time>
   </trkpt>
   <trkpt lat="46.1606300" lon="-1.1708790">
    <ele>12.7</ele>
    <time>2024-08-28T17:19:37Z</time>
   </trkpt>
   <trkpt lat="46.1606330" lon="-1.1708980">
    <ele>12.8</ele>
    <time>2024-08-28T17:19:38Z</time>
   </trkpt>
   <trkpt lat="46.1606370" lon="-1.1709390">
    <ele>12.8</ele>
    <time>2024-08-28T17:19:39Z</time>
   </trkpt>
   <trkpt lat="46.1606410" lon="-1.1709810">
    <ele>12.8</ele>
    <time>2024-08-28T17:19:40Z</time>
   </trkpt>
   <trkpt lat="46.1606460" lon="-1.1710300">
    <ele>12.9</ele>
    <time>2024-08-28T17:19:41Z</time>
   </trkpt>
   <trkpt lat="46.1606470" lon="-1.1710450">
    <ele>12.9</ele>
    <time>2024-08-28T17:19:42Z</time>
   </trkpt>
   <trkpt lat="46.1606470" lon="-1.1710880">
    <ele>13.0</ele>
    <time>2024-08-28T17:19:43Z</time>
   </trkpt>
   <trkpt lat="46.1606470" lon="-1.1711030">
    <ele>13.0</ele>
    <time>2024-08-28T17:19:44Z</time>
   </trkpt>
   <trkpt lat="46.1606470" lon="-1.1711480">
    <ele>13.0</ele>
    <time>2024-08-28T17:19:45Z</time>
   </trkpt>
   <trkpt lat="46.1606480" lon="-1.1711630">
    <ele>13.1</ele>
    <time>2024-08-28T17:19:46Z</time>
   </trkpt>
   <trkpt lat="46.1606520" lon="-1.1712120">
    <ele>13.2</ele>
    <time>2024-08-28T17:19:47Z</time>
   </trkpt>
   <trkpt lat="46.1606530" lon="-1.1712290">
    <ele>13.2</ele>
    <time>2024-08-28T17:19:48Z</time>
   </trkpt>
   <trkpt lat="46.1606560" lon="-1.1712870">
    <ele>13.3</ele>
    <time>2024-08-28T17:19:49Z</time>
   </trkpt>
   <trkpt lat="46.1606570" lon="-1.1713080">
    <ele>13.4</ele>
    <time>2024-08-28T17:19:50Z</time>
   </trkpt>
   <trkpt lat="46.1606600" lon="-1.1713640">
    <ele>13.5</ele>
    <time>2024-08-28T17:19:51Z</time>
   </trkpt>
   <trkpt lat="46.1606630" lon="-1.1713810">
    <ele>13.5</ele>
    <time>2024-08-28T17:19:52Z</time>
   </trkpt>
   <trkpt lat="46.1606710" lon="-1.1714280">
    <ele>13.6</ele>
    <time>2024-08-28T17:19:53Z</time>
   </trkpt>
   <trkpt lat="46.1606740" lon="-1.1714430">
    <ele>13.6</ele>
    <time>2024-08-28T17:19:54Z</time>
   </trkpt>
   <trkpt lat="46.1606770" lon="-1.1714680">
    <ele>13.7</ele>
    <time>2024-08-28T17:19:55Z</time>
   </trkpt>
   <trkpt lat="46.1606770" lon="-1.1714830">
    <ele>13.7</ele>
    <time>2024-08-28T17:19:56Z</time>
   </trkpt>
   <trkpt lat="46.1606680" lon="-1.1714930">
    <ele>13.7</ele>
    <time>2024-08-28T17:19:57Z</time>
   </trkpt>
   <trkpt lat="46.1606500" lon="-1.1715060">
    <ele>13.7</ele>
    <time>2024-08-28T17:19:58Z</time>
   </trkpt>
   <trkpt lat="46.1606190" lon="-1.1715260">
    <ele>13.8</ele>
    <time>2024-08-28T17:19:59Z</time>
   </trkpt>
   <trkpt lat="46.1605900" lon="-1.1715510">
    <ele>13.9</ele>
    <time>2024-08-28T17:20:00Z</time>
   </trkpt>
   <trkpt lat="46.1605690" lon="-1.1715830">
    <ele>13.9</ele>
    <time>2024-08-28T17:20:01Z</time>
   </trkpt>
   <trkpt lat="46.1605610" lon="-1.1716280">
    <ele>14.0</ele>
    <time>2024-08-28T17:20:02Z</time>
   </trkpt>
   <trkpt lat="46.1605620" lon="-1.1716840">
    <ele>14.0</ele>
    <time>2024-08-28T17:20:03Z</time>
   </trkpt>
   <trkpt lat="46.1605710" lon="-1.1717330">
    <ele>14.1</ele>
    <time>2024-08-28T17:20:04Z</time>
   </trkpt>
   <trkpt lat="46.1605760" lon="-1.1717760">
    <ele>14.2</ele>
    <time>2024-08-28T17:20:05Z</time>
   </trkpt>
   <trkpt lat="46.1605760" lon="-1.1718290">
    <ele>14.2</ele>
    <time>2024-08-28T17:20:06Z</time>
   </trkpt>
   <trkpt lat="46.1605770" lon="-1.1718490">
    <ele>14.3</ele>
    <time>2024-08-28T17:20:07Z</time>
   </trkpt>
   <trkpt lat="46.1605800" lon="-1.1718910">
    <ele>14.3</ele>
    <time>2024-08-28T17:20:08Z</time>
   </trkpt>
   <trkpt lat="46.1605860" lon="-1.1719370">
    <ele>14.4</ele>
    <time>2024-08-28T17:20:09Z</time>
   </trkpt>
   <trkpt lat="46.1605950" lon="-1.1719910">
    <ele>14.5</ele>
    <time>2024-08-28T17:20:10Z</time>
   </trkpt>
   <trkpt lat="46.1605980" lon="-1.1720080">
    <ele>14.5</ele>
    <time>2024-08-28T17:20:11Z</time>
   </trkpt>
   <trkpt lat="46.1606050" lon="-1.1720620">
    <ele>14.6</ele>
    <time>2024-08-28T17:20:12Z</time>
   </trkpt>
   <trkpt lat="46.1606080" lon="-1.1720780">
    <ele>14.6</ele>
    <time>2024-08-28T17:20:13Z</time>
   </trkpt>
   <trkpt lat="46.1606190" lon="-1.1721350">
    <ele>14.7</ele>
    <time>2024-08-28T17:20:14Z</time>
   </trkpt>
   <trkpt lat="46.1606240" lon="-1.1721560">
    <ele>14.7</ele>
    <time>2024-08-28T17:20:15Z</time>
   </trkpt>
   <trkpt lat="46.1606300" lon="-1.1722020">
    <ele>14.8</ele>
    <time>2024-08-28T17:20:16Z</time>
   </trkpt>
   <trkpt lat="46.1606360" lon="-1.1722420">
    <ele>14.8</ele>
    <time>2024-08-28T17:20:17Z</time>
   </trkpt>
   <trkpt lat="46.1606470" lon="-1.1722910">
    <ele>14.9</ele>
    <time>2024-08-28T17:20:18Z</time>
   </trkpt>
   <trkpt lat="46.1606510" lon="-1.1723080">
    <ele>14.9</ele>
    <time>2024-08-28T17:20:19Z</time>
   </trkpt>
   <trkpt lat="46.1606560" lon="-1.1723470">
    <ele>15.0</ele>
    <time>2024-08-28T17:20:20Z</time>
   </trkpt>
   <trkpt lat="46.1606540" lon="-1.1723880">
    <ele>15.0</ele>
    <time>2024-08-28T17:20:21Z</time>
   </trkpt>
   <trkpt lat="46.1606520" lon="-1.1724310">
    <ele>15.1</ele>
    <time>2024-08-28T17:20:22Z</time>
   </trkpt>
   <trkpt lat="46.1606500" lon="-1.1724830">
    <ele>15.1</ele>
    <time>2024-08-28T17:20:23Z</time>
   </trkpt>
   <trkpt lat="46.1606510" lon="-1.1725000">
    <ele>15.2</ele>
    <time>2024-08-28T17:20:24Z</time>
   </trkpt>
   <trkpt lat="46.1606630" lon="-1.1725440">
    <ele>15.2</ele>
    <time>2024-08-28T17:20:25Z</time>
   </trkpt>
   <trkpt lat="46.1606690" lon="-1.1725550">
    <ele>15.2</ele>
    <time>2024-08-28T17:20:26Z</time>
   </trkpt>
   <trkpt lat="46.1606920" lon="-1.1725950">
    <ele>15.3</ele>
    <time>2024-08-28T17:20:27Z</time>
   </trkpt>
   <trkpt lat="46.1607000" lon="-1.1726100">
    <ele>15.3</ele>
    <time>2024-08-28T17:20:28Z</time>
   </trkpt>
   <trkpt lat="46.1607250" lon="-1.1726550">
    <ele>15.4</ele>
    <time>2024-08-28T17:20:29Z</time>
   </trkpt>
   <trkpt lat="46.1607320" lon="-1.1726720">
    <ele>15.4</ele>
    <time>2024-08-28T17:20:30Z</time>
   </trkpt>
   <trkpt lat="46.1607410" lon="-1.1727100">
    <ele>15.5</ele>
    <time>2024-08-28T17:20:31Z</time>
   </trkpt>
   <trkpt lat="46.1607500" lon="-1.1727500">
    <ele>15.5</ele>
    <time>2024-08-28T17:20:32Z</time>
   </trkpt>
   <trkpt lat="46.1607550" lon="-1.1727890">
    <ele>15.6</ele>
    <time>2024-08-28T17:20:33Z</time>
   </trkpt>
   <trkpt lat="46.1607670" lon="-1.1728370">
    <ele>15.6</ele>
    <time>2024-08-28T17:20:34Z</time>
   </trkpt>
   <trkpt lat="46.1607710" lon="-1.1728530">
    <ele>15.7</ele>
    <time>2024-08-28T17:20:35Z</time>
   </trkpt>
   <trkpt lat="46.1607830" lon="-1.1728950">
    <ele>15.7</ele>
    <time>2024-08-28T17:20:36Z</time>
   </trkpt>
   <trkpt lat="46.1607860" lon="-1.1729110">
    <ele>15.7</ele>
    <time>2024-08-28T17:20:37Z</time>
   </trkpt>
   <trkpt lat="46.1607850" lon="-1.1729640">
    <ele>15.8</ele>
    <time>2024-08-28T17:20:38Z</time>
   </trkpt>
   <trkpt lat="46.1607830" lon="-1.1730150">
    <ele>15.9</ele>
    <time>2024-08-28T17:20:39Z</time>
   </trkpt>
   <trkpt lat="46.1607830" lon="-1.1730690">
    <ele>16.0</ele>
    <time>2024-08-28T17:20:40Z</time>
   </trkpt>
   <trkpt lat="46.1607840" lon="-1.1730860">
    <ele>16.0</ele>
    <time>2024-08-28T17:20:41Z</time>
   </trkpt>
   <trkpt lat="46.1607970" lon="-1.1731310">
    <ele>16.1</ele>
    <time>2024-08-28T17:20:42Z</time>
   </trkpt>
   <trkpt lat="46.1608010" lon="-1.1731450">
    <ele>16.1</ele>
    <time>2024-08-28T17:20:43Z</time>
   </trkpt>
   <trkpt lat="46.1608080" lon="-1.1731640">
    <ele>16.1</ele>
    <time>2024-08-28T17:20:44Z</time>
   </trkpt>
   <trkpt lat="46.1608130" lon="-1.1731910">
    <ele>16.2</ele>
    <time>2024-08-28T17:20:45Z</time>
   </trkpt>
   <trkpt lat="46.1608200" lon="-1.1732160">
    <ele>16.2</ele>
    <time>2024-08-28T17:20:46Z</time>
   </trkpt>
   <trkpt lat="46.1608220" lon="-1.1732320">
    <ele>16.3</ele>
    <time>2024-08-28T17:20:47Z</time>
   </trkpt>
   <trkpt lat="46.1608230" lon="-1.1732560">
    <ele>16.3</ele>
    <time>2024-08-28T17:20:48Z</time>
   </trkpt>
   <trkpt lat="46.1608240" lon="-1.1732800">
    <ele>16.3</ele>
    <time>2024-08-28T17:20:49Z</time>
   </trkpt>
   <trkpt lat="46.1608280" lon="-1.1733010">
    <ele>16.4</ele>
    <time>2024-08-28T17:20:50Z</time>
   </trkpt>
   <trkpt lat="46.1608370" lon="-1.1733240">
    <ele>16.4</ele>
    <time>2024-08-28T17:20:51Z</time>
   </trkpt>
   <trkpt lat="46.1608540" lon="-1.1733770">
    <ele>16.5</ele>
    <time>2024-08-28T17:20:52Z</time>
   </trkpt>
   <trkpt lat="46.1608600" lon="-1.1733990">
    <ele>16.5</ele>
    <time>2024-08-28T17:20:53Z</time>
   </trkpt>
   <trkpt lat="46.1608650" lon="-1.1734510">
    <ele>16.6</ele>
    <time>2024-08-28T17:20:54Z</time>
   </trkpt>
   <trkpt lat="46.1608690" lon="-1.1735020">
    <ele>16.7</ele>
    <time>2024-08-28T17:20:55Z</time>
   </trkpt>
   <trkpt lat="46.1608730" lon="-1.1735530">
    <ele>16.8</ele>
    <time>2024-08-28T17:20:56Z</time>
   </trkpt>
   <trkpt lat="46.1608780" lon="-1.1736010">
    <ele>16.8</ele>
    <time>2024-08-28T17:20:57Z</time>
   </trkpt>
   <trkpt lat="46.1608810" lon="-1.1736480">
    <ele>16.9</ele>
    <time>2024-08-28T17:20:58Z</time>
   </trkpt>
   <trkpt lat="46.1608840" lon="-1.1736960">
    <ele>17.0</ele>
    <time>2024-08-28T17:20:59Z</time>
   </trkpt>
   <trkpt lat="46.1608870" lon="-1.1737410">
    <ele>17.0</ele>
    <time>2024-08-28T17:21:00Z</time>
   </trkpt>
   <trkpt lat="46.1608900" lon="-1.1737850">
    <ele>17.1</ele>
    <time>2024-08-28T17:21:01Z</time>
   </trkpt>
   <trkpt lat="46.1608980" lon="-1.1738260">
    <ele>17.2</ele>
    <time>2024-08-28T17:21:02Z</time>
   </trkpt>
   <trkpt lat="46.1609050" lon="-1.1738660">
    <ele>17.2</ele>
    <time>2024-08-28T17:21:03Z</time>
   </trkpt>
   <trkpt lat="46.1609120" lon="-1.1739050">
    <ele>17.3</ele>
    <time>2024-08-28T17:21:04Z</time>
   </trkpt>
   <trkpt lat="46.1609150" lon="-1.1739200">
    <ele>17.3</ele>
    <time>2024-08-28T17:21:05Z</time>
   </trkpt>
   <trkpt lat="46.1609200" lon="-1.1739740">
    <ele>17.4</ele>
    <time>2024-08-28T17:21:06Z</time>
   </trkpt>
   <trkpt lat="46.1609220" lon="-1.1739890">
    <ele>17.4</ele>
    <time>2024-08-28T17:21:07Z</time>
   </trkpt>
   <trkpt lat="46.1609330" lon="-1.1740470">
    <ele>17.5</ele>
    <time>2024-08-28T17:21:08Z</time>
   </trkpt>
   <trkpt lat="46.1609370" lon="-1.1740690">
    <ele>17.5</ele>
    <time>2024-08-28T17:21:09Z</time>
   </trkpt>
   <trkpt lat="46.1609430" lon="-1.1741160">
    <ele>17.6</ele>
    <time>2024-08-28T17:21:10Z</time>
   </trkpt>
   <trkpt lat="46.1609480" lon="-1.1741730">
    <ele>17.6</ele>
    <time>2024-08-28T17:21:11Z</time>
   </trkpt>
   <trkpt lat="46.1609490" lon="-1.1741910">
    <ele>17.6</ele>
    <time>2024-08-28T17:21:12Z</time>
   </trkpt>
   <trkpt lat="46.1609530" lon="-1.1742330">
    <ele>17.7</ele>
    <time>2024-08-28T17:21:13Z</time>
   </trkpt>
   <trkpt lat="46.1609580" lon="-1.1742830">
    <ele>17.7</ele>
    <time>2024-08-28T17:21:14Z</time>
   </trkpt>
   <trkpt lat="46.1609620" lon="-1.1743320">
    <ele>17.8</ele>
    <time>2024-08-28T17:21:15Z</time>
   </trkpt>
   <trkpt lat="46.1609650" lon="-1.1743790">
    <ele>17.8</ele>
    <time>2024-08-28T17:21:16Z</time>
   </trkpt>
   <trkpt lat="46.1609680" lon="-1.1744010">
    <ele>17.8</ele>
    <time>2024-08-28T17:21:17Z</time>
   </trkpt>
   <trkpt lat="46.1609820" lon="-1.1744130">
    <ele>17.9</ele>
    <time>2024-08-28T17:21:18Z</time>
   </trkpt>
   <trkpt lat="46.1610150" lon="-1.1744340">
    <ele>17.9</ele>
    <time>2024-08-28T17:21:19Z</time>
   </trkpt>
   <trkpt lat="46.1610260" lon="-1.1744450">
    <ele>17.9</ele>
    <time>2024-08-28T17:21:20Z</time>
   </trkpt>
   <trkpt lat="46.1610450" lon="-1.1744860">
    <ele>18.0</ele>
    <time>2024-08-28T17:21:21Z</time>
   </trkpt>
   <trkpt lat="46.1610540" lon="-1.1745370">
    <ele>18.0</ele>
    <time>2024-08-28T17:21:22Z</time>
   </trkpt>
   <trkpt lat="46.1610590" lon="-1.1745870">
    <ele>18.0</ele>
    <time>2024-08-28T17:21:23Z</time>
   </trkpt>
   <trkpt lat="46.1610590" lon="-1.1746360">
    <ele>18.1</ele>
    <time>2024-08-28T17:21:24Z</time>
   </trkpt>
   <trkpt lat="46.1610590" lon="-1.1746910">
    <ele>18.1</ele>
    <time>2024-08-28T17:21:25Z</time>
   </trkpt>
   <trkpt lat="46.1610600" lon="-1.1747440">
    <ele>18.1</ele>
    <time>2024-08-28T17:21:26Z</time>
   </trkpt>
   <trkpt lat="46.1610610" lon="-1.1747930">
    <ele>18.2</ele>
    <time>2024-08-28T17:21:27Z</time>
   </trkpt>
   <trkpt lat="46.1610630" lon="-1.1748430">
    <ele>18.2</ele>
    <time>2024-08-28T17:21:28Z</time>
   </trkpt>
   <trkpt lat="46.1610590" lon="-1.1748900">
    <ele>18.2</ele>
    <time>2024-08-28T17:21:29Z</time>
   </trkpt>
   <trkpt lat="46.1610500" lon="-1.1749340">
    <ele>18.3</ele>
    <time>2024-08-28T17:21:30Z</time>
   </trkpt>
   <trkpt lat="46.1610470" lon="-1.1749450">
    <ele>18.3</ele>
    <time>2024-08-28T17:21:31Z</time>
   </trkpt>
   <trkpt lat="46.1610410" lon="-1.1749650">
    <ele>18.3</ele>
    <time>2024-08-28T17:21:32Z</time>
   </trkpt>
   <trkpt lat="46.1610380" lon="-1.1749930">
    <ele>18.3</ele>
    <time>2024-08-28T17:21:33Z</time>
   </trkpt>
   <trkpt lat="46.1610440" lon="-1.1750490">
    <ele>18.3</ele>
    <time>2024-08-28T17:21:34Z</time>
   </trkpt>
   <trkpt lat="46.1610470" lon="-1.1750680">
    <ele>18.3</ele>
    <time>2024-08-28T17:21:35Z</time>
   </trkpt>
   <trkpt lat="46.1610570" lon="-1.1751050">
    <ele>18.4</ele>
    <time>2024-08-28T17:21:36Z</time>
   </trkpt>
   <trkpt lat="46.1610730" lon="-1.1751580">
    <ele>18.4</ele>
    <time>2024-08-28T17:21:37Z</time>
   </trkpt>
   <trkpt lat="46.1610780" lon="-1.1751770">
    <ele>18.4</ele>
    <time>2024-08-28T17:21:38Z</time>
   </trkpt>
   <trkpt lat="46.1610900" lon="-1.1752250">
    <ele>18.4</ele>
    <time>2024-08-28T17:21:39Z</time>
   </trkpt>
   <trkpt lat="46.1611030" lon="-1.1752800">
    <ele>18.5</ele>
    <time>2024-08-28T17:21:40Z</time>
   </trkpt>
   <trkpt lat="46.1611140" lon="-1.1753310">
    <ele>18.5</ele>
    <time>2024-08-28T17:21:41Z</time>
   </trkpt>
   <trkpt lat="46.1611290" lon="-1.1753870">
    <ele>18.5</ele>
    <time>2024-08-28T17:21:42Z</time>
   </trkpt>
   <trkpt lat="46.1611430" lon="-1.1754460">
    <ele>18.6</ele>
    <time>2024-08-28T17:21:43Z</time>
   </trkpt>
   <trkpt lat="46.1611540" lon="-1.1754980">
    <ele>18.6</ele>
    <time>2024-08-28T17:21:44Z</time>
   </trkpt>
   <trkpt lat="46.1611620" lon="-1.1755490">
    <ele>18.6</ele>
    <time>2024-08-28T17:21:45Z</time>
   </trkpt>
   <trkpt lat="46.1611690" lon="-1.1755990">
    <ele>18.7</ele>
    <time>2024-08-28T17:21:46Z</time>
   </trkpt>
   <trkpt lat="46.1611740" lon="-1.1756420">
    <ele>18.7</ele>
    <time>2024-08-28T17:21:47Z</time>
   </trkpt>
   <trkpt lat="46.1611820" lon="-1.1756850">
    <ele>18.7</ele>
    <time>2024-08-28T17:21:48Z</time>
   </trkpt>
   <trkpt lat="46.1611900" lon="-1.1757300">
    <ele>18.7</ele>
    <time>2024-08-28T17:21:49Z</time>
   </trkpt>
   <trkpt lat="46.1611970" lon="-1.1757700">
    <ele>18.8</ele>
    <time>2024-08-28T17:21:50Z</time>
   </trkpt>
   <trkpt lat="46.1612010" lon="-1.1758120">
    <ele>18.8</ele>
    <time>2024-08-28T17:21:51Z</time>
   </trkpt>
   <trkpt lat="46.1612070" lon="-1.1758580">
    <ele>18.8</ele>
    <time>2024-08-28T17:21:52Z</time>
   </trkpt>
   <trkpt lat="46.1612160" lon="-1.1758990">
    <ele>18.8</ele>
    <time>2024-08-28T17:21:53Z</time>
   </trkpt>
   <trkpt lat="46.1612270" lon="-1.1759420">
    <ele>18.8</ele>
    <time>2024-08-28T17:21:54Z</time>
   </trkpt>
   <trkpt lat="46.1612340" lon="-1.1759940">
    <ele>18.8</ele>
    <time>2024-08-28T17:21:55Z</time>
   </trkpt>
   <trkpt lat="46.1612380" lon="-1.1760460">
    <ele>18.8</ele>
    <time>2024-08-28T17:21:56Z</time>
   </trkpt>
   <trkpt lat="46.1612400" lon="-1.1760940">
    <ele>18.8</ele>
    <time>2024-08-28T17:21:57Z</time>
   </trkpt>
   <trkpt lat="46.1612430" lon="-1.1761410">
    <ele>18.8</ele>
    <time>2024-08-28T17:21:58Z</time>
   </trkpt>
   <trkpt lat="46.1612500" lon="-1.1761900">
    <ele>18.8</ele>
    <time>2024-08-28T17:21:59Z</time>
   </trkpt>
   <trkpt lat="46.1612560" lon="-1.1762360">
    <ele>18.8</ele>
    <time>2024-08-28T17:22:00Z</time>
   </trkpt>
   <trkpt lat="46.1612630" lon="-1.1762840">
    <ele>18.8</ele>
    <time>2024-08-28T17:22:01Z</time>
   </trkpt>
   <trkpt lat="46.1612720" lon="-1.1763290">
    <ele>18.8</ele>
    <time>2024-08-28T17:22:02Z</time>
   </trkpt>
   <trkpt lat="46.1612840" lon="-1.1763760">
    <ele>18.8</ele>
    <time>2024-08-28T17:22:03Z</time>
   </trkpt>
   <trkpt lat="46.1613040" lon="-1.1764200">
    <ele>18.8</ele>
    <time>2024-08-28T17:22:04Z</time>
   </trkpt>
   <trkpt lat="46.1613100" lon="-1.1764320">
    <ele>18.8</ele>
    <time>2024-08-28T17:22:05Z</time>
   </trkpt>
   <trkpt lat="46.1613340" lon="-1.1764720">
    <ele>18.8</ele>
    <time>2024-08-28T17:22:06Z</time>
   </trkpt>
   <trkpt lat="46.1613430" lon="-1.1764880">
    <ele>18.7</ele>
    <time>2024-08-28T17:22:07Z</time>
   </trkpt>
   <trkpt lat="46.1613580" lon="-1.1765320">
    <ele>18.7</ele>
    <time>2024-08-28T17:22:08Z</time>
   </trkpt>
   <trkpt lat="46.1613690" lon="-1.1765760">
    <ele>18.7</ele>
    <time>2024-08-28T17:22:09Z</time>
   </trkpt>
   <trkpt lat="46.1613770" lon="-1.1766210">
    <ele>18.6</ele>
    <time>2024-08-28T17:22:10Z</time>
   </trkpt>
   <trkpt lat="46.1613820" lon="-1.1766640">
    <ele>18.6</ele>
    <time>2024-08-28T17:22:11Z</time>
   </trkpt>
   <trkpt lat="46.1613900" lon="-1.1767070">
    <ele>18.5</ele>
    <time>2024-08-28T17:22:12Z</time>
   </trkpt>
   <trkpt lat="46.1613960" lon="-1.1767540">
    <ele>18.5</ele>
    <time>2024-08-28T17:22:13Z</time>
   </trkpt>
   <trkpt lat="46.1613990" lon="-1.1768030">
    <ele>18.5</ele>
    <time>2024-08-28T17:22:14Z</time>
   </trkpt>
   <trkpt lat="46.1614000" lon="-1.1768520">
    <ele>18.4</ele>
    <time>2024-08-28T17:22:15Z</time>
   </trkpt>
   <trkpt lat="46.1614000" lon="-1.1769020">
    <ele>18.4</ele>
    <time>2024-08-28T17:22:16Z</time>
   </trkpt>
   <trkpt lat="46.1614040" lon="-1.1769440">
    <ele>18.3</ele>
    <time>2024-08-28T17:22:17Z</time>
   </trkpt>
   <trkpt lat="46.1614090" lon="-1.1769860">
    <ele>18.3</ele>
    <time>2024-08-28T17:22:18Z</time>
   </trkpt>
   <trkpt lat="46.1614150" lon="-1.1770260">
    <ele>18.3</ele>
    <time>2024-08-28T17:22:19Z</time>
   </trkpt>
   <trkpt lat="46.1614190" lon="-1.1770670">
    <ele>18.2</ele>
    <time>2024-08-28T17:22:20Z</time>
   </trkpt>
   <trkpt lat="46.1614230" lon="-1.1771110">
    <ele>18.2</ele>
    <time>2024-08-28T17:22:21Z</time>
   </trkpt>
   <trkpt lat="46.1614250" lon="-1.1771580">
    <ele>18.2</ele>
    <time>2024-08-28T17:22:22Z</time>
   </trkpt>
   <trkpt lat="46.1614290" lon="-1.1772090">
    <ele>18.1</ele>
    <time>2024-08-28T17:22:23Z</time>
   </trkpt>
   <trkpt lat="46.1614380" lon="-1.1772540">
    <ele>18.0</ele>
    <time>2024-08-28T17:22:24Z</time>
   </trkpt>
   <trkpt lat="46.1614480" lon="-1.1772950">
    <ele>18.0</ele>
    <time>2024-08-28T17:22:25Z</time>
   </trkpt>
   <trkpt lat="46.1614560" lon="-1.1773320">
    <ele>17.9</ele>
    <time>2024-08-28T17:22:26Z</time>
   </trkpt>
   <trkpt lat="46.1614670" lon="-1.1773710">
    <ele>17.9</ele>
    <time>2024-08-28T17:22:27Z</time>
   </trkpt>
   <trkpt lat="46.1614750" lon="-1.1774100">
    <ele>17.8</ele>
    <time>2024-08-28T17:22:28Z</time>
   </trkpt>
   <trkpt lat="46.1614810" lon="-1.1774580">
    <ele>17.7</ele>
    <time>2024-08-28T17:22:29Z</time>
   </trkpt>
   <trkpt lat="46.1614840" lon="-1.1775090">
    <ele>17.6</ele>
    <time>2024-08-28T17:22:30Z</time>
   </trkpt>
   <trkpt lat="46.1614830" lon="-1.1775540">
    <ele>17.5</ele>
    <time>2024-08-28T17:22:31Z</time>
   </trkpt>
   <trkpt lat="46.1614840" lon="-1.1776000">
    <ele>17.4</ele>
    <time>2024-08-28T17:22:32Z</time>
   </trkpt>
   <trkpt lat="46.1614890" lon="-1.1776530">
    <ele>17.3</ele>
    <time>2024-08-28T17:22:33Z</time>
   </trkpt>
   <trkpt lat="46.1614990" lon="-1.1777290">
    <ele>17.2</ele>
    <time>2024-08-28T17:22:34Z</time>
   </trkpt>
   <trkpt lat="46.1615080" lon="-1.1777930">
    <ele>17.0</ele>
    <time>2024-08-28T17:22:35Z</time>
   </trkpt>
   <trkpt lat="46.1615170" lon="-1.1778470">
    <ele>16.9</ele>
    <time>2024-08-28T17:22:36Z</time>
   </trkpt>
   <trkpt lat="46.1615230" lon="-1.1779030">
    <ele>16.8</ele>
    <time>2024-08-28T17:22:37Z</time>
   </trkpt>
   <trkpt lat="46.1615250" lon="-1.1779580">
    <ele>16.7</ele>
    <time>2024-08-28T17:22:38Z</time>
   </trkpt>
   <trkpt lat="46.1615280" lon="-1.1780110">
    <ele>16.6</ele>
    <time>2024-08-28T17:22:39Z</time>
   </trkpt>
   <trkpt lat="46.1615320" lon="-1.1780670">
    <ele>16.4</ele>
    <time>2024-08-28T17:22:40Z</time>
   </trkpt>
   <trkpt lat="46.1615360" lon="-1.1781230">
    <ele>16.3</ele>
    <time>2024-08-28T17:22:41Z</time>
   </trkpt>
   <trkpt lat="46.1615410" lon="-1.1781760">
    <ele>16.2</ele>
    <time>2024-08-28T17:22:42Z</time>
   </trkpt>
   <trkpt lat="46.1615450" lon="-1.1782310">
    <ele>16.1</ele>
    <time>2024-08-28T17:22:43Z</time>
   </trkpt>
   <trkpt lat="46.1615520" lon="-1.1782820">
    <ele>16.0</ele>
    <time>2024-08-28T17:22:44Z</time>
   </trkpt>
   <trkpt lat="46.1615560" lon="-1.1783470">
    <ele>15.9</ele>
    <time>2024-08-28T17:22:45Z</time>
   </trkpt>
   <trkpt lat="46.1615440" lon="-1.1783660">
    <ele>15.8</ele>
    <time>2024-08-28T17:22:46Z</time>
   </trkpt>
   <trkpt lat="46.1615450" lon="-1.1783660">
    <ele>15.8</ele>
    <time>2024-08-28T17:22:47Z</time>
   </trkpt>
   <trkpt lat="46.1615450" lon="-1.1783660">
    <ele>15.8</ele>
    <time>2024-08-28T17:22:48Z</time>
   </trkpt>
  </trkseg>
 </trk>
</gpx>
