<?xml version="1.0" encoding="UTF-8"?>
<gpx creator="StravaGPX" version="1.1" xmlns="http://www.topografix.com/GPX/1/1" xmlns:xsi="http://www.w3.org/2001/XMLSchema-instance" xsi:schemaLocation="http://www.topografix.com/GPX/1/1 http://www.topografix.com/GPX/1/1/gpx.xsd">
 <metadata>
  <time>2024-09-06T17:00:41Z</time>
 </metadata>
 <trk>
  <name>Course à pied le soir</name>
  <type>running</type>
  <trkseg>
   <trkpt lat="46.6801100" lon="0.3660770">
    <ele>96.9</ele>
    <time>2024-09-06T17:00:41Z</time>
   </trkpt>
   <trkpt lat="46.6801100" lon="0.3660770">
    <ele>96.9</ele>
    <time>2024-09-06T17:00:42Z</time>
   </trkpt>
   <trkpt lat="46.6801100" lon="0.3660770">
    <ele>96.9</ele>
    <time>2024-09-06T17:00:43Z</time>
   </trkpt>
   <trkpt lat="46.6800890" lon="0.3660880">
    <ele>96.9</ele>
    <time>2024-09-06T17:00:44Z</time>
   </trkpt>
   <trkpt lat="46.6800860" lon="0.3660650">
    <ele>96.8</ele>
    <time>2024-09-06T17:00:45Z</time>
   </trkpt>
   <trkpt lat="46.6800930" lon="0.3660500">
    <ele>96.8</ele>
    <time>2024-09-06T17:00:46Z</time>
   </trkpt>
   <trkpt lat="46.6801050" lon="0.3660350">
    <ele>96.8</ele>
    <time>2024-09-06T17:00:47Z</time>
   </trkpt>
   <trkpt lat="46.6801400" lon="0.3659930">
    <ele>96.7</ele>
    <time>2024-09-06T17:00:48Z</time>
   </trkpt>
   <trkpt lat="46.6801620" lon="0.3659730">
    <ele>96.7</ele>
    <time>2024-09-06T17:00:49Z</time>
   </trkpt>
   <trkpt lat="46.6801900" lon="0.3659550">
    <ele>96.6</ele>
    <time>2024-09-06T17:00:50Z</time>
   </trkpt>
   <trkpt lat="46.6802220" lon="0.3659370">
    <ele>96.6</ele>
    <time>2024-09-06T17:00:51Z</time>
   </trkpt>
   <trkpt lat="46.6802520" lon="0.3659290">
    <ele>96.6</ele>
    <time>2024-09-06T17:00:52Z</time>
   </trkpt>
   <trkpt lat="46.6802830" lon="0.3659250">
    <ele>96.5</ele>
    <time>2024-09-06T17:00:54Z</time>
   </trkpt>
   <trkpt lat="46.6803200" lon="0.3659200">
    <ele>96.5</ele>
    <time>2024-09-06T17:00:55Z</time>
   </trkpt>
   <trkpt lat="46.6803600" lon="0.3659170">
    <ele>96.5</ele>
    <time>2024-09-06T17:00:56Z</time>
   </trkpt>
   <trkpt lat="46.6803940" lon="0.3659160">
    <ele>96.5</ele>
    <time>2024-09-06T17:00:57Z</time>
   </trkpt>
   <trkpt lat="46.6804280" lon="0.3659200">
    <ele>96.5</ele>
    <time>2024-09-06T17:00:58Z</time>
   </trkpt>
   <trkpt lat="46.6804680" lon="0.3659260">
    <ele>96.5</ele>
    <time>2024-09-06T17:00:59Z</time>
   </trkpt>
   <trkpt lat="46.6805120" lon="0.3659330">
    <ele>96.5</ele>
    <time>2024-09-06T17:01:00Z</time>
   </trkpt>
   <trkpt lat="46.6805480" lon="0.3659450">
    <ele>96.5</ele>
    <time>2024-09-06T17:01:01Z</time>
   </trkpt>
   <trkpt lat="46.6805820" lon="0.3659560">
    <ele>96.4</ele>
    <time>2024-09-06T17:01:02Z</time>
   </trkpt>
   <trkpt lat="46.6806170" lon="0.3659670">
    <ele>96.4</ele>
    <time>2024-09-06T17:01:03Z</time>
   </trkpt>
   <trkpt lat="46.6806520" lon="0.3659790">
    <ele>96.3</ele>
    <time>2024-09-06T17:01:04Z</time>
   </trkpt>
   <trkpt lat="46.6806850" lon="0.3659960">
    <ele>96.2</ele>
    <time>2024-09-06T17:01:05Z</time>
   </trkpt>
   <trkpt lat="46.6807190" lon="0.3660210">
    <ele>96.1</ele>
    <time>2024-09-06T17:01:06Z</time>
   </trkpt>
   <trkpt lat="46.6807560" lon="0.3660510">
    <ele>96.0</ele>
    <time>2024-09-06T17:01:07Z</time>
   </trkpt>
   <trkpt lat="46.6807890" lon="0.3660810">
    <ele>95.9</ele>
    <time>2024-09-06T17:01:08Z</time>
   </trkpt>
   <trkpt lat="46.6808160" lon="0.3661120">
    <ele>95.7</ele>
    <time>2024-09-06T17:01:09Z</time>
   </trkpt>
   <trkpt lat="46.6808420" lon="0.3661480">
    <ele>95.6</ele>
    <time>2024-09-06T17:01:10Z</time>
   </trkpt>
   <trkpt lat="46.6808660" lon="0.3661860">
    <ele>95.4</ele>
    <time>2024-09-06T17:01:11Z</time>
   </trkpt>
   <trkpt lat="46.6808920" lon="0.3662280">
    <ele>95.3</ele>
    <time>2024-09-06T17:01:12Z</time>
   </trkpt>
   <trkpt lat="46.6809160" lon="0.3662710">
    <ele>95.1</ele>
    <time>2024-09-06T17:01:13Z</time>
   </trkpt>
   <trkpt lat="46.6809380" lon="0.3663100">
    <ele>94.9</ele>
    <time>2024-09-06T17:01:14Z</time>
   </trkpt>
   <trkpt lat="46.6809610" lon="0.3663470">
    <ele>94.8</ele>
    <time>2024-09-06T17:01:15Z</time>
   </trkpt>
   <trkpt lat="46.6809860" lon="0.3663850">
    <ele>94.6</ele>
    <time>2024-09-06T17:01:16Z</time>
   </trkpt>
   <trkpt lat="46.6810110" lon="0.3664190">
    <ele>94.5</ele>
    <time>2024-09-06T17:01:17Z</time>
   </trkpt>
   <trkpt lat="46.6810370" lon="0.3664470">
    <ele>94.4</ele>
    <time>2024-09-06T17:01:18Z</time>
   </trkpt>
   <trkpt lat="46.6810650" lon="0.3664720">
    <ele>94.3</ele>
    <time>2024-09-06T17:01:19Z</time>
   </trkpt>
   <trkpt lat="46.6810970" lon="0.3664960">
    <ele>94.2</ele>
    <time>2024-09-06T17:01:20Z</time>
   </trkpt>
   <trkpt lat="46.6811290" lon="0.3665170">
    <ele>94.1</ele>
    <time>2024-09-06T17:01:21Z</time>
   </trkpt>
   <trkpt lat="46.6811620" lon="0.3665340">
    <ele>94.0</ele>
    <time>2024-09-06T17:01:22Z</time>
   </trkpt>
   <trkpt lat="46.6811940" lon="0.3665500">
    <ele>93.9</ele>
    <time>2024-09-06T17:01:23Z</time>
   </trkpt>
   <trkpt lat="46.6812270" lon="0.3665650">
    <ele>93.9</ele>
    <time>2024-09-06T17:01:24Z</time>
   </trkpt>
   <trkpt lat="46.6812660" lon="0.3665810">
    <ele>93.8</ele>
    <time>2024-09-06T17:01:25Z</time>
   </trkpt>
   <trkpt lat="46.6813040" lon="0.3665960">
    <ele>93.8</ele>
    <time>2024-09-06T17:01:26Z</time>
   </trkpt>
   <trkpt lat="46.6813370" lon="0.3666080">
    <ele>93.7</ele>
    <time>2024-09-06T17:01:27Z</time>
   </trkpt>
   <trkpt lat="46.6813680" lon="0.3666200">
    <ele>93.7</ele>
    <time>2024-09-06T17:01:28Z</time>
   </trkpt>
   <trkpt lat="46.6813990" lon="0.3666400">
    <ele>93.7</ele>
    <time>2024-09-06T17:01:29Z</time>
   </trkpt>
   <trkpt lat="46.6814280" lon="0.3666660">
    <ele>93.5</ele>
    <time>2024-09-06T17:01:30Z</time>
   </trkpt>
   <trkpt lat="46.6814500" lon="0.3666980">
    <ele>93.0</ele>
    <time>2024-09-06T17:01:31Z</time>
   </trkpt>
   <trkpt lat="46.6814670" lon="0.3667330">
    <ele>92.6</ele>
    <time>2024-09-06T17:01:32Z</time>
   </trkpt>
   <trkpt lat="46.6814800" lon="0.3667780">
    <ele>92.2</ele>
    <time>2024-09-06T17:01:33Z</time>
   </trkpt>
   <trkpt lat="46.6814910" lon="0.3668330">
    <ele>91.7</ele>
    <time>2024-09-06T17:01:34Z</time>
   </trkpt>
   <trkpt lat="46.6815010" lon="0.3668870">
    <ele>91.3</ele>
    <time>2024-09-06T17:01:35Z</time>
   </trkpt>
   <trkpt lat="46.6815070" lon="0.3669320">
    <ele>91.0</ele>
    <time>2024-09-06T17:01:36Z</time>
   </trkpt>
   <trkpt lat="46.6815100" lon="0.3669710">
    <ele>90.8</ele>
    <time>2024-09-06T17:01:37Z</time>
   </trkpt>
   <trkpt lat="46.6815150" lon="0.3670150">
    <ele>90.5</ele>
    <time>2024-09-06T17:01:38Z</time>
   </trkpt>
   <trkpt lat="46.6815190" lon="0.3670610">
    <ele>90.2</ele>
    <time>2024-09-06T17:01:39Z</time>
   </trkpt>
   <trkpt lat="46.6815270" lon="0.3671070">
    <ele>89.9</ele>
    <time>2024-09-06T17:01:40Z</time>
   </trkpt>
   <trkpt lat="46.6815360" lon="0.3671510">
    <ele>89.6</ele>
    <time>2024-09-06T17:01:41Z</time>
   </trkpt>
   <trkpt lat="46.6815420" lon="0.3671920">
    <ele>89.4</ele>
    <time>2024-09-06T17:01:42Z</time>
   </trkpt>
   <trkpt lat="46.6815470" lon="0.3672350">
    <ele>89.1</ele>
    <time>2024-09-06T17:01:43Z</time>
   </trkpt>
   <trkpt lat="46.6815540" lon="0.3672790">
    <ele>88.9</ele>
    <time>2024-09-06T17:01:44Z</time>
   </trkpt>
   <trkpt lat="46.6815630" lon="0.3673260">
    <ele>88.6</ele>
    <time>2024-09-06T17:01:45Z</time>
   </trkpt>
   <trkpt lat="46.6815740" lon="0.3673660">
    <ele>88.3</ele>
    <time>2024-09-06T17:01:46Z</time>
   </trkpt>
   <trkpt lat="46.6815850" lon="0.3674060">
    <ele>88.1</ele>
    <time>2024-09-06T17:01:47Z</time>
   </trkpt>
   <trkpt lat="46.6815980" lon="0.3674490">
    <ele>87.8</ele>
    <time>2024-09-06T17:01:48Z</time>
   </trkpt>
   <trkpt lat="46.6816120" lon="0.3674930">
    <ele>87.5</ele>
    <time>2024-09-06T17:01:49Z</time>
   </trkpt>
   <trkpt lat="46.6816240" lon="0.3675360">
    <ele>87.3</ele>
    <time>2024-09-06T17:01:50Z</time>
   </trkpt>
   <trkpt lat="46.6816350" lon="0.3675790">
    <ele>87.0</ele>
    <time>2024-09-06T17:01:51Z</time>
   </trkpt>
   <trkpt lat="46.6816430" lon="0.3676250">
    <ele>86.7</ele>
    <time>2024-09-06T17:01:52Z</time>
   </trkpt>
   <trkpt lat="46.6816460" lon="0.3676760">
    <ele>86.4</ele>
    <time>2024-09-06T17:01:53Z</time>
   </trkpt>
   <trkpt lat="46.6816480" lon="0.3677300">
    <ele>86.1</ele>
    <time>2024-09-06T17:01:54Z</time>
   </trkpt>
   <trkpt lat="46.6816490" lon="0.3677820">
    <ele>85.9</ele>
    <time>2024-09-06T17:01:55Z</time>
   </trkpt>
   <trkpt lat="46.6816560" lon="0.3678350">
    <ele>85.6</ele>
    <time>2024-09-06T17:01:56Z</time>
   </trkpt>
   <trkpt lat="46.6816650" lon="0.3678800">
    <ele>85.4</ele>
    <time>2024-09-06T17:01:57Z</time>
   </trkpt>
   <trkpt lat="46.6816750" lon="0.3679200">
    <ele>85.2</ele>
    <time>2024-09-06T17:01:58Z</time>
   </trkpt>
   <trkpt lat="46.6816840" lon="0.3679580">
    <ele>85.0</ele>
    <time>2024-09-06T17:01:59Z</time>
   </trkpt>
   <trkpt lat="46.6816890" lon="0.3679970">
    <ele>84.8</ele>
    <time>2024-09-06T17:02:00Z</time>
   </trkpt>
   <trkpt lat="46.6816920" lon="0.3680370">
    <ele>84.6</ele>
    <time>2024-09-06T17:02:01Z</time>
   </trkpt>
   <trkpt lat="46.6816940" lon="0.3680810">
    <ele>84.4</ele>
    <time>2024-09-06T17:02:02Z</time>
   </trkpt>
   <trkpt lat="46.6816950" lon="0.3681260">
    <ele>84.2</ele>
    <time>2024-09-06T17:02:03Z</time>
   </trkpt>
   <trkpt lat="46.6816960" lon="0.3681720">
    <ele>84.0</ele>
    <time>2024-09-06T17:02:04Z</time>
   </trkpt>
   <trkpt lat="46.6816970" lon="0.3682190">
    <ele>83.8</ele>
    <time>2024-09-06T17:02:05Z</time>
   </trkpt>
   <trkpt lat="46.6817040" lon="0.3682620">
    <ele>83.6</ele>
    <time>2024-09-06T17:02:06Z</time>
   </trkpt>
   <trkpt lat="46.6817150" lon="0.3683060">
    <ele>83.3</ele>
    <time>2024-09-06T17:02:07Z</time>
   </trkpt>
   <trkpt lat="46.6817290" lon="0.3683500">
    <ele>83.1</ele>
    <time>2024-09-06T17:02:08Z</time>
   </trkpt>
   <trkpt lat="46.6817420" lon="0.3683960">
    <ele>82.9</ele>
    <time>2024-09-06T17:02:09Z</time>
   </trkpt>
   <trkpt lat="46.6817520" lon="0.3684430">
    <ele>82.6</ele>
    <time>2024-09-06T17:02:10Z</time>
   </trkpt>
   <trkpt lat="46.6817590" lon="0.3684900">
    <ele>82.4</ele>
    <time>2024-09-06T17:02:11Z</time>
   </trkpt>
   <trkpt lat="46.6817650" lon="0.3685350">
    <ele>82.2</ele>
    <time>2024-09-06T17:02:12Z</time>
   </trkpt>
   <trkpt lat="46.6817710" lon="0.3685820">
    <ele>82.0</ele>
    <time>2024-09-06T17:02:13Z</time>
   </trkpt>
   <trkpt lat="46.6817750" lon="0.3686280">
    <ele>81.8</ele>
    <time>2024-09-06T17:02:14Z</time>
   </trkpt>
   <trkpt lat="46.6817780" lon="0.3686730">
    <ele>81.6</ele>
    <time>2024-09-06T17:02:15Z</time>
   </trkpt>
   <trkpt lat="46.6817790" lon="0.3687150">
    <ele>81.4</ele>
    <time>2024-09-06T17:02:16Z</time>
   </trkpt>
   <trkpt lat="46.6817740" lon="0.3687740">
    <ele>81.2</ele>
    <time>2024-09-06T17:02:17Z</time>
   </trkpt>
   <trkpt lat="46.6817720" lon="0.3687940">
    <ele>81.1</ele>
    <time>2024-09-06T17:02:18Z</time>
   </trkpt>
   <trkpt lat="46.6817680" lon="0.3688340">
    <ele>81.0</ele>
    <time>2024-09-06T17:02:19Z</time>
   </trkpt>
   <trkpt lat="46.6817670" lon="0.3688730">
    <ele>80.9</ele>
    <time>2024-09-06T17:02:20Z</time>
   </trkpt>
   <trkpt lat="46.6817670" lon="0.3689130">
    <ele>80.7</ele>
    <time>2024-09-06T17:02:21Z</time>
   </trkpt>
   <trkpt lat="46.6817700" lon="0.3689530">
    <ele>80.6</ele>
    <time>2024-09-06T17:02:22Z</time>
   </trkpt>
   <trkpt lat="46.6817790" lon="0.3690040">
    <ele>80.4</ele>
    <time>2024-09-06T17:02:23Z</time>
   </trkpt>
   <trkpt lat="46.6817850" lon="0.3690210">
    <ele>80.4</ele>
    <time>2024-09-06T17:02:24Z</time>
   </trkpt>
   <trkpt lat="46.6818040" lon="0.3690540">
    <ele>80.2</ele>
    <time>2024-09-06T17:02:25Z</time>
   </trkpt>
   <trkpt lat="46.6818330" lon="0.3690920">
    <ele>80.0</ele>
    <time>2024-09-06T17:02:26Z</time>
   </trkpt>
   <trkpt lat="46.6818660" lon="0.3691250">
    <ele>79.9</ele>
    <time>2024-09-06T17:02:27Z</time>
   </trkpt>
   <trkpt lat="46.6818970" lon="0.3691520">
    <ele>79.8</ele>
    <time>2024-09-06T17:02:28Z</time>
   </trkpt>
   <trkpt lat="46.6819300" lon="0.3691790">
    <ele>79.7</ele>
    <time>2024-09-06T17:02:29Z</time>
   </trkpt>
   <trkpt lat="46.6819640" lon="0.3692000">
    <ele>79.6</ele>
    <time>2024-09-06T17:02:30Z</time>
   </trkpt>
   <trkpt lat="46.6819950" lon="0.3692150">
    <ele>79.4</ele>
    <time>2024-09-06T17:02:31Z</time>
   </trkpt>
   <trkpt lat="46.6820290" lon="0.3692250">
    <ele>79.3</ele>
    <time>2024-09-06T17:02:32Z</time>
   </trkpt>
   <trkpt lat="46.6820640" lon="0.3692380">
    <ele>79.2</ele>
    <time>2024-09-06T17:02:33Z</time>
   </trkpt>
   <trkpt lat="46.6820940" lon="0.3692480">
    <ele>79.1</ele>
    <time>2024-09-06T17:02:34Z</time>
   </trkpt>
   <trkpt lat="46.6821270" lon="0.3692610">
    <ele>78.9</ele>
    <time>2024-09-06T17:02:35Z</time>
   </trkpt>
   <trkpt lat="46.6821610" lon="0.3692730">
    <ele>78.8</ele>
    <time>2024-09-06T17:02:36Z</time>
   </trkpt>
   <trkpt lat="46.6821890" lon="0.3692830">
    <ele>78.7</ele>
    <time>2024-09-06T17:02:37Z</time>
   </trkpt>
   <trkpt lat="46.6822170" lon="0.3692910">
    <ele>78.6</ele>
    <time>2024-09-06T17:02:38Z</time>
   </trkpt>
   <trkpt lat="46.6822440" lon="0.3692970">
    <ele>78.5</ele>
    <time>2024-09-06T17:02:39Z</time>
   </trkpt>
   <trkpt lat="46.6822720" lon="0.3693010">
    <ele>78.4</ele>
    <time>2024-09-06T17:02:40Z</time>
   </trkpt>
   <trkpt lat="46.6823000" lon="0.3693060">
    <ele>78.3</ele>
    <time>2024-09-06T17:02:41Z</time>
   </trkpt>
   <trkpt lat="46.6823400" lon="0.3693110">
    <ele>78.1</ele>
    <time>2024-09-06T17:02:42Z</time>
   </trkpt>
   <trkpt lat="46.6823530" lon="0.3693130">
    <ele>78.1</ele>
    <time>2024-09-06T17:02:43Z</time>
   </trkpt>
   <trkpt lat="46.6823790" lon="0.3693340">
    <ele>78.0</ele>
    <time>2024-09-06T17:02:44Z</time>
   </trkpt>
   <trkpt lat="46.6824010" lon="0.3693780">
    <ele>77.8</ele>
    <time>2024-09-06T17:02:45Z</time>
   </trkpt>
   <trkpt lat="46.6824050" lon="0.3693950">
    <ele>77.7</ele>
    <time>2024-09-06T17:02:46Z</time>
   </trkpt>
   <trkpt lat="46.6824030" lon="0.3694340">
    <ele>77.6</ele>
    <time>2024-09-06T17:02:47Z</time>
   </trkpt>
   <trkpt lat="46.6823990" lon="0.3694800">
    <ele>77.4</ele>
    <time>2024-09-06T17:02:48Z</time>
   </trkpt>
   <trkpt lat="46.6823890" lon="0.3695270">
    <ele>77.3</ele>
    <time>2024-09-06T17:02:49Z</time>
   </trkpt>
   <trkpt lat="46.6823760" lon="0.3695730">
    <ele>77.1</ele>
    <time>2024-09-06T17:02:50Z</time>
   </trkpt>
   <trkpt lat="46.6823620" lon="0.3696180">
    <ele>76.9</ele>
    <time>2024-09-06T17:02:51Z</time>
   </trkpt>
   <trkpt lat="46.6823450" lon="0.3696630">
    <ele>76.7</ele>
    <time>2024-09-06T17:02:52Z</time>
   </trkpt>
   <trkpt lat="46.6823290" lon="0.3697040">
    <ele>76.6</ele>
    <time>2024-09-06T17:02:53Z</time>
   </trkpt>
   <trkpt lat="46.6823130" lon="0.3697460">
    <ele>76.4</ele>
    <time>2024-09-06T17:02:54Z</time>
   </trkpt>
   <trkpt lat="46.6823010" lon="0.3697870">
    <ele>76.2</ele>
    <time>2024-09-06T17:02:55Z</time>
   </trkpt>
   <trkpt lat="46.6822900" lon="0.3698310">
    <ele>76.1</ele>
    <time>2024-09-06T17:02:56Z</time>
   </trkpt>
   <trkpt lat="46.6822780" lon="0.3698870">
    <ele>75.9</ele>
    <time>2024-09-06T17:02:57Z</time>
   </trkpt>
   <trkpt lat="46.6822730" lon="0.3699060">
    <ele>75.9</ele>
    <time>2024-09-06T17:02:58Z</time>
   </trkpt>
   <trkpt lat="46.6822570" lon="0.3699420">
    <ele>75.7</ele>
    <time>2024-09-06T17:02:59Z</time>
   </trkpt>
   <trkpt lat="46.6822460" lon="0.3699800">
    <ele>75.6</ele>
    <time>2024-09-06T17:03:00Z</time>
   </trkpt>
   <trkpt lat="46.6822390" lon="0.3700200">
    <ele>75.5</ele>
    <time>2024-09-06T17:03:01Z</time>
   </trkpt>
   <trkpt lat="46.6822340" lon="0.3700650">
    <ele>75.4</ele>
    <time>2024-09-06T17:03:02Z</time>
   </trkpt>
   <trkpt lat="46.6822300" lon="0.3701110">
    <ele>75.3</ele>
    <time>2024-09-06T17:03:03Z</time>
   </trkpt>
   <trkpt lat="46.6822280" lon="0.3701590">
    <ele>75.1</ele>
    <time>2024-09-06T17:03:04Z</time>
   </trkpt>
   <trkpt lat="46.6822260" lon="0.3702040">
    <ele>75.0</ele>
    <time>2024-09-06T17:03:05Z</time>
   </trkpt>
   <trkpt lat="46.6822230" lon="0.3702500">
    <ele>75.0</ele>
    <time>2024-09-06T17:03:06Z</time>
   </trkpt>
   <trkpt lat="46.6822180" lon="0.3702960">
    <ele>74.9</ele>
    <time>2024-09-06T17:03:07Z</time>
   </trkpt>
   <trkpt lat="46.6822150" lon="0.3703430">
    <ele>74.8</ele>
    <time>2024-09-06T17:03:08Z</time>
   </trkpt>
   <trkpt lat="46.6822090" lon="0.3703830">
    <ele>74.8</ele>
    <time>2024-09-06T17:03:09Z</time>
   </trkpt>
   <trkpt lat="46.6822020" lon="0.3704280">
    <ele>74.7</ele>
    <time>2024-09-06T17:03:10Z</time>
   </trkpt>
   <trkpt lat="46.6821920" lon="0.3704750">
    <ele>74.5</ele>
    <time>2024-09-06T17:03:11Z</time>
   </trkpt>
   <trkpt lat="46.6821840" lon="0.3705220">
    <ele>74.4</ele>
    <time>2024-09-06T17:03:12Z</time>
   </trkpt>
   <trkpt lat="46.6821750" lon="0.3705660">
    <ele>74.2</ele>
    <time>2024-09-06T17:03:13Z</time>
   </trkpt>
   <trkpt lat="46.6821650" lon="0.3706050">
    <ele>74.1</ele>
    <time>2024-09-06T17:03:14Z</time>
   </trkpt>
   <trkpt lat="46.6821580" lon="0.3706560">
    <ele>73.9</ele>
    <time>2024-09-06T17:03:15Z</time>
   </trkpt>
   <trkpt lat="46.6821560" lon="0.3706760">
    <ele>73.8</ele>
    <time>2024-09-06T17:03:16Z</time>
   </trkpt>
   <trkpt lat="46.6821600" lon="0.3707250">
    <ele>73.6</ele>
    <time>2024-09-06T17:03:17Z</time>
   </trkpt>
   <trkpt lat="46.6821680" lon="0.3707780">
    <ele>73.5</ele>
    <time>2024-09-06T17:03:18Z</time>
   </trkpt>
   <trkpt lat="46.6821760" lon="0.3708310">
    <ele>73.3</ele>
    <time>2024-09-06T17:03:19Z</time>
   </trkpt>
   <trkpt lat="46.6821790" lon="0.3708770">
    <ele>73.2</ele>
    <time>2024-09-06T17:03:20Z</time>
   </trkpt>
   <trkpt lat="46.6821780" lon="0.3709210">
    <ele>73.0</ele>
    <time>2024-09-06T17:03:21Z</time>
   </trkpt>
   <trkpt lat="46.6821740" lon="0.3709610">
    <ele>72.9</ele>
    <time>2024-09-06T17:03:22Z</time>
   </trkpt>
   <trkpt lat="46.6821640" lon="0.3710000">
    <ele>72.8</ele>
    <time>2024-09-06T17:03:23Z</time>
   </trkpt>
   <trkpt lat="46.6821510" lon="0.3710450">
    <ele>72.6</ele>
    <time>2024-09-06T17:03:24Z</time>
   </trkpt>
   <trkpt lat="46.6821340" lon="0.3710940">
    <ele>72.4</ele>
    <time>2024-09-06T17:03:25Z</time>
   </trkpt>
   <trkpt lat="46.6821190" lon="0.3711410">
    <ele>72.3</ele>
    <time>2024-09-06T17:03:26Z</time>
   </trkpt>
   <trkpt lat="46.6820980" lon="0.3711840">
    <ele>72.3</ele>
    <time>2024-09-06T17:03:27Z</time>
   </trkpt>
   <trkpt lat="46.6820720" lon="0.3712150">
    <ele>72.3</ele>
    <time>2024-09-06T17:03:28Z</time>
   </trkpt>
   <trkpt lat="46.6820490" lon="0.3712430">
    <ele>72.3</ele>
    <time>2024-09-06T17:03:29Z</time>
   </trkpt>
   <trkpt lat="46.6820280" lon="0.3712840">
    <ele>72.3</ele>
    <time>2024-09-06T17:03:30Z</time>
   </trkpt>
   <trkpt lat="46.6820230" lon="0.3713010">
    <ele>72.2</ele>
    <time>2024-09-06T17:03:31Z</time>
   </trkpt>
   <trkpt lat="46.6820130" lon="0.3713400">
    <ele>72.2</ele>
    <time>2024-09-06T17:03:32Z</time>
   </trkpt>
   <trkpt lat="46.6820050" lon="0.3713810">
    <ele>72.1</ele>
    <time>2024-09-06T17:03:33Z</time>
   </trkpt>
   <trkpt lat="46.6819980" lon="0.3714220">
    <ele>72.1</ele>
    <time>2024-09-06T17:03:34Z</time>
   </trkpt>
   <trkpt lat="46.6819920" lon="0.3714670">
    <ele>72.0</ele>
    <time>2024-09-06T17:03:35Z</time>
   </trkpt>
   <trkpt lat="46.6819870" lon="0.3715080">
    <ele>71.9</ele>
    <time>2024-09-06T17:03:36Z</time>
   </trkpt>
   <trkpt lat="46.6819790" lon="0.3715670">
    <ele>71.8</ele>
    <time>2024-09-06T17:03:37Z</time>
   </trkpt>
   <trkpt lat="46.6819750" lon="0.3715890">
    <ele>71.7</ele>
    <time>2024-09-06T17:03:38Z</time>
   </trkpt>
   <trkpt lat="46.6819680" lon="0.3716330">
    <ele>71.6</ele>
    <time>2024-09-06T17:03:39Z</time>
   </trkpt>
   <trkpt lat="46.6819630" lon="0.3716720">
    <ele>71.5</ele>
    <time>2024-09-06T17:03:40Z</time>
   </trkpt>
   <trkpt lat="46.6819560" lon="0.3717110">
    <ele>71.4</ele>
    <time>2024-09-06T17:03:41Z</time>
   </trkpt>
   <trkpt lat="46.6819480" lon="0.3717480">
    <ele>71.4</ele>
    <time>2024-09-06T17:03:42Z</time>
   </trkpt>
   <trkpt lat="46.6819330" lon="0.3717990">
    <ele>71.2</ele>
    <time>2024-09-06T17:03:43Z</time>
   </trkpt>
   <trkpt lat="46.6819270" lon="0.3718180">
    <ele>71.2</ele>
    <time>2024-09-06T17:03:44Z</time>
   </trkpt>
   <trkpt lat="46.6819170" lon="0.3718570">
    <ele>71.1</ele>
    <time>2024-09-06T17:03:45Z</time>
   </trkpt>
   <trkpt lat="46.6819070" lon="0.3718970">
    <ele>71.1</ele>
    <time>2024-09-06T17:03:46Z</time>
   </trkpt>
   <trkpt lat="46.6818940" lon="0.3719490">
    <ele>71.0</ele>
    <time>2024-09-06T17:03:47Z</time>
   </trkpt>
   <trkpt lat="46.6818880" lon="0.3719640">
    <ele>70.9</ele>
    <time>2024-09-06T17:03:48Z</time>
   </trkpt>
   <trkpt lat="46.6818720" lon="0.3720190">
    <ele>70.9</ele>
    <time>2024-09-06T17:03:49Z</time>
   </trkpt>
   <trkpt lat="46.6818650" lon="0.3720390">
    <ele>70.8</ele>
    <time>2024-09-06T17:03:50Z</time>
   </trkpt>
   <trkpt lat="46.6818500" lon="0.3720750">
    <ele>70.8</ele>
    <time>2024-09-06T17:03:51Z</time>
   </trkpt>
   <trkpt lat="46.6818340" lon="0.3721280">
    <ele>70.7</ele>
    <time>2024-09-06T17:03:52Z</time>
   </trkpt>
   <trkpt lat="46.6818290" lon="0.3721480">
    <ele>70.7</ele>
    <time>2024-09-06T17:03:53Z</time>
   </trkpt>
   <trkpt lat="46.6818240" lon="0.3721950">
    <ele>70.7</ele>
    <time>2024-09-06T17:03:54Z</time>
   </trkpt>
   <trkpt lat="46.6818210" lon="0.3722410">
    <ele>70.6</ele>
    <time>2024-09-06T17:03:55Z</time>
   </trkpt>
   <trkpt lat="46.6818200" lon="0.3722910">
    <ele>70.6</ele>
    <time>2024-09-06T17:03:56Z</time>
   </trkpt>
   <trkpt lat="46.6818200" lon="0.3723380">
    <ele>70.5</ele>
    <time>2024-09-06T17:03:57Z</time>
   </trkpt>
   <trkpt lat="46.6818200" lon="0.3723780">
    <ele>70.5</ele>
    <time>2024-09-06T17:03:58Z</time>
   </trkpt>
   <trkpt lat="46.6818240" lon="0.3724230">
    <ele>70.5</ele>
    <time>2024-09-06T17:03:59Z</time>
   </trkpt>
   <trkpt lat="46.6818270" lon="0.3724720">
    <ele>70.4</ele>
    <time>2024-09-06T17:04:00Z</time>
   </trkpt>
   <trkpt lat="46.6818280" lon="0.3725120">
    <ele>70.4</ele>
    <time>2024-09-06T17:04:01Z</time>
   </trkpt>
   <trkpt lat="46.6818190" lon="0.3725640">
    <ele>70.4</ele>
    <time>2024-09-06T17:04:02Z</time>
   </trkpt>
   <trkpt lat="46.6818140" lon="0.3725820">
    <ele>70.4</ele>
    <time>2024-09-06T17:04:03Z</time>
   </trkpt>
   <trkpt lat="46.6818000" lon="0.3726320">
    <ele>70.3</ele>
    <time>2024-09-06T17:04:04Z</time>
   </trkpt>
   <trkpt lat="46.6817960" lon="0.3726490">
    <ele>70.3</ele>
    <time>2024-09-06T17:04:05Z</time>
   </trkpt>
   <trkpt lat="46.6817940" lon="0.3726890">
    <ele>70.3</ele>
    <time>2024-09-06T17:04:06Z</time>
   </trkpt>
   <trkpt lat="46.6817950" lon="0.3727310">
    <ele>70.3</ele>
    <time>2024-09-06T17:04:07Z</time>
   </trkpt>
   <trkpt lat="46.6817960" lon="0.3727730">
    <ele>70.3</ele>
    <time>2024-09-06T17:04:08Z</time>
   </trkpt>
   <trkpt lat="46.6817930" lon="0.3728180">
    <ele>70.3</ele>
    <time>2024-09-06T17:04:09Z</time>
   </trkpt>
   <trkpt lat="46.6817880" lon="0.3728640">
    <ele>70.3</ele>
    <time>2024-09-06T17:04:10Z</time>
   </trkpt>
   <trkpt lat="46.6817810" lon="0.3729130">
    <ele>70.3</ele>
    <time>2024-09-06T17:04:11Z</time>
   </trkpt>
   <trkpt lat="46.6817770" lon="0.3729590">
    <ele>70.2</ele>
    <time>2024-09-06T17:04:12Z</time>
   </trkpt>
   <trkpt lat="46.6817680" lon="0.3730020">
    <ele>70.2</ele>
    <time>2024-09-06T17:04:13Z</time>
   </trkpt>
   <trkpt lat="46.6817610" lon="0.3730560">
    <ele>70.2</ele>
    <time>2024-09-06T17:04:14Z</time>
   </trkpt>
   <trkpt lat="46.6817550" lon="0.3731080">
    <ele>70.2</ele>
    <time>2024-09-06T17:04:15Z</time>
   </trkpt>
   <trkpt lat="46.6817480" lon="0.3731510">
    <ele>70.2</ele>
    <time>2024-09-06T17:04:16Z</time>
   </trkpt>
   <trkpt lat="46.6817400" lon="0.3731900">
    <ele>70.2</ele>
    <time>2024-09-06T17:04:17Z</time>
   </trkpt>
   <trkpt lat="46.6817300" lon="0.3732270">
    <ele>70.2</ele>
    <time>2024-09-06T17:04:18Z</time>
   </trkpt>
   <trkpt lat="46.6817190" lon="0.3732640">
    <ele>70.2</ele>
    <time>2024-09-06T17:04:19Z</time>
   </trkpt>
   <trkpt lat="46.6817090" lon="0.3733050">
    <ele>70.2</ele>
    <time>2024-09-06T17:04:20Z</time>
   </trkpt>
   <trkpt lat="46.6816980" lon="0.3733470">
    <ele>70.2</ele>
    <time>2024-09-06T17:04:21Z</time>
   </trkpt>
   <trkpt lat="46.6816890" lon="0.3733860">
    <ele>70.2</ele>
    <time>2024-09-06T17:04:22Z</time>
   </trkpt>
   <trkpt lat="46.6816800" lon="0.3734240">
    <ele>70.2</ele>
    <time>2024-09-06T17:04:23Z</time>
   </trkpt>
   <trkpt lat="46.6816700" lon="0.3734790">
    <ele>70.2</ele>
    <time>2024-09-06T17:04:24Z</time>
   </trkpt>
   <trkpt lat="46.6816670" lon="0.3734970">
    <ele>70.2</ele>
    <time>2024-09-06T17:04:25Z</time>
   </trkpt>
   <trkpt lat="46.6816590" lon="0.3735390">
    <ele>70.2</ele>
    <time>2024-09-06T17:04:26Z</time>
   </trkpt>
   <trkpt lat="46.6816470" lon="0.3735770">
    <ele>70.2</ele>
    <time>2024-09-06T17:04:27Z</time>
   </trkpt>
   <trkpt lat="46.6816450" lon="0.3736200">
    <ele>70.2</ele>
    <time>2024-09-06T17:04:28Z</time>
   </trkpt>
   <trkpt lat="46.6816430" lon="0.3736630">
    <ele>70.2</ele>
    <time>2024-09-06T17:04:29Z</time>
   </trkpt>
   <trkpt lat="46.6816460" lon="0.3737080">
    <ele>70.2</ele>
    <time>2024-09-06T17:04:30Z</time>
   </trkpt>
   <trkpt lat="46.6816490" lon="0.3737470">
    <ele>70.2</ele>
    <time>2024-09-06T17:04:31Z</time>
   </trkpt>
   <trkpt lat="46.6816540" lon="0.3737900">
    <ele>70.2</ele>
    <time>2024-09-06T17:04:32Z</time>
   </trkpt>
   <trkpt lat="46.6816620" lon="0.3738350">
    <ele>70.2</ele>
    <time>2024-09-06T17:04:33Z</time>
   </trkpt>
   <trkpt lat="46.6816750" lon="0.3738760">
    <ele>70.2</ele>
    <time>2024-09-06T17:04:34Z</time>
   </trkpt>
   <trkpt lat="46.6816970" lon="0.3739140">
    <ele>70.2</ele>
    <time>2024-09-06T17:04:35Z</time>
   </trkpt>
   <trkpt lat="46.6817230" lon="0.3739420">
    <ele>70.2</ele>
    <time>2024-09-06T17:04:36Z</time>
   </trkpt>
   <trkpt lat="46.6817510" lon="0.3739770">
    <ele>70.2</ele>
    <time>2024-09-06T17:04:37Z</time>
   </trkpt>
   <trkpt lat="46.6817730" lon="0.3740160">
    <ele>70.2</ele>
    <time>2024-09-06T17:04:38Z</time>
   </trkpt>
   <trkpt lat="46.6817850" lon="0.3740570">
    <ele>70.2</ele>
    <time>2024-09-06T17:04:39Z</time>
   </trkpt>
   <trkpt lat="46.6817890" lon="0.3741020">
    <ele>70.2</ele>
    <time>2024-09-06T17:04:40Z</time>
   </trkpt>
   <trkpt lat="46.6817760" lon="0.3741440">
    <ele>70.2</ele>
    <time>2024-09-06T17:04:41Z</time>
   </trkpt>
   <trkpt lat="46.6817490" lon="0.3741750">
    <ele>70.2</ele>
    <time>2024-09-06T17:04:42Z</time>
   </trkpt>
   <trkpt lat="46.6817140" lon="0.3741930">
    <ele>70.2</ele>
    <time>2024-09-06T17:04:43Z</time>
   </trkpt>
   <trkpt lat="46.6816830" lon="0.3742060">
    <ele>70.2</ele>
    <time>2024-09-06T17:04:44Z</time>
   </trkpt>
   <trkpt lat="46.6816600" lon="0.3742270">
    <ele>70.2</ele>
    <time>2024-09-06T17:04:45Z</time>
   </trkpt>
   <trkpt lat="46.6816440" lon="0.3742600">
    <ele>70.2</ele>
    <time>2024-09-06T17:04:46Z</time>
   </trkpt>
   <trkpt lat="46.6816330" lon="0.3743020">
    <ele>70.2</ele>
    <time>2024-09-06T17:04:47Z</time>
   </trkpt>
   <trkpt lat="46.6816260" lon="0.3743440">
    <ele>70.2</ele>
    <time>2024-09-06T17:04:48Z</time>
   </trkpt>
   <trkpt lat="46.6816210" lon="0.3743910">
    <ele>70.2</ele>
    <time>2024-09-06T17:04:49Z</time>
   </trkpt>
   <trkpt lat="46.6816170" lon="0.3744370">
    <ele>70.1</ele>
    <time>2024-09-06T17:04:50Z</time>
   </trkpt>
   <trkpt lat="46.6816110" lon="0.3744830">
    <ele>70.1</ele>
    <time>2024-09-06T17:04:51Z</time>
   </trkpt>
   <trkpt lat="46.6816010" lon="0.3745300">
    <ele>70.1</ele>
    <time>2024-09-06T17:04:52Z</time>
   </trkpt>
   <trkpt lat="46.6815920" lon="0.3745740">
    <ele>70.1</ele>
    <time>2024-09-06T17:04:53Z</time>
   </trkpt>
   <trkpt lat="46.6815850" lon="0.3746130">
    <ele>70.1</ele>
    <time>2024-09-06T17:04:54Z</time>
   </trkpt>
   <trkpt lat="46.6815790" lon="0.3746620">
    <ele>70.1</ele>
    <time>2024-09-06T17:04:55Z</time>
   </trkpt>
   <trkpt lat="46.6815770" lon="0.3746800">
    <ele>70.1</ele>
    <time>2024-09-06T17:04:56Z</time>
   </trkpt>
   <trkpt lat="46.6815750" lon="0.3747210">
    <ele>70.1</ele>
    <time>2024-09-06T17:04:57Z</time>
   </trkpt>
   <trkpt lat="46.6815700" lon="0.3747650">
    <ele>70.1</ele>
    <time>2024-09-06T17:04:58Z</time>
   </trkpt>
   <trkpt lat="46.6815640" lon="0.3748080">
    <ele>70.1</ele>
    <time>2024-09-06T17:04:59Z</time>
   </trkpt>
   <trkpt lat="46.6815580" lon="0.3748480">
    <ele>70.1</ele>
    <time>2024-09-06T17:05:00Z</time>
   </trkpt>
   <trkpt lat="46.6815510" lon="0.3748920">
    <ele>70.1</ele>
    <time>2024-09-06T17:05:01Z</time>
   </trkpt>
   <trkpt lat="46.6815420" lon="0.3749390">
    <ele>70.1</ele>
    <time>2024-09-06T17:05:02Z</time>
   </trkpt>
   <trkpt lat="46.6815320" lon="0.3749820">
    <ele>70.1</ele>
    <time>2024-09-06T17:05:03Z</time>
   </trkpt>
   <trkpt lat="46.6815230" lon="0.3750240">
    <ele>70.1</ele>
    <time>2024-09-06T17:05:04Z</time>
   </trkpt>
   <trkpt lat="46.6815180" lon="0.3750760">
    <ele>70.1</ele>
    <time>2024-09-06T17:05:05Z</time>
   </trkpt>
   <trkpt lat="46.6815140" lon="0.3751250">
    <ele>70.0</ele>
    <time>2024-09-06T17:05:06Z</time>
   </trkpt>
   <trkpt lat="46.6815080" lon="0.3751690">
    <ele>70.0</ele>
    <time>2024-09-06T17:05:07Z</time>
   </trkpt>
   <trkpt lat="46.6815000" lon="0.3752110">
    <ele>70.0</ele>
    <time>2024-09-06T17:05:08Z</time>
   </trkpt>
   <trkpt lat="46.6814840" lon="0.3752620">
    <ele>70.0</ele>
    <time>2024-09-06T17:05:09Z</time>
   </trkpt>
   <trkpt lat="46.6814790" lon="0.3752770">
    <ele>70.0</ele>
    <time>2024-09-06T17:05:10Z</time>
   </trkpt>
   <trkpt lat="46.6814640" lon="0.3753350">
    <ele>69.9</ele>
    <time>2024-09-06T17:05:11Z</time>
   </trkpt>
   <trkpt lat="46.6814590" lon="0.3753560">
    <ele>69.9</ele>
    <time>2024-09-06T17:05:12Z</time>
   </trkpt>
   <trkpt lat="46.6814520" lon="0.3753970">
    <ele>69.9</ele>
    <time>2024-09-06T17:05:13Z</time>
   </trkpt>
   <trkpt lat="46.6814450" lon="0.3754360">
    <ele>69.9</ele>
    <time>2024-09-06T17:05:14Z</time>
   </trkpt>
   <trkpt lat="46.6814370" lon="0.3754850">
    <ele>69.9</ele>
    <time>2024-09-06T17:05:15Z</time>
   </trkpt>
   <trkpt lat="46.6814280" lon="0.3755370">
    <ele>69.8</ele>
    <time>2024-09-06T17:05:16Z</time>
   </trkpt>
   <trkpt lat="46.6814190" lon="0.3755840">
    <ele>69.8</ele>
    <time>2024-09-06T17:05:17Z</time>
   </trkpt>
   <trkpt lat="46.6814100" lon="0.3756220">
    <ele>69.8</ele>
    <time>2024-09-06T17:05:18Z</time>
   </trkpt>
   <trkpt lat="46.6814020" lon="0.3756610">
    <ele>69.8</ele>
    <time>2024-09-06T17:05:19Z</time>
   </trkpt>
   <trkpt lat="46.6813980" lon="0.3757110">
    <ele>69.7</ele>
    <time>2024-09-06T17:05:20Z</time>
   </trkpt>
   <trkpt lat="46.6813960" lon="0.3757660">
    <ele>69.7</ele>
    <time>2024-09-06T17:05:21Z</time>
   </trkpt>
   <trkpt lat="46.6813930" lon="0.3758120">
    <ele>69.6</ele>
    <time>2024-09-06T17:05:22Z</time>
   </trkpt>
   <trkpt lat="46.6813890" lon="0.3758520">
    <ele>69.6</ele>
    <time>2024-09-06T17:05:23Z</time>
   </trkpt>
   <trkpt lat="46.6813830" lon="0.3759050">
    <ele>69.6</ele>
    <time>2024-09-06T17:05:24Z</time>
   </trkpt>
   <trkpt lat="46.6813780" lon="0.3759640">
    <ele>69.5</ele>
    <time>2024-09-06T17:05:25Z</time>
   </trkpt>
   <trkpt lat="46.6813750" lon="0.3760130">
    <ele>69.5</ele>
    <time>2024-09-06T17:05:26Z</time>
   </trkpt>
   <trkpt lat="46.6813730" lon="0.3760640">
    <ele>69.4</ele>
    <time>2024-09-06T17:05:27Z</time>
   </trkpt>
   <trkpt lat="46.6813710" lon="0.3761180">
    <ele>69.4</ele>
    <time>2024-09-06T17:05:28Z</time>
   </trkpt>
   <trkpt lat="46.6813660" lon="0.3761650">
    <ele>69.3</ele>
    <time>2024-09-06T17:05:29Z</time>
   </trkpt>
   <trkpt lat="46.6813590" lon="0.3762050">
    <ele>69.3</ele>
    <time>2024-09-06T17:05:30Z</time>
   </trkpt>
   <trkpt lat="46.6813520" lon="0.3762450">
    <ele>69.2</ele>
    <time>2024-09-06T17:05:31Z</time>
   </trkpt>
   <trkpt lat="46.6813380" lon="0.3763010">
    <ele>69.1</ele>
    <time>2024-09-06T17:05:32Z</time>
   </trkpt>
   <trkpt lat="46.6813340" lon="0.3763190">
    <ele>69.1</ele>
    <time>2024-09-06T17:05:33Z</time>
   </trkpt>
   <trkpt lat="46.6813260" lon="0.3763620">
    <ele>69.1</ele>
    <time>2024-09-06T17:05:34Z</time>
   </trkpt>
   <trkpt lat="46.6813200" lon="0.3764040">
    <ele>69.0</ele>
    <time>2024-09-06T17:05:35Z</time>
   </trkpt>
   <trkpt lat="46.6813120" lon="0.3764430">
    <ele>69.0</ele>
    <time>2024-09-06T17:05:36Z</time>
   </trkpt>
   <trkpt lat="46.6813060" lon="0.3764880">
    <ele>68.9</ele>
    <time>2024-09-06T17:05:37Z</time>
   </trkpt>
   <trkpt lat="46.6813020" lon="0.3765330">
    <ele>68.8</ele>
    <time>2024-09-06T17:05:38Z</time>
   </trkpt>
   <trkpt lat="46.6812990" lon="0.3765730">
    <ele>68.8</ele>
    <time>2024-09-06T17:05:39Z</time>
   </trkpt>
   <trkpt lat="46.6812980" lon="0.3766160">
    <ele>68.7</ele>
    <time>2024-09-06T17:05:40Z</time>
   </trkpt>
   <trkpt lat="46.6812980" lon="0.3766560">
    <ele>68.6</ele>
    <time>2024-09-06T17:05:41Z</time>
   </trkpt>
   <trkpt lat="46.6813000" lon="0.3767210">
    <ele>68.5</ele>
    <time>2024-09-06T17:05:42Z</time>
   </trkpt>
   <trkpt lat="46.6813020" lon="0.3767480">
    <ele>68.5</ele>
    <time>2024-09-06T17:05:43Z</time>
   </trkpt>
   <trkpt lat="46.6813050" lon="0.3768030">
    <ele>68.4</ele>
    <time>2024-09-06T17:05:44Z</time>
   </trkpt>
   <trkpt lat="46.6813090" lon="0.3768630">
    <ele>68.2</ele>
    <time>2024-09-06T17:05:45Z</time>
   </trkpt>
   <trkpt lat="46.6813130" lon="0.3769240">
    <ele>68.1</ele>
    <time>2024-09-06T17:05:46Z</time>
   </trkpt>
   <trkpt lat="46.6813160" lon="0.3769740">
    <ele>67.9</ele>
    <time>2024-09-06T17:05:47Z</time>
   </trkpt>
   <trkpt lat="46.6813210" lon="0.3770220">
    <ele>67.8</ele>
    <time>2024-09-06T17:05:48Z</time>
   </trkpt>
   <trkpt lat="46.6813240" lon="0.3770750">
    <ele>67.7</ele>
    <time>2024-09-06T17:05:49Z</time>
   </trkpt>
   <trkpt lat="46.6813270" lon="0.3771270">
    <ele>67.5</ele>
    <time>2024-09-06T17:05:50Z</time>
   </trkpt>
   <trkpt lat="46.6813300" lon="0.3771770">
    <ele>67.4</ele>
    <time>2024-09-06T17:05:51Z</time>
   </trkpt>
   <trkpt lat="46.6813340" lon="0.3772220">
    <ele>67.3</ele>
    <time>2024-09-06T17:05:52Z</time>
   </trkpt>
   <trkpt lat="46.6813390" lon="0.3772610">
    <ele>67.2</ele>
    <time>2024-09-06T17:05:53Z</time>
   </trkpt>
   <trkpt lat="46.6813420" lon="0.3773180">
    <ele>67.0</ele>
    <time>2024-09-06T17:05:54Z</time>
   </trkpt>
   <trkpt lat="46.6813430" lon="0.3773390">
    <ele>67.0</ele>
    <time>2024-09-06T17:05:55Z</time>
   </trkpt>
   <trkpt lat="46.6813430" lon="0.3773790">
    <ele>66.9</ele>
    <time>2024-09-06T17:05:56Z</time>
   </trkpt>
   <trkpt lat="46.6813440" lon="0.3774220">
    <ele>66.8</ele>
    <time>2024-09-06T17:05:57Z</time>
   </trkpt>
   <trkpt lat="46.6813450" lon="0.3774650">
    <ele>66.7</ele>
    <time>2024-09-06T17:05:58Z</time>
   </trkpt>
   <trkpt lat="46.6813470" lon="0.3775100">
    <ele>66.6</ele>
    <time>2024-09-06T17:05:59Z</time>
   </trkpt>
   <trkpt lat="46.6813500" lon="0.3775570">
    <ele>66.5</ele>
    <time>2024-09-06T17:06:00Z</time>
   </trkpt>
   <trkpt lat="46.6813520" lon="0.3776040">
    <ele>66.5</ele>
    <time>2024-09-06T17:06:01Z</time>
   </trkpt>
   <trkpt lat="46.6813530" lon="0.3776480">
    <ele>66.4</ele>
    <time>2024-09-06T17:06:02Z</time>
   </trkpt>
   <trkpt lat="46.6813620" lon="0.3777020">
    <ele>66.3</ele>
    <time>2024-09-06T17:06:03Z</time>
   </trkpt>
   <trkpt lat="46.6813670" lon="0.3777180">
    <ele>66.3</ele>
    <time>2024-09-06T17:06:04Z</time>
   </trkpt>
   <trkpt lat="46.6813960" lon="0.3777540">
    <ele>66.2</ele>
    <time>2024-09-06T17:06:05Z</time>
   </trkpt>
   <trkpt lat="46.6814080" lon="0.3777620">
    <ele>66.2</ele>
    <time>2024-09-06T17:06:06Z</time>
   </trkpt>
   <trkpt lat="46.6814520" lon="0.3777460">
    <ele>66.1</ele>
    <time>2024-09-06T17:06:07Z</time>
   </trkpt>
   <trkpt lat="46.6814690" lon="0.3777350">
    <ele>66.1</ele>
    <time>2024-09-06T17:06:08Z</time>
   </trkpt>
   <trkpt lat="46.6815060" lon="0.3777050">
    <ele>66.1</ele>
    <time>2024-09-06T17:06:09Z</time>
   </trkpt>
   <trkpt lat="46.6815430" lon="0.3776870">
    <ele>66.1</ele>
    <time>2024-09-06T17:06:10Z</time>
   </trkpt>
   <trkpt lat="46.6815760" lon="0.3776810">
    <ele>66.1</ele>
    <time>2024-09-06T17:06:11Z</time>
   </trkpt>
   <trkpt lat="46.6816060" lon="0.3776780">
    <ele>66.1</ele>
    <time>2024-09-06T17:06:12Z</time>
   </trkpt>
   <trkpt lat="46.6816430" lon="0.3776740">
    <ele>66.1</ele>
    <time>2024-09-06T17:06:13Z</time>
   </trkpt>
   <trkpt lat="46.6816560" lon="0.3776700">
    <ele>66.1</ele>
    <time>2024-09-06T17:06:14Z</time>
   </trkpt>
   <trkpt lat="46.6816820" lon="0.3776520">
    <ele>66.1</ele>
    <time>2024-09-06T17:06:15Z</time>
   </trkpt>
   <trkpt lat="46.6817110" lon="0.3776260">
    <ele>66.1</ele>
    <time>2024-09-06T17:06:16Z</time>
   </trkpt>
   <trkpt lat="46.6817380" lon="0.3776030">
    <ele>66.1</ele>
    <time>2024-09-06T17:06:17Z</time>
   </trkpt>
   <trkpt lat="46.6817670" lon="0.3775830">
    <ele>66.1</ele>
    <time>2024-09-06T17:06:18Z</time>
   </trkpt>
   <trkpt lat="46.6817940" lon="0.3775640">
    <ele>66.1</ele>
    <time>2024-09-06T17:06:19Z</time>
   </trkpt>
   <trkpt lat="46.6818200" lon="0.3775470">
    <ele>66.1</ele>
    <time>2024-09-06T17:06:20Z</time>
   </trkpt>
   <trkpt lat="46.6818500" lon="0.3775250">
    <ele>66.1</ele>
    <time>2024-09-06T17:06:21Z</time>
   </trkpt>
   <trkpt lat="46.6818760" lon="0.3775070">
    <ele>66.1</ele>
    <time>2024-09-06T17:06:22Z</time>
   </trkpt>
   <trkpt lat="46.6819120" lon="0.3774800">
    <ele>66.2</ele>
    <time>2024-09-06T17:06:23Z</time>
   </trkpt>
   <trkpt lat="46.6819240" lon="0.3774710">
    <ele>66.2</ele>
    <time>2024-09-06T17:06:24Z</time>
   </trkpt>
   <trkpt lat="46.6819550" lon="0.3774430">
    <ele>66.2</ele>
    <time>2024-09-06T17:06:25Z</time>
   </trkpt>
   <trkpt lat="46.6819660" lon="0.3774340">
    <ele>66.2</ele>
    <time>2024-09-06T17:06:26Z</time>
   </trkpt>
   <trkpt lat="46.6819930" lon="0.3774110">
    <ele>66.2</ele>
    <time>2024-09-06T17:06:27Z</time>
   </trkpt>
   <trkpt lat="46.6820200" lon="0.3773900">
    <ele>66.2</ele>
    <time>2024-09-06T17:06:28Z</time>
   </trkpt>
   <trkpt lat="46.6820540" lon="0.3773650">
    <ele>66.2</ele>
    <time>2024-09-06T17:06:29Z</time>
   </trkpt>
   <trkpt lat="46.6820650" lon="0.3773570">
    <ele>66.2</ele>
    <time>2024-09-06T17:06:30Z</time>
   </trkpt>
   <trkpt lat="46.6821020" lon="0.3773330">
    <ele>66.3</ele>
    <time>2024-09-06T17:06:31Z</time>
   </trkpt>
   <trkpt lat="46.6821150" lon="0.3773250">
    <ele>66.3</ele>
    <time>2024-09-06T17:06:32Z</time>
   </trkpt>
   <trkpt lat="46.6821490" lon="0.3773030">
    <ele>66.3</ele>
    <time>2024-09-06T17:06:33Z</time>
   </trkpt>
   <trkpt lat="46.6821790" lon="0.3772830">
    <ele>66.3</ele>
    <time>2024-09-06T17:06:34Z</time>
   </trkpt>
   <trkpt lat="46.6822030" lon="0.3772640">
    <ele>66.3</ele>
    <time>2024-09-06T17:06:35Z</time>
   </trkpt>
   <trkpt lat="46.6822280" lon="0.3772430">
    <ele>66.4</ele>
    <time>2024-09-06T17:06:36Z</time>
   </trkpt>
   <trkpt lat="46.6822530" lon="0.3772190">
    <ele>66.4</ele>
    <time>2024-09-06T17:06:37Z</time>
   </trkpt>
   <trkpt lat="46.6822760" lon="0.3771980">
    <ele>66.4</ele>
    <time>2024-09-06T17:06:38Z</time>
   </trkpt>
   <trkpt lat="46.6822980" lon="0.3771750">
    <ele>66.4</ele>
    <time>2024-09-06T17:06:39Z</time>
   </trkpt>
   <trkpt lat="46.6823210" lon="0.3771510">
    <ele>66.4</ele>
    <time>2024-09-06T17:06:40Z</time>
   </trkpt>
   <trkpt lat="46.6823550" lon="0.3771150">
    <ele>66.5</ele>
    <time>2024-09-06T17:06:41Z</time>
   </trkpt>
   <trkpt lat="46.6823670" lon="0.3771020">
    <ele>66.5</ele>
    <time>2024-09-06T17:06:42Z</time>
   </trkpt>
   <trkpt lat="46.6823920" lon="0.3770770">
    <ele>66.5</ele>
    <time>2024-09-06T17:06:43Z</time>
   </trkpt>
   <trkpt lat="46.6824170" lon="0.3770570">
    <ele>66.6</ele>
    <time>2024-09-06T17:06:44Z</time>
   </trkpt>
   <trkpt lat="46.6824420" lon="0.3770390">
    <ele>66.6</ele>
    <time>2024-09-06T17:06:45Z</time>
   </trkpt>
   <trkpt lat="46.6824800" lon="0.3770120">
    <ele>66.6</ele>
    <time>2024-09-06T17:06:46Z</time>
   </trkpt>
   <trkpt lat="46.6824940" lon="0.3770020">
    <ele>66.6</ele>
    <time>2024-09-06T17:06:47Z</time>
   </trkpt>
   <trkpt lat="46.6825200" lon="0.3769840">
    <ele>66.7</ele>
    <time>2024-09-06T17:06:48Z</time>
   </trkpt>
   <trkpt lat="46.6825430" lon="0.3769640">
    <ele>66.7</ele>
    <time>2024-09-06T17:06:49Z</time>
   </trkpt>
   <trkpt lat="46.6825670" lon="0.3769430">
    <ele>66.7</ele>
    <time>2024-09-06T17:06:50Z</time>
   </trkpt>
   <trkpt lat="46.6826010" lon="0.3769160">
    <ele>66.8</ele>
    <time>2024-09-06T17:06:51Z</time>
   </trkpt>
   <trkpt lat="46.6826110" lon="0.3769080">
    <ele>66.8</ele>
    <time>2024-09-06T17:06:52Z</time>
   </trkpt>
   <trkpt lat="46.6826480" lon="0.3768780">
    <ele>66.8</ele>
    <time>2024-09-06T17:06:53Z</time>
   </trkpt>
   <trkpt lat="46.6826610" lon="0.3768670">
    <ele>66.8</ele>
    <time>2024-09-06T17:06:54Z</time>
   </trkpt>
   <trkpt lat="46.6826950" lon="0.3768410">
    <ele>66.9</ele>
    <time>2024-09-06T17:06:55Z</time>
   </trkpt>
   <trkpt lat="46.6827070" lon="0.3768350">
    <ele>66.9</ele>
    <time>2024-09-06T17:06:56Z</time>
   </trkpt>
   <trkpt lat="46.6827390" lon="0.3768260">
    <ele>66.9</ele>
    <time>2024-09-06T17:06:57Z</time>
   </trkpt>
   <trkpt lat="46.6827500" lon="0.3768240">
    <ele>66.9</ele>
    <time>2024-09-06T17:06:58Z</time>
   </trkpt>
   <trkpt lat="46.6827930" lon="0.3768060">
    <ele>67.0</ele>
    <time>2024-09-06T17:06:59Z</time>
   </trkpt>
   <trkpt lat="46.6828100" lon="0.3767970">
    <ele>67.0</ele>
    <time>2024-09-06T17:07:00Z</time>
   </trkpt>
   <trkpt lat="46.6828430" lon="0.3767780">
    <ele>67.1</ele>
    <time>2024-09-06T17:07:01Z</time>
   </trkpt>
   <trkpt lat="46.6828680" lon="0.3767620">
    <ele>67.1</ele>
    <time>2024-09-06T17:07:02Z</time>
   </trkpt>
   <trkpt lat="46.6828940" lon="0.3767480">
    <ele>67.1</ele>
    <time>2024-09-06T17:07:03Z</time>
   </trkpt>
   <trkpt lat="46.6829320" lon="0.3767220">
    <ele>67.2</ele>
    <time>2024-09-06T17:07:04Z</time>
   </trkpt>
   <trkpt lat="46.6829470" lon="0.3767110">
    <ele>67.2</ele>
    <time>2024-09-06T17:07:05Z</time>
   </trkpt>
   <trkpt lat="46.6829740" lon="0.3766920">
    <ele>67.2</ele>
    <time>2024-09-06T17:07:06Z</time>
   </trkpt>
   <trkpt lat="46.6830070" lon="0.3766690">
    <ele>67.3</ele>
    <time>2024-09-06T17:07:07Z</time>
   </trkpt>
   <trkpt lat="46.6830190" lon="0.3766610">
    <ele>67.3</ele>
    <time>2024-09-06T17:07:08Z</time>
   </trkpt>
   <trkpt lat="46.6830480" lon="0.3766450">
    <ele>67.3</ele>
    <time>2024-09-06T17:07:09Z</time>
   </trkpt>
   <trkpt lat="46.6830570" lon="0.3766400">
    <ele>67.3</ele>
    <time>2024-09-06T17:07:10Z</time>
   </trkpt>
   <trkpt lat="46.6830920" lon="0.3766140">
    <ele>67.4</ele>
    <time>2024-09-06T17:07:11Z</time>
   </trkpt>
   <trkpt lat="46.6831050" lon="0.3766050">
    <ele>67.4</ele>
    <time>2024-09-06T17:07:12Z</time>
   </trkpt>
   <trkpt lat="46.6831310" lon="0.3765860">
    <ele>67.4</ele>
    <time>2024-09-06T17:07:13Z</time>
   </trkpt>
   <trkpt lat="46.6831570" lon="0.3765640">
    <ele>67.5</ele>
    <time>2024-09-06T17:07:14Z</time>
   </trkpt>
   <trkpt lat="46.6831820" lon="0.3765420">
    <ele>67.5</ele>
    <time>2024-09-06T17:07:15Z</time>
   </trkpt>
   <trkpt lat="46.6832060" lon="0.3765200">
    <ele>67.6</ele>
    <time>2024-09-06T17:07:16Z</time>
   </trkpt>
   <trkpt lat="46.6832390" lon="0.3764970">
    <ele>67.6</ele>
    <time>2024-09-06T17:07:17Z</time>
   </trkpt>
   <trkpt lat="46.6832500" lon="0.3764920">
    <ele>67.6</ele>
    <time>2024-09-06T17:07:18Z</time>
   </trkpt>
   <trkpt lat="46.6832810" lon="0.3764750">
    <ele>67.7</ele>
    <time>2024-09-06T17:07:19Z</time>
   </trkpt>
   <trkpt lat="46.6832930" lon="0.3764690">
    <ele>67.7</ele>
    <time>2024-09-06T17:07:20Z</time>
   </trkpt>
   <trkpt lat="46.6833180" lon="0.3764470">
    <ele>67.8</ele>
    <time>2024-09-06T17:07:21Z</time>
   </trkpt>
   <trkpt lat="46.6833440" lon="0.3764220">
    <ele>67.8</ele>
    <time>2024-09-06T17:07:22Z</time>
   </trkpt>
   <trkpt lat="46.6833680" lon="0.3763960">
    <ele>67.9</ele>
    <time>2024-09-06T17:07:23Z</time>
   </trkpt>
   <trkpt lat="46.6833940" lon="0.3763670">
    <ele>67.9</ele>
    <time>2024-09-06T17:07:24Z</time>
   </trkpt>
   <trkpt lat="46.6834210" lon="0.3763400">
    <ele>68.0</ele>
    <time>2024-09-06T17:07:25Z</time>
   </trkpt>
   <trkpt lat="46.6834470" lon="0.3763140">
    <ele>68.0</ele>
    <time>2024-09-06T17:07:26Z</time>
   </trkpt>
   <trkpt lat="46.6834740" lon="0.3762900">
    <ele>68.1</ele>
    <time>2024-09-06T17:07:27Z</time>
   </trkpt>
   <trkpt lat="46.6835020" lon="0.3762650">
    <ele>68.1</ele>
    <time>2024-09-06T17:07:28Z</time>
   </trkpt>
   <trkpt lat="46.6835350" lon="0.3762570">
    <ele>68.2</ele>
    <time>2024-09-06T17:07:29Z</time>
   </trkpt>
   <trkpt lat="46.6835690" lon="0.3762480">
    <ele>68.3</ele>
    <time>2024-09-06T17:07:30Z</time>
   </trkpt>
   <trkpt lat="46.6835950" lon="0.3762390">
    <ele>68.3</ele>
    <time>2024-09-06T17:07:31Z</time>
   </trkpt>
   <trkpt lat="46.6836200" lon="0.3762210">
    <ele>68.3</ele>
    <time>2024-09-06T17:07:32Z</time>
   </trkpt>
   <trkpt lat="46.6836460" lon="0.3762040">
    <ele>68.4</ele>
    <time>2024-09-06T17:07:33Z</time>
   </trkpt>
   <trkpt lat="46.6836700" lon="0.3761820">
    <ele>68.4</ele>
    <time>2024-09-06T17:07:34Z</time>
   </trkpt>
   <trkpt lat="46.6836950" lon="0.3761480">
    <ele>68.5</ele>
    <time>2024-09-06T17:07:35Z</time>
   </trkpt>
   <trkpt lat="46.6837150" lon="0.3761150">
    <ele>68.5</ele>
    <time>2024-09-06T17:07:36Z</time>
   </trkpt>
   <trkpt lat="46.6837300" lon="0.3760820">
    <ele>68.6</ele>
    <time>2024-09-06T17:07:37Z</time>
   </trkpt>
   <trkpt lat="46.6837480" lon="0.3760510">
    <ele>68.6</ele>
    <time>2024-09-06T17:07:38Z</time>
   </trkpt>
   <trkpt lat="46.6837700" lon="0.3760240">
    <ele>68.7</ele>
    <time>2024-09-06T17:07:39Z</time>
   </trkpt>
   <trkpt lat="46.6837950" lon="0.3760010">
    <ele>68.7</ele>
    <time>2024-09-06T17:07:40Z</time>
   </trkpt>
   <trkpt lat="46.6838310" lon="0.3759740">
    <ele>68.8</ele>
    <time>2024-09-06T17:07:41Z</time>
   </trkpt>
   <trkpt lat="46.6838440" lon="0.3759640">
    <ele>68.8</ele>
    <time>2024-09-06T17:07:42Z</time>
   </trkpt>
   <trkpt lat="46.6838710" lon="0.3759490">
    <ele>68.8</ele>
    <time>2024-09-06T17:07:43Z</time>
   </trkpt>
   <trkpt lat="46.6838970" lon="0.3759370">
    <ele>68.9</ele>
    <time>2024-09-06T17:07:44Z</time>
   </trkpt>
   <trkpt lat="46.6839240" lon="0.3759240">
    <ele>68.9</ele>
    <time>2024-09-06T17:07:45Z</time>
   </trkpt>
   <trkpt lat="46.6839520" lon="0.3759080">
    <ele>69.0</ele>
    <time>2024-09-06T17:07:46Z</time>
   </trkpt>
   <trkpt lat="46.6839850" lon="0.3758920">
    <ele>69.0</ele>
    <time>2024-09-06T17:07:47Z</time>
   </trkpt>
   <trkpt lat="46.6839940" lon="0.3758880">
    <ele>69.0</ele>
    <time>2024-09-06T17:07:48Z</time>
   </trkpt>
   <trkpt lat="46.6840320" lon="0.3758700">
    <ele>69.0</ele>
    <time>2024-09-06T17:07:49Z</time>
   </trkpt>
   <trkpt lat="46.6840450" lon="0.3758640">
    <ele>69.0</ele>
    <time>2024-09-06T17:07:50Z</time>
   </trkpt>
   <trkpt lat="46.6840710" lon="0.3758460">
    <ele>69.1</ele>
    <time>2024-09-06T17:07:51Z</time>
   </trkpt>
   <trkpt lat="46.6840990" lon="0.3758260">
    <ele>69.1</ele>
    <time>2024-09-06T17:07:52Z</time>
   </trkpt>
   <trkpt lat="46.6841270" lon="0.3757930">
    <ele>69.1</ele>
    <time>2024-09-06T17:07:53Z</time>
   </trkpt>
   <trkpt lat="46.6841360" lon="0.3757790">
    <ele>69.1</ele>
    <time>2024-09-06T17:07:54Z</time>
   </trkpt>
   <trkpt lat="46.6841520" lon="0.3757410">
    <ele>69.1</ele>
    <time>2024-09-06T17:07:55Z</time>
   </trkpt>
   <trkpt lat="46.6841660" lon="0.3756980">
    <ele>69.1</ele>
    <time>2024-09-06T17:07:56Z</time>
   </trkpt>
   <trkpt lat="46.6841760" lon="0.3756480">
    <ele>69.2</ele>
    <time>2024-09-06T17:07:57Z</time>
   </trkpt>
   <trkpt lat="46.6841860" lon="0.3756040">
    <ele>69.2</ele>
    <time>2024-09-06T17:07:58Z</time>
   </trkpt>
   <trkpt lat="46.6841940" lon="0.3755650">
    <ele>69.2</ele>
    <time>2024-09-06T17:07:59Z</time>
   </trkpt>
   <trkpt lat="46.6842030" lon="0.3755210">
    <ele>69.2</ele>
    <time>2024-09-06T17:08:00Z</time>
   </trkpt>
   <trkpt lat="46.6842140" lon="0.3754740">
    <ele>69.2</ele>
    <time>2024-09-06T17:08:01Z</time>
   </trkpt>
   <trkpt lat="46.6842270" lon="0.3754260">
    <ele>69.2</ele>
    <time>2024-09-06T17:08:02Z</time>
   </trkpt>
   <trkpt lat="46.6842380" lon="0.3753840">
    <ele>69.2</ele>
    <time>2024-09-06T17:08:03Z</time>
   </trkpt>
   <trkpt lat="46.6842550" lon="0.3753310">
    <ele>69.2</ele>
    <time>2024-09-06T17:08:04Z</time>
   </trkpt>
   <trkpt lat="46.6842610" lon="0.3753120">
    <ele>69.2</ele>
    <time>2024-09-06T17:08:05Z</time>
   </trkpt>
   <trkpt lat="46.6842750" lon="0.3752730">
    <ele>69.2</ele>
    <time>2024-09-06T17:08:06Z</time>
   </trkpt>
   <trkpt lat="46.6842890" lon="0.3752350">
    <ele>69.2</ele>
    <time>2024-09-06T17:08:07Z</time>
   </trkpt>
   <trkpt lat="46.6843050" lon="0.3751890">
    <ele>69.2</ele>
    <time>2024-09-06T17:08:08Z</time>
   </trkpt>
   <trkpt lat="46.6843190" lon="0.3751330">
    <ele>69.2</ele>
    <time>2024-09-06T17:08:09Z</time>
   </trkpt>
   <trkpt lat="46.6843300" lon="0.3750810">
    <ele>69.2</ele>
    <time>2024-09-06T17:08:10Z</time>
   </trkpt>
   <trkpt lat="46.6843380" lon="0.3750340">
    <ele>69.2</ele>
    <time>2024-09-06T17:08:11Z</time>
   </trkpt>
   <trkpt lat="46.6843470" lon="0.3749900">
    <ele>69.3</ele>
    <time>2024-09-06T17:08:12Z</time>
   </trkpt>
   <trkpt lat="46.6843570" lon="0.3749510">
    <ele>69.3</ele>
    <time>2024-09-06T17:08:13Z</time>
   </trkpt>
   <trkpt lat="46.6843710" lon="0.3749120">
    <ele>69.3</ele>
    <time>2024-09-06T17:08:14Z</time>
   </trkpt>
   <trkpt lat="46.6843820" lon="0.3748640">
    <ele>69.3</ele>
    <time>2024-09-06T17:08:15Z</time>
   </trkpt>
   <trkpt lat="46.6843810" lon="0.3748160">
    <ele>69.3</ele>
    <time>2024-09-06T17:08:16Z</time>
   </trkpt>
   <trkpt lat="46.6843780" lon="0.3748040">
    <ele>69.3</ele>
    <time>2024-09-06T17:08:17Z</time>
   </trkpt>
   <trkpt lat="46.6843790" lon="0.3747590">
    <ele>69.3</ele>
    <time>2024-09-06T17:08:18Z</time>
   </trkpt>
   <trkpt lat="46.6843840" lon="0.3747410">
    <ele>69.3</ele>
    <time>2024-09-06T17:08:19Z</time>
   </trkpt>
   <trkpt lat="46.6844080" lon="0.3747080">
    <ele>69.4</ele>
    <time>2024-09-06T17:08:20Z</time>
   </trkpt>
   <trkpt lat="46.6844350" lon="0.3746880">
    <ele>69.4</ele>
    <time>2024-09-06T17:08:21Z</time>
   </trkpt>
   <trkpt lat="46.6844700" lon="0.3746690">
    <ele>69.4</ele>
    <time>2024-09-06T17:08:22Z</time>
   </trkpt>
   <trkpt lat="46.6844810" lon="0.3746620">
    <ele>69.4</ele>
    <time>2024-09-06T17:08:23Z</time>
   </trkpt>
   <trkpt lat="46.6845050" lon="0.3746400">
    <ele>69.4</ele>
    <time>2024-09-06T17:08:24Z</time>
   </trkpt>
   <trkpt lat="46.6845280" lon="0.3746150">
    <ele>69.4</ele>
    <time>2024-09-06T17:08:25Z</time>
   </trkpt>
   <trkpt lat="46.6845390" lon="0.3745970">
    <ele>69.4</ele>
    <time>2024-09-06T17:08:26Z</time>
   </trkpt>
   <trkpt lat="46.6845480" lon="0.3745780">
    <ele>69.5</ele>
    <time>2024-09-06T17:08:27Z</time>
   </trkpt>
   <trkpt lat="46.6845600" lon="0.3745400">
    <ele>69.5</ele>
    <time>2024-09-06T17:08:28Z</time>
   </trkpt>
   <trkpt lat="46.6845700" lon="0.3744940">
    <ele>69.5</ele>
    <time>2024-09-06T17:08:29Z</time>
   </trkpt>
   <trkpt lat="46.6845790" lon="0.3744480">
    <ele>69.5</ele>
    <time>2024-09-06T17:08:30Z</time>
   </trkpt>
   <trkpt lat="46.6845880" lon="0.3744040">
    <ele>69.6</ele>
    <time>2024-09-06T17:08:31Z</time>
   </trkpt>
   <trkpt lat="46.6845960" lon="0.3743610">
    <ele>69.6</ele>
    <time>2024-09-06T17:08:32Z</time>
   </trkpt>
   <trkpt lat="46.6846060" lon="0.3743120">
    <ele>69.6</ele>
    <time>2024-09-06T17:08:33Z</time>
   </trkpt>
   <trkpt lat="46.6846170" lon="0.3742580">
    <ele>69.6</ele>
    <time>2024-09-06T17:08:34Z</time>
   </trkpt>
   <trkpt lat="46.6846260" lon="0.3742100">
    <ele>69.7</ele>
    <time>2024-09-06T17:08:35Z</time>
   </trkpt>
   <trkpt lat="46.6846350" lon="0.3741570">
    <ele>69.7</ele>
    <time>2024-09-06T17:08:36Z</time>
   </trkpt>
   <trkpt lat="46.6846390" lon="0.3741420">
    <ele>69.7</ele>
    <time>2024-09-06T17:08:37Z</time>
   </trkpt>
   <trkpt lat="46.6846530" lon="0.3740890">
    <ele>69.7</ele>
    <time>2024-09-06T17:08:38Z</time>
   </trkpt>
   <trkpt lat="46.6846600" lon="0.3740690">
    <ele>69.8</ele>
    <time>2024-09-06T17:08:39Z</time>
   </trkpt>
   <trkpt lat="46.6846750" lon="0.3740290">
    <ele>69.8</ele>
    <time>2024-09-06T17:08:40Z</time>
   </trkpt>
   <trkpt lat="46.6846890" lon="0.3739870">
    <ele>69.8</ele>
    <time>2024-09-06T17:08:41Z</time>
   </trkpt>
   <trkpt lat="46.6847010" lon="0.3739460">
    <ele>69.8</ele>
    <time>2024-09-06T17:08:42Z</time>
   </trkpt>
   <trkpt lat="46.6847100" lon="0.3739020">
    <ele>69.9</ele>
    <time>2024-09-06T17:08:43Z</time>
   </trkpt>
   <trkpt lat="46.6847150" lon="0.3738580">
    <ele>69.9</ele>
    <time>2024-09-06T17:08:44Z</time>
   </trkpt>
   <trkpt lat="46.6847200" lon="0.3738150">
    <ele>69.9</ele>
    <time>2024-09-06T17:08:45Z</time>
   </trkpt>
   <trkpt lat="46.6847260" lon="0.3737750">
    <ele>69.9</ele>
    <time>2024-09-06T17:08:46Z</time>
   </trkpt>
   <trkpt lat="46.6847340" lon="0.3737310">
    <ele>70.0</ele>
    <time>2024-09-06T17:08:47Z</time>
   </trkpt>
   <trkpt lat="46.6847420" lon="0.3736840">
    <ele>70.0</ele>
    <time>2024-09-06T17:08:48Z</time>
   </trkpt>
   <trkpt lat="46.6847470" lon="0.3736420">
    <ele>70.1</ele>
    <time>2024-09-06T17:08:49Z</time>
   </trkpt>
   <trkpt lat="46.6847570" lon="0.3735920">
    <ele>70.1</ele>
    <time>2024-09-06T17:08:50Z</time>
   </trkpt>
   <trkpt lat="46.6847680" lon="0.3735410">
    <ele>70.2</ele>
    <time>2024-09-06T17:08:51Z</time>
   </trkpt>
   <trkpt lat="46.6847800" lon="0.3734930">
    <ele>70.2</ele>
    <time>2024-09-06T17:08:52Z</time>
   </trkpt>
   <trkpt lat="46.6847900" lon="0.3734520">
    <ele>70.3</ele>
    <time>2024-09-06T17:08:53Z</time>
   </trkpt>
   <trkpt lat="46.6847930" lon="0.3733980">
    <ele>70.3</ele>
    <time>2024-09-06T17:08:54Z</time>
   </trkpt>
   <trkpt lat="46.6847950" lon="0.3733410">
    <ele>70.4</ele>
    <time>2024-09-06T17:08:55Z</time>
   </trkpt>
   <trkpt lat="46.6847970" lon="0.3732890">
    <ele>70.4</ele>
    <time>2024-09-06T17:08:56Z</time>
   </trkpt>
   <trkpt lat="46.6847990" lon="0.3732370">
    <ele>70.5</ele>
    <time>2024-09-06T17:08:57Z</time>
   </trkpt>
   <trkpt lat="46.6847990" lon="0.3731910">
    <ele>70.5</ele>
    <time>2024-09-06T17:08:58Z</time>
   </trkpt>
   <trkpt lat="46.6848000" lon="0.3731500">
    <ele>70.6</ele>
    <time>2024-09-06T17:08:59Z</time>
   </trkpt>
   <trkpt lat="46.6847970" lon="0.3730910">
    <ele>70.6</ele>
    <time>2024-09-06T17:09:00Z</time>
   </trkpt>
   <trkpt lat="46.6847970" lon="0.3730700">
    <ele>70.6</ele>
    <time>2024-09-06T17:09:01Z</time>
   </trkpt>
   <trkpt lat="46.6847940" lon="0.3730140">
    <ele>70.7</ele>
    <time>2024-09-06T17:09:02Z</time>
   </trkpt>
   <trkpt lat="46.6847940" lon="0.3729950">
    <ele>70.7</ele>
    <time>2024-09-06T17:09:03Z</time>
   </trkpt>
   <trkpt lat="46.6847960" lon="0.3729530">
    <ele>70.8</ele>
    <time>2024-09-06T17:09:04Z</time>
   </trkpt>
   <trkpt lat="46.6848010" lon="0.3729060">
    <ele>70.9</ele>
    <time>2024-09-06T17:09:05Z</time>
   </trkpt>
   <trkpt lat="46.6848030" lon="0.3728900">
    <ele>70.9</ele>
    <time>2024-09-06T17:09:06Z</time>
   </trkpt>
   <trkpt lat="46.6848090" lon="0.3728480">
    <ele>71.0</ele>
    <time>2024-09-06T17:09:07Z</time>
   </trkpt>
   <trkpt lat="46.6848140" lon="0.3728050">
    <ele>71.1</ele>
    <time>2024-09-06T17:09:08Z</time>
   </trkpt>
   <trkpt lat="46.6848220" lon="0.3727510">
    <ele>71.2</ele>
    <time>2024-09-06T17:09:09Z</time>
   </trkpt>
   <trkpt lat="46.6848410" lon="0.3726930">
    <ele>71.3</ele>
    <time>2024-09-06T17:09:10Z</time>
   </trkpt>
   <trkpt lat="46.6848620" lon="0.3726390">
    <ele>71.4</ele>
    <time>2024-09-06T17:09:11Z</time>
   </trkpt>
   <trkpt lat="46.6848880" lon="0.3725970">
    <ele>71.5</ele>
    <time>2024-09-06T17:09:12Z</time>
   </trkpt>
   <trkpt lat="46.6849170" lon="0.3725570">
    <ele>71.5</ele>
    <time>2024-09-06T17:09:13Z</time>
   </trkpt>
   <trkpt lat="46.6849460" lon="0.3725220">
    <ele>71.4</ele>
    <time>2024-09-06T17:09:14Z</time>
   </trkpt>
   <trkpt lat="46.6849720" lon="0.3724980">
    <ele>71.4</ele>
    <time>2024-09-06T17:09:15Z</time>
   </trkpt>
   <trkpt lat="46.6849970" lon="0.3724690">
    <ele>71.4</ele>
    <time>2024-09-06T17:09:16Z</time>
   </trkpt>
   <trkpt lat="46.6850180" lon="0.3724380">
    <ele>71.4</ele>
    <time>2024-09-06T17:09:17Z</time>
   </trkpt>
   <trkpt lat="46.6850410" lon="0.3724020">
    <ele>71.4</ele>
    <time>2024-09-06T17:09:18Z</time>
   </trkpt>
   <trkpt lat="46.6850480" lon="0.3723900">
    <ele>71.4</ele>
    <time>2024-09-06T17:09:19Z</time>
   </trkpt>
   <trkpt lat="46.6850780" lon="0.3723570">
    <ele>71.4</ele>
    <time>2024-09-06T17:09:20Z</time>
   </trkpt>
   <trkpt lat="46.6850910" lon="0.3723490">
    <ele>71.4</ele>
    <time>2024-09-06T17:09:21Z</time>
   </trkpt>
   <trkpt lat="46.6851270" lon="0.3723480">
    <ele>71.4</ele>
    <time>2024-09-06T17:09:22Z</time>
   </trkpt>
   <trkpt lat="46.6851640" lon="0.3723570">
    <ele>71.4</ele>
    <time>2024-09-06T17:09:23Z</time>
   </trkpt>
   <trkpt lat="46.6851980" lon="0.3723710">
    <ele>71.4</ele>
    <time>2024-09-06T17:09:24Z</time>
   </trkpt>
   <trkpt lat="46.6852330" lon="0.3723870">
    <ele>71.5</ele>
    <time>2024-09-06T17:09:25Z</time>
   </trkpt>
   <trkpt lat="46.6852650" lon="0.3724050">
    <ele>71.5</ele>
    <time>2024-09-06T17:09:26Z</time>
   </trkpt>
   <trkpt lat="46.6852950" lon="0.3724240">
    <ele>71.5</ele>
    <time>2024-09-06T17:09:27Z</time>
   </trkpt>
   <trkpt lat="46.6853250" lon="0.3724450">
    <ele>71.5</ele>
    <time>2024-09-06T17:09:28Z</time>
   </trkpt>
   <trkpt lat="46.6853570" lon="0.3724570">
    <ele>71.5</ele>
    <time>2024-09-06T17:09:29Z</time>
   </trkpt>
   <trkpt lat="46.6853890" lon="0.3724700">
    <ele>71.6</ele>
    <time>2024-09-06T17:09:30Z</time>
   </trkpt>
   <trkpt lat="46.6854220" lon="0.3724950">
    <ele>71.6</ele>
    <time>2024-09-06T17:09:31Z</time>
   </trkpt>
   <trkpt lat="46.6854500" lon="0.3725320">
    <ele>71.6</ele>
    <time>2024-09-06T17:09:32Z</time>
   </trkpt>
   <trkpt lat="46.6854810" lon="0.3725690">
    <ele>71.6</ele>
    <time>2024-09-06T17:09:33Z</time>
   </trkpt>
   <trkpt lat="46.6855080" lon="0.3726020">
    <ele>71.6</ele>
    <time>2024-09-06T17:09:34Z</time>
   </trkpt>
   <trkpt lat="46.6855310" lon="0.3726320">
    <ele>71.7</ele>
    <time>2024-09-06T17:09:35Z</time>
   </trkpt>
   <trkpt lat="46.6855550" lon="0.3726630">
    <ele>71.7</ele>
    <time>2024-09-06T17:09:36Z</time>
   </trkpt>
   <trkpt lat="46.6855800" lon="0.3726950">
    <ele>71.7</ele>
    <time>2024-09-06T17:09:37Z</time>
   </trkpt>
   <trkpt lat="46.6856050" lon="0.3727220">
    <ele>71.7</ele>
    <time>2024-09-06T17:09:38Z</time>
   </trkpt>
   <trkpt lat="46.6856290" lon="0.3727450">
    <ele>71.7</ele>
    <time>2024-09-06T17:09:39Z</time>
   </trkpt>
   <trkpt lat="46.6856570" lon="0.3727650">
    <ele>71.7</ele>
    <time>2024-09-06T17:09:40Z</time>
   </trkpt>
   <trkpt lat="46.6856860" lon="0.3727880">
    <ele>71.7</ele>
    <time>2024-09-06T17:09:41Z</time>
   </trkpt>
   <trkpt lat="46.6857130" lon="0.3728140">
    <ele>71.7</ele>
    <time>2024-09-06T17:09:42Z</time>
   </trkpt>
   <trkpt lat="46.6857360" lon="0.3728380">
    <ele>71.7</ele>
    <time>2024-09-06T17:09:43Z</time>
   </trkpt>
   <trkpt lat="46.6857570" lon="0.3728630">
    <ele>71.8</ele>
    <time>2024-09-06T17:09:44Z</time>
   </trkpt>
   <trkpt lat="46.6857840" lon="0.3728810">
    <ele>71.8</ele>
    <time>2024-09-06T17:09:45Z</time>
   </trkpt>
   <trkpt lat="46.6858110" lon="0.3728920">
    <ele>71.8</ele>
    <time>2024-09-06T17:09:46Z</time>
   </trkpt>
   <trkpt lat="46.6858400" lon="0.3728980">
    <ele>71.8</ele>
    <time>2024-09-06T17:09:47Z</time>
   </trkpt>
   <trkpt lat="46.6858670" lon="0.3729070">
    <ele>71.8</ele>
    <time>2024-09-06T17:09:48Z</time>
   </trkpt>
   <trkpt lat="46.6859020" lon="0.3729360">
    <ele>71.8</ele>
    <time>2024-09-06T17:09:49Z</time>
   </trkpt>
   <trkpt lat="46.6859140" lon="0.3729470">
    <ele>71.8</ele>
    <time>2024-09-06T17:09:50Z</time>
   </trkpt>
   <trkpt lat="46.6859380" lon="0.3729730">
    <ele>71.8</ele>
    <time>2024-09-06T17:09:51Z</time>
   </trkpt>
   <trkpt lat="46.6859610" lon="0.3730000">
    <ele>71.8</ele>
    <time>2024-09-06T17:09:52Z</time>
   </trkpt>
   <trkpt lat="46.6859880" lon="0.3730180">
    <ele>71.9</ele>
    <time>2024-09-06T17:09:53Z</time>
   </trkpt>
   <trkpt lat="46.6860170" lon="0.3730310">
    <ele>71.9</ele>
    <time>2024-09-06T17:09:54Z</time>
   </trkpt>
   <trkpt lat="46.6860460" lon="0.3730410">
    <ele>71.9</ele>
    <time>2024-09-06T17:09:55Z</time>
   </trkpt>
   <trkpt lat="46.6860760" lon="0.3730530">
    <ele>71.9</ele>
    <time>2024-09-06T17:09:56Z</time>
   </trkpt>
   <trkpt lat="46.6861070" lon="0.3730670">
    <ele>72.0</ele>
    <time>2024-09-06T17:09:57Z</time>
   </trkpt>
   <trkpt lat="46.6861460" lon="0.3730670">
    <ele>72.0</ele>
    <time>2024-09-06T17:09:58Z</time>
   </trkpt>
   <trkpt lat="46.6861590" lon="0.3730590">
    <ele>72.0</ele>
    <time>2024-09-06T17:09:59Z</time>
   </trkpt>
   <trkpt lat="46.6861850" lon="0.3730210">
    <ele>72.1</ele>
    <time>2024-09-06T17:10:00Z</time>
   </trkpt>
   <trkpt lat="46.6862000" lon="0.3729650">
    <ele>72.2</ele>
    <time>2024-09-06T17:10:01Z</time>
   </trkpt>
   <trkpt lat="46.6862110" lon="0.3729070">
    <ele>72.3</ele>
    <time>2024-09-06T17:10:02Z</time>
   </trkpt>
   <trkpt lat="46.6862150" lon="0.3728480">
    <ele>72.5</ele>
    <time>2024-09-06T17:10:03Z</time>
   </trkpt>
   <trkpt lat="46.6862170" lon="0.3727900">
    <ele>72.6</ele>
    <time>2024-09-06T17:10:04Z</time>
   </trkpt>
   <trkpt lat="46.6862160" lon="0.3727400">
    <ele>72.7</ele>
    <time>2024-09-06T17:10:05Z</time>
   </trkpt>
   <trkpt lat="46.6862120" lon="0.3726870">
    <ele>72.8</ele>
    <time>2024-09-06T17:10:06Z</time>
   </trkpt>
   <trkpt lat="46.6862110" lon="0.3726710">
    <ele>72.8</ele>
    <time>2024-09-06T17:10:07Z</time>
   </trkpt>
   <trkpt lat="46.6862110" lon="0.3726240">
    <ele>72.9</ele>
    <time>2024-09-06T17:10:08Z</time>
   </trkpt>
   <trkpt lat="46.6862120" lon="0.3726060">
    <ele>73.0</ele>
    <time>2024-09-06T17:10:09Z</time>
   </trkpt>
   <trkpt lat="46.6862140" lon="0.3725550">
    <ele>73.1</ele>
    <time>2024-09-06T17:10:10Z</time>
   </trkpt>
   <trkpt lat="46.6862150" lon="0.3724990">
    <ele>73.2</ele>
    <time>2024-09-06T17:10:11Z</time>
   </trkpt>
   <trkpt lat="46.6862170" lon="0.3724450">
    <ele>73.3</ele>
    <time>2024-09-06T17:10:12Z</time>
   </trkpt>
   <trkpt lat="46.6862140" lon="0.3723980">
    <ele>73.4</ele>
    <time>2024-09-06T17:10:13Z</time>
   </trkpt>
   <trkpt lat="46.6862100" lon="0.3723540">
    <ele>73.5</ele>
    <time>2024-09-06T17:10:14Z</time>
   </trkpt>
   <trkpt lat="46.6862090" lon="0.3723080">
    <ele>73.6</ele>
    <time>2024-09-06T17:10:15Z</time>
   </trkpt>
   <trkpt lat="46.6862100" lon="0.3722660">
    <ele>73.7</ele>
    <time>2024-09-06T17:10:16Z</time>
   </trkpt>
   <trkpt lat="46.6862130" lon="0.3722230">
    <ele>73.9</ele>
    <time>2024-09-06T17:10:17Z</time>
   </trkpt>
   <trkpt lat="46.6862170" lon="0.3721780">
    <ele>74.0</ele>
    <time>2024-09-06T17:10:18Z</time>
   </trkpt>
   <trkpt lat="46.6862210" lon="0.3721280">
    <ele>74.1</ele>
    <time>2024-09-06T17:10:19Z</time>
   </trkpt>
   <trkpt lat="46.6862240" lon="0.3720800">
    <ele>74.2</ele>
    <time>2024-09-06T17:10:20Z</time>
   </trkpt>
   <trkpt lat="46.6862230" lon="0.3720360">
    <ele>74.3</ele>
    <time>2024-09-06T17:10:21Z</time>
   </trkpt>
   <trkpt lat="46.6862220" lon="0.3719950">
    <ele>74.4</ele>
    <time>2024-09-06T17:10:22Z</time>
   </trkpt>
   <trkpt lat="46.6862220" lon="0.3719530">
    <ele>74.5</ele>
    <time>2024-09-06T17:10:23Z</time>
   </trkpt>
   <trkpt lat="46.6862190" lon="0.3719060">
    <ele>74.6</ele>
    <time>2024-09-06T17:10:24Z</time>
   </trkpt>
   <trkpt lat="46.6862240" lon="0.3718610">
    <ele>74.7</ele>
    <time>2024-09-06T17:10:25Z</time>
   </trkpt>
   <trkpt lat="46.6862290" lon="0.3718210">
    <ele>74.8</ele>
    <time>2024-09-06T17:10:26Z</time>
   </trkpt>
   <trkpt lat="46.6862530" lon="0.3717700">
    <ele>75.0</ele>
    <time>2024-09-06T17:10:27Z</time>
   </trkpt>
   <trkpt lat="46.6862640" lon="0.3717520">
    <ele>75.1</ele>
    <time>2024-09-06T17:10:28Z</time>
   </trkpt>
   <trkpt lat="46.6862860" lon="0.3717200">
    <ele>75.2</ele>
    <time>2024-09-06T17:10:29Z</time>
   </trkpt>
   <trkpt lat="46.6863130" lon="0.3716730">
    <ele>75.3</ele>
    <time>2024-09-06T17:10:30Z</time>
   </trkpt>
   <trkpt lat="46.6863210" lon="0.3716520">
    <ele>75.3</ele>
    <time>2024-09-06T17:10:31Z</time>
   </trkpt>
   <trkpt lat="46.6863330" lon="0.3716120">
    <ele>75.3</ele>
    <time>2024-09-06T17:10:32Z</time>
   </trkpt>
   <trkpt lat="46.6863550" lon="0.3715640">
    <ele>75.2</ele>
    <time>2024-09-06T17:10:33Z</time>
   </trkpt>
   <trkpt lat="46.6863650" lon="0.3715510">
    <ele>75.2</ele>
    <time>2024-09-06T17:10:34Z</time>
   </trkpt>
   <trkpt lat="46.6863950" lon="0.3715420">
    <ele>75.2</ele>
    <time>2024-09-06T17:10:35Z</time>
   </trkpt>
   <trkpt lat="46.6864290" lon="0.3715470">
    <ele>75.1</ele>
    <time>2024-09-06T17:10:36Z</time>
   </trkpt>
   <trkpt lat="46.6864610" lon="0.3715600">
    <ele>75.1</ele>
    <time>2024-09-06T17:10:37Z</time>
   </trkpt>
   <trkpt lat="46.6864950" lon="0.3715720">
    <ele>75.0</ele>
    <time>2024-09-06T17:10:38Z</time>
   </trkpt>
   <trkpt lat="46.6865290" lon="0.3715830">
    <ele>75.0</ele>
    <time>2024-09-06T17:10:39Z</time>
   </trkpt>
   <trkpt lat="46.6865630" lon="0.3715900">
    <ele>75.0</ele>
    <time>2024-09-06T17:10:40Z</time>
   </trkpt>
   <trkpt lat="46.6865960" lon="0.3715950">
    <ele>74.9</ele>
    <time>2024-09-06T17:10:41Z</time>
   </trkpt>
   <trkpt lat="46.6866260" lon="0.3715960">
    <ele>74.9</ele>
    <time>2024-09-06T17:10:42Z</time>
   </trkpt>
   <trkpt lat="46.6866550" lon="0.3715910">
    <ele>74.8</ele>
    <time>2024-09-06T17:10:43Z</time>
   </trkpt>
   <trkpt lat="46.6866850" lon="0.3715900">
    <ele>74.8</ele>
    <time>2024-09-06T17:10:44Z</time>
   </trkpt>
   <trkpt lat="46.6867250" lon="0.3715950">
    <ele>74.7</ele>
    <time>2024-09-06T17:10:45Z</time>
   </trkpt>
   <trkpt lat="46.6867380" lon="0.3715990">
    <ele>74.7</ele>
    <time>2024-09-06T17:10:46Z</time>
   </trkpt>
   <trkpt lat="46.6867780" lon="0.3716100">
    <ele>74.6</ele>
    <time>2024-09-06T17:10:47Z</time>
   </trkpt>
   <trkpt lat="46.6867910" lon="0.3716150">
    <ele>74.6</ele>
    <time>2024-09-06T17:10:48Z</time>
   </trkpt>
   <trkpt lat="46.6868180" lon="0.3716280">
    <ele>74.5</ele>
    <time>2024-09-06T17:10:49Z</time>
   </trkpt>
   <trkpt lat="46.6868560" lon="0.3716400">
    <ele>74.4</ele>
    <time>2024-09-06T17:10:50Z</time>
   </trkpt>
   <trkpt lat="46.6868690" lon="0.3716440">
    <ele>74.4</ele>
    <time>2024-09-06T17:10:51Z</time>
   </trkpt>
   <trkpt lat="46.6868970" lon="0.3716540">
    <ele>74.3</ele>
    <time>2024-09-06T17:10:52Z</time>
   </trkpt>
   <trkpt lat="46.6869360" lon="0.3716750">
    <ele>74.2</ele>
    <time>2024-09-06T17:10:53Z</time>
   </trkpt>
   <trkpt lat="46.6869490" lon="0.3716850">
    <ele>74.2</ele>
    <time>2024-09-06T17:10:54Z</time>
   </trkpt>
   <trkpt lat="46.6869780" lon="0.3717080">
    <ele>74.1</ele>
    <time>2024-09-06T17:10:55Z</time>
   </trkpt>
   <trkpt lat="46.6870080" lon="0.3717260">
    <ele>74.1</ele>
    <time>2024-09-06T17:10:56Z</time>
   </trkpt>
   <trkpt lat="46.6870360" lon="0.3717360">
    <ele>74.1</ele>
    <time>2024-09-06T17:10:57Z</time>
   </trkpt>
   <trkpt lat="46.6870670" lon="0.3717460">
    <ele>74.0</ele>
    <time>2024-09-06T17:10:58Z</time>
   </trkpt>
   <trkpt lat="46.6870980" lon="0.3717510">
    <ele>74.0</ele>
    <time>2024-09-06T17:10:59Z</time>
   </trkpt>
   <trkpt lat="46.6871310" lon="0.3717560">
    <ele>73.9</ele>
    <time>2024-09-06T17:11:00Z</time>
   </trkpt>
   <trkpt lat="46.6871650" lon="0.3717540">
    <ele>73.9</ele>
    <time>2024-09-06T17:11:01Z</time>
   </trkpt>
   <trkpt lat="46.6871970" lon="0.3717540">
    <ele>73.9</ele>
    <time>2024-09-06T17:11:02Z</time>
   </trkpt>
   <trkpt lat="46.6872250" lon="0.3717640">
    <ele>73.8</ele>
    <time>2024-09-06T17:11:03Z</time>
   </trkpt>
   <trkpt lat="46.6872520" lon="0.3717790">
    <ele>73.8</ele>
    <time>2024-09-06T17:11:04Z</time>
   </trkpt>
   <trkpt lat="46.6872800" lon="0.3717970">
    <ele>73.8</ele>
    <time>2024-09-06T17:11:05Z</time>
   </trkpt>
   <trkpt lat="46.6873110" lon="0.3718140">
    <ele>73.7</ele>
    <time>2024-09-06T17:11:06Z</time>
   </trkpt>
   <trkpt lat="46.6873400" lon="0.3718280">
    <ele>73.7</ele>
    <time>2024-09-06T17:11:07Z</time>
   </trkpt>
   <trkpt lat="46.6873750" lon="0.3718530">
    <ele>73.7</ele>
    <time>2024-09-06T17:11:08Z</time>
   </trkpt>
   <trkpt lat="46.6873860" lon="0.3718630">
    <ele>73.7</ele>
    <time>2024-09-06T17:11:09Z</time>
   </trkpt>
   <trkpt lat="46.6874200" lon="0.3718960">
    <ele>73.6</ele>
    <time>2024-09-06T17:11:10Z</time>
   </trkpt>
   <trkpt lat="46.6874320" lon="0.3719080">
    <ele>73.6</ele>
    <time>2024-09-06T17:11:11Z</time>
   </trkpt>
   <trkpt lat="46.6874570" lon="0.3719260">
    <ele>73.6</ele>
    <time>2024-09-06T17:11:12Z</time>
   </trkpt>
   <trkpt lat="46.6874850" lon="0.3719400">
    <ele>73.6</ele>
    <time>2024-09-06T17:11:13Z</time>
   </trkpt>
   <trkpt lat="46.6875150" lon="0.3719550">
    <ele>73.6</ele>
    <time>2024-09-06T17:11:14Z</time>
   </trkpt>
   <trkpt lat="46.6875410" lon="0.3719710">
    <ele>73.5</ele>
    <time>2024-09-06T17:11:15Z</time>
   </trkpt>
   <trkpt lat="46.6875740" lon="0.3719950">
    <ele>73.5</ele>
    <time>2024-09-06T17:11:16Z</time>
   </trkpt>
   <trkpt lat="46.6875870" lon="0.3720030">
    <ele>73.5</ele>
    <time>2024-09-06T17:11:17Z</time>
   </trkpt>
   <trkpt lat="46.6876200" lon="0.3720180">
    <ele>73.5</ele>
    <time>2024-09-06T17:11:18Z</time>
   </trkpt>
   <trkpt lat="46.6876540" lon="0.3720300">
    <ele>73.4</ele>
    <time>2024-09-06T17:11:19Z</time>
   </trkpt>
   <trkpt lat="46.6876890" lon="0.3720370">
    <ele>73.4</ele>
    <time>2024-09-06T17:11:20Z</time>
   </trkpt>
   <trkpt lat="46.6877250" lon="0.3720490">
    <ele>73.4</ele>
    <time>2024-09-06T17:11:21Z</time>
   </trkpt>
   <trkpt lat="46.6877590" lon="0.3720640">
    <ele>73.5</ele>
    <time>2024-09-06T17:11:22Z</time>
   </trkpt>
   <trkpt lat="46.6877840" lon="0.3720790">
    <ele>73.5</ele>
    <time>2024-09-06T17:11:23Z</time>
   </trkpt>
   <trkpt lat="46.6878200" lon="0.3721060">
    <ele>73.6</ele>
    <time>2024-09-06T17:11:24Z</time>
   </trkpt>
   <trkpt lat="46.6878330" lon="0.3721150">
    <ele>73.7</ele>
    <time>2024-09-06T17:11:25Z</time>
   </trkpt>
   <trkpt lat="46.6878630" lon="0.3721070">
    <ele>73.8</ele>
    <time>2024-09-06T17:11:26Z</time>
   </trkpt>
   <trkpt lat="46.6878910" lon="0.3720780">
    <ele>73.9</ele>
    <time>2024-09-06T17:11:27Z</time>
   </trkpt>
   <trkpt lat="46.6879120" lon="0.3720350">
    <ele>74.1</ele>
    <time>2024-09-06T17:11:28Z</time>
   </trkpt>
   <trkpt lat="46.6879260" lon="0.3719940">
    <ele>74.2</ele>
    <time>2024-09-06T17:11:29Z</time>
   </trkpt>
   <trkpt lat="46.6879420" lon="0.3719550">
    <ele>74.3</ele>
    <time>2024-09-06T17:11:30Z</time>
   </trkpt>
   <trkpt lat="46.6879580" lon="0.3719230">
    <ele>74.5</ele>
    <time>2024-09-06T17:11:31Z</time>
   </trkpt>
   <trkpt lat="46.6879870" lon="0.3718840">
    <ele>74.6</ele>
    <time>2024-09-06T17:11:32Z</time>
   </trkpt>
   <trkpt lat="46.6879970" lon="0.3718700">
    <ele>74.7</ele>
    <time>2024-09-06T17:11:33Z</time>
   </trkpt>
   <trkpt lat="46.6880210" lon="0.3718330">
    <ele>74.9</ele>
    <time>2024-09-06T17:11:34Z</time>
   </trkpt>
   <trkpt lat="46.6880440" lon="0.3717940">
    <ele>75.0</ele>
    <time>2024-09-06T17:11:35Z</time>
   </trkpt>
   <trkpt lat="46.6880650" lon="0.3717640">
    <ele>75.2</ele>
    <time>2024-09-06T17:11:36Z</time>
   </trkpt>
   <trkpt lat="46.6880820" lon="0.3717180">
    <ele>75.3</ele>
    <time>2024-09-06T17:11:37Z</time>
   </trkpt>
   <trkpt lat="46.6880870" lon="0.3717060">
    <ele>75.4</ele>
    <time>2024-09-06T17:11:38Z</time>
   </trkpt>
   <trkpt lat="46.6880970" lon="0.3716860">
    <ele>75.5</ele>
    <time>2024-09-06T17:11:39Z</time>
   </trkpt>
   <trkpt lat="46.6881110" lon="0.3716710">
    <ele>75.5</ele>
    <time>2024-09-06T17:11:40Z</time>
   </trkpt>
   <trkpt lat="46.6881400" lon="0.3716460">
    <ele>75.7</ele>
    <time>2024-09-06T17:11:41Z</time>
   </trkpt>
   <trkpt lat="46.6881520" lon="0.3716350">
    <ele>75.8</ele>
    <time>2024-09-06T17:11:42Z</time>
   </trkpt>
   <trkpt lat="46.6881740" lon="0.3715960">
    <ele>75.9</ele>
    <time>2024-09-06T17:11:43Z</time>
   </trkpt>
   <trkpt lat="46.6881950" lon="0.3715490">
    <ele>76.1</ele>
    <time>2024-09-06T17:11:44Z</time>
   </trkpt>
   <trkpt lat="46.6882140" lon="0.3715060">
    <ele>76.3</ele>
    <time>2024-09-06T17:11:45Z</time>
   </trkpt>
   <trkpt lat="46.6882350" lon="0.3714740">
    <ele>76.4</ele>
    <time>2024-09-06T17:11:46Z</time>
   </trkpt>
   <trkpt lat="46.6882660" lon="0.3714460">
    <ele>76.6</ele>
    <time>2024-09-06T17:11:47Z</time>
   </trkpt>
   <trkpt lat="46.6882770" lon="0.3714380">
    <ele>76.7</ele>
    <time>2024-09-06T17:11:48Z</time>
   </trkpt>
   <trkpt lat="46.6883000" lon="0.3714160">
    <ele>76.9</ele>
    <time>2024-09-06T17:11:49Z</time>
   </trkpt>
   <trkpt lat="46.6883260" lon="0.3713860">
    <ele>77.0</ele>
    <time>2024-09-06T17:11:50Z</time>
   </trkpt>
   <trkpt lat="46.6883500" lon="0.3713550">
    <ele>77.2</ele>
    <time>2024-09-06T17:11:51Z</time>
   </trkpt>
   <trkpt lat="46.6883730" lon="0.3713250">
    <ele>77.4</ele>
    <time>2024-09-06T17:11:52Z</time>
   </trkpt>
   <trkpt lat="46.6883980" lon="0.3712980">
    <ele>77.6</ele>
    <time>2024-09-06T17:11:53Z</time>
   </trkpt>
   <trkpt lat="46.6884200" lon="0.3712680">
    <ele>77.7</ele>
    <time>2024-09-06T17:11:54Z</time>
   </trkpt>
   <trkpt lat="46.6884430" lon="0.3712340">
    <ele>77.9</ele>
    <time>2024-09-06T17:11:55Z</time>
   </trkpt>
   <trkpt lat="46.6884660" lon="0.3711930">
    <ele>78.2</ele>
    <time>2024-09-06T17:11:56Z</time>
   </trkpt>
   <trkpt lat="46.6884880" lon="0.3711480">
    <ele>78.4</ele>
    <time>2024-09-06T17:11:57Z</time>
   </trkpt>
   <trkpt lat="46.6885060" lon="0.3711080">
    <ele>78.6</ele>
    <time>2024-09-06T17:11:58Z</time>
   </trkpt>
   <trkpt lat="46.6885230" lon="0.3710730">
    <ele>78.8</ele>
    <time>2024-09-06T17:11:59Z</time>
   </trkpt>
   <trkpt lat="46.6885410" lon="0.3710410">
    <ele>79.0</ele>
    <time>2024-09-06T17:12:00Z</time>
   </trkpt>
   <trkpt lat="46.6885680" lon="0.3710010">
    <ele>79.3</ele>
    <time>2024-09-06T17:12:01Z</time>
   </trkpt>
   <trkpt lat="46.6885770" lon="0.3709880">
    <ele>79.4</ele>
    <time>2024-09-06T17:12:02Z</time>
   </trkpt>
   <trkpt lat="46.6886080" lon="0.3709620">
    <ele>79.6</ele>
    <time>2024-09-06T17:12:03Z</time>
   </trkpt>
   <trkpt lat="46.6886180" lon="0.3709540">
    <ele>79.7</ele>
    <time>2024-09-06T17:12:04Z</time>
   </trkpt>
   <trkpt lat="46.6886480" lon="0.3709230">
    <ele>80.0</ele>
    <time>2024-09-06T17:12:05Z</time>
   </trkpt>
   <trkpt lat="46.6886590" lon="0.3709120">
    <ele>80.1</ele>
    <time>2024-09-06T17:12:06Z</time>
   </trkpt>
   <trkpt lat="46.6886840" lon="0.3708820">
    <ele>80.3</ele>
    <time>2024-09-06T17:12:07Z</time>
   </trkpt>
   <trkpt lat="46.6887090" lon="0.3708560">
    <ele>80.5</ele>
    <time>2024-09-06T17:12:08Z</time>
   </trkpt>
   <trkpt lat="46.6887310" lon="0.3708330">
    <ele>80.7</ele>
    <time>2024-09-06T17:12:09Z</time>
   </trkpt>
   <trkpt lat="46.6887520" lon="0.3708060">
    <ele>80.9</ele>
    <time>2024-09-06T17:12:10Z</time>
   </trkpt>
   <trkpt lat="46.6887800" lon="0.3707650">
    <ele>81.3</ele>
    <time>2024-09-06T17:12:11Z</time>
   </trkpt>
   <trkpt lat="46.6887890" lon="0.3707510">
    <ele>81.4</ele>
    <time>2024-09-06T17:12:12Z</time>
   </trkpt>
   <trkpt lat="46.6888080" lon="0.3707210">
    <ele>81.6</ele>
    <time>2024-09-06T17:12:13Z</time>
   </trkpt>
   <trkpt lat="46.6888330" lon="0.3706910">
    <ele>81.9</ele>
    <time>2024-09-06T17:12:14Z</time>
   </trkpt>
   <trkpt lat="46.6888370" lon="0.3706870">
    <ele>81.9</ele>
    <time>2024-09-06T17:12:15Z</time>
   </trkpt>
   <trkpt lat="46.6888470" lon="0.3706960">
    <ele>82.0</ele>
    <time>2024-09-06T17:12:16Z</time>
   </trkpt>
   <trkpt lat="46.6888630" lon="0.3707200">
    <ele>82.1</ele>
    <time>2024-09-06T17:12:17Z</time>
   </trkpt>
   <trkpt lat="46.6888790" lon="0.3707520">
    <ele>82.2</ele>
    <time>2024-09-06T17:12:18Z</time>
   </trkpt>
   <trkpt lat="46.6888980" lon="0.3707850">
    <ele>82.3</ele>
    <time>2024-09-06T17:12:19Z</time>
   </trkpt>
   <trkpt lat="46.6889240" lon="0.3708170">
    <ele>82.5</ele>
    <time>2024-09-06T17:12:20Z</time>
   </trkpt>
   <trkpt lat="46.6889510" lon="0.3708510">
    <ele>82.6</ele>
    <time>2024-09-06T17:12:21Z</time>
   </trkpt>
   <trkpt lat="46.6889780" lon="0.3708900">
    <ele>82.8</ele>
    <time>2024-09-06T17:12:22Z</time>
   </trkpt>
   <trkpt lat="46.6890050" lon="0.3709320">
    <ele>83.0</ele>
    <time>2024-09-06T17:12:23Z</time>
   </trkpt>
   <trkpt lat="46.6890320" lon="0.3709720">
    <ele>83.2</ele>
    <time>2024-09-06T17:12:24Z</time>
   </trkpt>
   <trkpt lat="46.6890600" lon="0.3710060">
    <ele>83.3</ele>
    <time>2024-09-06T17:12:25Z</time>
   </trkpt>
   <trkpt lat="46.6890860" lon="0.3710380">
    <ele>83.4</ele>
    <time>2024-09-06T17:12:26Z</time>
   </trkpt>
   <trkpt lat="46.6891120" lon="0.3710750">
    <ele>83.5</ele>
    <time>2024-09-06T17:12:27Z</time>
   </trkpt>
   <trkpt lat="46.6891360" lon="0.3711150">
    <ele>83.7</ele>
    <time>2024-09-06T17:12:28Z</time>
   </trkpt>
   <trkpt lat="46.6891570" lon="0.3711570">
    <ele>83.8</ele>
    <time>2024-09-06T17:12:29Z</time>
   </trkpt>
   <trkpt lat="46.6891780" lon="0.3711950">
    <ele>83.8</ele>
    <time>2024-09-06T17:12:30Z</time>
   </trkpt>
   <trkpt lat="46.6892000" lon="0.3712300">
    <ele>83.9</ele>
    <time>2024-09-06T17:12:31Z</time>
   </trkpt>
   <trkpt lat="46.6892220" lon="0.3712620">
    <ele>84.0</ele>
    <time>2024-09-06T17:12:32Z</time>
   </trkpt>
   <trkpt lat="46.6892440" lon="0.3712970">
    <ele>84.0</ele>
    <time>2024-09-06T17:12:33Z</time>
   </trkpt>
   <trkpt lat="46.6892650" lon="0.3713350">
    <ele>84.1</ele>
    <time>2024-09-06T17:12:34Z</time>
   </trkpt>
   <trkpt lat="46.6892890" lon="0.3713710">
    <ele>84.1</ele>
    <time>2024-09-06T17:12:35Z</time>
   </trkpt>
   <trkpt lat="46.6893150" lon="0.3714090">
    <ele>84.1</ele>
    <time>2024-09-06T17:12:36Z</time>
   </trkpt>
   <trkpt lat="46.6893400" lon="0.3714400">
    <ele>84.2</ele>
    <time>2024-09-06T17:12:37Z</time>
   </trkpt>
   <trkpt lat="46.6893640" lon="0.3714690">
    <ele>84.2</ele>
    <time>2024-09-06T17:12:38Z</time>
   </trkpt>
   <trkpt lat="46.6893870" lon="0.3715010">
    <ele>84.2</ele>
    <time>2024-09-06T17:12:39Z</time>
   </trkpt>
   <trkpt lat="46.6894070" lon="0.3715320">
    <ele>84.2</ele>
    <time>2024-09-06T17:12:40Z</time>
   </trkpt>
   <trkpt lat="46.6894370" lon="0.3715710">
    <ele>84.2</ele>
    <time>2024-09-06T17:12:41Z</time>
   </trkpt>
   <trkpt lat="46.6894470" lon="0.3715830">
    <ele>84.2</ele>
    <time>2024-09-06T17:12:42Z</time>
   </trkpt>
   <trkpt lat="46.6894690" lon="0.3716110">
    <ele>84.2</ele>
    <time>2024-09-06T17:12:43Z</time>
   </trkpt>
   <trkpt lat="46.6894910" lon="0.3716390">
    <ele>84.2</ele>
    <time>2024-09-06T17:12:44Z</time>
   </trkpt>
   <trkpt lat="46.6895130" lon="0.3716670">
    <ele>84.2</ele>
    <time>2024-09-06T17:12:45Z</time>
   </trkpt>
   <trkpt lat="46.6895340" lon="0.3716930">
    <ele>84.2</ele>
    <time>2024-09-06T17:12:46Z</time>
   </trkpt>
   <trkpt lat="46.6895570" lon="0.3717130">
    <ele>84.2</ele>
    <time>2024-09-06T17:12:47Z</time>
   </trkpt>
   <trkpt lat="46.6895830" lon="0.3717310">
    <ele>84.2</ele>
    <time>2024-09-06T17:12:48Z</time>
   </trkpt>
   <trkpt lat="46.6896090" lon="0.3717490">
    <ele>84.2</ele>
    <time>2024-09-06T17:12:49Z</time>
   </trkpt>
   <trkpt lat="46.6896350" lon="0.3717690">
    <ele>84.2</ele>
    <time>2024-09-06T17:12:50Z</time>
   </trkpt>
   <trkpt lat="46.6896580" lon="0.3717960">
    <ele>84.3</ele>
    <time>2024-09-06T17:12:51Z</time>
   </trkpt>
   <trkpt lat="46.6896800" lon="0.3718240">
    <ele>84.3</ele>
    <time>2024-09-06T17:12:52Z</time>
   </trkpt>
   <trkpt lat="46.6897090" lon="0.3718620">
    <ele>84.3</ele>
    <time>2024-09-06T17:12:53Z</time>
   </trkpt>
   <trkpt lat="46.6897190" lon="0.3718730">
    <ele>84.3</ele>
    <time>2024-09-06T17:12:54Z</time>
   </trkpt>
   <trkpt lat="46.6897420" lon="0.3719030">
    <ele>84.3</ele>
    <time>2024-09-06T17:12:55Z</time>
   </trkpt>
   <trkpt lat="46.6897630" lon="0.3719300">
    <ele>84.3</ele>
    <time>2024-09-06T17:12:56Z</time>
   </trkpt>
   <trkpt lat="46.6897910" lon="0.3719680">
    <ele>84.4</ele>
    <time>2024-09-06T17:12:57Z</time>
   </trkpt>
   <trkpt lat="46.6898000" lon="0.3719810">
    <ele>84.4</ele>
    <time>2024-09-06T17:12:58Z</time>
   </trkpt>
   <trkpt lat="46.6898220" lon="0.3720090">
    <ele>84.4</ele>
    <time>2024-09-06T17:12:59Z</time>
   </trkpt>
   <trkpt lat="46.6898510" lon="0.3720490">
    <ele>84.4</ele>
    <time>2024-09-06T17:13:00Z</time>
   </trkpt>
   <trkpt lat="46.6898620" lon="0.3720620">
    <ele>84.5</ele>
    <time>2024-09-06T17:13:01Z</time>
   </trkpt>
   <trkpt lat="46.6898840" lon="0.3720900">
    <ele>84.5</ele>
    <time>2024-09-06T17:13:02Z</time>
   </trkpt>
   <trkpt lat="46.6899060" lon="0.3721160">
    <ele>84.5</ele>
    <time>2024-09-06T17:13:03Z</time>
   </trkpt>
   <trkpt lat="46.6899300" lon="0.3721420">
    <ele>84.5</ele>
    <time>2024-09-06T17:13:04Z</time>
   </trkpt>
   <trkpt lat="46.6899530" lon="0.3721700">
    <ele>84.6</ele>
    <time>2024-09-06T17:13:05Z</time>
   </trkpt>
   <trkpt lat="46.6899750" lon="0.3721960">
    <ele>84.6</ele>
    <time>2024-09-06T17:13:06Z</time>
   </trkpt>
   <trkpt lat="46.6900040" lon="0.3722350">
    <ele>84.6</ele>
    <time>2024-09-06T17:13:07Z</time>
   </trkpt>
   <trkpt lat="46.6900130" lon="0.3722480">
    <ele>84.6</ele>
    <time>2024-09-06T17:13:08Z</time>
   </trkpt>
   <trkpt lat="46.6900320" lon="0.3722820">
    <ele>84.5</ele>
    <time>2024-09-06T17:13:09Z</time>
   </trkpt>
   <trkpt lat="46.6900510" lon="0.3723190">
    <ele>84.5</ele>
    <time>2024-09-06T17:13:10Z</time>
   </trkpt>
   <trkpt lat="46.6900690" lon="0.3723600">
    <ele>84.4</ele>
    <time>2024-09-06T17:13:11Z</time>
   </trkpt>
   <trkpt lat="46.6900870" lon="0.3724000">
    <ele>84.3</ele>
    <time>2024-09-06T17:13:12Z</time>
   </trkpt>
   <trkpt lat="46.6901060" lon="0.3724370">
    <ele>84.3</ele>
    <time>2024-09-06T17:13:13Z</time>
   </trkpt>
   <trkpt lat="46.6901250" lon="0.3724700">
    <ele>84.2</ele>
    <time>2024-09-06T17:13:14Z</time>
   </trkpt>
   <trkpt lat="46.6901470" lon="0.3725000">
    <ele>84.1</ele>
    <time>2024-09-06T17:13:15Z</time>
   </trkpt>
   <trkpt lat="46.6901700" lon="0.3725260">
    <ele>84.1</ele>
    <time>2024-09-06T17:13:16Z</time>
   </trkpt>
   <trkpt lat="46.6901930" lon="0.3725490">
    <ele>84.1</ele>
    <time>2024-09-06T17:13:17Z</time>
   </trkpt>
   <trkpt lat="46.6902240" lon="0.3725840">
    <ele>84.0</ele>
    <time>2024-09-06T17:13:18Z</time>
   </trkpt>
   <trkpt lat="46.6902330" lon="0.3725950">
    <ele>84.0</ele>
    <time>2024-09-06T17:13:19Z</time>
   </trkpt>
   <trkpt lat="46.6902570" lon="0.3726220">
    <ele>84.0</ele>
    <time>2024-09-06T17:13:20Z</time>
   </trkpt>
   <trkpt lat="46.6902880" lon="0.3726540">
    <ele>83.9</ele>
    <time>2024-09-06T17:13:21Z</time>
   </trkpt>
   <trkpt lat="46.6902980" lon="0.3726640">
    <ele>83.9</ele>
    <time>2024-09-06T17:13:22Z</time>
   </trkpt>
   <trkpt lat="46.6903210" lon="0.3726880">
    <ele>83.9</ele>
    <time>2024-09-06T17:13:23Z</time>
   </trkpt>
   <trkpt lat="46.6903530" lon="0.3727240">
    <ele>83.9</ele>
    <time>2024-09-06T17:13:24Z</time>
   </trkpt>
   <trkpt lat="46.6903630" lon="0.3727360">
    <ele>83.8</ele>
    <time>2024-09-06T17:13:25Z</time>
   </trkpt>
   <trkpt lat="46.6903860" lon="0.3727640">
    <ele>83.8</ele>
    <time>2024-09-06T17:13:26Z</time>
   </trkpt>
   <trkpt lat="46.6904100" lon="0.3727920">
    <ele>83.8</ele>
    <time>2024-09-06T17:13:27Z</time>
   </trkpt>
   <trkpt lat="46.6904320" lon="0.3728160">
    <ele>83.7</ele>
    <time>2024-09-06T17:13:28Z</time>
   </trkpt>
   <trkpt lat="46.6904610" lon="0.3728480">
    <ele>83.7</ele>
    <time>2024-09-06T17:13:29Z</time>
   </trkpt>
   <trkpt lat="46.6904700" lon="0.3728590">
    <ele>83.6</ele>
    <time>2024-09-06T17:13:30Z</time>
   </trkpt>
   <trkpt lat="46.6905000" lon="0.3728980">
    <ele>83.5</ele>
    <time>2024-09-06T17:13:31Z</time>
   </trkpt>
   <trkpt lat="46.6905100" lon="0.3729120">
    <ele>83.5</ele>
    <time>2024-09-06T17:13:32Z</time>
   </trkpt>
   <trkpt lat="46.6905310" lon="0.3729380">
    <ele>83.5</ele>
    <time>2024-09-06T17:13:33Z</time>
   </trkpt>
   <trkpt lat="46.6905540" lon="0.3729650">
    <ele>83.4</ele>
    <time>2024-09-06T17:13:34Z</time>
   </trkpt>
   <trkpt lat="46.6905750" lon="0.3729910">
    <ele>83.3</ele>
    <time>2024-09-06T17:13:35Z</time>
   </trkpt>
   <trkpt lat="46.6906020" lon="0.3730280">
    <ele>83.2</ele>
    <time>2024-09-06T17:13:36Z</time>
   </trkpt>
   <trkpt lat="46.6906110" lon="0.3730400">
    <ele>83.1</ele>
    <time>2024-09-06T17:13:37Z</time>
   </trkpt>
   <trkpt lat="46.6906410" lon="0.3730770">
    <ele>83.0</ele>
    <time>2024-09-06T17:13:38Z</time>
   </trkpt>
   <trkpt lat="46.6906520" lon="0.3730870">
    <ele>83.0</ele>
    <time>2024-09-06T17:13:39Z</time>
   </trkpt>
   <trkpt lat="46.6906830" lon="0.3731240">
    <ele>82.8</ele>
    <time>2024-09-06T17:13:40Z</time>
   </trkpt>
   <trkpt lat="46.6906930" lon="0.3731360">
    <ele>82.7</ele>
    <time>2024-09-06T17:13:41Z</time>
   </trkpt>
   <trkpt lat="46.6907130" lon="0.3731620">
    <ele>82.6</ele>
    <time>2024-09-06T17:13:42Z</time>
   </trkpt>
   <trkpt lat="46.6907380" lon="0.3731850">
    <ele>82.4</ele>
    <time>2024-09-06T17:13:43Z</time>
   </trkpt>
   <trkpt lat="46.6907690" lon="0.3732140">
    <ele>82.2</ele>
    <time>2024-09-06T17:13:44Z</time>
   </trkpt>
   <trkpt lat="46.6907800" lon="0.3732250">
    <ele>82.2</ele>
    <time>2024-09-06T17:13:45Z</time>
   </trkpt>
   <trkpt lat="46.6908030" lon="0.3732470">
    <ele>82.0</ele>
    <time>2024-09-06T17:13:46Z</time>
   </trkpt>
   <trkpt lat="46.6908300" lon="0.3732630">
    <ele>81.8</ele>
    <time>2024-09-06T17:13:47Z</time>
   </trkpt>
   <trkpt lat="46.6908590" lon="0.3732780">
    <ele>81.7</ele>
    <time>2024-09-06T17:13:48Z</time>
   </trkpt>
   <trkpt lat="46.6908860" lon="0.3732940">
    <ele>81.5</ele>
    <time>2024-09-06T17:13:49Z</time>
   </trkpt>
   <trkpt lat="46.6909130" lon="0.3733120">
    <ele>81.5</ele>
    <time>2024-09-06T17:13:50Z</time>
   </trkpt>
   <trkpt lat="46.6909400" lon="0.3733330">
    <ele>81.6</ele>
    <time>2024-09-06T17:13:51Z</time>
   </trkpt>
   <trkpt lat="46.6909690" lon="0.3733530">
    <ele>81.6</ele>
    <time>2024-09-06T17:13:52Z</time>
   </trkpt>
   <trkpt lat="46.6909960" lon="0.3733720">
    <ele>81.7</ele>
    <time>2024-09-06T17:13:53Z</time>
   </trkpt>
   <trkpt lat="46.6910230" lon="0.3733880">
    <ele>81.8</ele>
    <time>2024-09-06T17:13:54Z</time>
   </trkpt>
   <trkpt lat="46.6910480" lon="0.3734120">
    <ele>81.8</ele>
    <time>2024-09-06T17:13:55Z</time>
   </trkpt>
   <trkpt lat="46.6910740" lon="0.3734330">
    <ele>81.9</ele>
    <time>2024-09-06T17:13:56Z</time>
   </trkpt>
   <trkpt lat="46.6911050" lon="0.3734500">
    <ele>82.0</ele>
    <time>2024-09-06T17:13:57Z</time>
   </trkpt>
   <trkpt lat="46.6911310" lon="0.3734710">
    <ele>82.0</ele>
    <time>2024-09-06T17:13:58Z</time>
   </trkpt>
   <trkpt lat="46.6911640" lon="0.3735000">
    <ele>82.1</ele>
    <time>2024-09-06T17:13:59Z</time>
   </trkpt>
   <trkpt lat="46.6911740" lon="0.3735110">
    <ele>82.1</ele>
    <time>2024-09-06T17:14:00Z</time>
   </trkpt>
   <trkpt lat="46.6912040" lon="0.3735460">
    <ele>82.2</ele>
    <time>2024-09-06T17:14:01Z</time>
   </trkpt>
   <trkpt lat="46.6912150" lon="0.3735570">
    <ele>82.2</ele>
    <time>2024-09-06T17:14:02Z</time>
   </trkpt>
   <trkpt lat="46.6912370" lon="0.3735820">
    <ele>82.2</ele>
    <time>2024-09-06T17:14:03Z</time>
   </trkpt>
   <trkpt lat="46.6912620" lon="0.3736110">
    <ele>82.3</ele>
    <time>2024-09-06T17:14:04Z</time>
   </trkpt>
   <trkpt lat="46.6912800" lon="0.3736430">
    <ele>82.3</ele>
    <time>2024-09-06T17:14:05Z</time>
   </trkpt>
   <trkpt lat="46.6913060" lon="0.3736860">
    <ele>82.3</ele>
    <time>2024-09-06T17:14:06Z</time>
   </trkpt>
   <trkpt lat="46.6913170" lon="0.3736980">
    <ele>82.4</ele>
    <time>2024-09-06T17:14:07Z</time>
   </trkpt>
   <trkpt lat="46.6913370" lon="0.3737240">
    <ele>82.4</ele>
    <time>2024-09-06T17:14:08Z</time>
   </trkpt>
   <trkpt lat="46.6913600" lon="0.3737480">
    <ele>82.4</ele>
    <time>2024-09-06T17:14:09Z</time>
   </trkpt>
   <trkpt lat="46.6913850" lon="0.3737720">
    <ele>82.4</ele>
    <time>2024-09-06T17:14:10Z</time>
   </trkpt>
   <trkpt lat="46.6914100" lon="0.3737960">
    <ele>82.4</ele>
    <time>2024-09-06T17:14:11Z</time>
   </trkpt>
   <trkpt lat="46.6914350" lon="0.3738230">
    <ele>82.4</ele>
    <time>2024-09-06T17:14:12Z</time>
   </trkpt>
   <trkpt lat="46.6914600" lon="0.3738470">
    <ele>82.4</ele>
    <time>2024-09-06T17:14:13Z</time>
   </trkpt>
   <trkpt lat="46.6914830" lon="0.3738690">
    <ele>82.5</ele>
    <time>2024-09-06T17:14:14Z</time>
   </trkpt>
   <trkpt lat="46.6915110" lon="0.3738910">
    <ele>82.5</ele>
    <time>2024-09-06T17:14:15Z</time>
   </trkpt>
   <trkpt lat="46.6915430" lon="0.3739150">
    <ele>82.5</ele>
    <time>2024-09-06T17:14:16Z</time>
   </trkpt>
   <trkpt lat="46.6915720" lon="0.3739360">
    <ele>82.5</ele>
    <time>2024-09-06T17:14:17Z</time>
   </trkpt>
   <trkpt lat="46.6916000" lon="0.3739550">
    <ele>82.5</ele>
    <time>2024-09-06T17:14:18Z</time>
   </trkpt>
   <trkpt lat="46.6916240" lon="0.3739770">
    <ele>82.5</ele>
    <time>2024-09-06T17:14:19Z</time>
   </trkpt>
   <trkpt lat="46.6916510" lon="0.3740090">
    <ele>82.5</ele>
    <time>2024-09-06T17:14:20Z</time>
   </trkpt>
   <trkpt lat="46.6916590" lon="0.3740200">
    <ele>82.5</ele>
    <time>2024-09-06T17:14:21Z</time>
   </trkpt>
   <trkpt lat="46.6916880" lon="0.3740600">
    <ele>82.5</ele>
    <time>2024-09-06T17:14:22Z</time>
   </trkpt>
   <trkpt lat="46.6916980" lon="0.3740730">
    <ele>82.5</ele>
    <time>2024-09-06T17:14:23Z</time>
   </trkpt>
   <trkpt lat="46.6917300" lon="0.3740900">
    <ele>82.5</ele>
    <time>2024-09-06T17:14:24Z</time>
   </trkpt>
   <trkpt lat="46.6917640" lon="0.3741020">
    <ele>82.5</ele>
    <time>2024-09-06T17:14:25Z</time>
   </trkpt>
   <trkpt lat="46.6917900" lon="0.3741180">
    <ele>82.5</ele>
    <time>2024-09-06T17:14:26Z</time>
   </trkpt>
   <trkpt lat="46.6918210" lon="0.3741540">
    <ele>82.5</ele>
    <time>2024-09-06T17:14:27Z</time>
   </trkpt>
   <trkpt lat="46.6918300" lon="0.3741670">
    <ele>82.5</ele>
    <time>2024-09-06T17:14:28Z</time>
   </trkpt>
   <trkpt lat="46.6918580" lon="0.3742150">
    <ele>82.5</ele>
    <time>2024-09-06T17:14:29Z</time>
   </trkpt>
   <trkpt lat="46.6918690" lon="0.3742350">
    <ele>82.5</ele>
    <time>2024-09-06T17:14:30Z</time>
   </trkpt>
   <trkpt lat="46.6918930" lon="0.3742660">
    <ele>82.5</ele>
    <time>2024-09-06T17:14:31Z</time>
   </trkpt>
   <trkpt lat="46.6919170" lon="0.3742880">
    <ele>82.5</ele>
    <time>2024-09-06T17:14:32Z</time>
   </trkpt>
   <trkpt lat="46.6919420" lon="0.3743100">
    <ele>82.5</ele>
    <time>2024-09-06T17:14:33Z</time>
   </trkpt>
   <trkpt lat="46.6919700" lon="0.3743340">
    <ele>82.5</ele>
    <time>2024-09-06T17:14:34Z</time>
   </trkpt>
   <trkpt lat="46.6919960" lon="0.3743620">
    <ele>82.5</ele>
    <time>2024-09-06T17:14:35Z</time>
   </trkpt>
   <trkpt lat="46.6920200" lon="0.3743880">
    <ele>82.5</ele>
    <time>2024-09-06T17:14:36Z</time>
   </trkpt>
   <trkpt lat="46.6920440" lon="0.3744130">
    <ele>82.5</ele>
    <time>2024-09-06T17:14:37Z</time>
   </trkpt>
   <trkpt lat="46.6920690" lon="0.3744370">
    <ele>82.5</ele>
    <time>2024-09-06T17:14:38Z</time>
   </trkpt>
   <trkpt lat="46.6920940" lon="0.3744560">
    <ele>82.6</ele>
    <time>2024-09-06T17:14:39Z</time>
   </trkpt>
   <trkpt lat="46.6921230" lon="0.3744760">
    <ele>82.6</ele>
    <time>2024-09-06T17:14:40Z</time>
   </trkpt>
   <trkpt lat="46.6921520" lon="0.3744970">
    <ele>82.6</ele>
    <time>2024-09-06T17:14:41Z</time>
   </trkpt>
   <trkpt lat="46.6921770" lon="0.3745180">
    <ele>82.6</ele>
    <time>2024-09-06T17:14:42Z</time>
   </trkpt>
   <trkpt lat="46.6922020" lon="0.3745370">
    <ele>82.7</ele>
    <time>2024-09-06T17:14:43Z</time>
   </trkpt>
   <trkpt lat="46.6922320" lon="0.3745530">
    <ele>82.7</ele>
    <time>2024-09-06T17:14:44Z</time>
   </trkpt>
   <trkpt lat="46.6922620" lon="0.3745670">
    <ele>82.7</ele>
    <time>2024-09-06T17:14:45Z</time>
   </trkpt>
   <trkpt lat="46.6922900" lon="0.3745850">
    <ele>82.8</ele>
    <time>2024-09-06T17:14:46Z</time>
   </trkpt>
   <trkpt lat="46.6923200" lon="0.3746120">
    <ele>82.8</ele>
    <time>2024-09-06T17:14:47Z</time>
   </trkpt>
   <trkpt lat="46.6923290" lon="0.3746210">
    <ele>82.8</ele>
    <time>2024-09-06T17:14:48Z</time>
   </trkpt>
   <trkpt lat="46.6923550" lon="0.3746400">
    <ele>82.8</ele>
    <time>2024-09-06T17:14:49Z</time>
   </trkpt>
   <trkpt lat="46.6923850" lon="0.3746480">
    <ele>82.9</ele>
    <time>2024-09-06T17:14:50Z</time>
   </trkpt>
   <trkpt lat="46.6924200" lon="0.3746420">
    <ele>82.9</ele>
    <time>2024-09-06T17:14:51Z</time>
   </trkpt>
   <trkpt lat="46.6924480" lon="0.3746300">
    <ele>83.0</ele>
    <time>2024-09-06T17:14:52Z</time>
   </trkpt>
   <trkpt lat="46.6924840" lon="0.3746010">
    <ele>83.2</ele>
    <time>2024-09-06T17:14:53Z</time>
   </trkpt>
   <trkpt lat="46.6924960" lon="0.3745870">
    <ele>83.3</ele>
    <time>2024-09-06T17:14:54Z</time>
   </trkpt>
   <trkpt lat="46.6925180" lon="0.3745450">
    <ele>83.5</ele>
    <time>2024-09-06T17:14:55Z</time>
   </trkpt>
   <trkpt lat="46.6925300" lon="0.3744950">
    <ele>83.6</ele>
    <time>2024-09-06T17:14:56Z</time>
   </trkpt>
   <trkpt lat="46.6925360" lon="0.3744480">
    <ele>83.8</ele>
    <time>2024-09-06T17:14:57Z</time>
   </trkpt>
   <trkpt lat="46.6925390" lon="0.3744040">
    <ele>84.0</ele>
    <time>2024-09-06T17:14:58Z</time>
   </trkpt>
   <trkpt lat="46.6925400" lon="0.3743570">
    <ele>84.2</ele>
    <time>2024-09-06T17:14:59Z</time>
   </trkpt>
   <trkpt lat="46.6925400" lon="0.3743120">
    <ele>84.4</ele>
    <time>2024-09-06T17:15:00Z</time>
   </trkpt>
   <trkpt lat="46.6925370" lon="0.3742650">
    <ele>84.6</ele>
    <time>2024-09-06T17:15:01Z</time>
   </trkpt>
   <trkpt lat="46.6925360" lon="0.3742510">
    <ele>84.7</ele>
    <time>2024-09-06T17:15:02Z</time>
   </trkpt>
   <trkpt lat="46.6925330" lon="0.3741910">
    <ele>85.0</ele>
    <time>2024-09-06T17:15:03Z</time>
   </trkpt>
   <trkpt lat="46.6925320" lon="0.3741680">
    <ele>85.1</ele>
    <time>2024-09-06T17:15:04Z</time>
   </trkpt>
   <trkpt lat="46.6925320" lon="0.3741220">
    <ele>85.3</ele>
    <time>2024-09-06T17:15:05Z</time>
   </trkpt>
   <trkpt lat="46.6925340" lon="0.3740700">
    <ele>85.6</ele>
    <time>2024-09-06T17:15:06Z</time>
   </trkpt>
   <trkpt lat="46.6925340" lon="0.3740550">
    <ele>85.7</ele>
    <time>2024-09-06T17:15:07Z</time>
   </trkpt>
   <trkpt lat="46.6925320" lon="0.3739950">
    <ele>86.0</ele>
    <time>2024-09-06T17:15:08Z</time>
   </trkpt>
   <trkpt lat="46.6925320" lon="0.3739740">
    <ele>86.1</ele>
    <time>2024-09-06T17:15:09Z</time>
   </trkpt>
   <trkpt lat="46.6925350" lon="0.3739350">
    <ele>86.4</ele>
    <time>2024-09-06T17:15:10Z</time>
   </trkpt>
   <trkpt lat="46.6925410" lon="0.3738930">
    <ele>86.6</ele>
    <time>2024-09-06T17:15:11Z</time>
   </trkpt>
   <trkpt lat="46.6925490" lon="0.3738480">
    <ele>86.8</ele>
    <time>2024-09-06T17:15:12Z</time>
   </trkpt>
   <trkpt lat="46.6925590" lon="0.3738000">
    <ele>87.1</ele>
    <time>2024-09-06T17:15:13Z</time>
   </trkpt>
   <trkpt lat="46.6925620" lon="0.3737860">
    <ele>87.2</ele>
    <time>2024-09-06T17:15:14Z</time>
   </trkpt>
   <trkpt lat="46.6925770" lon="0.3737310">
    <ele>87.5</ele>
    <time>2024-09-06T17:15:15Z</time>
   </trkpt>
   <trkpt lat="46.6925830" lon="0.3737120">
    <ele>87.6</ele>
    <time>2024-09-06T17:15:16Z</time>
   </trkpt>
   <trkpt lat="46.6925960" lon="0.3736740">
    <ele>87.8</ele>
    <time>2024-09-06T17:15:17Z</time>
   </trkpt>
   <trkpt lat="46.6926140" lon="0.3736220">
    <ele>88.1</ele>
    <time>2024-09-06T17:15:18Z</time>
   </trkpt>
   <trkpt lat="46.6926200" lon="0.3736040">
    <ele>88.2</ele>
    <time>2024-09-06T17:15:19Z</time>
   </trkpt>
   <trkpt lat="46.6926290" lon="0.3735640">
    <ele>88.4</ele>
    <time>2024-09-06T17:15:20Z</time>
   </trkpt>
   <trkpt lat="46.6926300" lon="0.3735150">
    <ele>88.6</ele>
    <time>2024-09-06T17:15:21Z</time>
   </trkpt>
   <trkpt lat="46.6926280" lon="0.3734990">
    <ele>88.6</ele>
    <time>2024-09-06T17:15:22Z</time>
   </trkpt>
   <trkpt lat="46.6926180" lon="0.3734770">
    <ele>88.6</ele>
    <time>2024-09-06T17:15:23Z</time>
   </trkpt>
   <trkpt lat="46.6926060" lon="0.3734640">
    <ele>88.6</ele>
    <time>2024-09-06T17:15:24Z</time>
   </trkpt>
   <trkpt lat="46.6925820" lon="0.3734430">
    <ele>88.6</ele>
    <time>2024-09-06T17:15:25Z</time>
   </trkpt>
   <trkpt lat="46.6925720" lon="0.3734340">
    <ele>88.6</ele>
    <time>2024-09-06T17:15:26Z</time>
   </trkpt>
   <trkpt lat="46.6925460" lon="0.3734160">
    <ele>88.5</ele>
    <time>2024-09-06T17:15:27Z</time>
   </trkpt>
   <trkpt lat="46.6925180" lon="0.3734030">
    <ele>88.5</ele>
    <time>2024-09-06T17:15:28Z</time>
   </trkpt>
   <trkpt lat="46.6924890" lon="0.3733920">
    <ele>88.5</ele>
    <time>2024-09-06T17:15:29Z</time>
   </trkpt>
   <trkpt lat="46.6924550" lon="0.3733780">
    <ele>88.5</ele>
    <time>2024-09-06T17:15:30Z</time>
   </trkpt>
   <trkpt lat="46.6924210" lon="0.3733650">
    <ele>88.4</ele>
    <time>2024-09-06T17:15:31Z</time>
   </trkpt>
   <trkpt lat="46.6923890" lon="0.3733480">
    <ele>88.4</ele>
    <time>2024-09-06T17:15:32Z</time>
   </trkpt>
   <trkpt lat="46.6923570" lon="0.3733310">
    <ele>88.4</ele>
    <time>2024-09-06T17:15:33Z</time>
   </trkpt>
   <trkpt lat="46.6923270" lon="0.3733110">
    <ele>88.4</ele>
    <time>2024-09-06T17:15:34Z</time>
   </trkpt>
   <trkpt lat="46.6922950" lon="0.3732870">
    <ele>88.4</ele>
    <time>2024-09-06T17:15:35Z</time>
   </trkpt>
   <trkpt lat="46.6922700" lon="0.3732650">
    <ele>88.4</ele>
    <time>2024-09-06T17:15:36Z</time>
   </trkpt>
   <trkpt lat="46.6922460" lon="0.3732440">
    <ele>88.4</ele>
    <time>2024-09-06T17:15:37Z</time>
   </trkpt>
   <trkpt lat="46.6922200" lon="0.3732240">
    <ele>88.4</ele>
    <time>2024-09-06T17:15:38Z</time>
   </trkpt>
   <trkpt lat="46.6921930" lon="0.3732010">
    <ele>88.4</ele>
    <time>2024-09-06T17:15:39Z</time>
   </trkpt>
   <trkpt lat="46.6921630" lon="0.3731660">
    <ele>88.5</ele>
    <time>2024-09-06T17:15:40Z</time>
   </trkpt>
   <trkpt lat="46.6921540" lon="0.3731540">
    <ele>88.5</ele>
    <time>2024-09-06T17:15:41Z</time>
   </trkpt>
   <trkpt lat="46.6921270" lon="0.3731150">
    <ele>88.5</ele>
    <time>2024-09-06T17:15:42Z</time>
   </trkpt>
   <trkpt lat="46.6921190" lon="0.3731020">
    <ele>88.5</ele>
    <time>2024-09-06T17:15:43Z</time>
   </trkpt>
   <trkpt lat="46.6920920" lon="0.3730610">
    <ele>88.6</ele>
    <time>2024-09-06T17:15:44Z</time>
   </trkpt>
   <trkpt lat="46.6920820" lon="0.3730470">
    <ele>88.6</ele>
    <time>2024-09-06T17:15:45Z</time>
   </trkpt>
   <trkpt lat="46.6920570" lon="0.3730060">
    <ele>88.6</ele>
    <time>2024-09-06T17:15:46Z</time>
   </trkpt>
   <trkpt lat="46.6920500" lon="0.3729930">
    <ele>88.6</ele>
    <time>2024-09-06T17:15:47Z</time>
   </trkpt>
   <trkpt lat="46.6920290" lon="0.3729450">
    <ele>88.6</ele>
    <time>2024-09-06T17:15:48Z</time>
   </trkpt>
   <trkpt lat="46.6920220" lon="0.3729280">
    <ele>88.6</ele>
    <time>2024-09-06T17:15:49Z</time>
   </trkpt>
   <trkpt lat="46.6919900" lon="0.3728570">
    <ele>88.8</ele>
    <time>2024-09-06T17:15:50Z</time>
   </trkpt>
   <trkpt lat="46.6919810" lon="0.3728340">
    <ele>88.9</ele>
    <time>2024-09-06T17:15:51Z</time>
   </trkpt>
   <trkpt lat="46.6919620" lon="0.3727790">
    <ele>89.1</ele>
    <time>2024-09-06T17:15:52Z</time>
   </trkpt>
   <trkpt lat="46.6919550" lon="0.3727560">
    <ele>89.2</ele>
    <time>2024-09-06T17:15:53Z</time>
   </trkpt>
   <trkpt lat="46.6919420" lon="0.3727140">
    <ele>89.3</ele>
    <time>2024-09-06T17:15:54Z</time>
   </trkpt>
   <trkpt lat="46.6919270" lon="0.3726670">
    <ele>89.5</ele>
    <time>2024-09-06T17:15:55Z</time>
   </trkpt>
   <trkpt lat="46.6919220" lon="0.3726520">
    <ele>89.6</ele>
    <time>2024-09-06T17:15:56Z</time>
   </trkpt>
   <trkpt lat="46.6919100" lon="0.3726150">
    <ele>89.7</ele>
    <time>2024-09-06T17:15:57Z</time>
   </trkpt>
   <trkpt lat="46.6918940" lon="0.3725780">
    <ele>89.8</ele>
    <time>2024-09-06T17:15:58Z</time>
   </trkpt>
   <trkpt lat="46.6918710" lon="0.3725370">
    <ele>89.9</ele>
    <time>2024-09-06T17:15:59Z</time>
   </trkpt>
   <trkpt lat="46.6918640" lon="0.3725250">
    <ele>89.9</ele>
    <time>2024-09-06T17:16:00Z</time>
   </trkpt>
   <trkpt lat="46.6918370" lon="0.3724930">
    <ele>89.9</ele>
    <time>2024-09-06T17:16:01Z</time>
   </trkpt>
   <trkpt lat="46.6918280" lon="0.3724820">
    <ele>89.9</ele>
    <time>2024-09-06T17:16:02Z</time>
   </trkpt>
   <trkpt lat="46.6918050" lon="0.3724610">
    <ele>90.0</ele>
    <time>2024-09-06T17:16:03Z</time>
   </trkpt>
   <trkpt lat="46.6917710" lon="0.3724340">
    <ele>90.0</ele>
    <time>2024-09-06T17:16:04Z</time>
   </trkpt>
   <trkpt lat="46.6917600" lon="0.3724260">
    <ele>90.1</ele>
    <time>2024-09-06T17:16:05Z</time>
   </trkpt>
   <trkpt lat="46.6917280" lon="0.3723970">
    <ele>90.1</ele>
    <time>2024-09-06T17:16:06Z</time>
   </trkpt>
   <trkpt lat="46.6917170" lon="0.3723870">
    <ele>90.1</ele>
    <time>2024-09-06T17:16:07Z</time>
   </trkpt>
   <trkpt lat="46.6916880" lon="0.3723660">
    <ele>90.2</ele>
    <time>2024-09-06T17:16:08Z</time>
   </trkpt>
   <trkpt lat="46.6916620" lon="0.3723460">
    <ele>90.2</ele>
    <time>2024-09-06T17:16:09Z</time>
   </trkpt>
   <trkpt lat="46.6916320" lon="0.3723080">
    <ele>90.3</ele>
    <time>2024-09-06T17:16:10Z</time>
   </trkpt>
   <trkpt lat="46.6916220" lon="0.3722920">
    <ele>90.3</ele>
    <time>2024-09-06T17:16:11Z</time>
   </trkpt>
   <trkpt lat="46.6916030" lon="0.3722520">
    <ele>90.4</ele>
    <time>2024-09-06T17:16:12Z</time>
   </trkpt>
   <trkpt lat="46.6915830" lon="0.3722140">
    <ele>90.4</ele>
    <time>2024-09-06T17:16:13Z</time>
   </trkpt>
   <trkpt lat="46.6915610" lon="0.3721760">
    <ele>90.4</ele>
    <time>2024-09-06T17:16:14Z</time>
   </trkpt>
   <trkpt lat="46.6915390" lon="0.3721440">
    <ele>90.5</ele>
    <time>2024-09-06T17:16:15Z</time>
   </trkpt>
   <trkpt lat="46.6915140" lon="0.3721090">
    <ele>90.5</ele>
    <time>2024-09-06T17:16:16Z</time>
   </trkpt>
   <trkpt lat="46.6914910" lon="0.3720850">
    <ele>90.5</ele>
    <time>2024-09-06T17:16:17Z</time>
   </trkpt>
   <trkpt lat="46.6914580" lon="0.3720590">
    <ele>90.5</ele>
    <time>2024-09-06T17:16:18Z</time>
   </trkpt>
   <trkpt lat="46.6914470" lon="0.3720510">
    <ele>90.5</ele>
    <time>2024-09-06T17:16:19Z</time>
   </trkpt>
   <trkpt lat="46.6914230" lon="0.3720310">
    <ele>90.5</ele>
    <time>2024-09-06T17:16:20Z</time>
   </trkpt>
   <trkpt lat="46.6913980" lon="0.3720090">
    <ele>90.6</ele>
    <time>2024-09-06T17:16:21Z</time>
   </trkpt>
   <trkpt lat="46.6913710" lon="0.3719810">
    <ele>90.6</ele>
    <time>2024-09-06T17:16:22Z</time>
   </trkpt>
   <trkpt lat="46.6913620" lon="0.3719720">
    <ele>90.6</ele>
    <time>2024-09-06T17:16:23Z</time>
   </trkpt>
   <trkpt lat="46.6913390" lon="0.3719500">
    <ele>90.6</ele>
    <time>2024-09-06T17:16:24Z</time>
   </trkpt>
   <trkpt lat="46.6913140" lon="0.3719300">
    <ele>90.7</ele>
    <time>2024-09-06T17:16:25Z</time>
   </trkpt>
   <trkpt lat="46.6912820" lon="0.3719020">
    <ele>90.8</ele>
    <time>2024-09-06T17:16:26Z</time>
   </trkpt>
   <trkpt lat="46.6912710" lon="0.3718940">
    <ele>90.9</ele>
    <time>2024-09-06T17:16:27Z</time>
   </trkpt>
   <trkpt lat="46.6912380" lon="0.3718710">
    <ele>91.2</ele>
    <time>2024-09-06T17:16:28Z</time>
   </trkpt>
   <trkpt lat="46.6912270" lon="0.3718640">
    <ele>91.3</ele>
    <time>2024-09-06T17:16:29Z</time>
   </trkpt>
   <trkpt lat="46.6911910" lon="0.3718450">
    <ele>91.5</ele>
    <time>2024-09-06T17:16:30Z</time>
   </trkpt>
   <trkpt lat="46.6911790" lon="0.3718380">
    <ele>91.6</ele>
    <time>2024-09-06T17:16:31Z</time>
   </trkpt>
   <trkpt lat="46.6911430" lon="0.3718090">
    <ele>91.9</ele>
    <time>2024-09-06T17:16:32Z</time>
   </trkpt>
   <trkpt lat="46.6911300" lon="0.3717980">
    <ele>92.0</ele>
    <time>2024-09-06T17:16:33Z</time>
   </trkpt>
   <trkpt lat="46.6911040" lon="0.3717830">
    <ele>92.1</ele>
    <time>2024-09-06T17:16:34Z</time>
   </trkpt>
   <trkpt lat="46.6910770" lon="0.3717840">
    <ele>91.9</ele>
    <time>2024-09-06T17:16:35Z</time>
   </trkpt>
   <trkpt lat="46.6910460" lon="0.3717960">
    <ele>91.8</ele>
    <time>2024-09-06T17:16:36Z</time>
   </trkpt>
   <trkpt lat="46.6910130" lon="0.3718140">
    <ele>91.6</ele>
    <time>2024-09-06T17:16:37Z</time>
   </trkpt>
   <trkpt lat="46.6909830" lon="0.3718350">
    <ele>91.5</ele>
    <time>2024-09-06T17:16:38Z</time>
   </trkpt>
   <trkpt lat="46.6909520" lon="0.3718560">
    <ele>91.4</ele>
    <time>2024-09-06T17:16:39Z</time>
   </trkpt>
   <trkpt lat="46.6909200" lon="0.3718730">
    <ele>91.4</ele>
    <time>2024-09-06T17:16:40Z</time>
   </trkpt>
   <trkpt lat="46.6908890" lon="0.3718840">
    <ele>91.4</ele>
    <time>2024-09-06T17:16:41Z</time>
   </trkpt>
   <trkpt lat="46.6908610" lon="0.3718820">
    <ele>91.4</ele>
    <time>2024-09-06T17:16:42Z</time>
   </trkpt>
   <trkpt lat="46.6908330" lon="0.3718720">
    <ele>91.4</ele>
    <time>2024-09-06T17:16:43Z</time>
   </trkpt>
   <trkpt lat="46.6908060" lon="0.3718520">
    <ele>91.4</ele>
    <time>2024-09-06T17:16:44Z</time>
   </trkpt>
   <trkpt lat="46.6907840" lon="0.3718270">
    <ele>91.4</ele>
    <time>2024-09-06T17:16:45Z</time>
   </trkpt>
   <trkpt lat="46.6907570" lon="0.3717890">
    <ele>91.4</ele>
    <time>2024-09-06T17:16:46Z</time>
   </trkpt>
   <trkpt lat="46.6907490" lon="0.3717750">
    <ele>91.4</ele>
    <time>2024-09-06T17:16:47Z</time>
   </trkpt>
   <trkpt lat="46.6907260" lon="0.3717510">
    <ele>91.4</ele>
    <time>2024-09-06T17:16:48Z</time>
   </trkpt>
   <trkpt lat="46.6906960" lon="0.3717230">
    <ele>91.4</ele>
    <time>2024-09-06T17:16:49Z</time>
   </trkpt>
   <trkpt lat="46.6906870" lon="0.3717130">
    <ele>91.4</ele>
    <time>2024-09-06T17:16:50Z</time>
   </trkpt>
   <trkpt lat="46.6906650" lon="0.3716860">
    <ele>91.5</ele>
    <time>2024-09-06T17:16:51Z</time>
   </trkpt>
   <trkpt lat="46.6906370" lon="0.3716440">
    <ele>91.5</ele>
    <time>2024-09-06T17:16:52Z</time>
   </trkpt>
   <trkpt lat="46.6906270" lon="0.3716310">
    <ele>91.6</ele>
    <time>2024-09-06T17:16:53Z</time>
   </trkpt>
   <trkpt lat="46.6906040" lon="0.3716030">
    <ele>91.6</ele>
    <time>2024-09-06T17:16:54Z</time>
   </trkpt>
   <trkpt lat="46.6905780" lon="0.3715750">
    <ele>91.7</ele>
    <time>2024-09-06T17:16:55Z</time>
   </trkpt>
   <trkpt lat="46.6905500" lon="0.3715520">
    <ele>91.8</ele>
    <time>2024-09-06T17:16:56Z</time>
   </trkpt>
   <trkpt lat="46.6905220" lon="0.3715300">
    <ele>91.9</ele>
    <time>2024-09-06T17:16:57Z</time>
   </trkpt>
   <trkpt lat="46.6904880" lon="0.3715020">
    <ele>91.9</ele>
    <time>2024-09-06T17:16:58Z</time>
   </trkpt>
   <trkpt lat="46.6904760" lon="0.3714940">
    <ele>91.9</ele>
    <time>2024-09-06T17:16:59Z</time>
   </trkpt>
   <trkpt lat="46.6904520" lon="0.3714760">
    <ele>91.9</ele>
    <time>2024-09-06T17:17:00Z</time>
   </trkpt>
   <trkpt lat="46.6904220" lon="0.3714510">
    <ele>92.0</ele>
    <time>2024-09-06T17:17:01Z</time>
   </trkpt>
   <trkpt lat="46.6904130" lon="0.3714430">
    <ele>92.0</ele>
    <time>2024-09-06T17:17:02Z</time>
   </trkpt>
   <trkpt lat="46.6903860" lon="0.3714110">
    <ele>92.0</ele>
    <time>2024-09-06T17:17:03Z</time>
   </trkpt>
   <trkpt lat="46.6903750" lon="0.3714000">
    <ele>92.0</ele>
    <time>2024-09-06T17:17:04Z</time>
   </trkpt>
   <trkpt lat="46.6903470" lon="0.3713690">
    <ele>92.0</ele>
    <time>2024-09-06T17:17:05Z</time>
   </trkpt>
   <trkpt lat="46.6903390" lon="0.3713560">
    <ele>92.0</ele>
    <time>2024-09-06T17:17:06Z</time>
   </trkpt>
   <trkpt lat="46.6903220" lon="0.3713250">
    <ele>92.0</ele>
    <time>2024-09-06T17:17:07Z</time>
   </trkpt>
   <trkpt lat="46.6903020" lon="0.3712900">
    <ele>92.1</ele>
    <time>2024-09-06T17:17:08Z</time>
   </trkpt>
   <trkpt lat="46.6902790" lon="0.3712560">
    <ele>92.2</ele>
    <time>2024-09-06T17:17:09Z</time>
   </trkpt>
   <trkpt lat="46.6902590" lon="0.3712300">
    <ele>92.3</ele>
    <time>2024-09-06T17:17:10Z</time>
   </trkpt>
   <trkpt lat="46.6902350" lon="0.3711980">
    <ele>92.4</ele>
    <time>2024-09-06T17:17:11Z</time>
   </trkpt>
   <trkpt lat="46.6902260" lon="0.3711860">
    <ele>92.4</ele>
    <time>2024-09-06T17:17:12Z</time>
   </trkpt>
   <trkpt lat="46.6901990" lon="0.3711560">
    <ele>92.5</ele>
    <time>2024-09-06T17:17:13Z</time>
   </trkpt>
   <trkpt lat="46.6901900" lon="0.3711450">
    <ele>92.5</ele>
    <time>2024-09-06T17:17:14Z</time>
   </trkpt>
   <trkpt lat="46.6901690" lon="0.3711140">
    <ele>92.5</ele>
    <time>2024-09-06T17:17:15Z</time>
   </trkpt>
   <trkpt lat="46.6901630" lon="0.3711000">
    <ele>92.5</ele>
    <time>2024-09-06T17:17:16Z</time>
   </trkpt>
   <trkpt lat="46.6901470" lon="0.3710460">
    <ele>92.6</ele>
    <time>2024-09-06T17:17:17Z</time>
   </trkpt>
   <trkpt lat="46.6901420" lon="0.3710270">
    <ele>92.6</ele>
    <time>2024-09-06T17:17:18Z</time>
   </trkpt>
   <trkpt lat="46.6901280" lon="0.3709900">
    <ele>92.6</ele>
    <time>2024-09-06T17:17:19Z</time>
   </trkpt>
   <trkpt lat="46.6901060" lon="0.3709470">
    <ele>92.7</ele>
    <time>2024-09-06T17:17:20Z</time>
   </trkpt>
   <trkpt lat="46.6900980" lon="0.3709360">
    <ele>92.7</ele>
    <time>2024-09-06T17:17:21Z</time>
   </trkpt>
   <trkpt lat="46.6900780" lon="0.3709060">
    <ele>92.8</ele>
    <time>2024-09-06T17:17:22Z</time>
   </trkpt>
   <trkpt lat="46.6900550" lon="0.3708700">
    <ele>92.9</ele>
    <time>2024-09-06T17:17:23Z</time>
   </trkpt>
   <trkpt lat="46.6900320" lon="0.3708330">
    <ele>92.9</ele>
    <time>2024-09-06T17:17:24Z</time>
   </trkpt>
   <trkpt lat="46.6900060" lon="0.3707920">
    <ele>93.0</ele>
    <time>2024-09-06T17:17:25Z</time>
   </trkpt>
   <trkpt lat="46.6899980" lon="0.3707790">
    <ele>93.0</ele>
    <time>2024-09-06T17:17:26Z</time>
   </trkpt>
   <trkpt lat="46.6899770" lon="0.3707510">
    <ele>93.0</ele>
    <time>2024-09-06T17:17:27Z</time>
   </trkpt>
   <trkpt lat="46.6899540" lon="0.3707190">
    <ele>93.1</ele>
    <time>2024-09-06T17:17:28Z</time>
   </trkpt>
   <trkpt lat="46.6899320" lon="0.3706890">
    <ele>93.1</ele>
    <time>2024-09-06T17:17:29Z</time>
   </trkpt>
   <trkpt lat="46.6899080" lon="0.3706470">
    <ele>93.2</ele>
    <time>2024-09-06T17:17:30Z</time>
   </trkpt>
   <trkpt lat="46.6899010" lon="0.3706330">
    <ele>93.2</ele>
    <time>2024-09-06T17:17:31Z</time>
   </trkpt>
   <trkpt lat="46.6898770" lon="0.3705950">
    <ele>93.4</ele>
    <time>2024-09-06T17:17:32Z</time>
   </trkpt>
   <trkpt lat="46.6898670" lon="0.3705830">
    <ele>93.4</ele>
    <time>2024-09-06T17:17:33Z</time>
   </trkpt>
   <trkpt lat="46.6898430" lon="0.3705640">
    <ele>93.5</ele>
    <time>2024-09-06T17:17:34Z</time>
   </trkpt>
   <trkpt lat="46.6898170" lon="0.3705420">
    <ele>93.7</ele>
    <time>2024-09-06T17:17:35Z</time>
   </trkpt>
   <trkpt lat="46.6897940" lon="0.3705190">
    <ele>93.8</ele>
    <time>2024-09-06T17:17:36Z</time>
   </trkpt>
   <trkpt lat="46.6897680" lon="0.3704860">
    <ele>94.0</ele>
    <time>2024-09-06T17:17:37Z</time>
   </trkpt>
   <trkpt lat="46.6897600" lon="0.3704730">
    <ele>94.0</ele>
    <time>2024-09-06T17:17:38Z</time>
   </trkpt>
   <trkpt lat="46.6897420" lon="0.3704420">
    <ele>94.1</ele>
    <time>2024-09-06T17:17:39Z</time>
   </trkpt>
   <trkpt lat="46.6897260" lon="0.3704080">
    <ele>94.1</ele>
    <time>2024-09-06T17:17:40Z</time>
   </trkpt>
   <trkpt lat="46.6897070" lon="0.3703630">
    <ele>94.2</ele>
    <time>2024-09-06T17:17:41Z</time>
   </trkpt>
   <trkpt lat="46.6897000" lon="0.3703480">
    <ele>94.2</ele>
    <time>2024-09-06T17:17:42Z</time>
   </trkpt>
   <trkpt lat="46.6896860" lon="0.3703130">
    <ele>94.3</ele>
    <time>2024-09-06T17:17:43Z</time>
   </trkpt>
   <trkpt lat="46.6896740" lon="0.3702710">
    <ele>94.4</ele>
    <time>2024-09-06T17:17:44Z</time>
   </trkpt>
   <trkpt lat="46.6896650" lon="0.3702220">
    <ele>94.6</ele>
    <time>2024-09-06T17:17:45Z</time>
   </trkpt>
   <trkpt lat="46.6896590" lon="0.3701790">
    <ele>94.7</ele>
    <time>2024-09-06T17:17:46Z</time>
   </trkpt>
   <trkpt lat="46.6896550" lon="0.3701400">
    <ele>94.8</ele>
    <time>2024-09-06T17:17:47Z</time>
   </trkpt>
   <trkpt lat="46.6896550" lon="0.3701260">
    <ele>94.9</ele>
    <time>2024-09-06T17:17:48Z</time>
   </trkpt>
   <trkpt lat="46.6896570" lon="0.3700840">
    <ele>95.0</ele>
    <time>2024-09-06T17:17:49Z</time>
   </trkpt>
   <trkpt lat="46.6896640" lon="0.3700370">
    <ele>95.1</ele>
    <time>2024-09-06T17:17:50Z</time>
   </trkpt>
   <trkpt lat="46.6896750" lon="0.3699920">
    <ele>95.2</ele>
    <time>2024-09-06T17:17:51Z</time>
   </trkpt>
   <trkpt lat="46.6896930" lon="0.3699450">
    <ele>95.3</ele>
    <time>2024-09-06T17:17:52Z</time>
   </trkpt>
   <trkpt lat="46.6896990" lon="0.3699320">
    <ele>95.3</ele>
    <time>2024-09-06T17:17:53Z</time>
   </trkpt>
   <trkpt lat="46.6897230" lon="0.3698890">
    <ele>95.4</ele>
    <time>2024-09-06T17:17:54Z</time>
   </trkpt>
   <trkpt lat="46.6897330" lon="0.3698740">
    <ele>95.4</ele>
    <time>2024-09-06T17:17:55Z</time>
   </trkpt>
   <trkpt lat="46.6897530" lon="0.3698480">
    <ele>95.5</ele>
    <time>2024-09-06T17:17:56Z</time>
   </trkpt>
   <trkpt lat="46.6897840" lon="0.3698200">
    <ele>95.6</ele>
    <time>2024-09-06T17:17:57Z</time>
   </trkpt>
   <trkpt lat="46.6897940" lon="0.3698130">
    <ele>95.6</ele>
    <time>2024-09-06T17:17:58Z</time>
   </trkpt>
   <trkpt lat="46.6898340" lon="0.3697910">
    <ele>95.7</ele>
    <time>2024-09-06T17:17:59Z</time>
   </trkpt>
   <trkpt lat="46.6898490" lon="0.3697820">
    <ele>95.8</ele>
    <time>2024-09-06T17:18:00Z</time>
   </trkpt>
   <trkpt lat="46.6898790" lon="0.3697630">
    <ele>95.9</ele>
    <time>2024-09-06T17:18:01Z</time>
   </trkpt>
   <trkpt lat="46.6899050" lon="0.3697440">
    <ele>96.0</ele>
    <time>2024-09-06T17:18:02Z</time>
   </trkpt>
   <trkpt lat="46.6899410" lon="0.3697210">
    <ele>96.2</ele>
    <time>2024-09-06T17:18:03Z</time>
   </trkpt>
   <trkpt lat="46.6899530" lon="0.3697150">
    <ele>96.3</ele>
    <time>2024-09-06T17:18:04Z</time>
   </trkpt>
   <trkpt lat="46.6899930" lon="0.3697030">
    <ele>96.4</ele>
    <time>2024-09-06T17:18:05Z</time>
   </trkpt>
   <trkpt lat="46.6900080" lon="0.3696980">
    <ele>96.5</ele>
    <time>2024-09-06T17:18:06Z</time>
   </trkpt>
   <trkpt lat="46.6900370" lon="0.3696900">
    <ele>96.5</ele>
    <time>2024-09-06T17:18:07Z</time>
   </trkpt>
   <trkpt lat="46.6900650" lon="0.3696820">
    <ele>96.6</ele>
    <time>2024-09-06T17:18:08Z</time>
   </trkpt>
   <trkpt lat="46.6900940" lon="0.3696760">
    <ele>96.7</ele>
    <time>2024-09-06T17:18:09Z</time>
   </trkpt>
   <trkpt lat="46.6901290" lon="0.3696740">
    <ele>96.7</ele>
    <time>2024-09-06T17:18:10Z</time>
   </trkpt>
   <trkpt lat="46.6901390" lon="0.3696730">
    <ele>96.7</ele>
    <time>2024-09-06T17:18:11Z</time>
   </trkpt>
   <trkpt lat="46.6901790" lon="0.3696710">
    <ele>96.8</ele>
    <time>2024-09-06T17:18:12Z</time>
   </trkpt>
   <trkpt lat="46.6901930" lon="0.3696710">
    <ele>96.8</ele>
    <time>2024-09-06T17:18:13Z</time>
   </trkpt>
   <trkpt lat="46.6902210" lon="0.3696720">
    <ele>96.8</ele>
    <time>2024-09-06T17:18:14Z</time>
   </trkpt>
   <trkpt lat="46.6902570" lon="0.3696750">
    <ele>96.9</ele>
    <time>2024-09-06T17:18:15Z</time>
   </trkpt>
   <trkpt lat="46.6902680" lon="0.3696760">
    <ele>96.9</ele>
    <time>2024-09-06T17:18:16Z</time>
   </trkpt>
   <trkpt lat="46.6903050" lon="0.3696730">
    <ele>96.9</ele>
    <time>2024-09-06T17:18:17Z</time>
   </trkpt>
   <trkpt lat="46.6903190" lon="0.3696710">
    <ele>97.0</ele>
    <time>2024-09-06T17:18:18Z</time>
   </trkpt>
   <trkpt lat="46.6903560" lon="0.3696650">
    <ele>97.0</ele>
    <time>2024-09-06T17:18:19Z</time>
   </trkpt>
   <trkpt lat="46.6903680" lon="0.3696640">
    <ele>97.0</ele>
    <time>2024-09-06T17:18:20Z</time>
   </trkpt>
   <trkpt lat="46.6904080" lon="0.3696600">
    <ele>97.1</ele>
    <time>2024-09-06T17:18:21Z</time>
   </trkpt>
   <trkpt lat="46.6904220" lon="0.3696610">
    <ele>97.1</ele>
    <time>2024-09-06T17:18:22Z</time>
   </trkpt>
   <trkpt lat="46.6904590" lon="0.3696630">
    <ele>97.1</ele>
    <time>2024-09-06T17:18:23Z</time>
   </trkpt>
   <trkpt lat="46.6904710" lon="0.3696630">
    <ele>97.1</ele>
    <time>2024-09-06T17:18:24Z</time>
   </trkpt>
   <trkpt lat="46.6905110" lon="0.3696660">
    <ele>97.1</ele>
    <time>2024-09-06T17:18:25Z</time>
   </trkpt>
   <trkpt lat="46.6905240" lon="0.3696670">
    <ele>97.1</ele>
    <time>2024-09-06T17:18:26Z</time>
   </trkpt>
   <trkpt lat="46.6905510" lon="0.3696700">
    <ele>97.1</ele>
    <time>2024-09-06T17:18:27Z</time>
   </trkpt>
   <trkpt lat="46.6905780" lon="0.3696730">
    <ele>97.1</ele>
    <time>2024-09-06T17:18:28Z</time>
   </trkpt>
   <trkpt lat="46.6906190" lon="0.3696780">
    <ele>97.1</ele>
    <time>2024-09-06T17:18:29Z</time>
   </trkpt>
   <trkpt lat="46.6906330" lon="0.3696790">
    <ele>97.1</ele>
    <time>2024-09-06T17:18:30Z</time>
   </trkpt>
   <trkpt lat="46.6906600" lon="0.3696800">
    <ele>97.1</ele>
    <time>2024-09-06T17:18:31Z</time>
   </trkpt>
   <trkpt lat="46.6906990" lon="0.3696750">
    <ele>97.1</ele>
    <time>2024-09-06T17:18:32Z</time>
   </trkpt>
   <trkpt lat="46.6907120" lon="0.3696720">
    <ele>97.1</ele>
    <time>2024-09-06T17:18:33Z</time>
   </trkpt>
   <trkpt lat="46.6907430" lon="0.3696600">
    <ele>97.1</ele>
    <time>2024-09-06T17:18:34Z</time>
   </trkpt>
   <trkpt lat="46.6907800" lon="0.3696450">
    <ele>97.1</ele>
    <time>2024-09-06T17:18:35Z</time>
   </trkpt>
   <trkpt lat="46.6907910" lon="0.3696410">
    <ele>97.1</ele>
    <time>2024-09-06T17:18:36Z</time>
   </trkpt>
   <trkpt lat="46.6908310" lon="0.3696320">
    <ele>97.2</ele>
    <time>2024-09-06T17:18:37Z</time>
   </trkpt>
   <trkpt lat="46.6908460" lon="0.3696310">
    <ele>97.2</ele>
    <time>2024-09-06T17:18:38Z</time>
   </trkpt>
   <trkpt lat="46.6908740" lon="0.3696350">
    <ele>97.2</ele>
    <time>2024-09-06T17:18:39Z</time>
   </trkpt>
   <trkpt lat="46.6909020" lon="0.3696410">
    <ele>97.2</ele>
    <time>2024-09-06T17:18:40Z</time>
   </trkpt>
   <trkpt lat="46.6909290" lon="0.3696430">
    <ele>97.2</ele>
    <time>2024-09-06T17:18:41Z</time>
   </trkpt>
   <trkpt lat="46.6909570" lon="0.3696450">
    <ele>97.2</ele>
    <time>2024-09-06T17:18:42Z</time>
   </trkpt>
   <trkpt lat="46.6909960" lon="0.3696470">
    <ele>97.2</ele>
    <time>2024-09-06T17:18:43Z</time>
   </trkpt>
   <trkpt lat="46.6910090" lon="0.3696470">
    <ele>97.2</ele>
    <time>2024-09-06T17:18:44Z</time>
   </trkpt>
   <trkpt lat="46.6910440" lon="0.3696360">
    <ele>97.3</ele>
    <time>2024-09-06T17:18:45Z</time>
   </trkpt>
   <trkpt lat="46.6910560" lon="0.3696290">
    <ele>97.3</ele>
    <time>2024-09-06T17:18:46Z</time>
   </trkpt>
   <trkpt lat="46.6910850" lon="0.3696110">
    <ele>97.3</ele>
    <time>2024-09-06T17:18:47Z</time>
   </trkpt>
   <trkpt lat="46.6911130" lon="0.3695950">
    <ele>97.3</ele>
    <time>2024-09-06T17:18:48Z</time>
   </trkpt>
   <trkpt lat="46.6911480" lon="0.3695850">
    <ele>97.3</ele>
    <time>2024-09-06T17:18:49Z</time>
   </trkpt>
   <trkpt lat="46.6911810" lon="0.3695770">
    <ele>97.4</ele>
    <time>2024-09-06T17:18:50Z</time>
   </trkpt>
   <trkpt lat="46.6912090" lon="0.3695720">
    <ele>97.4</ele>
    <time>2024-09-06T17:18:51Z</time>
   </trkpt>
   <trkpt lat="46.6912380" lon="0.3695670">
    <ele>97.4</ele>
    <time>2024-09-06T17:18:52Z</time>
   </trkpt>
   <trkpt lat="46.6912660" lon="0.3695570">
    <ele>97.4</ele>
    <time>2024-09-06T17:18:53Z</time>
   </trkpt>
   <trkpt lat="46.6912960" lon="0.3695470">
    <ele>97.5</ele>
    <time>2024-09-06T17:18:54Z</time>
   </trkpt>
   <trkpt lat="46.6913330" lon="0.3695420">
    <ele>97.5</ele>
    <time>2024-09-06T17:18:55Z</time>
   </trkpt>
   <trkpt lat="46.6913440" lon="0.3695420">
    <ele>97.5</ele>
    <time>2024-09-06T17:18:56Z</time>
   </trkpt>
   <trkpt lat="46.6913760" lon="0.3695420">
    <ele>97.5</ele>
    <time>2024-09-06T17:18:57Z</time>
   </trkpt>
   <trkpt lat="46.6913860" lon="0.3695430">
    <ele>97.5</ele>
    <time>2024-09-06T17:18:58Z</time>
   </trkpt>
   <trkpt lat="46.6914200" lon="0.3695460">
    <ele>97.5</ele>
    <time>2024-09-06T17:18:59Z</time>
   </trkpt>
   <trkpt lat="46.6914290" lon="0.3695470">
    <ele>97.5</ele>
    <time>2024-09-06T17:19:00Z</time>
   </trkpt>
   <trkpt lat="46.6914640" lon="0.3695470">
    <ele>97.5</ele>
    <time>2024-09-06T17:19:01Z</time>
   </trkpt>
   <trkpt lat="46.6914770" lon="0.3695470">
    <ele>97.5</ele>
    <time>2024-09-06T17:19:02Z</time>
   </trkpt>
   <trkpt lat="46.6915140" lon="0.3695460">
    <ele>97.5</ele>
    <time>2024-09-06T17:19:03Z</time>
   </trkpt>
   <trkpt lat="46.6915260" lon="0.3695450">
    <ele>97.5</ele>
    <time>2024-09-06T17:19:04Z</time>
   </trkpt>
   <trkpt lat="46.6915660" lon="0.3695400">
    <ele>97.5</ele>
    <time>2024-09-06T17:19:05Z</time>
   </trkpt>
   <trkpt lat="46.6915780" lon="0.3695370">
    <ele>97.5</ele>
    <time>2024-09-06T17:19:06Z</time>
   </trkpt>
   <trkpt lat="46.6916090" lon="0.3695240">
    <ele>97.5</ele>
    <time>2024-09-06T17:19:07Z</time>
   </trkpt>
   <trkpt lat="46.6916200" lon="0.3695180">
    <ele>97.5</ele>
    <time>2024-09-06T17:19:08Z</time>
   </trkpt>
   <trkpt lat="46.6916490" lon="0.3694790">
    <ele>97.5</ele>
    <time>2024-09-06T17:19:09Z</time>
   </trkpt>
   <trkpt lat="46.6916570" lon="0.3694640">
    <ele>97.5</ele>
    <time>2024-09-06T17:19:10Z</time>
   </trkpt>
   <trkpt lat="46.6916680" lon="0.3694270">
    <ele>97.6</ele>
    <time>2024-09-06T17:19:11Z</time>
   </trkpt>
   <trkpt lat="46.6916750" lon="0.3693790">
    <ele>97.7</ele>
    <time>2024-09-06T17:19:12Z</time>
   </trkpt>
   <trkpt lat="46.6916800" lon="0.3693310">
    <ele>97.8</ele>
    <time>2024-09-06T17:19:13Z</time>
   </trkpt>
   <trkpt lat="46.6916840" lon="0.3692880">
    <ele>97.9</ele>
    <time>2024-09-06T17:19:14Z</time>
   </trkpt>
   <trkpt lat="46.6916890" lon="0.3692440">
    <ele>97.9</ele>
    <time>2024-09-06T17:19:15Z</time>
   </trkpt>
   <trkpt lat="46.6916950" lon="0.3691980">
    <ele>98.0</ele>
    <time>2024-09-06T17:19:16Z</time>
   </trkpt>
   <trkpt lat="46.6916940" lon="0.3691460">
    <ele>98.1</ele>
    <time>2024-09-06T17:19:17Z</time>
   </trkpt>
   <trkpt lat="46.6916900" lon="0.3691320">
    <ele>98.1</ele>
    <time>2024-09-06T17:19:18Z</time>
   </trkpt>
   <trkpt lat="46.6916570" lon="0.3690990">
    <ele>98.3</ele>
    <time>2024-09-06T17:19:19Z</time>
   </trkpt>
   <trkpt lat="46.6916420" lon="0.3690920">
    <ele>98.3</ele>
    <time>2024-09-06T17:19:20Z</time>
   </trkpt>
   <trkpt lat="46.6916110" lon="0.3690880">
    <ele>98.4</ele>
    <time>2024-09-06T17:19:21Z</time>
   </trkpt>
   <trkpt lat="46.6915750" lon="0.3690930">
    <ele>98.5</ele>
    <time>2024-09-06T17:19:22Z</time>
   </trkpt>
   <trkpt lat="46.6915400" lon="0.3691000">
    <ele>98.5</ele>
    <time>2024-09-06T17:19:23Z</time>
   </trkpt>
   <trkpt lat="46.6915080" lon="0.3691060">
    <ele>98.6</ele>
    <time>2024-09-06T17:19:24Z</time>
   </trkpt>
   <trkpt lat="46.6914740" lon="0.3691090">
    <ele>98.7</ele>
    <time>2024-09-06T17:19:25Z</time>
   </trkpt>
   <trkpt lat="46.6914380" lon="0.3691120">
    <ele>98.7</ele>
    <time>2024-09-06T17:19:26Z</time>
   </trkpt>
   <trkpt lat="46.6914050" lon="0.3691160">
    <ele>98.8</ele>
    <time>2024-09-06T17:19:27Z</time>
   </trkpt>
   <trkpt lat="46.6913780" lon="0.3691210">
    <ele>98.8</ele>
    <time>2024-09-06T17:19:28Z</time>
   </trkpt>
   <trkpt lat="46.6913370" lon="0.3691300">
    <ele>98.9</ele>
    <time>2024-09-06T17:19:29Z</time>
   </trkpt>
   <trkpt lat="46.6913220" lon="0.3691330">
    <ele>98.9</ele>
    <time>2024-09-06T17:19:30Z</time>
   </trkpt>
   <trkpt lat="46.6912930" lon="0.3691400">
    <ele>99.0</ele>
    <time>2024-09-06T17:19:31Z</time>
   </trkpt>
   <trkpt lat="46.6912620" lon="0.3691450">
    <ele>99.0</ele>
    <time>2024-09-06T17:19:32Z</time>
   </trkpt>
   <trkpt lat="46.6912330" lon="0.3691490">
    <ele>99.1</ele>
    <time>2024-09-06T17:19:33Z</time>
   </trkpt>
   <trkpt lat="46.6912040" lon="0.3691500">
    <ele>99.1</ele>
    <time>2024-09-06T17:19:34Z</time>
   </trkpt>
   <trkpt lat="46.6911760" lon="0.3691470">
    <ele>99.1</ele>
    <time>2024-09-06T17:19:35Z</time>
   </trkpt>
   <trkpt lat="46.6911470" lon="0.3691460">
    <ele>99.1</ele>
    <time>2024-09-06T17:19:36Z</time>
   </trkpt>
   <trkpt lat="46.6911170" lon="0.3691460">
    <ele>99.2</ele>
    <time>2024-09-06T17:19:37Z</time>
   </trkpt>
   <trkpt lat="46.6910890" lon="0.3691460">
    <ele>99.2</ele>
    <time>2024-09-06T17:19:38Z</time>
   </trkpt>
   <trkpt lat="46.6910620" lon="0.3691450">
    <ele>99.2</ele>
    <time>2024-09-06T17:19:39Z</time>
   </trkpt>
   <trkpt lat="46.6910250" lon="0.3691310">
    <ele>99.2</ele>
    <time>2024-09-06T17:19:40Z</time>
   </trkpt>
   <trkpt lat="46.6910130" lon="0.3691250">
    <ele>99.2</ele>
    <time>2024-09-06T17:19:41Z</time>
   </trkpt>
   <trkpt lat="46.6909770" lon="0.3691140">
    <ele>99.2</ele>
    <time>2024-09-06T17:19:42Z</time>
   </trkpt>
   <trkpt lat="46.6909670" lon="0.3691110">
    <ele>99.2</ele>
    <time>2024-09-06T17:19:43Z</time>
   </trkpt>
   <trkpt lat="46.6909300" lon="0.3691040">
    <ele>99.1</ele>
    <time>2024-09-06T17:19:44Z</time>
   </trkpt>
   <trkpt lat="46.6909160" lon="0.3691010">
    <ele>99.1</ele>
    <time>2024-09-06T17:19:45Z</time>
   </trkpt>
   <trkpt lat="46.6908830" lon="0.3690990">
    <ele>99.1</ele>
    <time>2024-09-06T17:19:46Z</time>
   </trkpt>
   <trkpt lat="46.6908720" lon="0.3690990">
    <ele>99.1</ele>
    <time>2024-09-06T17:19:47Z</time>
   </trkpt>
   <trkpt lat="46.6908440" lon="0.3690990">
    <ele>99.0</ele>
    <time>2024-09-06T17:19:48Z</time>
   </trkpt>
   <trkpt lat="46.6908140" lon="0.3690960">
    <ele>99.0</ele>
    <time>2024-09-06T17:19:49Z</time>
   </trkpt>
   <trkpt lat="46.6907750" lon="0.3690910">
    <ele>98.9</ele>
    <time>2024-09-06T17:19:50Z</time>
   </trkpt>
   <trkpt lat="46.6907620" lon="0.3690880">
    <ele>98.9</ele>
    <time>2024-09-06T17:19:51Z</time>
   </trkpt>
   <trkpt lat="46.6907280" lon="0.3690840">
    <ele>98.8</ele>
    <time>2024-09-06T17:19:52Z</time>
   </trkpt>
   <trkpt lat="46.6907190" lon="0.3690830">
    <ele>98.8</ele>
    <time>2024-09-06T17:19:53Z</time>
   </trkpt>
   <trkpt lat="46.6906900" lon="0.3690880">
    <ele>98.7</ele>
    <time>2024-09-06T17:19:54Z</time>
   </trkpt>
   <trkpt lat="46.6906770" lon="0.3690900">
    <ele>98.7</ele>
    <time>2024-09-06T17:19:55Z</time>
   </trkpt>
   <trkpt lat="46.6906390" lon="0.3690950">
    <ele>98.6</ele>
    <time>2024-09-06T17:19:56Z</time>
   </trkpt>
   <trkpt lat="46.6906270" lon="0.3690970">
    <ele>98.5</ele>
    <time>2024-09-06T17:19:57Z</time>
   </trkpt>
   <trkpt lat="46.6905990" lon="0.3690990">
    <ele>98.4</ele>
    <time>2024-09-06T17:19:58Z</time>
   </trkpt>
   <trkpt lat="46.6905640" lon="0.3690950">
    <ele>98.3</ele>
    <time>2024-09-06T17:19:59Z</time>
   </trkpt>
   <trkpt lat="46.6905290" lon="0.3690900">
    <ele>98.2</ele>
    <time>2024-09-06T17:20:00Z</time>
   </trkpt>
   <trkpt lat="46.6904950" lon="0.3690810">
    <ele>98.1</ele>
    <time>2024-09-06T17:20:01Z</time>
   </trkpt>
   <trkpt lat="46.6904630" lon="0.3690710">
    <ele>98.0</ele>
    <time>2024-09-06T17:20:02Z</time>
   </trkpt>
   <trkpt lat="46.6904260" lon="0.3690550">
    <ele>97.9</ele>
    <time>2024-09-06T17:20:03Z</time>
   </trkpt>
   <trkpt lat="46.6904130" lon="0.3690500">
    <ele>97.8</ele>
    <time>2024-09-06T17:20:04Z</time>
   </trkpt>
   <trkpt lat="46.6903780" lon="0.3690430">
    <ele>97.7</ele>
    <time>2024-09-06T17:20:05Z</time>
   </trkpt>
   <trkpt lat="46.6903670" lon="0.3690430">
    <ele>97.7</ele>
    <time>2024-09-06T17:20:06Z</time>
   </trkpt>
   <trkpt lat="46.6903310" lon="0.3690520">
    <ele>97.6</ele>
    <time>2024-09-06T17:20:07Z</time>
   </trkpt>
   <trkpt lat="46.6903190" lon="0.3690580">
    <ele>97.5</ele>
    <time>2024-09-06T17:20:08Z</time>
   </trkpt>
   <trkpt lat="46.6902900" lon="0.3690750">
    <ele>97.4</ele>
    <time>2024-09-06T17:20:09Z</time>
   </trkpt>
   <trkpt lat="46.6902800" lon="0.3690810">
    <ele>97.4</ele>
    <time>2024-09-06T17:20:10Z</time>
   </trkpt>
   <trkpt lat="46.6902450" lon="0.3690930">
    <ele>97.2</ele>
    <time>2024-09-06T17:20:11Z</time>
   </trkpt>
   <trkpt lat="46.6902310" lon="0.3690960">
    <ele>97.2</ele>
    <time>2024-09-06T17:20:12Z</time>
   </trkpt>
   <trkpt lat="46.6901980" lon="0.3690990">
    <ele>97.0</ele>
    <time>2024-09-06T17:20:13Z</time>
   </trkpt>
   <trkpt lat="46.6901700" lon="0.3691000">
    <ele>96.9</ele>
    <time>2024-09-06T17:20:14Z</time>
   </trkpt>
   <trkpt lat="46.6901410" lon="0.3690990">
    <ele>96.9</ele>
    <time>2024-09-06T17:20:15Z</time>
   </trkpt>
   <trkpt lat="46.6901020" lon="0.3691020">
    <ele>96.8</ele>
    <time>2024-09-06T17:20:16Z</time>
   </trkpt>
   <trkpt lat="46.6900890" lon="0.3691030">
    <ele>96.7</ele>
    <time>2024-09-06T17:20:17Z</time>
   </trkpt>
   <trkpt lat="46.6900520" lon="0.3691090">
    <ele>96.6</ele>
    <time>2024-09-06T17:20:18Z</time>
   </trkpt>
   <trkpt lat="46.6900390" lon="0.3691120">
    <ele>96.6</ele>
    <time>2024-09-06T17:20:19Z</time>
   </trkpt>
   <trkpt lat="46.6900000" lon="0.3691210">
    <ele>96.5</ele>
    <time>2024-09-06T17:20:20Z</time>
   </trkpt>
   <trkpt lat="46.6899870" lon="0.3691240">
    <ele>96.5</ele>
    <time>2024-09-06T17:20:21Z</time>
   </trkpt>
   <trkpt lat="46.6899590" lon="0.3691300">
    <ele>96.4</ele>
    <time>2024-09-06T17:20:22Z</time>
   </trkpt>
   <trkpt lat="46.6899290" lon="0.3691320">
    <ele>96.3</ele>
    <time>2024-09-06T17:20:23Z</time>
   </trkpt>
   <trkpt lat="46.6898990" lon="0.3691300">
    <ele>96.3</ele>
    <time>2024-09-06T17:20:24Z</time>
   </trkpt>
   <trkpt lat="46.6898680" lon="0.3691270">
    <ele>96.2</ele>
    <time>2024-09-06T17:20:25Z</time>
   </trkpt>
   <trkpt lat="46.6898360" lon="0.3691210">
    <ele>96.1</ele>
    <time>2024-09-06T17:20:26Z</time>
   </trkpt>
   <trkpt lat="46.6898040" lon="0.3691110">
    <ele>96.1</ele>
    <time>2024-09-06T17:20:27Z</time>
   </trkpt>
   <trkpt lat="46.6897750" lon="0.3691050">
    <ele>96.0</ele>
    <time>2024-09-06T17:20:28Z</time>
   </trkpt>
   <trkpt lat="46.6897370" lon="0.3690960">
    <ele>96.0</ele>
    <time>2024-09-06T17:20:29Z</time>
   </trkpt>
   <trkpt lat="46.6897250" lon="0.3690940">
    <ele>96.0</ele>
    <time>2024-09-06T17:20:30Z</time>
   </trkpt>
   <trkpt lat="46.6896910" lon="0.3690870">
    <ele>95.9</ele>
    <time>2024-09-06T17:20:31Z</time>
   </trkpt>
   <trkpt lat="46.6896790" lon="0.3690850">
    <ele>95.9</ele>
    <time>2024-09-06T17:20:32Z</time>
   </trkpt>
   <trkpt lat="46.6896450" lon="0.3690880">
    <ele>95.8</ele>
    <time>2024-09-06T17:20:33Z</time>
   </trkpt>
   <trkpt lat="46.6896350" lon="0.3690900">
    <ele>95.8</ele>
    <time>2024-09-06T17:20:34Z</time>
   </trkpt>
   <trkpt lat="46.6896020" lon="0.3690910">
    <ele>95.7</ele>
    <time>2024-09-06T17:20:35Z</time>
   </trkpt>
   <trkpt lat="46.6895890" lon="0.3690900">
    <ele>95.7</ele>
    <time>2024-09-06T17:20:36Z</time>
   </trkpt>
   <trkpt lat="46.6895580" lon="0.3690820">
    <ele>95.6</ele>
    <time>2024-09-06T17:20:37Z</time>
   </trkpt>
   <trkpt lat="46.6895280" lon="0.3690720">
    <ele>95.5</ele>
    <time>2024-09-06T17:20:38Z</time>
   </trkpt>
   <trkpt lat="46.6894990" lon="0.3690620">
    <ele>95.5</ele>
    <time>2024-09-06T17:20:39Z</time>
   </trkpt>
   <trkpt lat="46.6894670" lon="0.3690530">
    <ele>95.3</ele>
    <time>2024-09-06T17:20:40Z</time>
   </trkpt>
   <trkpt lat="46.6894380" lon="0.3690440">
    <ele>95.2</ele>
    <time>2024-09-06T17:20:41Z</time>
   </trkpt>
   <trkpt lat="46.6894070" lon="0.3690350">
    <ele>95.1</ele>
    <time>2024-09-06T17:20:42Z</time>
   </trkpt>
   <trkpt lat="46.6893760" lon="0.3690240">
    <ele>95.0</ele>
    <time>2024-09-06T17:20:43Z</time>
   </trkpt>
   <trkpt lat="46.6893480" lon="0.3690100">
    <ele>94.9</ele>
    <time>2024-09-06T17:20:44Z</time>
   </trkpt>
   <trkpt lat="46.6893180" lon="0.3689970">
    <ele>94.8</ele>
    <time>2024-09-06T17:20:45Z</time>
   </trkpt>
   <trkpt lat="46.6892920" lon="0.3689850">
    <ele>94.7</ele>
    <time>2024-09-06T17:20:46Z</time>
   </trkpt>
   <trkpt lat="46.6892650" lon="0.3689760">
    <ele>94.6</ele>
    <time>2024-09-06T17:20:47Z</time>
   </trkpt>
   <trkpt lat="46.6892360" lon="0.3689670">
    <ele>94.5</ele>
    <time>2024-09-06T17:20:48Z</time>
   </trkpt>
   <trkpt lat="46.6892090" lon="0.3689600">
    <ele>94.3</ele>
    <time>2024-09-06T17:20:49Z</time>
   </trkpt>
   <trkpt lat="46.6891740" lon="0.3689540">
    <ele>94.2</ele>
    <time>2024-09-06T17:20:50Z</time>
   </trkpt>
   <trkpt lat="46.6891620" lon="0.3689530">
    <ele>94.2</ele>
    <time>2024-09-06T17:20:51Z</time>
   </trkpt>
   <trkpt lat="46.6891230" lon="0.3689460">
    <ele>94.0</ele>
    <time>2024-09-06T17:20:52Z</time>
   </trkpt>
   <trkpt lat="46.6891100" lon="0.3689430">
    <ele>94.0</ele>
    <time>2024-09-06T17:20:53Z</time>
   </trkpt>
   <trkpt lat="46.6890820" lon="0.3689380">
    <ele>93.8</ele>
    <time>2024-09-06T17:20:54Z</time>
   </trkpt>
   <trkpt lat="46.6890500" lon="0.3689330">
    <ele>93.7</ele>
    <time>2024-09-06T17:20:55Z</time>
   </trkpt>
   <trkpt lat="46.6890400" lon="0.3689320">
    <ele>93.7</ele>
    <time>2024-09-06T17:20:56Z</time>
   </trkpt>
   <trkpt lat="46.6890060" lon="0.3689320">
    <ele>93.6</ele>
    <time>2024-09-06T17:20:57Z</time>
   </trkpt>
   <trkpt lat="46.6889960" lon="0.3689330">
    <ele>93.5</ele>
    <time>2024-09-06T17:20:58Z</time>
   </trkpt>
   <trkpt lat="46.6889590" lon="0.3689270">
    <ele>93.4</ele>
    <time>2024-09-06T17:20:59Z</time>
   </trkpt>
   <trkpt lat="46.6889450" lon="0.3689230">
    <ele>93.4</ele>
    <time>2024-09-06T17:21:00Z</time>
   </trkpt>
   <trkpt lat="46.6889160" lon="0.3689120">
    <ele>93.3</ele>
    <time>2024-09-06T17:21:01Z</time>
   </trkpt>
   <trkpt lat="46.6888860" lon="0.3689000">
    <ele>93.1</ele>
    <time>2024-09-06T17:21:02Z</time>
   </trkpt>
   <trkpt lat="46.6888540" lon="0.3688940">
    <ele>93.0</ele>
    <time>2024-09-06T17:21:03Z</time>
   </trkpt>
   <trkpt lat="46.6888210" lon="0.3688890">
    <ele>92.9</ele>
    <time>2024-09-06T17:21:04Z</time>
   </trkpt>
   <trkpt lat="46.6887870" lon="0.3688810">
    <ele>92.8</ele>
    <time>2024-09-06T17:21:05Z</time>
   </trkpt>
   <trkpt lat="46.6887530" lon="0.3688760">
    <ele>92.7</ele>
    <time>2024-09-06T17:21:06Z</time>
   </trkpt>
   <trkpt lat="46.6887150" lon="0.3688670">
    <ele>92.6</ele>
    <time>2024-09-06T17:21:07Z</time>
   </trkpt>
   <trkpt lat="46.6887030" lon="0.3688640">
    <ele>92.5</ele>
    <time>2024-09-06T17:21:08Z</time>
   </trkpt>
   <trkpt lat="46.6886760" lon="0.3688600">
    <ele>92.5</ele>
    <time>2024-09-06T17:21:09Z</time>
   </trkpt>
   <trkpt lat="46.6886400" lon="0.3688650">
    <ele>92.4</ele>
    <time>2024-09-06T17:21:10Z</time>
   </trkpt>
   <trkpt lat="46.6886280" lon="0.3688670">
    <ele>92.3</ele>
    <time>2024-09-06T17:21:11Z</time>
   </trkpt>
   <trkpt lat="46.6885870" lon="0.3688720">
    <ele>92.2</ele>
    <time>2024-09-06T17:21:12Z</time>
   </trkpt>
   <trkpt lat="46.6885730" lon="0.3688720">
    <ele>92.2</ele>
    <time>2024-09-06T17:21:13Z</time>
   </trkpt>
   <trkpt lat="46.6885450" lon="0.3688690">
    <ele>92.1</ele>
    <time>2024-09-06T17:21:14Z</time>
   </trkpt>
   <trkpt lat="46.6885140" lon="0.3688630">
    <ele>92.0</ele>
    <time>2024-09-06T17:21:15Z</time>
   </trkpt>
   <trkpt lat="46.6884830" lon="0.3688570">
    <ele>91.9</ele>
    <time>2024-09-06T17:21:16Z</time>
   </trkpt>
   <trkpt lat="46.6884530" lon="0.3688490">
    <ele>91.8</ele>
    <time>2024-09-06T17:21:17Z</time>
   </trkpt>
   <trkpt lat="46.6884240" lon="0.3688420">
    <ele>91.7</ele>
    <time>2024-09-06T17:21:18Z</time>
   </trkpt>
   <trkpt lat="46.6883940" lon="0.3688310">
    <ele>91.6</ele>
    <time>2024-09-06T17:21:19Z</time>
   </trkpt>
   <trkpt lat="46.6883650" lon="0.3688200">
    <ele>91.5</ele>
    <time>2024-09-06T17:21:20Z</time>
   </trkpt>
   <trkpt lat="46.6883350" lon="0.3688050">
    <ele>91.4</ele>
    <time>2024-09-06T17:21:21Z</time>
   </trkpt>
   <trkpt lat="46.6883070" lon="0.3687890">
    <ele>91.3</ele>
    <time>2024-09-06T17:21:22Z</time>
   </trkpt>
   <trkpt lat="46.6882800" lon="0.3687760">
    <ele>91.2</ele>
    <time>2024-09-06T17:21:23Z</time>
   </trkpt>
   <trkpt lat="46.6882410" lon="0.3687580">
    <ele>91.1</ele>
    <time>2024-09-06T17:21:24Z</time>
   </trkpt>
   <trkpt lat="46.6882270" lon="0.3687510">
    <ele>91.0</ele>
    <time>2024-09-06T17:21:25Z</time>
   </trkpt>
   <trkpt lat="46.6882000" lon="0.3687380">
    <ele>90.9</ele>
    <time>2024-09-06T17:21:26Z</time>
   </trkpt>
   <trkpt lat="46.6881730" lon="0.3687230">
    <ele>90.9</ele>
    <time>2024-09-06T17:21:27Z</time>
   </trkpt>
   <trkpt lat="46.6881460" lon="0.3687100">
    <ele>90.8</ele>
    <time>2024-09-06T17:21:28Z</time>
   </trkpt>
   <trkpt lat="46.6881150" lon="0.3686990">
    <ele>90.7</ele>
    <time>2024-09-06T17:21:29Z</time>
   </trkpt>
   <trkpt lat="46.6880860" lon="0.3686820">
    <ele>90.6</ele>
    <time>2024-09-06T17:21:30Z</time>
   </trkpt>
   <trkpt lat="46.6880570" lon="0.3686690">
    <ele>90.5</ele>
    <time>2024-09-06T17:21:31Z</time>
   </trkpt>
   <trkpt lat="46.6880310" lon="0.3686470">
    <ele>90.4</ele>
    <time>2024-09-06T17:21:32Z</time>
   </trkpt>
   <trkpt lat="46.6880030" lon="0.3686230">
    <ele>90.3</ele>
    <time>2024-09-06T17:21:33Z</time>
   </trkpt>
   <trkpt lat="46.6879670" lon="0.3686010">
    <ele>90.2</ele>
    <time>2024-09-06T17:21:34Z</time>
   </trkpt>
   <trkpt lat="46.6879370" lon="0.3685810">
    <ele>90.1</ele>
    <time>2024-09-06T17:21:35Z</time>
   </trkpt>
   <trkpt lat="46.6879080" lon="0.3685680">
    <ele>90.0</ele>
    <time>2024-09-06T17:21:36Z</time>
   </trkpt>
   <trkpt lat="46.6878810" lon="0.3685520">
    <ele>89.9</ele>
    <time>2024-09-06T17:21:37Z</time>
   </trkpt>
   <trkpt lat="46.6878520" lon="0.3685320">
    <ele>89.9</ele>
    <time>2024-09-06T17:21:38Z</time>
   </trkpt>
   <trkpt lat="46.6878230" lon="0.3685110">
    <ele>89.8</ele>
    <time>2024-09-06T17:21:39Z</time>
   </trkpt>
   <trkpt lat="46.6877960" lon="0.3684930">
    <ele>89.8</ele>
    <time>2024-09-06T17:21:40Z</time>
   </trkpt>
   <trkpt lat="46.6877580" lon="0.3684730">
    <ele>89.7</ele>
    <time>2024-09-06T17:21:41Z</time>
   </trkpt>
   <trkpt lat="46.6877460" lon="0.3684660">
    <ele>89.7</ele>
    <time>2024-09-06T17:21:42Z</time>
   </trkpt>
   <trkpt lat="46.6877110" lon="0.3684420">
    <ele>89.7</ele>
    <time>2024-09-06T17:21:43Z</time>
   </trkpt>
   <trkpt lat="46.6876990" lon="0.3684330">
    <ele>89.7</ele>
    <time>2024-09-06T17:21:44Z</time>
   </trkpt>
   <trkpt lat="46.6876710" lon="0.3684160">
    <ele>89.7</ele>
    <time>2024-09-06T17:21:45Z</time>
   </trkpt>
   <trkpt lat="46.6876400" lon="0.3683960">
    <ele>89.7</ele>
    <time>2024-09-06T17:21:46Z</time>
   </trkpt>
   <trkpt lat="46.6876090" lon="0.3683790">
    <ele>89.7</ele>
    <time>2024-09-06T17:21:47Z</time>
   </trkpt>
   <trkpt lat="46.6875840" lon="0.3683590">
    <ele>89.6</ele>
    <time>2024-09-06T17:21:48Z</time>
   </trkpt>
   <trkpt lat="46.6875570" lon="0.3683350">
    <ele>89.6</ele>
    <time>2024-09-06T17:21:49Z</time>
   </trkpt>
   <trkpt lat="46.6875340" lon="0.3683110">
    <ele>89.5</ele>
    <time>2024-09-06T17:21:50Z</time>
   </trkpt>
   <trkpt lat="46.6875070" lon="0.3682810">
    <ele>89.5</ele>
    <time>2024-09-06T17:21:51Z</time>
   </trkpt>
   <trkpt lat="46.6874970" lon="0.3682710">
    <ele>89.5</ele>
    <time>2024-09-06T17:21:52Z</time>
   </trkpt>
   <trkpt lat="46.6874620" lon="0.3682400">
    <ele>89.4</ele>
    <time>2024-09-06T17:21:53Z</time>
   </trkpt>
   <trkpt lat="46.6874500" lon="0.3682290">
    <ele>89.4</ele>
    <time>2024-09-06T17:21:54Z</time>
   </trkpt>
   <trkpt lat="46.6874280" lon="0.3682050">
    <ele>89.3</ele>
    <time>2024-09-06T17:21:55Z</time>
   </trkpt>
   <trkpt lat="46.6874060" lon="0.3681800">
    <ele>89.3</ele>
    <time>2024-09-06T17:21:56Z</time>
   </trkpt>
   <trkpt lat="46.6873790" lon="0.3681580">
    <ele>89.3</ele>
    <time>2024-09-06T17:21:57Z</time>
   </trkpt>
   <trkpt lat="46.6873510" lon="0.3681420">
    <ele>89.2</ele>
    <time>2024-09-06T17:21:58Z</time>
   </trkpt>
   <trkpt lat="46.6873220" lon="0.3681300">
    <ele>89.2</ele>
    <time>2024-09-06T17:21:59Z</time>
   </trkpt>
   <trkpt lat="46.6872930" lon="0.3681180">
    <ele>89.2</ele>
    <time>2024-09-06T17:22:00Z</time>
   </trkpt>
   <trkpt lat="46.6872600" lon="0.3681030">
    <ele>89.2</ele>
    <time>2024-09-06T17:22:01Z</time>
   </trkpt>
   <trkpt lat="46.6872250" lon="0.3680860">
    <ele>89.2</ele>
    <time>2024-09-06T17:22:02Z</time>
   </trkpt>
   <trkpt lat="46.6871950" lon="0.3680700">
    <ele>89.2</ele>
    <time>2024-09-06T17:22:03Z</time>
   </trkpt>
   <trkpt lat="46.6871700" lon="0.3680530">
    <ele>89.2</ele>
    <time>2024-09-06T17:22:04Z</time>
   </trkpt>
   <trkpt lat="46.6871450" lon="0.3680340">
    <ele>89.2</ele>
    <time>2024-09-06T17:22:05Z</time>
   </trkpt>
   <trkpt lat="46.6871180" lon="0.3680200">
    <ele>89.2</ele>
    <time>2024-09-06T17:22:06Z</time>
   </trkpt>
   <trkpt lat="46.6870870" lon="0.3680110">
    <ele>89.2</ele>
    <time>2024-09-06T17:22:07Z</time>
   </trkpt>
   <trkpt lat="46.6870550" lon="0.3680120">
    <ele>89.2</ele>
    <time>2024-09-06T17:22:08Z</time>
   </trkpt>
   <trkpt lat="46.6870190" lon="0.3680150">
    <ele>89.2</ele>
    <time>2024-09-06T17:22:09Z</time>
   </trkpt>
   <trkpt lat="46.6869860" lon="0.3680160">
    <ele>89.2</ele>
    <time>2024-09-06T17:22:10Z</time>
   </trkpt>
   <trkpt lat="46.6869580" lon="0.3680140">
    <ele>89.2</ele>
    <time>2024-09-06T17:22:11Z</time>
   </trkpt>
   <trkpt lat="46.6869260" lon="0.3680030">
    <ele>89.2</ele>
    <time>2024-09-06T17:22:12Z</time>
   </trkpt>
   <trkpt lat="46.6869150" lon="0.3679980">
    <ele>89.2</ele>
    <time>2024-09-06T17:22:13Z</time>
   </trkpt>
   <trkpt lat="46.6868820" lon="0.3679730">
    <ele>89.2</ele>
    <time>2024-09-06T17:22:14Z</time>
   </trkpt>
   <trkpt lat="46.6868720" lon="0.3679620">
    <ele>89.2</ele>
    <time>2024-09-06T17:22:15Z</time>
   </trkpt>
   <trkpt lat="46.6868440" lon="0.3679380">
    <ele>89.2</ele>
    <time>2024-09-06T17:22:16Z</time>
   </trkpt>
   <trkpt lat="46.6868350" lon="0.3679320">
    <ele>89.2</ele>
    <time>2024-09-06T17:22:17Z</time>
   </trkpt>
   <trkpt lat="46.6867980" lon="0.3679340">
    <ele>89.2</ele>
    <time>2024-09-06T17:22:18Z</time>
   </trkpt>
   <trkpt lat="46.6867810" lon="0.3679380">
    <ele>89.2</ele>
    <time>2024-09-06T17:22:19Z</time>
   </trkpt>
   <trkpt lat="46.6867480" lon="0.3679480">
    <ele>89.2</ele>
    <time>2024-09-06T17:22:20Z</time>
   </trkpt>
   <trkpt lat="46.6867170" lon="0.3679560">
    <ele>89.2</ele>
    <time>2024-09-06T17:22:21Z</time>
   </trkpt>
   <trkpt lat="46.6866850" lon="0.3679620">
    <ele>89.1</ele>
    <time>2024-09-06T17:22:22Z</time>
   </trkpt>
   <trkpt lat="46.6866550" lon="0.3679720">
    <ele>89.0</ele>
    <time>2024-09-06T17:22:23Z</time>
   </trkpt>
   <trkpt lat="46.6866240" lon="0.3679850">
    <ele>89.0</ele>
    <time>2024-09-06T17:22:24Z</time>
   </trkpt>
   <trkpt lat="46.6865910" lon="0.3679970">
    <ele>88.9</ele>
    <time>2024-09-06T17:22:25Z</time>
   </trkpt>
   <trkpt lat="46.6865580" lon="0.3680070">
    <ele>88.9</ele>
    <time>2024-09-06T17:22:26Z</time>
   </trkpt>
   <trkpt lat="46.6865240" lon="0.3680130">
    <ele>88.8</ele>
    <time>2024-09-06T17:22:27Z</time>
   </trkpt>
   <trkpt lat="46.6864920" lon="0.3680170">
    <ele>88.7</ele>
    <time>2024-09-06T17:22:28Z</time>
   </trkpt>
   <trkpt lat="46.6864640" lon="0.3680180">
    <ele>88.6</ele>
    <time>2024-09-06T17:22:29Z</time>
   </trkpt>
   <trkpt lat="46.6864340" lon="0.3680270">
    <ele>88.6</ele>
    <time>2024-09-06T17:22:30Z</time>
   </trkpt>
   <trkpt lat="46.6864040" lon="0.3680430">
    <ele>88.5</ele>
    <time>2024-09-06T17:22:31Z</time>
   </trkpt>
   <trkpt lat="46.6863760" lon="0.3680660">
    <ele>88.4</ele>
    <time>2024-09-06T17:22:32Z</time>
   </trkpt>
   <trkpt lat="46.6863500" lon="0.3680900">
    <ele>88.3</ele>
    <time>2024-09-06T17:22:33Z</time>
   </trkpt>
   <trkpt lat="46.6863200" lon="0.3681100">
    <ele>88.2</ele>
    <time>2024-09-06T17:22:34Z</time>
   </trkpt>
   <trkpt lat="46.6862820" lon="0.3681280">
    <ele>88.1</ele>
    <time>2024-09-06T17:22:35Z</time>
   </trkpt>
   <trkpt lat="46.6862700" lon="0.3681350">
    <ele>88.1</ele>
    <time>2024-09-06T17:22:36Z</time>
   </trkpt>
   <trkpt lat="46.6862320" lon="0.3681510">
    <ele>87.9</ele>
    <time>2024-09-06T17:22:37Z</time>
   </trkpt>
   <trkpt lat="46.6862200" lon="0.3681560">
    <ele>87.9</ele>
    <time>2024-09-06T17:22:38Z</time>
   </trkpt>
   <trkpt lat="46.6861940" lon="0.3681710">
    <ele>87.8</ele>
    <time>2024-09-06T17:22:39Z</time>
   </trkpt>
   <trkpt lat="46.6861660" lon="0.3681960">
    <ele>87.7</ele>
    <time>2024-09-06T17:22:40Z</time>
   </trkpt>
   <trkpt lat="46.6861410" lon="0.3682270">
    <ele>87.5</ele>
    <time>2024-09-06T17:22:41Z</time>
   </trkpt>
   <trkpt lat="46.6861190" lon="0.3682580">
    <ele>87.3</ele>
    <time>2024-09-06T17:22:42Z</time>
   </trkpt>
   <trkpt lat="46.6860980" lon="0.3682840">
    <ele>87.2</ele>
    <time>2024-09-06T17:22:43Z</time>
   </trkpt>
   <trkpt lat="46.6860730" lon="0.3683020">
    <ele>87.0</ele>
    <time>2024-09-06T17:22:44Z</time>
   </trkpt>
   <trkpt lat="46.6860360" lon="0.3683150">
    <ele>86.8</ele>
    <time>2024-09-06T17:22:45Z</time>
   </trkpt>
   <trkpt lat="46.6860230" lon="0.3683170">
    <ele>86.7</ele>
    <time>2024-09-06T17:22:46Z</time>
   </trkpt>
   <trkpt lat="46.6859950" lon="0.3683210">
    <ele>86.6</ele>
    <time>2024-09-06T17:22:47Z</time>
   </trkpt>
   <trkpt lat="46.6859650" lon="0.3683290">
    <ele>86.4</ele>
    <time>2024-09-06T17:22:48Z</time>
   </trkpt>
   <trkpt lat="46.6859360" lon="0.3683320">
    <ele>86.2</ele>
    <time>2024-09-06T17:22:49Z</time>
   </trkpt>
   <trkpt lat="46.6858990" lon="0.3683470">
    <ele>85.9</ele>
    <time>2024-09-06T17:22:50Z</time>
   </trkpt>
   <trkpt lat="46.6858870" lon="0.3683520">
    <ele>85.8</ele>
    <time>2024-09-06T17:22:51Z</time>
   </trkpt>
   <trkpt lat="46.6858460" lon="0.3683640">
    <ele>85.5</ele>
    <time>2024-09-06T17:22:52Z</time>
   </trkpt>
   <trkpt lat="46.6858290" lon="0.3683710">
    <ele>85.4</ele>
    <time>2024-09-06T17:22:53Z</time>
   </trkpt>
   <trkpt lat="46.6858020" lon="0.3683860">
    <ele>85.2</ele>
    <time>2024-09-06T17:22:54Z</time>
   </trkpt>
   <trkpt lat="46.6857620" lon="0.3684090">
    <ele>84.9</ele>
    <time>2024-09-06T17:22:55Z</time>
   </trkpt>
   <trkpt lat="46.6857480" lon="0.3684180">
    <ele>84.8</ele>
    <time>2024-09-06T17:22:56Z</time>
   </trkpt>
   <trkpt lat="46.6857220" lon="0.3684350">
    <ele>84.7</ele>
    <time>2024-09-06T17:22:57Z</time>
   </trkpt>
   <trkpt lat="46.6856840" lon="0.3684570">
    <ele>84.4</ele>
    <time>2024-09-06T17:22:58Z</time>
   </trkpt>
   <trkpt lat="46.6856710" lon="0.3684650">
    <ele>84.3</ele>
    <time>2024-09-06T17:22:59Z</time>
   </trkpt>
   <trkpt lat="46.6856430" lon="0.3684800">
    <ele>84.2</ele>
    <time>2024-09-06T17:23:00Z</time>
   </trkpt>
   <trkpt lat="46.6856140" lon="0.3684950">
    <ele>84.0</ele>
    <time>2024-09-06T17:23:01Z</time>
   </trkpt>
   <trkpt lat="46.6855790" lon="0.3685030">
    <ele>83.7</ele>
    <time>2024-09-06T17:23:02Z</time>
   </trkpt>
   <trkpt lat="46.6855470" lon="0.3685120">
    <ele>83.5</ele>
    <time>2024-09-06T17:23:03Z</time>
   </trkpt>
   <trkpt lat="46.6855190" lon="0.3685250">
    <ele>83.3</ele>
    <time>2024-09-06T17:23:04Z</time>
   </trkpt>
   <trkpt lat="46.6854850" lon="0.3685570">
    <ele>83.1</ele>
    <time>2024-09-06T17:23:05Z</time>
   </trkpt>
   <trkpt lat="46.6854750" lon="0.3685720">
    <ele>83.0</ele>
    <time>2024-09-06T17:23:06Z</time>
   </trkpt>
   <trkpt lat="46.6854570" lon="0.3686050">
    <ele>82.9</ele>
    <time>2024-09-06T17:23:07Z</time>
   </trkpt>
   <trkpt lat="46.6854420" lon="0.3686420">
    <ele>82.7</ele>
    <time>2024-09-06T17:23:08Z</time>
   </trkpt>
   <trkpt lat="46.6854300" lon="0.3686870">
    <ele>82.5</ele>
    <time>2024-09-06T17:23:09Z</time>
   </trkpt>
   <trkpt lat="46.6854180" lon="0.3687300">
    <ele>82.3</ele>
    <time>2024-09-06T17:23:10Z</time>
   </trkpt>
   <trkpt lat="46.6854090" lon="0.3687700">
    <ele>82.2</ele>
    <time>2024-09-06T17:23:11Z</time>
   </trkpt>
   <trkpt lat="46.6853840" lon="0.3688100">
    <ele>81.9</ele>
    <time>2024-09-06T17:23:12Z</time>
   </trkpt>
   <trkpt lat="46.6853710" lon="0.3688210">
    <ele>81.8</ele>
    <time>2024-09-06T17:23:13Z</time>
   </trkpt>
   <trkpt lat="46.6853370" lon="0.3688310">
    <ele>81.6</ele>
    <time>2024-09-06T17:23:14Z</time>
   </trkpt>
   <trkpt lat="46.6853030" lon="0.3688270">
    <ele>81.4</ele>
    <time>2024-09-06T17:23:15Z</time>
   </trkpt>
   <trkpt lat="46.6852730" lon="0.3688120">
    <ele>81.5</ele>
    <time>2024-09-06T17:23:16Z</time>
   </trkpt>
   <trkpt lat="46.6852420" lon="0.3687920">
    <ele>81.6</ele>
    <time>2024-09-06T17:23:17Z</time>
   </trkpt>
   <trkpt lat="46.6852130" lon="0.3687700">
    <ele>81.7</ele>
    <time>2024-09-06T17:23:18Z</time>
   </trkpt>
   <trkpt lat="46.6851860" lon="0.3687480">
    <ele>81.8</ele>
    <time>2024-09-06T17:23:19Z</time>
   </trkpt>
   <trkpt lat="46.6851600" lon="0.3687200">
    <ele>82.0</ele>
    <time>2024-09-06T17:23:20Z</time>
   </trkpt>
   <trkpt lat="46.6851370" lon="0.3686970">
    <ele>82.1</ele>
    <time>2024-09-06T17:23:21Z</time>
   </trkpt>
   <trkpt lat="46.6851040" lon="0.3686870">
    <ele>82.2</ele>
    <time>2024-09-06T17:23:22Z</time>
   </trkpt>
   <trkpt lat="46.6850920" lon="0.3686860">
    <ele>82.3</ele>
    <time>2024-09-06T17:23:23Z</time>
   </trkpt>
   <trkpt lat="46.6850540" lon="0.3686930">
    <ele>82.5</ele>
    <time>2024-09-06T17:23:24Z</time>
   </trkpt>
   <trkpt lat="46.6850400" lon="0.3686950">
    <ele>82.5</ele>
    <time>2024-09-06T17:23:25Z</time>
   </trkpt>
   <trkpt lat="46.6850000" lon="0.3686910">
    <ele>82.7</ele>
    <time>2024-09-06T17:23:26Z</time>
   </trkpt>
   <trkpt lat="46.6849870" lon="0.3686860">
    <ele>82.8</ele>
    <time>2024-09-06T17:23:27Z</time>
   </trkpt>
   <trkpt lat="46.6849620" lon="0.3686680">
    <ele>82.9</ele>
    <time>2024-09-06T17:23:28Z</time>
   </trkpt>
   <trkpt lat="46.6849250" lon="0.3686520">
    <ele>83.1</ele>
    <time>2024-09-06T17:23:29Z</time>
   </trkpt>
   <trkpt lat="46.6849120" lon="0.3686490">
    <ele>83.2</ele>
    <time>2024-09-06T17:23:30Z</time>
   </trkpt>
   <trkpt lat="46.6848850" lon="0.3686450">
    <ele>83.3</ele>
    <time>2024-09-06T17:23:31Z</time>
   </trkpt>
   <trkpt lat="46.6848560" lon="0.3686410">
    <ele>83.4</ele>
    <time>2024-09-06T17:23:32Z</time>
   </trkpt>
   <trkpt lat="46.6848270" lon="0.3686390">
    <ele>83.6</ele>
    <time>2024-09-06T17:23:33Z</time>
   </trkpt>
   <trkpt lat="46.6847890" lon="0.3686210">
    <ele>83.8</ele>
    <time>2024-09-06T17:23:34Z</time>
   </trkpt>
   <trkpt lat="46.6847770" lon="0.3686140">
    <ele>83.9</ele>
    <time>2024-09-06T17:23:35Z</time>
   </trkpt>
   <trkpt lat="46.6847500" lon="0.3685970">
    <ele>84.0</ele>
    <time>2024-09-06T17:23:36Z</time>
   </trkpt>
   <trkpt lat="46.6847240" lon="0.3685740">
    <ele>84.1</ele>
    <time>2024-09-06T17:23:37Z</time>
   </trkpt>
   <trkpt lat="46.6847010" lon="0.3685460">
    <ele>84.3</ele>
    <time>2024-09-06T17:23:38Z</time>
   </trkpt>
   <trkpt lat="46.6846790" lon="0.3685180">
    <ele>84.4</ele>
    <time>2024-09-06T17:23:39Z</time>
   </trkpt>
   <trkpt lat="46.6846560" lon="0.3684920">
    <ele>84.6</ele>
    <time>2024-09-06T17:23:40Z</time>
   </trkpt>
   <trkpt lat="46.6846260" lon="0.3684520">
    <ele>84.8</ele>
    <time>2024-09-06T17:23:41Z</time>
   </trkpt>
   <trkpt lat="46.6846150" lon="0.3684380">
    <ele>84.8</ele>
    <time>2024-09-06T17:23:42Z</time>
   </trkpt>
   <trkpt lat="46.6845920" lon="0.3684130">
    <ele>85.0</ele>
    <time>2024-09-06T17:23:43Z</time>
   </trkpt>
   <trkpt lat="46.6845660" lon="0.3683980">
    <ele>85.1</ele>
    <time>2024-09-06T17:23:44Z</time>
   </trkpt>
   <trkpt lat="46.6845290" lon="0.3683790">
    <ele>85.3</ele>
    <time>2024-09-06T17:23:45Z</time>
   </trkpt>
   <trkpt lat="46.6845170" lon="0.3683710">
    <ele>85.4</ele>
    <time>2024-09-06T17:23:46Z</time>
   </trkpt>
   <trkpt lat="46.6844920" lon="0.3683540">
    <ele>85.5</ele>
    <time>2024-09-06T17:23:47Z</time>
   </trkpt>
   <trkpt lat="46.6844580" lon="0.3683250">
    <ele>85.7</ele>
    <time>2024-09-06T17:23:48Z</time>
   </trkpt>
   <trkpt lat="46.6844460" lon="0.3683160">
    <ele>85.7</ele>
    <time>2024-09-06T17:23:49Z</time>
   </trkpt>
   <trkpt lat="46.6844130" lon="0.3682850">
    <ele>85.9</ele>
    <time>2024-09-06T17:23:50Z</time>
   </trkpt>
   <trkpt lat="46.6844030" lon="0.3682730">
    <ele>86.0</ele>
    <time>2024-09-06T17:23:51Z</time>
   </trkpt>
   <trkpt lat="46.6843760" lon="0.3682440">
    <ele>86.2</ele>
    <time>2024-09-06T17:23:52Z</time>
   </trkpt>
   <trkpt lat="46.6843670" lon="0.3682360">
    <ele>86.2</ele>
    <time>2024-09-06T17:23:53Z</time>
   </trkpt>
   <trkpt lat="46.6843320" lon="0.3682200">
    <ele>86.4</ele>
    <time>2024-09-06T17:23:54Z</time>
   </trkpt>
   <trkpt lat="46.6843200" lon="0.3682130">
    <ele>86.4</ele>
    <time>2024-09-06T17:23:55Z</time>
   </trkpt>
   <trkpt lat="46.6842860" lon="0.3681910">
    <ele>86.6</ele>
    <time>2024-09-06T17:23:56Z</time>
   </trkpt>
   <trkpt lat="46.6842750" lon="0.3681840">
    <ele>86.7</ele>
    <time>2024-09-06T17:23:57Z</time>
   </trkpt>
   <trkpt lat="46.6842450" lon="0.3681590">
    <ele>86.8</ele>
    <time>2024-09-06T17:23:58Z</time>
   </trkpt>
   <trkpt lat="46.6842350" lon="0.3681500">
    <ele>86.9</ele>
    <time>2024-09-06T17:23:59Z</time>
   </trkpt>
   <trkpt lat="46.6842030" lon="0.3681260">
    <ele>87.1</ele>
    <time>2024-09-06T17:24:00Z</time>
   </trkpt>
   <trkpt lat="46.6841920" lon="0.3681190">
    <ele>87.1</ele>
    <time>2024-09-06T17:24:01Z</time>
   </trkpt>
   <trkpt lat="46.6841590" lon="0.3681000">
    <ele>87.3</ele>
    <time>2024-09-06T17:24:02Z</time>
   </trkpt>
   <trkpt lat="46.6841470" lon="0.3680930">
    <ele>87.3</ele>
    <time>2024-09-06T17:24:03Z</time>
   </trkpt>
   <trkpt lat="46.6841130" lon="0.3680730">
    <ele>87.5</ele>
    <time>2024-09-06T17:24:04Z</time>
   </trkpt>
   <trkpt lat="46.6841010" lon="0.3680660">
    <ele>87.6</ele>
    <time>2024-09-06T17:24:05Z</time>
   </trkpt>
   <trkpt lat="46.6840680" lon="0.3680460">
    <ele>87.7</ele>
    <time>2024-09-06T17:24:06Z</time>
   </trkpt>
   <trkpt lat="46.6840570" lon="0.3680400">
    <ele>87.8</ele>
    <time>2024-09-06T17:24:07Z</time>
   </trkpt>
   <trkpt lat="46.6840220" lon="0.3680130">
    <ele>88.0</ele>
    <time>2024-09-06T17:24:08Z</time>
   </trkpt>
   <trkpt lat="46.6840110" lon="0.3680050">
    <ele>88.0</ele>
    <time>2024-09-06T17:24:09Z</time>
   </trkpt>
   <trkpt lat="46.6839760" lon="0.3679830">
    <ele>88.2</ele>
    <time>2024-09-06T17:24:10Z</time>
   </trkpt>
   <trkpt lat="46.6839650" lon="0.3679750">
    <ele>88.3</ele>
    <time>2024-09-06T17:24:11Z</time>
   </trkpt>
   <trkpt lat="46.6839340" lon="0.3679540">
    <ele>88.4</ele>
    <time>2024-09-06T17:24:12Z</time>
   </trkpt>
   <trkpt lat="46.6839240" lon="0.3679460">
    <ele>88.5</ele>
    <time>2024-09-06T17:24:13Z</time>
   </trkpt>
   <trkpt lat="46.6838900" lon="0.3679200">
    <ele>88.6</ele>
    <time>2024-09-06T17:24:14Z</time>
   </trkpt>
   <trkpt lat="46.6838790" lon="0.3679100">
    <ele>88.7</ele>
    <time>2024-09-06T17:24:15Z</time>
   </trkpt>
   <trkpt lat="46.6838530" lon="0.3678820">
    <ele>88.8</ele>
    <time>2024-09-06T17:24:16Z</time>
   </trkpt>
   <trkpt lat="46.6838260" lon="0.3678550">
    <ele>88.8</ele>
    <time>2024-09-06T17:24:17Z</time>
   </trkpt>
   <trkpt lat="46.6838010" lon="0.3678300">
    <ele>88.9</ele>
    <time>2024-09-06T17:24:18Z</time>
   </trkpt>
   <trkpt lat="46.6837760" lon="0.3678090">
    <ele>89.0</ele>
    <time>2024-09-06T17:24:19Z</time>
   </trkpt>
   <trkpt lat="46.6837520" lon="0.3677910">
    <ele>89.1</ele>
    <time>2024-09-06T17:24:20Z</time>
   </trkpt>
   <trkpt lat="46.6837230" lon="0.3677730">
    <ele>89.2</ele>
    <time>2024-09-06T17:24:21Z</time>
   </trkpt>
   <trkpt lat="46.6836940" lon="0.3677540">
    <ele>89.4</ele>
    <time>2024-09-06T17:24:22Z</time>
   </trkpt>
   <trkpt lat="46.6836680" lon="0.3677350">
    <ele>89.5</ele>
    <time>2024-09-06T17:24:23Z</time>
   </trkpt>
   <trkpt lat="46.6836420" lon="0.3677160">
    <ele>89.6</ele>
    <time>2024-09-06T17:24:24Z</time>
   </trkpt>
   <trkpt lat="46.6836120" lon="0.3676870">
    <ele>89.8</ele>
    <time>2024-09-06T17:24:25Z</time>
   </trkpt>
   <trkpt lat="46.6836020" lon="0.3676780">
    <ele>89.8</ele>
    <time>2024-09-06T17:24:26Z</time>
   </trkpt>
   <trkpt lat="46.6835690" lon="0.3676470">
    <ele>90.0</ele>
    <time>2024-09-06T17:24:27Z</time>
   </trkpt>
   <trkpt lat="46.6835580" lon="0.3676370">
    <ele>90.1</ele>
    <time>2024-09-06T17:24:28Z</time>
   </trkpt>
   <trkpt lat="46.6835310" lon="0.3676170">
    <ele>90.3</ele>
    <time>2024-09-06T17:24:29Z</time>
   </trkpt>
   <trkpt lat="46.6835030" lon="0.3675950">
    <ele>90.4</ele>
    <time>2024-09-06T17:24:30Z</time>
   </trkpt>
   <trkpt lat="46.6834740" lon="0.3675580">
    <ele>90.6</ele>
    <time>2024-09-06T17:24:31Z</time>
   </trkpt>
   <trkpt lat="46.6834650" lon="0.3675430">
    <ele>90.7</ele>
    <time>2024-09-06T17:24:32Z</time>
   </trkpt>
   <trkpt lat="46.6834460" lon="0.3675080">
    <ele>90.9</ele>
    <time>2024-09-06T17:24:33Z</time>
   </trkpt>
   <trkpt lat="46.6834280" lon="0.3674750">
    <ele>91.0</ele>
    <time>2024-09-06T17:24:34Z</time>
   </trkpt>
   <trkpt lat="46.6834050" lon="0.3674370">
    <ele>91.2</ele>
    <time>2024-09-06T17:24:35Z</time>
   </trkpt>
   <trkpt lat="46.6833970" lon="0.3674240">
    <ele>91.3</ele>
    <time>2024-09-06T17:24:36Z</time>
   </trkpt>
   <trkpt lat="46.6833740" lon="0.3673770">
    <ele>91.5</ele>
    <time>2024-09-06T17:24:37Z</time>
   </trkpt>
   <trkpt lat="46.6833660" lon="0.3673620">
    <ele>91.6</ele>
    <time>2024-09-06T17:24:38Z</time>
   </trkpt>
   <trkpt lat="46.6833440" lon="0.3673110">
    <ele>91.8</ele>
    <time>2024-09-06T17:24:39Z</time>
   </trkpt>
   <trkpt lat="46.6833360" lon="0.3672920">
    <ele>91.9</ele>
    <time>2024-09-06T17:24:40Z</time>
   </trkpt>
   <trkpt lat="46.6833220" lon="0.3672550">
    <ele>92.1</ele>
    <time>2024-09-06T17:24:41Z</time>
   </trkpt>
   <trkpt lat="46.6833090" lon="0.3672110">
    <ele>92.3</ele>
    <time>2024-09-06T17:24:42Z</time>
   </trkpt>
   <trkpt lat="46.6833060" lon="0.3671980">
    <ele>92.3</ele>
    <time>2024-09-06T17:24:43Z</time>
   </trkpt>
   <trkpt lat="46.6832900" lon="0.3671480">
    <ele>92.6</ele>
    <time>2024-09-06T17:24:44Z</time>
   </trkpt>
   <trkpt lat="46.6832850" lon="0.3671310">
    <ele>92.7</ele>
    <time>2024-09-06T17:24:45Z</time>
   </trkpt>
   <trkpt lat="46.6832730" lon="0.3670770">
    <ele>92.9</ele>
    <time>2024-09-06T17:24:46Z</time>
   </trkpt>
   <trkpt lat="46.6832690" lon="0.3670570">
    <ele>93.0</ele>
    <time>2024-09-06T17:24:47Z</time>
   </trkpt>
   <trkpt lat="46.6832580" lon="0.3670040">
    <ele>93.2</ele>
    <time>2024-09-06T17:24:48Z</time>
   </trkpt>
   <trkpt lat="46.6832540" lon="0.3669880">
    <ele>93.3</ele>
    <time>2024-09-06T17:24:49Z</time>
   </trkpt>
   <trkpt lat="46.6832410" lon="0.3669340">
    <ele>93.6</ele>
    <time>2024-09-06T17:24:50Z</time>
   </trkpt>
   <trkpt lat="46.6832370" lon="0.3669150">
    <ele>93.7</ele>
    <time>2024-09-06T17:24:51Z</time>
   </trkpt>
   <trkpt lat="46.6832290" lon="0.3668690">
    <ele>93.9</ele>
    <time>2024-09-06T17:24:52Z</time>
   </trkpt>
   <trkpt lat="46.6832270" lon="0.3668570">
    <ele>94.0</ele>
    <time>2024-09-06T17:24:53Z</time>
   </trkpt>
   <trkpt lat="46.6832190" lon="0.3668080">
    <ele>94.2</ele>
    <time>2024-09-06T17:24:54Z</time>
   </trkpt>
   <trkpt lat="46.6832160" lon="0.3667900">
    <ele>94.3</ele>
    <time>2024-09-06T17:24:55Z</time>
   </trkpt>
   <trkpt lat="46.6832080" lon="0.3667340">
    <ele>94.6</ele>
    <time>2024-09-06T17:24:56Z</time>
   </trkpt>
   <trkpt lat="46.6832050" lon="0.3667130">
    <ele>94.7</ele>
    <time>2024-09-06T17:24:57Z</time>
   </trkpt>
   <trkpt lat="46.6832030" lon="0.3666710">
    <ele>94.9</ele>
    <time>2024-09-06T17:24:58Z</time>
   </trkpt>
   <trkpt lat="46.6832080" lon="0.3666160">
    <ele>95.1</ele>
    <time>2024-09-06T17:24:59Z</time>
   </trkpt>
   <trkpt lat="46.6832100" lon="0.3665980">
    <ele>95.2</ele>
    <time>2024-09-06T17:25:00Z</time>
   </trkpt>
   <trkpt lat="46.6832110" lon="0.3665500">
    <ele>95.4</ele>
    <time>2024-09-06T17:25:01Z</time>
   </trkpt>
   <trkpt lat="46.6832100" lon="0.3665360">
    <ele>95.5</ele>
    <time>2024-09-06T17:25:02Z</time>
   </trkpt>
   <trkpt lat="46.6832090" lon="0.3664890">
    <ele>95.7</ele>
    <time>2024-09-06T17:25:03Z</time>
   </trkpt>
   <trkpt lat="46.6832090" lon="0.3664710">
    <ele>95.8</ele>
    <time>2024-09-06T17:25:04Z</time>
   </trkpt>
   <trkpt lat="46.6832100" lon="0.3664310">
    <ele>96.0</ele>
    <time>2024-09-06T17:25:05Z</time>
   </trkpt>
   <trkpt lat="46.6832090" lon="0.3663790">
    <ele>96.2</ele>
    <time>2024-09-06T17:25:06Z</time>
   </trkpt>
   <trkpt lat="46.6832080" lon="0.3663590">
    <ele>96.3</ele>
    <time>2024-09-06T17:25:07Z</time>
   </trkpt>
   <trkpt lat="46.6832060" lon="0.3663010">
    <ele>96.5</ele>
    <time>2024-09-06T17:25:08Z</time>
   </trkpt>
   <trkpt lat="46.6832060" lon="0.3662810">
    <ele>96.6</ele>
    <time>2024-09-06T17:25:09Z</time>
   </trkpt>
   <trkpt lat="46.6832060" lon="0.3662400">
    <ele>96.8</ele>
    <time>2024-09-06T17:25:10Z</time>
   </trkpt>
   <trkpt lat="46.6832090" lon="0.3661970">
    <ele>97.0</ele>
    <time>2024-09-06T17:25:11Z</time>
   </trkpt>
   <trkpt lat="46.6832130" lon="0.3661430">
    <ele>97.3</ele>
    <time>2024-09-06T17:25:12Z</time>
   </trkpt>
   <trkpt lat="46.6832140" lon="0.3661250">
    <ele>97.3</ele>
    <time>2024-09-06T17:25:13Z</time>
   </trkpt>
   <trkpt lat="46.6832180" lon="0.3660710">
    <ele>97.6</ele>
    <time>2024-09-06T17:25:14Z</time>
   </trkpt>
   <trkpt lat="46.6832200" lon="0.3660540">
    <ele>97.7</ele>
    <time>2024-09-06T17:25:15Z</time>
   </trkpt>
   <trkpt lat="46.6832220" lon="0.3660090">
    <ele>97.9</ele>
    <time>2024-09-06T17:25:16Z</time>
   </trkpt>
   <trkpt lat="46.6832220" lon="0.3659920">
    <ele>97.9</ele>
    <time>2024-09-06T17:25:17Z</time>
   </trkpt>
   <trkpt lat="46.6832250" lon="0.3659450">
    <ele>98.2</ele>
    <time>2024-09-06T17:25:18Z</time>
   </trkpt>
   <trkpt lat="46.6832280" lon="0.3659000">
    <ele>98.4</ele>
    <time>2024-09-06T17:25:19Z</time>
   </trkpt>
   <trkpt lat="46.6832330" lon="0.3658450">
    <ele>98.6</ele>
    <time>2024-09-06T17:25:20Z</time>
   </trkpt>
   <trkpt lat="46.6832350" lon="0.3658250">
    <ele>98.7</ele>
    <time>2024-09-06T17:25:21Z</time>
   </trkpt>
   <trkpt lat="46.6832380" lon="0.3657850">
    <ele>98.9</ele>
    <time>2024-09-06T17:25:22Z</time>
   </trkpt>
   <trkpt lat="46.6832430" lon="0.3657250">
    <ele>99.1</ele>
    <time>2024-09-06T17:25:23Z</time>
   </trkpt>
   <trkpt lat="46.6832450" lon="0.3657040">
    <ele>99.2</ele>
    <time>2024-09-06T17:25:24Z</time>
   </trkpt>
   <trkpt lat="46.6832480" lon="0.3656530">
    <ele>99.5</ele>
    <time>2024-09-06T17:25:25Z</time>
   </trkpt>
   <trkpt lat="46.6832530" lon="0.3656090">
    <ele>99.7</ele>
    <time>2024-09-06T17:25:26Z</time>
   </trkpt>
   <trkpt lat="46.6832550" lon="0.3655970">
    <ele>99.8</ele>
    <time>2024-09-06T17:25:27Z</time>
   </trkpt>
   <trkpt lat="46.6832620" lon="0.3655560">
    <ele>100.0</ele>
    <time>2024-09-06T17:25:28Z</time>
   </trkpt>
   <trkpt lat="46.6832710" lon="0.3655070">
    <ele>100.2</ele>
    <time>2024-09-06T17:25:29Z</time>
   </trkpt>
   <trkpt lat="46.6832780" lon="0.3654650">
    <ele>100.4</ele>
    <time>2024-09-06T17:25:30Z</time>
   </trkpt>
   <trkpt lat="46.6832820" lon="0.3654250">
    <ele>100.6</ele>
    <time>2024-09-06T17:25:31Z</time>
   </trkpt>
   <trkpt lat="46.6832860" lon="0.3653730">
    <ele>100.9</ele>
    <time>2024-09-06T17:25:32Z</time>
   </trkpt>
   <trkpt lat="46.6832880" lon="0.3653570">
    <ele>100.9</ele>
    <time>2024-09-06T17:25:33Z</time>
   </trkpt>
   <trkpt lat="46.6832940" lon="0.3653110">
    <ele>101.1</ele>
    <time>2024-09-06T17:25:34Z</time>
   </trkpt>
   <trkpt lat="46.6832970" lon="0.3652930">
    <ele>101.2</ele>
    <time>2024-09-06T17:25:35Z</time>
   </trkpt>
   <trkpt lat="46.6833010" lon="0.3652380">
    <ele>101.5</ele>
    <time>2024-09-06T17:25:36Z</time>
   </trkpt>
   <trkpt lat="46.6833020" lon="0.3652200">
    <ele>101.5</ele>
    <time>2024-09-06T17:25:37Z</time>
   </trkpt>
   <trkpt lat="46.6833030" lon="0.3651720">
    <ele>101.7</ele>
    <time>2024-09-06T17:25:38Z</time>
   </trkpt>
   <trkpt lat="46.6833040" lon="0.3651570">
    <ele>101.8</ele>
    <time>2024-09-06T17:25:39Z</time>
   </trkpt>
   <trkpt lat="46.6833170" lon="0.3651100">
    <ele>102.0</ele>
    <time>2024-09-06T17:25:40Z</time>
   </trkpt>
   <trkpt lat="46.6833220" lon="0.3650930">
    <ele>102.1</ele>
    <time>2024-09-06T17:25:41Z</time>
   </trkpt>
   <trkpt lat="46.6833330" lon="0.3650440">
    <ele>102.3</ele>
    <time>2024-09-06T17:25:42Z</time>
   </trkpt>
   <trkpt lat="46.6833350" lon="0.3650270">
    <ele>102.3</ele>
    <time>2024-09-06T17:25:43Z</time>
   </trkpt>
   <trkpt lat="46.6833350" lon="0.3649840">
    <ele>102.5</ele>
    <time>2024-09-06T17:25:44Z</time>
   </trkpt>
   <trkpt lat="46.6833350" lon="0.3649280">
    <ele>102.7</ele>
    <time>2024-09-06T17:25:45Z</time>
   </trkpt>
   <trkpt lat="46.6833350" lon="0.3649110">
    <ele>102.8</ele>
    <time>2024-09-06T17:25:46Z</time>
   </trkpt>
   <trkpt lat="46.6833350" lon="0.3648680">
    <ele>102.9</ele>
    <time>2024-09-06T17:25:47Z</time>
   </trkpt>
   <trkpt lat="46.6833300" lon="0.3648270">
    <ele>102.9</ele>
    <time>2024-09-06T17:25:48Z</time>
   </trkpt>
   <trkpt lat="46.6833240" lon="0.3647810">
    <ele>103.0</ele>
    <time>2024-09-06T17:25:49Z</time>
   </trkpt>
   <trkpt lat="46.6833230" lon="0.3647660">
    <ele>103.1</ele>
    <time>2024-09-06T17:25:50Z</time>
   </trkpt>
   <trkpt lat="46.6833170" lon="0.3647120">
    <ele>103.2</ele>
    <time>2024-09-06T17:25:51Z</time>
   </trkpt>
   <trkpt lat="46.6833170" lon="0.3646930">
    <ele>103.3</ele>
    <time>2024-09-06T17:25:52Z</time>
   </trkpt>
   <trkpt lat="46.6833160" lon="0.3646520">
    <ele>103.4</ele>
    <time>2024-09-06T17:25:53Z</time>
   </trkpt>
   <trkpt lat="46.6833150" lon="0.3646120">
    <ele>103.5</ele>
    <time>2024-09-06T17:25:54Z</time>
   </trkpt>
   <trkpt lat="46.6833100" lon="0.3645550">
    <ele>103.6</ele>
    <time>2024-09-06T17:25:55Z</time>
   </trkpt>
   <trkpt lat="46.6833080" lon="0.3645350">
    <ele>103.7</ele>
    <time>2024-09-06T17:25:56Z</time>
   </trkpt>
   <trkpt lat="46.6833050" lon="0.3644900">
    <ele>103.8</ele>
    <time>2024-09-06T17:25:57Z</time>
   </trkpt>
   <trkpt lat="46.6833040" lon="0.3644500">
    <ele>103.9</ele>
    <time>2024-09-06T17:25:58Z</time>
   </trkpt>
   <trkpt lat="46.6833030" lon="0.3644030">
    <ele>104.0</ele>
    <time>2024-09-06T17:25:59Z</time>
   </trkpt>
   <trkpt lat="46.6833020" lon="0.3643890">
    <ele>104.1</ele>
    <time>2024-09-06T17:26:00Z</time>
   </trkpt>
   <trkpt lat="46.6833030" lon="0.3643470">
    <ele>104.2</ele>
    <time>2024-09-06T17:26:01Z</time>
   </trkpt>
   <trkpt lat="46.6833050" lon="0.3643330">
    <ele>104.2</ele>
    <time>2024-09-06T17:26:02Z</time>
   </trkpt>
   <trkpt lat="46.6833120" lon="0.3642860">
    <ele>104.3</ele>
    <time>2024-09-06T17:26:03Z</time>
   </trkpt>
   <trkpt lat="46.6833150" lon="0.3642710">
    <ele>104.3</ele>
    <time>2024-09-06T17:26:04Z</time>
   </trkpt>
   <trkpt lat="46.6833220" lon="0.3642280">
    <ele>104.4</ele>
    <time>2024-09-06T17:26:05Z</time>
   </trkpt>
   <trkpt lat="46.6833230" lon="0.3642110">
    <ele>104.5</ele>
    <time>2024-09-06T17:26:06Z</time>
   </trkpt>
   <trkpt lat="46.6833270" lon="0.3641720">
    <ele>104.5</ele>
    <time>2024-09-06T17:26:07Z</time>
   </trkpt>
   <trkpt lat="46.6833370" lon="0.3641240">
    <ele>104.6</ele>
    <time>2024-09-06T17:26:08Z</time>
   </trkpt>
   <trkpt lat="46.6833410" lon="0.3641100">
    <ele>104.6</ele>
    <time>2024-09-06T17:26:09Z</time>
   </trkpt>
   <trkpt lat="46.6833480" lon="0.3640670">
    <ele>104.7</ele>
    <time>2024-09-06T17:26:10Z</time>
   </trkpt>
   <trkpt lat="46.6833500" lon="0.3640510">
    <ele>104.7</ele>
    <time>2024-09-06T17:26:11Z</time>
   </trkpt>
   <trkpt lat="46.6833500" lon="0.3639950">
    <ele>104.8</ele>
    <time>2024-09-06T17:26:12Z</time>
   </trkpt>
   <trkpt lat="46.6833500" lon="0.3639770">
    <ele>104.8</ele>
    <time>2024-09-06T17:26:13Z</time>
   </trkpt>
   <trkpt lat="46.6833520" lon="0.3639280">
    <ele>104.9</ele>
    <time>2024-09-06T17:26:14Z</time>
   </trkpt>
   <trkpt lat="46.6833540" lon="0.3639110">
    <ele>104.9</ele>
    <time>2024-09-06T17:26:15Z</time>
   </trkpt>
   <trkpt lat="46.6833600" lon="0.3638710">
    <ele>105.0</ele>
    <time>2024-09-06T17:26:16Z</time>
   </trkpt>
   <trkpt lat="46.6833660" lon="0.3638290">
    <ele>105.1</ele>
    <time>2024-09-06T17:26:17Z</time>
   </trkpt>
   <trkpt lat="46.6833620" lon="0.3637830">
    <ele>105.1</ele>
    <time>2024-09-06T17:26:18Z</time>
   </trkpt>
   <trkpt lat="46.6833550" lon="0.3637740">
    <ele>105.1</ele>
    <time>2024-09-06T17:26:19Z</time>
   </trkpt>
   <trkpt lat="46.6833120" lon="0.3637680">
    <ele>105.0</ele>
    <time>2024-09-06T17:26:20Z</time>
   </trkpt>
   <trkpt lat="46.6832950" lon="0.3637700">
    <ele>105.0</ele>
    <time>2024-09-06T17:26:21Z</time>
   </trkpt>
   <trkpt lat="46.6832590" lon="0.3637760">
    <ele>104.9</ele>
    <time>2024-09-06T17:26:22Z</time>
   </trkpt>
   <trkpt lat="46.6832230" lon="0.3637770">
    <ele>104.8</ele>
    <time>2024-09-06T17:26:23Z</time>
   </trkpt>
   <trkpt lat="46.6831910" lon="0.3637760">
    <ele>104.7</ele>
    <time>2024-09-06T17:26:24Z</time>
   </trkpt>
   <trkpt lat="46.6831630" lon="0.3637740">
    <ele>104.7</ele>
    <time>2024-09-06T17:26:25Z</time>
   </trkpt>
   <trkpt lat="46.6831340" lon="0.3637660">
    <ele>104.6</ele>
    <time>2024-09-06T17:26:26Z</time>
   </trkpt>
   <trkpt lat="46.6831030" lon="0.3637580">
    <ele>104.5</ele>
    <time>2024-09-06T17:26:27Z</time>
   </trkpt>
   <trkpt lat="46.6830710" lon="0.3637480">
    <ele>104.5</ele>
    <time>2024-09-06T17:26:28Z</time>
   </trkpt>
   <trkpt lat="46.6830400" lon="0.3637350">
    <ele>104.4</ele>
    <time>2024-09-06T17:26:29Z</time>
   </trkpt>
   <trkpt lat="46.6830100" lon="0.3637240">
    <ele>104.4</ele>
    <time>2024-09-06T17:26:30Z</time>
   </trkpt>
   <trkpt lat="46.6829820" lon="0.3637150">
    <ele>104.3</ele>
    <time>2024-09-06T17:26:31Z</time>
   </trkpt>
   <trkpt lat="46.6829530" lon="0.3637130">
    <ele>104.3</ele>
    <time>2024-09-06T17:26:32Z</time>
   </trkpt>
   <trkpt lat="46.6829170" lon="0.3637180">
    <ele>104.3</ele>
    <time>2024-09-06T17:26:33Z</time>
   </trkpt>
   <trkpt lat="46.6829040" lon="0.3637210">
    <ele>104.2</ele>
    <time>2024-09-06T17:26:34Z</time>
   </trkpt>
   <trkpt lat="46.6828740" lon="0.3637250">
    <ele>104.2</ele>
    <time>2024-09-06T17:26:35Z</time>
   </trkpt>
   <trkpt lat="46.6828440" lon="0.3637330">
    <ele>104.2</ele>
    <time>2024-09-06T17:26:36Z</time>
   </trkpt>
   <trkpt lat="46.6828040" lon="0.3637330">
    <ele>104.2</ele>
    <time>2024-09-06T17:26:37Z</time>
   </trkpt>
   <trkpt lat="46.6827890" lon="0.3637290">
    <ele>104.2</ele>
    <time>2024-09-06T17:26:38Z</time>
   </trkpt>
   <trkpt lat="46.6827610" lon="0.3637140">
    <ele>104.3</ele>
    <time>2024-09-06T17:26:39Z</time>
   </trkpt>
   <trkpt lat="46.6827300" lon="0.3636860">
    <ele>104.3</ele>
    <time>2024-09-06T17:26:40Z</time>
   </trkpt>
   <trkpt lat="46.6827210" lon="0.3636760">
    <ele>104.3</ele>
    <time>2024-09-06T17:26:41Z</time>
   </trkpt>
   <trkpt lat="46.6826920" lon="0.3636440">
    <ele>104.3</ele>
    <time>2024-09-06T17:26:42Z</time>
   </trkpt>
   <trkpt lat="46.6826840" lon="0.3636340">
    <ele>104.3</ele>
    <time>2024-09-06T17:26:43Z</time>
   </trkpt>
   <trkpt lat="46.6826600" lon="0.3636070">
    <ele>104.4</ele>
    <time>2024-09-06T17:26:44Z</time>
   </trkpt>
   <trkpt lat="46.6826520" lon="0.3635980">
    <ele>104.4</ele>
    <time>2024-09-06T17:26:45Z</time>
   </trkpt>
   <trkpt lat="46.6826210" lon="0.3635780">
    <ele>104.4</ele>
    <time>2024-09-06T17:26:46Z</time>
   </trkpt>
   <trkpt lat="46.6826110" lon="0.3635740">
    <ele>104.4</ele>
    <time>2024-09-06T17:26:47Z</time>
   </trkpt>
   <trkpt lat="46.6825840" lon="0.3635810">
    <ele>104.3</ele>
    <time>2024-09-06T17:26:48Z</time>
   </trkpt>
   <trkpt lat="46.6825560" lon="0.3635950">
    <ele>104.2</ele>
    <time>2024-09-06T17:26:49Z</time>
   </trkpt>
   <trkpt lat="46.6825300" lon="0.3636120">
    <ele>104.1</ele>
    <time>2024-09-06T17:26:50Z</time>
   </trkpt>
   <trkpt lat="46.6825010" lon="0.3636300">
    <ele>104.1</ele>
    <time>2024-09-06T17:26:51Z</time>
   </trkpt>
   <trkpt lat="46.6824690" lon="0.3636480">
    <ele>104.0</ele>
    <time>2024-09-06T17:26:52Z</time>
   </trkpt>
   <trkpt lat="46.6824380" lon="0.3636620">
    <ele>103.9</ele>
    <time>2024-09-06T17:26:53Z</time>
   </trkpt>
   <trkpt lat="46.6824080" lon="0.3636730">
    <ele>103.8</ele>
    <time>2024-09-06T17:26:54Z</time>
   </trkpt>
   <trkpt lat="46.6823760" lon="0.3636840">
    <ele>103.7</ele>
    <time>2024-09-06T17:26:55Z</time>
   </trkpt>
   <trkpt lat="46.6823450" lon="0.3636970">
    <ele>103.6</ele>
    <time>2024-09-06T17:26:56Z</time>
   </trkpt>
   <trkpt lat="46.6823180" lon="0.3637090">
    <ele>103.6</ele>
    <time>2024-09-06T17:26:57Z</time>
   </trkpt>
   <trkpt lat="46.6822900" lon="0.3637220">
    <ele>103.5</ele>
    <time>2024-09-06T17:26:58Z</time>
   </trkpt>
   <trkpt lat="46.6822600" lon="0.3637360">
    <ele>103.4</ele>
    <time>2024-09-06T17:26:59Z</time>
   </trkpt>
   <trkpt lat="46.6822330" lon="0.3637480">
    <ele>103.3</ele>
    <time>2024-09-06T17:27:00Z</time>
   </trkpt>
   <trkpt lat="46.6822050" lon="0.3637560">
    <ele>103.2</ele>
    <time>2024-09-06T17:27:01Z</time>
   </trkpt>
   <trkpt lat="46.6821740" lon="0.3637660">
    <ele>103.1</ele>
    <time>2024-09-06T17:27:02Z</time>
   </trkpt>
   <trkpt lat="46.6821360" lon="0.3637790">
    <ele>103.0</ele>
    <time>2024-09-06T17:27:03Z</time>
   </trkpt>
   <trkpt lat="46.6821250" lon="0.3637840">
    <ele>103.0</ele>
    <time>2024-09-06T17:27:04Z</time>
   </trkpt>
   <trkpt lat="46.6820980" lon="0.3637980">
    <ele>102.9</ele>
    <time>2024-09-06T17:27:05Z</time>
   </trkpt>
   <trkpt lat="46.6820700" lon="0.3638170">
    <ele>102.8</ele>
    <time>2024-09-06T17:27:06Z</time>
   </trkpt>
   <trkpt lat="46.6820370" lon="0.3638430">
    <ele>102.7</ele>
    <time>2024-09-06T17:27:07Z</time>
   </trkpt>
   <trkpt lat="46.6820260" lon="0.3638510">
    <ele>102.7</ele>
    <time>2024-09-06T17:27:08Z</time>
   </trkpt>
   <trkpt lat="46.6819980" lon="0.3638650">
    <ele>102.6</ele>
    <time>2024-09-06T17:27:09Z</time>
   </trkpt>
   <trkpt lat="46.6819680" lon="0.3638800">
    <ele>102.5</ele>
    <time>2024-09-06T17:27:10Z</time>
   </trkpt>
   <trkpt lat="46.6819410" lon="0.3638940">
    <ele>102.5</ele>
    <time>2024-09-06T17:27:11Z</time>
   </trkpt>
   <trkpt lat="46.6819150" lon="0.3639110">
    <ele>102.4</ele>
    <time>2024-09-06T17:27:12Z</time>
   </trkpt>
   <trkpt lat="46.6818880" lon="0.3639250">
    <ele>102.3</ele>
    <time>2024-09-06T17:27:13Z</time>
   </trkpt>
   <trkpt lat="46.6818590" lon="0.3639420">
    <ele>102.2</ele>
    <time>2024-09-06T17:27:14Z</time>
   </trkpt>
   <trkpt lat="46.6818250" lon="0.3639570">
    <ele>102.2</ele>
    <time>2024-09-06T17:27:15Z</time>
   </trkpt>
   <trkpt lat="46.6817860" lon="0.3639710">
    <ele>102.0</ele>
    <time>2024-09-06T17:27:16Z</time>
   </trkpt>
   <trkpt lat="46.6817490" lon="0.3639840">
    <ele>101.9</ele>
    <time>2024-09-06T17:27:17Z</time>
   </trkpt>
   <trkpt lat="46.6817190" lon="0.3639960">
    <ele>101.9</ele>
    <time>2024-09-06T17:27:18Z</time>
   </trkpt>
   <trkpt lat="46.6816860" lon="0.3640100">
    <ele>101.8</ele>
    <time>2024-09-06T17:27:19Z</time>
   </trkpt>
   <trkpt lat="46.6816480" lon="0.3640250">
    <ele>101.7</ele>
    <time>2024-09-06T17:27:20Z</time>
   </trkpt>
   <trkpt lat="46.6816130" lon="0.3640380">
    <ele>101.6</ele>
    <time>2024-09-06T17:27:21Z</time>
   </trkpt>
   <trkpt lat="46.6815820" lon="0.3640520">
    <ele>101.5</ele>
    <time>2024-09-06T17:27:22Z</time>
   </trkpt>
   <trkpt lat="46.6815490" lon="0.3640670">
    <ele>101.4</ele>
    <time>2024-09-06T17:27:23Z</time>
   </trkpt>
   <trkpt lat="46.6815130" lon="0.3640870">
    <ele>101.3</ele>
    <time>2024-09-06T17:27:24Z</time>
   </trkpt>
   <trkpt lat="46.6814820" lon="0.3641060">
    <ele>101.2</ele>
    <time>2024-09-06T17:27:25Z</time>
   </trkpt>
   <trkpt lat="46.6814540" lon="0.3641240">
    <ele>101.1</ele>
    <time>2024-09-06T17:27:26Z</time>
   </trkpt>
   <trkpt lat="46.6814230" lon="0.3641410">
    <ele>101.0</ele>
    <time>2024-09-06T17:27:27Z</time>
   </trkpt>
   <trkpt lat="46.6813880" lon="0.3641560">
    <ele>100.9</ele>
    <time>2024-09-06T17:27:28Z</time>
   </trkpt>
   <trkpt lat="46.6813550" lon="0.3641700">
    <ele>100.8</ele>
    <time>2024-09-06T17:27:29Z</time>
   </trkpt>
   <trkpt lat="46.6813250" lon="0.3641820">
    <ele>100.8</ele>
    <time>2024-09-06T17:27:30Z</time>
   </trkpt>
   <trkpt lat="46.6812930" lon="0.3641980">
    <ele>100.7</ele>
    <time>2024-09-06T17:27:31Z</time>
   </trkpt>
   <trkpt lat="46.6812610" lon="0.3642140">
    <ele>100.6</ele>
    <time>2024-09-06T17:27:32Z</time>
   </trkpt>
   <trkpt lat="46.6812330" lon="0.3642380">
    <ele>100.5</ele>
    <time>2024-09-06T17:27:33Z</time>
   </trkpt>
   <trkpt lat="46.6812120" lon="0.3642720">
    <ele>100.4</ele>
    <time>2024-09-06T17:27:34Z</time>
   </trkpt>
   <trkpt lat="46.6811980" lon="0.3643100">
    <ele>100.4</ele>
    <time>2024-09-06T17:27:35Z</time>
   </trkpt>
   <trkpt lat="46.6811880" lon="0.3643490">
    <ele>100.3</ele>
    <time>2024-09-06T17:27:36Z</time>
   </trkpt>
   <trkpt lat="46.6811740" lon="0.3644050">
    <ele>100.2</ele>
    <time>2024-09-06T17:27:37Z</time>
   </trkpt>
   <trkpt lat="46.6811690" lon="0.3644240">
    <ele>100.2</ele>
    <time>2024-09-06T17:27:38Z</time>
   </trkpt>
   <trkpt lat="46.6811590" lon="0.3644610">
    <ele>100.2</ele>
    <time>2024-09-06T17:27:39Z</time>
   </trkpt>
   <trkpt lat="46.6811410" lon="0.3645160">
    <ele>100.2</ele>
    <time>2024-09-06T17:27:40Z</time>
   </trkpt>
   <trkpt lat="46.6811360" lon="0.3645370">
    <ele>100.1</ele>
    <time>2024-09-06T17:27:41Z</time>
   </trkpt>
   <trkpt lat="46.6811250" lon="0.3645790">
    <ele>100.1</ele>
    <time>2024-09-06T17:27:42Z</time>
   </trkpt>
   <trkpt lat="46.6811190" lon="0.3646230">
    <ele>100.1</ele>
    <time>2024-09-06T17:27:43Z</time>
   </trkpt>
   <trkpt lat="46.6811150" lon="0.3646710">
    <ele>100.0</ele>
    <time>2024-09-06T17:27:44Z</time>
   </trkpt>
   <trkpt lat="46.6811110" lon="0.3647190">
    <ele>100.0</ele>
    <time>2024-09-06T17:27:45Z</time>
   </trkpt>
   <trkpt lat="46.6811070" lon="0.3647680">
    <ele>99.9</ele>
    <time>2024-09-06T17:27:46Z</time>
   </trkpt>
   <trkpt lat="46.6810990" lon="0.3648140">
    <ele>99.8</ele>
    <time>2024-09-06T17:27:47Z</time>
   </trkpt>
   <trkpt lat="46.6810940" lon="0.3648610">
    <ele>99.7</ele>
    <time>2024-09-06T17:27:48Z</time>
   </trkpt>
   <trkpt lat="46.6810920" lon="0.3649060">
    <ele>99.7</ele>
    <time>2024-09-06T17:27:49Z</time>
   </trkpt>
   <trkpt lat="46.6810940" lon="0.3649500">
    <ele>99.6</ele>
    <time>2024-09-06T17:27:50Z</time>
   </trkpt>
   <trkpt lat="46.6811020" lon="0.3649960">
    <ele>99.5</ele>
    <time>2024-09-06T17:27:51Z</time>
   </trkpt>
   <trkpt lat="46.6811100" lon="0.3650480">
    <ele>99.4</ele>
    <time>2024-09-06T17:27:52Z</time>
   </trkpt>
   <trkpt lat="46.6811150" lon="0.3650940">
    <ele>99.2</ele>
    <time>2024-09-06T17:27:53Z</time>
   </trkpt>
   <trkpt lat="46.6811220" lon="0.3651440">
    <ele>99.1</ele>
    <time>2024-09-06T17:27:54Z</time>
   </trkpt>
   <trkpt lat="46.6811310" lon="0.3651950">
    <ele>99.0</ele>
    <time>2024-09-06T17:27:55Z</time>
   </trkpt>
   <trkpt lat="46.6811390" lon="0.3652380">
    <ele>98.8</ele>
    <time>2024-09-06T17:27:56Z</time>
   </trkpt>
   <trkpt lat="46.6811510" lon="0.3652940">
    <ele>98.6</ele>
    <time>2024-09-06T17:27:57Z</time>
   </trkpt>
   <trkpt lat="46.6811550" lon="0.3653140">
    <ele>98.6</ele>
    <time>2024-09-06T17:27:58Z</time>
   </trkpt>
   <trkpt lat="46.6811620" lon="0.3653560">
    <ele>98.4</ele>
    <time>2024-09-06T17:27:59Z</time>
   </trkpt>
   <trkpt lat="46.6811720" lon="0.3654130">
    <ele>98.2</ele>
    <time>2024-09-06T17:28:00Z</time>
   </trkpt>
   <trkpt lat="46.6811750" lon="0.3654340">
    <ele>98.1</ele>
    <time>2024-09-06T17:28:01Z</time>
   </trkpt>
   <trkpt lat="46.6811830" lon="0.3654780">
    <ele>98.0</ele>
    <time>2024-09-06T17:28:02Z</time>
   </trkpt>
   <trkpt lat="46.6811900" lon="0.3655220">
    <ele>97.8</ele>
    <time>2024-09-06T17:28:03Z</time>
   </trkpt>
   <trkpt lat="46.6811970" lon="0.3655670">
    <ele>97.6</ele>
    <time>2024-09-06T17:28:04Z</time>
   </trkpt>
   <trkpt lat="46.6812040" lon="0.3656170">
    <ele>97.4</ele>
    <time>2024-09-06T17:28:05Z</time>
   </trkpt>
   <trkpt lat="46.6812070" lon="0.3656620">
    <ele>97.2</ele>
    <time>2024-09-06T17:28:06Z</time>
   </trkpt>
   <trkpt lat="46.6812130" lon="0.3657170">
    <ele>97.0</ele>
    <time>2024-09-06T17:28:07Z</time>
   </trkpt>
   <trkpt lat="46.6812160" lon="0.3657360">
    <ele>96.9</ele>
    <time>2024-09-06T17:28:08Z</time>
   </trkpt>
   <trkpt lat="46.6812240" lon="0.3657790">
    <ele>96.7</ele>
    <time>2024-09-06T17:28:09Z</time>
   </trkpt>
   <trkpt lat="46.6812330" lon="0.3658170">
    <ele>96.5</ele>
    <time>2024-09-06T17:28:10Z</time>
   </trkpt>
   <trkpt lat="46.6812440" lon="0.3658540">
    <ele>96.3</ele>
    <time>2024-09-06T17:28:11Z</time>
   </trkpt>
   <trkpt lat="46.6812560" lon="0.3658940">
    <ele>96.1</ele>
    <time>2024-09-06T17:28:12Z</time>
   </trkpt>
   <trkpt lat="46.6812690" lon="0.3659400">
    <ele>95.9</ele>
    <time>2024-09-06T17:28:13Z</time>
   </trkpt>
   <trkpt lat="46.6812800" lon="0.3659880">
    <ele>95.7</ele>
    <time>2024-09-06T17:28:14Z</time>
   </trkpt>
   <trkpt lat="46.6812880" lon="0.3660380">
    <ele>95.4</ele>
    <time>2024-09-06T17:28:15Z</time>
   </trkpt>
   <trkpt lat="46.6812960" lon="0.3660860">
    <ele>95.2</ele>
    <time>2024-09-06T17:28:16Z</time>
   </trkpt>
   <trkpt lat="46.6813070" lon="0.3661310">
    <ele>94.9</ele>
    <time>2024-09-06T17:28:17Z</time>
   </trkpt>
   <trkpt lat="46.6813170" lon="0.3661720">
    <ele>94.8</ele>
    <time>2024-09-06T17:28:18Z</time>
   </trkpt>
   <trkpt lat="46.6813240" lon="0.3662100">
    <ele>94.6</ele>
    <time>2024-09-06T17:28:19Z</time>
   </trkpt>
   <trkpt lat="46.6813190" lon="0.3662700">
    <ele>94.4</ele>
    <time>2024-09-06T17:28:20Z</time>
   </trkpt>
   <trkpt lat="46.6813140" lon="0.3662920">
    <ele>94.3</ele>
    <time>2024-09-06T17:28:21Z</time>
   </trkpt>
   <trkpt lat="46.6812980" lon="0.3663360">
    <ele>94.1</ele>
    <time>2024-09-06T17:28:22Z</time>
   </trkpt>
   <trkpt lat="46.6812730" lon="0.3663810">
    <ele>93.9</ele>
    <time>2024-09-06T17:28:23Z</time>
   </trkpt>
   <trkpt lat="46.6812460" lon="0.3664180">
    <ele>93.7</ele>
    <time>2024-09-06T17:28:24Z</time>
   </trkpt>
   <trkpt lat="46.6812160" lon="0.3664360">
    <ele>93.5</ele>
    <time>2024-09-06T17:28:25Z</time>
   </trkpt>
   <trkpt lat="46.6811850" lon="0.3664440">
    <ele>93.2</ele>
    <time>2024-09-06T17:28:26Z</time>
   </trkpt>
   <trkpt lat="46.6811530" lon="0.3664450">
    <ele>93.6</ele>
    <time>2024-09-06T17:28:27Z</time>
   </trkpt>
   <trkpt lat="46.6811190" lon="0.3664420">
    <ele>93.7</ele>
    <time>2024-09-06T17:28:28Z</time>
   </trkpt>
   <trkpt lat="46.6810860" lon="0.3664390">
    <ele>93.8</ele>
    <time>2024-09-06T17:28:29Z</time>
   </trkpt>
   <trkpt lat="46.6810550" lon="0.3664310">
    <ele>93.8</ele>
    <time>2024-09-06T17:28:30Z</time>
   </trkpt>
   <trkpt lat="46.6810250" lon="0.3664200">
    <ele>93.9</ele>
    <time>2024-09-06T17:28:31Z</time>
   </trkpt>
   <trkpt lat="46.6810000" lon="0.3664070">
    <ele>94.0</ele>
    <time>2024-09-06T17:28:32Z</time>
   </trkpt>
   <trkpt lat="46.6809780" lon="0.3663800">
    <ele>94.1</ele>
    <time>2024-09-06T17:28:33Z</time>
   </trkpt>
   <trkpt lat="46.6809580" lon="0.3663460">
    <ele>94.2</ele>
    <time>2024-09-06T17:28:34Z</time>
   </trkpt>
   <trkpt lat="46.6809410" lon="0.3663060">
    <ele>94.3</ele>
    <time>2024-09-06T17:28:35Z</time>
   </trkpt>
   <trkpt lat="46.6809260" lon="0.3662700">
    <ele>94.5</ele>
    <time>2024-09-06T17:28:36Z</time>
   </trkpt>
   <trkpt lat="46.6809060" lon="0.3662320">
    <ele>94.6</ele>
    <time>2024-09-06T17:28:37Z</time>
   </trkpt>
   <trkpt lat="46.6808980" lon="0.3662200">
    <ele>94.7</ele>
    <time>2024-09-06T17:28:38Z</time>
   </trkpt>
   <trkpt lat="46.6808790" lon="0.3661900">
    <ele>94.9</ele>
    <time>2024-09-06T17:28:39Z</time>
   </trkpt>
   <trkpt lat="46.6808600" lon="0.3661600">
    <ele>95.0</ele>
    <time>2024-09-06T17:28:40Z</time>
   </trkpt>
   <trkpt lat="46.6808340" lon="0.3661220">
    <ele>95.3</ele>
    <time>2024-09-06T17:28:41Z</time>
   </trkpt>
   <trkpt lat="46.6808250" lon="0.3661100">
    <ele>95.3</ele>
    <time>2024-09-06T17:28:42Z</time>
   </trkpt>
   <trkpt lat="46.6807980" lon="0.3660770">
    <ele>95.5</ele>
    <time>2024-09-06T17:28:43Z</time>
   </trkpt>
   <trkpt lat="46.6807880" lon="0.3660660">
    <ele>95.6</ele>
    <time>2024-09-06T17:28:44Z</time>
   </trkpt>
   <trkpt lat="46.6807560" lon="0.3660350">
    <ele>95.8</ele>
    <time>2024-09-06T17:28:45Z</time>
   </trkpt>
   <trkpt lat="46.6807450" lon="0.3660240">
    <ele>95.9</ele>
    <time>2024-09-06T17:28:46Z</time>
   </trkpt>
   <trkpt lat="46.6807120" lon="0.3659970">
    <ele>96.1</ele>
    <time>2024-09-06T17:28:47Z</time>
   </trkpt>
   <trkpt lat="46.6807020" lon="0.3659890">
    <ele>96.1</ele>
    <time>2024-09-06T17:28:48Z</time>
   </trkpt>
   <trkpt lat="46.6806660" lon="0.3659730">
    <ele>96.3</ele>
    <time>2024-09-06T17:28:49Z</time>
   </trkpt>
   <trkpt lat="46.6806530" lon="0.3659680">
    <ele>96.3</ele>
    <time>2024-09-06T17:28:50Z</time>
   </trkpt>
   <trkpt lat="46.6806250" lon="0.3659560">
    <ele>96.4</ele>
    <time>2024-09-06T17:28:51Z</time>
   </trkpt>
   <trkpt lat="46.6805980" lon="0.3659450">
    <ele>96.4</ele>
    <time>2024-09-06T17:28:52Z</time>
   </trkpt>
   <trkpt lat="46.6805690" lon="0.3659310">
    <ele>96.4</ele>
    <time>2024-09-06T17:28:53Z</time>
   </trkpt>
   <trkpt lat="46.6805360" lon="0.3659180">
    <ele>96.5</ele>
    <time>2024-09-06T17:28:54Z</time>
   </trkpt>
   <trkpt lat="46.6805040" lon="0.3659060">
    <ele>96.5</ele>
    <time>2024-09-06T17:28:55Z</time>
   </trkpt>
   <trkpt lat="46.6804750" lon="0.3658940">
    <ele>96.5</ele>
    <time>2024-09-06T17:28:56Z</time>
   </trkpt>
   <trkpt lat="46.6804410" lon="0.3658810">
    <ele>96.5</ele>
    <time>2024-09-06T17:28:57Z</time>
   </trkpt>
   <trkpt lat="46.6804000" lon="0.3658770">
    <ele>96.5</ele>
    <time>2024-09-06T17:28:58Z</time>
   </trkpt>
   <trkpt lat="46.6803640" lon="0.3658910">
    <ele>96.5</ele>
    <time>2024-09-06T17:28:59Z</time>
   </trkpt>
   <trkpt lat="46.6803260" lon="0.3659190">
    <ele>96.5</ele>
    <time>2024-09-06T17:29:00Z</time>
   </trkpt>
   <trkpt lat="46.6802900" lon="0.3659530">
    <ele>96.6</ele>
    <time>2024-09-06T17:29:01Z</time>
   </trkpt>
   <trkpt lat="46.6802570" lon="0.3659880">
    <ele>96.6</ele>
    <time>2024-09-06T17:29:02Z</time>
   </trkpt>
   <trkpt lat="46.6802270" lon="0.3660170">
    <ele>96.7</ele>
    <time>2024-09-06T17:29:03Z</time>
   </trkpt>
   <trkpt lat="46.6801990" lon="0.3660470">
    <ele>96.7</ele>
    <time>2024-09-06T17:29:04Z</time>
   </trkpt>
   <trkpt lat="46.6801730" lon="0.3660760">
    <ele>96.8</ele>
    <time>2024-09-06T17:29:05Z</time>
   </trkpt>
   <trkpt lat="46.6801480" lon="0.3661010">
    <ele>96.9</ele>
    <time>2024-09-06T17:29:06Z</time>
   </trkpt>
  </trkseg>
 </trk>
</gpx>
